15
23
39
71
135
263
519
1031
2055
27
43
75
139
267
523
1035
2059
51
83
147
275
531
1043
2067
99
163
291
547
1059
2083
195
323
579
1091
2115
387
643
1155
2179
771
1283
2307
1539
2563
3075
12291
67125251
68719493123
137438969859
1099511660547
4503599627403267
4398046576643
34360786947
50331651
68786585603
137506062339
549890031619
8797166764035
206158430211
4504699138998275
844424930131971
29
45
77
141
269
525
1037
2061
53
85
149
277
533
1045
2069
101
165
293
549
1061
2085
197
325
581
1093
2117
389
645
1157
2181
773
1285
2309
1541
2565
3077
20485
549755846661
281474976743429
1125899906875397
72057594038059013
140737488879621
83886085
4503599895805957
343597383685
282024732524549
1126449662656517
288265560523800581
1407374883553285
57
89
153
281
537
1049
2073
105
169
297
553
1065
2089
201
329
585
1097
2121
393
649
1161
2185
777
1289
2313
1545
2569
3081
36873
33558537
67112969
24585
33587209
67141641
4503599627436041
1073872905
36028797019095049
8590458889
150994953
100663305
281475245146121
2251800082120713
36028798092705801
618475290633
412316860425
2533274790395913
1688849860263945
113
177
305
561
1073
2097
209
337
593
1105
2129
401
657
1169
2193
785
1297
2321
1553
2577
3089
69649
40977
285212689
137455730705
549772591121
167772177
137707388945
550024249361
35188667056145
1168231104529
1125968626319377
687194767377
1126999418470417
18018796555993105
4785074604081169
2814749767106577
225
353
609
1121
2145
417
673
1185
2209
801
1313
2337
1569
2593
3105
135201
274877911073
549755818017
73761
49185
274878038049
549755944993
35184372613153
140737489403937
553648161
301989921
201326625
4399120252961
2267742732321
563018672898081
4503668346847265
1236950581281
824633720865
565148976676897
4505798650626081
9288674231451681
5066549580791841
3377699720527905
449
705
1217
2241
833
1345
2369
1601
2625
3137
266305
139329
81985
72057594038452289
1090519105
1125899923619905
4503599644147777
570425409
335544385
1125900980584513
4503600701112385
4466765987905
2336462209089
1374389534785
18295873486192705
9570149208162369
5629499534213185
897
1409
2433
1665
2689
3201
528513
137438957697
4398046515329
2251799813689473
4503599627374721
270465
147585
98433
137439477889
4398047035521
2251799814209665
4503599627894913
35184373137537
2164260993
1107296385
549789368449
1099545182337
603979905
402653313
550829555841
1100585369729
72057598332895361
8864812499073
4535485464705
2251937252638849
4503737066324097
2473901162625
1649267441793
2256197860196481
4507997673881729
36310271995674753
18577348462903425
10133099161583745
6755399441055873
1793
2817
3329
1052929
1125899906846977
18014398509486337
532737
268443905
278785
164097
268960001
1125899907891457
18014398510530817
4311744769
2181038337
1140850945
671088897
17660905521409
8933531975937
4672924418305
2748779069697
72339069014638849
36591746972385537
19140298416324865
11258999068426497
3585
2101761
1057281
134226433
1073750529
541185
295425
197121
135266817
1074790913
8606712321
562949970199041
72057594054705665
4328522241
2214593025
1207960065
805306881
562958543356417
72057602627863041
35253091566081
17729624998401
9070970929665
4947802325505
3298534883841
144396663052567041
72620543991349761
37154696925807105
20266198323167745
13510798882112001
4199425
2106369
1065985
558081
328705
17196647425
8623490049
4362077185
2281702401
1342178305
70437463655425
35321811043329
1126037345797121
72057731476882433
17867063952385
9345848837121
5497558139905
1161084278932481
72092778410017793
288511851128423425
144678138029278209
73183493944771585
38280596832650241
22517998136853505
8394753
4204545
2115585
1083393
591873
395265
34376517633
17213425665
274911463425
35184405645313
4503599660926977
36028797052520449
8657045505
2199090366465
4398113622017
4429187073
2415921153
1610614785
2207613192193
4406636447745
292057778177
35201551960065
4503616807241729
36028814198835201
140806207834113
70506183133185
35459249997825
4503874505279489
36029071896872961
18141941860353
9895604652033
6597069768705
4538783999461377
36063981391054849
576742227280136193
288793326105135105
145241087982700545
74309393851615233
40532396646336513
27021597764225025
33591297
67145729
274878042113
549755949057
137439481857
4398047039489
2251799814213633
4503599627898881
1125899907895297
18014398510534657
68736258049
281474993491969
100667393
281543696191489
4535485468673
2251937252642817
4503737066328065
824633724929
2256197860200449
4507997673885697
19140298416328705
6755399441059841
268967937
135274497
1074798593
68753039361
549822930945
4503599694487553
1207967745
281612415672321
4504149383192577
36029896530599937
37383395352577
13194139541505
360287970189647873
68786601985
137506078721
4503599761604609
4398314962945
72057594306379777
9663692801
206158446593
281749854633985
2252349569515521
72061992084455425
100696065
68853727233
35185445863425
51539640321
282024732557313
1126449662689281
4504699139031041
36033195065507841
1407374883586049
68987977729
282574488403969
69256478721
36028798092836865
824633851905
283674000097281
69793480705
285873023483905
70867484673
4535485988865
2251937253163009
4503737066848257
2256197860720641
4507997674405889
290271070257153
6755399441580033
4398081114113
1209008129
73015492609
299067163803649
19140298417373185
77311508481
316659350896641
85903540225
351843725082625
103087603713
422212473454593
137724166145
550041026561
1125900997361665
4503600717889537
562958560133121
72057602644639745
281543712964609
687211544577
72620544008126465
5629499550990337
550863110145
1100618924033
292091330561
35201585512449
4503616840794113
36028814232387585
35459283550209
4503874538831873
36029071930425345
1649300996097
4538784033013761
36063981424607233
40532396679888897
2207680299009
4406703554561
1133938475009
35218798936065
206225539073
4504149450293249
36283950825473
6597136875521
145135669084161
687463202817
72061992352874497
175922128879617
2533275058831361
1650341183489
5629500607954945
6605659701249
72620552581283841
35476429864961
4503891685146625
36029089076740097
4538801179328513
36063998570921985
40532413826203649
36318243454977
1127068137947137
565217696153601
4505867370102785
5066618300268545
2256335299149825
4508135112835073
1161221717884929
72092915848970241
73183631383724033
6755536880009217
4539058877366273
36064256268959745
40532671524241409
18155685753651201
72198881282097153
1407924639367169
90072542303223809
5068748604047361
6759797487566849
73218678316859393
40567581018423297
90212730035765249
30
46
78
142
270
526
1038
2062
54
86
150
278
534
1046
2070
102
166
294
550
1062
2086
198
326
582
1094
2118
390
646
1158
2182
774
1286
2310
1542
2566
3078
36870
16781318
134221830
137438957574
274877911046
24582
16809990
134250502
137438986246
274877939718
2199023321094
9007199254806534
8796093153286
150994950
137455730694
274894684166
100663302
137573171206
275012124678
1099780063238
17594333528070
618475290630
412316860422
9009398277996550
2533274790395910
1688849860263942
58
90
154
282
538
1050
2074
106
170
298
554
1066
2090
202
330
586
1098
2122
394
650
1162
2186
778
1290
2314
1546
2570
3082
69642
68719480842
1099511631882
562949953425418
2251799813689354
40970
68719542282
1099511693322
562949953486858
2251799813750794
144115188076118026
285212682
167772170
9007199791611914
1168231104522
563018672898058
2251868533161994
687194767370
564049465049098
2252899325313034
576531121047601162
4785074604081162
2814749767106570
114
178
306
562
1074
2098
210
338
594
1106
2130
402
658
1170
2194
786
1298
2322
1554
2578
3090
135186
281474976714770
9007199254745106
73746
67117074
134225938
49170
67174418
134283282
281474976841746
9007199254872082
2147745810
72057594038190098
17180917778
553648146
562949970198546
4503599644147730
301989906
201326610
562950490292242
4503600164241426
72057596185411602
2267742732306
1236950581266
824633720850
9288674231451666
5066549580791826
3377699720527890
226
354
610
1122
2146
418
674
1186
2210
802
1314
2338
1570
2594
3106
266274
139298
81954
1090519074
570425378
274911461410
1099545182242
335544354
275414777890
1100048498722
70377334112290
4466765987874
2336462209058
2251937252638754
1374389534754
2253998836940834
36037593111986210
18295873486192674
9570149208162338
5629499534213154
450
706
1218
2242
834
1346
2370
1602
2626
3138
528450
270402
549755822146
1099511636034
147522
98370
549756076098
1099511889986
70368745226306
2164260930
68736254018
8796109799490
1107296322
603979842
402653250
70866960450
8798240505922
8864812499010
4535485464642
1126037345796162
9007336693694530
2473901162562
1649267441730
1130297953353794
9011597301252162
36310271995674690
18577348462903362
10133099161583682
6755399441055810
898
1410
2434
1666
2690
3202
1052802
144115188075860098
532610
278658
163970
144115188076904578
4311744642
2181038210
2251799847239810
9007199288295554
1140850818
671088770
2251801961169026
9007201402224770
17660905521282
8933531975810
4672924418178
2748779069570
72339069014638722
36591746972385410
19140298416324738
11258999068426370
1794
2818
3330
2101506
70368744182018
1057026
274877915394
8796093030658
4503599627378946
9007199254749442
540930
295170
196866
274878955778
8796094071042
4503599628419330
9007199255789826
70368746275074
8606712066
281474993488130
144115188092633346
4328521986
2214592770
1099578736898
2199090364674
1207959810
805306626
1101659111682
2201170739458
281483566645506
144115196665790722
35253091565826
17729624998146
9070970929410
4503874505277698
9007474132648194
4947802325250
3298534883586
4512395720392962
9015995347763458
144396663052566786
72620543991349506
37154696925806850
20266198323167490
13510798882111746
3586
4198914
2105858
2251799813693954
36028797018972674
1065474
536887810
557570
328194
537920002
2251799815782914
36028797021061634
17196646914
8623489538
4362076674
2281701890
1342177794
70437463654914
35321811042818
17867063951874
9345848836610
5497558139394
288511851128422914
144678138029277698
73183493944771074
38280596832649730
22517998136852994
8393730
4203522
2114562
268452866
2147501058
1082370
590850
394242
270533634
2149581826
34376516610
17213424642
1125899940398082
144115188109411330
8657044482
4429186050
2415920130
1610613762
1125917086712834
144115205255726082
140806207833090
70506183132162
35459249996802
18141941859330
9895604651010
6597069767682
576742227280135170
288793326105134082
145241087982699522
74309393851614210
40532396646335490
27021597764224002
8398850
4212738
2131970
1116162
657410
34393294850
17246980098
8724154370
4563404802
2684356610
140874927310850
70643622086658
2252074691594242
144115462953764866
35734127904770
18691697674242
10995116279810
2322168557864962
144185556820035586
577023702256846850
289356276058556418
146366987889543170
76561193665300482
45035996273707010
33574914
16814082
134254594
137438990338
274877943810
68719546370
1099511697410
562949953490946
2251799813754882
281474976845826
9007199254876162
144115188076908546
70368746278914
150999042
137455734786
274894688258
137573175298
275012128770
1125900175282178
1168231108610
563018672902146
2251868533166082
412316864514
564049465053186
2252899325317122
9288674231455746
2814749767110658
67182594
134291458
549756084226
1099511898114
274878963714
8796094078978
4503599628427266
9007199255797762
2251799815790594
36028797021069314
137472516098
562949986983938
201334786
563087392382978
9070970937346
4503874505285634
9007474132656130
1649267449858
4512395720400898
9015995347771394
38280596832657410
13510798882119682
537935874
270548994
2149597186
68786601986
137506078722
1099645861890
9007199388975106
2415935490
206158446594
563224831344642
9008298766385154
72059793061199874
74766790705154
26388279083010
720575940379295746
151027714
137455763458
274894716930
137573203970
275012157442
9007199523209218
8796629925890
144115188612759554
19327385602
412316893186
563499709267970
4504699139031042
144123984168910850
201392130
137707454466
70370891726850
1168231170050
563018672963586
2251868533227522
564049465114626
2252899325378562
9009398278062082
72066390131015682
2814749767172098
137975955458
565148976807938
9288674231582722
138512957442
72057596185673730
1649267703810
567348000194562
139586961410
571746046967810
141734969346
9070971977730
4503874506326018
9007474133696514
4512395721441282
9015995348811778
580542140514306
13510798883160066
8796162228226
2418016258
146030985218
598134327607298
38280596834746370
154623016962
633318701793282
171807080450
703687450165250
137589948418
275028901890
562950507069442
4503600181018626
70883737602
8798257283074
281483583422466
144115196682567682
8864829276162
412333637634
1126999435247618
144396663069343746
5066549597569026
275448332290
1100082053122
2251801994723330
9007201435779074
1125917120266242
144115205289279490
563087425929218
1374423089154
145241088016252930
11258999101980674
1101726220290
2201237848066
584182661122
70403171024898
9007233681588226
72057628464775170
206225539074
70918567100418
9007749077663746
72058143860850690
3298601992194
9077568066027522
72127962849214466
81064793359777794
4415360598018
8813407109122
412451078146
9008298900586498
72567901650946
13194273751042
1374926405634
144123984705748994
5066550117662722
8866959982594
3300682366978
11259001215909890
144396671642501122
13211319402498
145241105162567682
70952859729922
9007783370293250
72058178153480194
9077602358657026
72127997141843970
81064827652407298
564118184525826
2252968044789762
2814818486583298
2254136275894274
1130435392307202
9011734740205570
10133236600537090
4512670598299650
9016270225670146
2322443435769858
144185831697940482
146367262767448066
13511073760018434
9078117754732546
72128512537919490
81065343048482818
2815849278734338
180145084606447618
10137497208094722
13519594975133698
146437356633718786
81135162036846594
60
92
156
284
540
1052
2076
108
172
300
556
1068
2092
204
332
588
1100
2124
396
652
1164
2188
780
1292
2316
1548
2572
3084
135180
4398046515212
18014398509486092
73740
33562636
268443660
274877915148
549755822092
49164
33619980
268501004
274877972492
549755879436
4398046642188
18014398509613068
17592186306572
553648140
68736253964
2199040032780
301989900
274911461388
549789368332
201326604
275146342412
550024249356
69256347660
2199560126476
35188667056140
2267742732300
1236950581260
824633720844
18018796555993100
9288674231451660
5066549580791820
3377699720527884
116
180
308
564
1076
2100
212
340
596
1108
2132
404
660
1172
2196
788
1300
2324
1556
2580
3092
266260
139284
137438961684
2199023263764
1125899906850836
4503599627378708
81940
137439084564
2199023386644
1125899906973716
4503599627501588
288230376152236052
1090519060
281474993487892
18014398526259220
570425364
335544340
281476050452500
18014399583223828
4466765987860
2336462209044
1126037345796116
4503737066323988
1374389534740
1128098930098196
4505798650626068
18295873486192660
9570149208162324
5629499534213140
228
356
612
1124
2148
420
676
1188
2212
804
1316
2340
1572
2596
3108
528420
4294971428
144115188075860004
270372
562949953429540
18014398509490212
147492
134234148
268451876
98340
134348836
268566564
562949953683492
18014398509744164
4295491620
144115188076380196
34361835556
2164260900
1107296292
1125899940397092
9007199288295460
603979812
402653220
1125900980584484
9007200328482852
144115192370823204
8864812498980
4535485464612
2473901162532
1649267441700
36310271995674660
18577348462903332
10133099161583652
6755399441055780
452
708
1220
2244
836
1348
2372
1604
2628
3140
1052740
532548
278596
163908
4311744580
2181038148
1140850756
549822922820
2199090364484
671088708
550829555780
2200096997444
140754668224580
17660905521220
281543696187460
72057662757404740
8933531975748
4672924418116
4503874505277508
2748779069508
4507997673881668
299067162755140
72075186223972420
72339069014638660
36591746972385348
19140298416324676
11258999068426308
900
1412
2436
1668
2692
3204
2101380
140737488359556
1056900
540804
1099511644292
2199023272068
295044
196740
1099512152196
2199023779972
140737490452612
8606711940
4328521860
137472508036
17592219598980
2214592644
1207959684
805306500
141733920900
17596481011844
35253091565700
17729624998020
9070970929284
2252074691592324
18014673387389060
4947802325124
3298534883460
2260595906707588
18023194602504324
144396663052566660
72620543991349380
37154696925806724
20266198323167364
13510798882111620
1796
2820
3332
4198660
2105604
281474976719108
288230376151720196
1065220
557316
327940
281474978808068
288230376153809156
17196646660
8623489284
4362076420
4503599694479620
18014398576591108
2281701636
1342177540
4503603922338052
18014402804449540
70437463654660
35321811042564
17867063951620
9345848836356
5497558139140
288511851128422660
144678138029277444
73183493944770820
38280596832649476
22517998136852740
3588
8393220
4203012
68719485444
140737488364036
2114052
549755830788
17592186061316
9007199254757892
18014398509498884
1081860
590340
393732
549757911556
17592188142084
9007199256838660
18014398511579652
68723671556
140737492550148
34376516100
17213424132
562949986976260
288230376185266692
8657043972
4429185540
2199157473796
4398180729348
2415919620
1610613252
2203318223364
4402341478916
562967133291012
288230393331581444
140806207832580
70506183131652
35459249996292
18141941858820
9007749010555396
18014948265296388
9895604650500
6597069767172
9024791440785924
18031990695526916
576742227280134660
288793326105133572
145241087982699012
74309393851613700
40532396646334980
27021597764223492
8397828
4211716
4503599627387908
72057594037945348
2130948
1073775620
1115140
656388
1075840004
4503599631565828
72057594042123268
34393293828
17246979076
8724153348
4563403780
2684355588
140874927309828
70643622085636
35734127903748
18691697673220
10995116278788
577023702256845828
289356276058555396
146366987889542148
76561193665299460
45035996273705988
8407044
4229124
536905732
4295002116
2164740
1181700
788484
541067268
4299163652
34426849284
2251799880796164
288230376218822660
17314088964
8858372100
4831840260
3221227524
2251834173425668
288230410511452164
141012366264324
70918499993604
36283883718660
19791209302020
13194139535364
577586652210268164
290482175965399044
148618787703228420
81064793292670980
54043195528448004
16814084
134254596
137438990340
274877943812
281474976780292
4503599627440132
4398046646276
18014398509617156
4295495684
144115188076384260
140737490456580
150999044
137455734788
274894688260
137573175300
275012128772
2251800082124804
144115192370827268
1125968626323460
412316864516
18018796555997188
4785074604085252
67149828
33628164
268509188
274877980676
549755887620
137439092740
2199023394820
1125899906981892
4503599627509764
562949953691652
18014398509752324
281474978816004
288230376153817092
68723679236
140737492557828
301998084
274911469572
549789376516
275146350596
550024257540
2251800350564356
140806207840260
2336462217220
1126037345804292
4503737066332164
824633729028
1128098930106372
4505798650634244
288511851128430596
18577348462911492
5629499534221316
134365188
268582916
1099512168452
2199023796228
549757927428
17592188157956
9007199256854532
18014398511595524
4503599631581188
72057594042138628
50348036
274945032196
1125899973967876
402669572
1126174784765956
18141941874692
9007749010571268
18014948265312260
3298534899716
9024791440801796
18031990695542788
76561193665314820
27021597764239364
1075871748
541097988
4299194372
151027716
137455763460
274894716932
137573203972
275012157444
2199291723780
18014398777950212
4831870980
412316893188
282024732557316
1126449662689284
18016597532770308
144119586122399748
149533581410308
52776558166020
1407374883586052
562949970264068
302055428
274911526916
549789433860
275146407940
550024314884
18014399046418436
17593259851780
288230377225519108
38654771204
824633786372
1126999418535940
9009398278062084
288247968337821700
4785074604146692
402784260
275414908932
140741783453700
2336462340100
1126037345927172
4503737066455044
1128098930229252
4505798650757124
18018796556124164
144132780262031364
5629499534344196
275951910916
1130297953615876
18577348463165444
17592203345924
277025914884
144115192371347460
3298535407620
1134696000389124
279173922820
1143492093935620
283469938692
18141943955460
9007749012652036
18014948267393028
9024791442882564
18031990697623556
1161084281028612
288511851130519556
27021597766320132
17592324456452
4836032516
292061970436
140806212026372
1196268655214596
76561193669492740
309246033924
1266637403586564
137589948420
275028901892
1125900192055300
69273124868
2199576903684
281476067229700
18014399600001028
2267759509508
412333637636
2252899342090244
18295873502969860
275179896836
550057803780
1125901014138884
9007200362037252
141767475204
17596514566148
562967166844932
288230393365135364
17729658552324
824667275268
2253998870495236
288793326138687492
10133099195138052
550896664580
2200164106244
4503603989446660
18014402871558148
2251834240532484
288230410578558980
1126174851858436
2748846178308
290482176032505860
22517998203961348
2203452440580
4402475696132
412451078148
141837134200836
18015498155327492
144116287721701380
6597203984388
18155136132055044
144255925698428932
162129586719555588
8830721196036
17626814218244
563018941333508
824902156292
18016597801172996
145135803301892
26388547502084
2268279603204
2749852811268
288247969411497988
18295874559934468
10133100235325444
17733919965188
6601364733956
22518002431819780
288793343285002244
26422638804996
290482210325135364
299135882231812
72075254943449092
72339137734115332
1128236369051652
4505936089579524
5629636973166596
4508272551788548
2260870784614404
18023469480411140
20266473201074180
9025341196599300
18032540451340292
4644886871539716
288371663395880964
1407924639367172
292734525534896132
27022147520036868
18156235509465092
144257025075838980
162130686096965636
5631698557468676
360290169212895236
20274994416189444
72356661200683012
27039189950267396
292874713267437572
162270324073693188
120
184
312
568
1080
2104
216
344
600
1112
2136
408
664
1176
2200
792
1304
2328
1560
2584
3096
528408
35184372092952
270360
68719484952
8796093030424
281474976718872
36028797018972184
147480
67125272
536887320
549755830296
1099511644184
98328
67239960
537002008
549755944984
1099511758872
68719738904
8796093284376
281474976972824
36028797019226136
35184372613144
2164260888
1107296280
137472507928
4398080065560
603979800
549822922776
1099578736664
402653208
550292684824
1100048498712
138512695320
4399120252952
70377334112280
8864812498968
281543696187416
36028865738440728
4535485464600
2473901162520
1649267441688
290271069732888
36037593111986200
36310271995674648
18577348462903320
10133099161583640
6755399441055768
232
360
616
1128
2152
424
680
1192
2216
808
1320
2344
1576
2600
3112
1052712
576460752303427624
532520
278568
274877923368
4398046527528
2251799813701672
9007199254757416
163880
274878169128
4398046773288
2251799813947432
9007199255003176
576460752304472104
4311744552
2181038120
562949986975784
36028797052518440
1140850728
671088680
562952100905000
36028799166447656
17660905521192
8933531975720
4672924418088
2252074691592232
9007474132647976
2748779069480
2256197860196392
9011597301252136
72339069014638632
36591746972385320
19140298416324648
11258999068426280
456
712
1224
2248
840
1352
2376
1608
2632
3144
2101320
1056840
16785480
8589942856
288230376151720008
540744
1125899906859080
36028797018980424
294984
268468296
536903752
196680
268697672
537133128
1125899907366984
36028797019488328
17825864
8590983240
288230376152760392
8606711880
288230376168489032
4328521800
2214592584
2251799880794184
18014398576590920
1207959624
805306440
2251801961168968
18014400656965704
288230384741646408
35253091565640
17729624997960
9070970929224
4947802325064
3298534883400
144396663052566600
72620543991349320
37154696925806664
20266198323167304
13510798882111560
904
1416
2440
1672
2696
3208
4198536
2105480
1065096
557192
327816
17196646536
8623489160
4362076296
2281701512
1099645845640
4398180728968
1342177416
1101659111560
4400193994888
70437463654536
35321811042440
563087392374920
144115325514809480
17867063951496
9345848836232
9007749010555016
5497558139016
9015995347763336
598134325510280
144150372447944840
288511851128422536
144678138029277320
73183493944770696
38280596832649352
22517998136852616
1800
2824
3336
8392968
4202760
2113800
1081608
2199023288584
4398046544136
590088
393480
2199024304392
4398047559944
34376515848
17213423880
8657043720
274945016072
35184439197960
4429185288
2415919368
1610613000
283467841800
35192962023688
140806207832328
70506183131400
35459249996040
18141941858568
4504149383184648
36029346774778120
9895604650248
6597069766920
4521191813415176
36046389205008648
576742227280134408
288793326105133320
145241087982698760
74309393851613448
40532396646334728
27021597764223240
3592
8397320
4211208
562949953438216
576460752303440392
2130440
1114632
655880
562949957616136
576460752307618312
34393293320
17246978568
8724152840
9007199388959240
36028797153182216
4563403272
2684355080
9007207844676104
36028805608899080
140874927309320
70643622085128
35734127903240
18691697672712
10995116278280
577023702256845320
289356276058554888
146366987889541640
76561193665298952
45035996273705480
8406024
137438970888
4228104
1099511661576
35184372122632
18014398509515784
36028797018997768
2163720
1180680
787464
1099515823112
35184376284168
18014398513677320
36028797023159304
137447343112
34426848264
1125899973952520
576460752370533384
17314087944
8858371080
4398314947592
8796361458696
4831839240
3221226504
4406636446728
8804682957832
1125934266582024
576460786663162888
141012366263304
70918499992584
36283883717640
18015498021110792
36029896530592776
19791209301000
13194139534344
18049582881571848
36063981391053832
577586652210267144
290482175965398024
148618787703227400
81064793292669960
54043195528446984
8423432
9007199254775816
144115188075890696
4261896
2147551240
2230280
1312776
2151680008
9007199263131656
144115188084246536
34493958152
17448306696
9126807560
5368711176
141287244171272
71468255807496
37383395346440
21990232557576
578712552117110792
292733975779084296
153122387330598920
90071992547411976
33591304
67145736
68719546376
1099511697416
562949953490952
2251799813754888
4398046646280
18014398509617160
2147749896
35184372617224
576460752304476168
549772595208
100667400
1168231108616
563018672902152
2251868533166088
564049465053192
2252899325317128
18018796555997192
2814749767110664
33628168
268509192
274877980680
549755887624
562949953560584
9007199254880264
68719747080
8796093292552
281474976981000
36028797019234312
17833992
8590991368
288230376152768520
8606720008
288230376168497160
301998088
274911469576
549789376520
275146350600
550024257544
4503600164249608
288230384741654536
8864812507144
281543696195592
36028865738448904
2251937252646920
824633729032
290271069741064
36037593111994376
36310271995682824
9570149208170504
134299656
67256328
537018376
549755961352
1099511775240
274878185480
4398046789640
2251799813963784
9007199255019528
1125899907383304
36028797019504648
562949957632008
576460752307634184
137447358472
68753047560
603996168
549822939144
1099578753032
550292701192
1100048515080
4503600701128712
4672924434440
2252074691608584
9007474132664328
1649267458056
2256197860212744
9011597301268488
577023702256861192
37154696925822984
11258999068442632
268730376
537165832
2199024336904
4398047592456
1099515854856
35184376315912
18014398513709064
36028797023191048
9007199263162376
144115188084277256
100696072
549890064392
2251799947935752
805339144
206158462984
281749854650376
2252349569531912
36283883749384
18015498021142536
36029896530624520
6597069799432
18049582881603592
36063981391085576
153122387330629640
54043195528478728
2151743496
1082195976
8598388744
1125899923685384
302055432
274911526920
549789433864
275146407944
550024314888
4398583447560
36028797555900424
9663741960
1168231170056
563018672963592
2251868533227528
824633786376
564049465114632
2252899325378568
36033195065540616
288239172244799496
105553116332040
2814749767172104
1125899940528136
604110856
549823053832
1099578867720
550292815880
1100048629768
36028798092836872
35186519703560
576460754451038216
1649267572744
2253998837071880
18018796556124168
576495936675643400
9570149208293384
805568520
550829817864
8864812761096
281543696449544
36028865738702856
4672924680200
2252074691854344
9007474132910088
2256197860458504
9011597301514248
290271069995016
36037593112248328
288265560524062728
36310271995936776
11258999068688392
551903821832
2260595907231752
37154696926330888
8607760392
288230376169537544
35184406691848
554051829768
288230384742694920
6597070815240
2269392000778248
558347845640
2286984187871240
566939877384
36283887910920
18015498025304072
36029896534786056
18049582885765128
36063981395247112
2322168562057224
577023702261039112
54043195532640264
35184648912904
9672065032
584123940872
2392537310429192
153122387338985480
69273124872
2199576903688
288230384758423560
2267759509512
275179896840
550057803784
2251800384110600
138546249736
4399153807368
562952134459400
36028799200002056
4535519019016
824667275272
4505798684180488
36591747005939720
550359793672
1100115607560
2251802028277768
18014400724074504
283534950408
35193029132296
1125934333689864
576460786730270728
35459317104648
1649334550536
4507997740990472
577586652277374984
20266198390276104
1101793329160
4400328212488
9007207978893320
36028805743116296
343731601416
2252349703716872
5497692356616
580964352065011720
45035996407922696
4406904881160
8804951392264
1125968894754824
824902156296
36030996310654984
288232575443402760
13194407968776
2533275058831368
324259173439111176
2268279603208
1126037882667016
1649804312584
36033195602345992
52777095004168
4536559206408
5499705622536
576495938822995976
36591749119868936
20266200470650888
35467839930376
13202729467912
45036004863639560
577586686570004488
564118184525832
2252968044789768
290339789209608
36037661831462920
36310340715151368
2814818486583304
598271764463624
144150509886898184
144678275468230664
2256472738103304
9011872179159048
11259273946333192
9016545103577096
4521741569228808
36046938960822280
40532946402148360
18050682393198600
36065080902680584
2815849278734344
585469051069792264
54044295040073736
324261372193931272
11263397114937352
720580338425790472
36319068088696840
40549988832378888
144713322401366024
54078379900534792
240
368
624
1136
2160
432
688
1200
2224
816
1328
2352
1584
2608
3120
2101296
1056816
70368744185904
540720
137438969904
17592186060848
562949953437744
72057594037944368
294960
134250544
1073774640
1099511660592
2199023288368
196656
134479920
1074004016
1099511889968
2199023517744
137439477808
17592186568752
562949953945648
72057594038452272
70368745226288
8606711856
4328521776
2214592560
274945015856
8796160131120
1207959600
1099645845552
2199157473328
805306416
1100585369648
2200096997424
277025390640
8798240505904
140754668224560
35253091565616
17729624997936
563087392374832
72057731476881456
9070970929200
4947802325040
3298534883376
580542139465776
72075186223972400
144396663052566576
72620543991349296
37154696925806640
20266198323167280
13510798882111536
464
720
1232
2256
848
1360
2384
1616
2640
3152
4198480
2105424
1065040
557136
549755846736
8796093055056
4503599627403344
18014398509514832
327760
549756338256
8796093546576
4503599627894864
18014398510006352
17196646480
8623489104
4362076240
1125899973951568
72057594105036880
2281701456
1342177360
1125904201810000
72057598332895312
70437463654480
35321811042384
17867063951440
9345848836176
4504149383184464
18014948265295952
5497558138960
4512395720392784
18023194602504272
288511851128422480
144678138029277264
73183493944770640
38280596832649296
22517998136852560
912
1424
2448
1680
2704
3216
8392848
4202640
2113680
33570960
17179885712
281474976727184
576460752303440016
1081488
2251799813718160
72057594037960848
589968
536936592
1073807504
393360
537395344
1074266256
2251799814733968
72057594038976656
35651728
17181966480
281474978807952
576460752305520784
34376515728
17213423760
281475010265232
576460752336978064
8657043600
4429185168
4503599761588368
36028797153181840
2415919248
1610612880
4503603922337936
36028801313931408
281492156579984
576460769483292816
140806207832208
70506183131280
35459249995920
18141941858448
9895604650128
6597069766800
576742227280134288
288793326105133200
145241087982698640
74309393851613328
40532396646334608
27021597764223120
1808
2832
3344
8397072
4210960
2130192
1114384
655632
34393293072
17246978320
8724152592
4563403024
2199291691280
8796361457936
2684354832
2203318223120
8800387989776
140874927309072
70643622084880
1126174784749840
288230651029618960
35734127902992
18691697672464
18015498021110032
10995116278032
18031990695526672
1196268651020560
288300744895889680
577023702256845072
289356276058554640
146366987889541392
76561193665298704
45035996273705232
3600
8405520
68719493648
4227600
2163216
4398046577168
8796093088272
1180176
786960
4398048608784
8796095119888
68727865872
34426847760
17314087440
549890032144
70368878395920
8858370576
4831838736
3221226000
566935683600
70385924047376
141012366262800
70918499992080
36283883717136
9008298766369296
72058693549556240
19791209300496
13194139533840
9042383626830352
72092778410017296
577586652210266640
290482175965397520
148618787703226896
81064793292669456
54043195528446480
8422416
1125899906876432
4260880
2229264
1311760
1125899915232272
34493957136
17448305680
18014398777918480
72057594306364432
9126806544
5368710160
18014415689352208
72057611217798160
141287244170256
71468255806480
37383395345424
21990232556560
578712552117109776
292733975779083280
153122387330597904
90071992547410960
274877941776
8456208
2199023323152
70368744245264
36028797019031568
72057594037995536
4327440
2361360
1574928
2199031646224
70368752568336
36028797027354640
72057594046318608
2251799947905040
34628175888
17716742160
8796629895184
17592722917392
9663678480
6442453008
8813272893456
17609365915664
141836999985168
72567767435280
36030996042221584
72059793061185552
39582418602000
26388279068688
36099165763143696
72127962782107664
580964351930796048
297237575406454800
162129586585339920
108086391056893968
281474976845840
9007199254876176
35184372617232
1099528409104
4503668346851344
9288674231455760
67182608
134291472
137439092752
2199023394832
1125899906981904
4503599627509776
68719747088
8796093292560
281474976981008
36028797019234320
17309712
4295499792
70368745234448
4311752720
1099545190416
201334800
8864812507152
281543696195600
36028865738448912
2336462217232
1126037345804304
4503737066332176
1128098930106384
4505798650634256
290271069741072
36037593111994384
36310271995682832
5629499534221328
67256336
537018384
549755961360
1099511775248
1125899907121168
18014398509760528
137439494160
17592186585104
562949953962000
72057594038468624
35667984
17181982736
281474978824208
576460752305537040
68727881744
17213440016
281475010281488
576460752336994320
603996176
549822939152
1099578753040
550292701200
1100048515088
9007200328499216
281492156596240
576460769483309072
17729625014288
563087392391184
72057731476897808
4503874505293840
1649267458064
580542139482128
72075186223988752
576742227280150544
72620543991365648
19140298416341008
268599312
134512656
1074036752
1099511922704
2199023550480
549756370960
8796093579280
4503599627927568
18014398510039056
2251799814766608
72057594039009296
1125899915264016
137506095120
281475043852304
1207992336
1099645878288
2199157506064
1100585402384
2200097030160
9007201402257424
281612415696912
9345848868880
4504149383217168
18014948265328656
3298534916112
4512395720425488
18023194602536976
74309393851645968
22517998136885264
537460752
1074331664
4398048673808
8796095184912
2199031709712
70368752631824
36028797027418128
72057594046382096
201392144
1099780128784
4503599895871504
1610678288
412316925968
282024732590096
563499709300752
4504699139063824
72567767498768
36030996042285072
72059793061249040
13194139598864
36099165763207184
72127962782171152
844424930197520
306244774661259280
108086391056957456
4303486992
2251799847370768
604110864
549823053840
1099578867728
550292815888
1100048629776
8797166895120
72057595111800848
19327483920
2336462340112
1126037345927184
4503737066455056
1649267572752
1128098930229264
4505798650757136
72066390131081232
576478344489598992
211106232664080
9288674231582736
5629499534344208
2251799881056272
1208221712
1099646107664
2199157735440
1100585631760
2200097259536
72057596185673744
70373039407120
8864812761104
281543696449552
36028865738702864
3298535145488
4507997674143760
290271069995024
36037593112248336
36310271995936784
19140298416586768
4312268816
1611137040
1101659635728
17729625522192
563087392899088
72057731477405712
9345849360400
4504149383708688
18014948265820176
4512395720917008
18023194603028496
580542139990032
72075186224496656
576531121048125456
72620543991873552
22517998137376784
1103807643664
4521191814463504
74309393852661776
17215520784
281475012362256
576460752339075088
70368813383696
1108103659536
281492158677008
576460769485389840
13194141630480
4538784001556496
576742227282231312
1116695691280
4573968375742480
1133879754768
72567775821840
36030996050608144
72059793069572112
36099165771530256
72127962790494224
4644337124114448
108086391065280528
137724166160
550041026576
562950507069456
4503600181018640
281476067229712
18014399600001040
687211544592
18295873502969872
5066549597569040
138546249744
4399153807376
281492190134288
576460769516847120
4535519019024
576742227313688592
550359793680
1100115607568
4503600768221200
277092499472
8798307614736
1125904268918800
72057598400004112
281612482773008
9071038038032
1649334550544
9011597368360976
73183494011879440
1100719587344
2200231215120
4503604056555536
36028801448149008
567069900816
70386058264592
206292647952
281749988835344
70918634209296
3298669101072
9015995481980944
40532396780552208
2203586658320
8800656424976
18014415957786640
72057611486232592
687463202832
4504699407433744
10995384713232
1407375151988752
90071992815845392
8813809762320
17609902784528
2251937789509648
1649804312592
72061992621309968
576465150886805520
26388815937552
5066550117662736
648518346878222352
4536559206416
2252075765334032
3299608625168
72066391204691984
105554190008336
18295874559934480
9073118412816
10999411245072
73183498239737872
40532400941301776
70935679860752
26405458935824
576742244460003344
90072009727279120
1127068137947152
290339789209616
36037661831462928
36310340715151376
1128236369051664
4505936089579536
580679578419216
72075323662925840
72620681430302736
5629636973166608
1196543528927248
288301019773796368
289356550936461328
4512945476206608
18023744358318096
844974685945872
22518547892666384
18033090207154192
9043483138457616
72093877921644560
2534374302023696
81065892804296720
36101364786397200
72130161805361168
5631698557468688
108088590080147472
648522744387862544
36319068088696848
22526794229874704
72638136177393680
81099977664757776
289426644802732048
108156759801069584
480
736
1248
2272
864
1376
2400
1632
2656
3168
8392800
4202592
2113632
68719493216
140737488371808
1081440
274877939808
35184372121696
1125899906875488
144115188075888736
589920
268501088
2147549280
2199023321184
4398046576736
393312
268959840
2148008032
2199023779936
4398047035488
274878955616
35184373137504
1125899907891296
144115188076904544
68721573984
140737490452576
34376515680
17213423712
8657043552
4429185120
549890031712
17592320262240
2415919200
2199291691104
4398314946656
1610612832
2201170739296
4400193994848
554050781280
17596481011808
140806207832160
70506183131232
35459249995872
1126174784749664
144115462953762912
18141941858400
9895604650080
6597069766752
1161084278931552
144150372447944800
576742227280134240
288793326105133152
145241087982698592
74309393851613280
40532396646334560
27021597764223072
928
1440
2464
1696
2720
3232
8396960
4210848
2130080
1114272
1099511693472
17592186110112
9007199254806688
36028797019029664
655520
1099512676512
17592187093152
9007199255789728
36028797020012704
34393292960
17246978208
8724152480
2251799947903136
144115188210073760
4563402912
2684354720
2251808403620000
144115196665790624
140874927308960
70643622084768
35734127902880
18691697672352
9008298766368928
36029896530591904
10995116277920
9024791440785568
36046389205008544
577023702256844960
289356276058554528
146366987889541280
76561193665298592
45035996273705120
1824
2848
3360
8405280
4227360
67141920
34359771424
562949953454368
2162976
4503599627436320
144115188075921696
1179936
1073873184
2147615008
786720
1074790688
2148532512
4503599629467936
144115188077953312
71303456
34363932960
562949957615904
34426847520
562950020530464
17314087200
8858370336
9007199523176736
72057594306363680
4831838496
3221225760
9007207844675872
72057602627862816
562984313159968
141012366262560
70918499991840
36283883716896
19791209300256
13194139533600
577586652210266400
290482175965397280
148618787703226656
81064793292669216
54043195528446240
3616
8421920
4260384
2228768
1311264
68753031712
34493956640
17448305184
9126806048
4398583382560
17592722915872
5368709664
4406636446240
17600775979552
141287244169760
2252349569499680
576461302059237920
71468255805984
37383395344928
36030996042220064
21990232556064
36063981391053344
2392537302041120
576601489791779360
578712552117109280
292733975779082784
153122387330597408
90071992547410464
137438987296
8455200
4326432
8796093154336
17592186176544
2360352
1573920
8796097217568
17592190239776
34628174880
1099780064288
140737756791840
17716741152
9663677472
6442452000
1133871367200
140771848094752
141836999984160
72567767434272
18016597532738592
144117387099112480
39582418600992
26388279067680
18084767253660704
144185556820034592
580964351930795040
297237575406453792
162129586585338912
108086391056892960
2251799813752864
8521760
4458528
2623520
34896611360
36028797555836960
144115188612728864
18253613088
10737420320
36028831378704416
144115222435596320
142936511612960
74766790690848
43980465113120
585467951558166560
306244774661195808
180143985094821920
274878042144
549755949088
4295495712
144115188076384288
576460752304476192
2199040036896
144115192370827296
9007267974221856
824633724960
562949953691680
18014398509752352
70368745234464
2199056818208
9007336693702688
18577348462911520
134365216
268582944
274878185504
4398046789664
2251799813963808
9007199255019552
137439494176
17592186585120
562949953962016
72057594038468640
34619424
8590999584
68721590304
140737490468896
8623505440
2199090380832
402669600
140806207848480
17729625014304
563087392391200
72057731476897824
4672924434464
2252074691608608
9007474132664352
2256197860212768
9011597301268512
580542139482144
72075186223988768
72620543991365664
11258999068442656
134512672
1074036768
1099511922720
2199023550496
2251799814242336
36028797019521056
274878988320
35184373170208
1125899907924000
144115188076937248
71335968
34363965472
562949957648416
34426880032
562950020562976
1207992352
1099645878304
2199157506080
1100585402400
2200097030176
18014400656998432
562984313192480
35459250028576
1126174784782368
144115462953795616
9007749010587680
3298534916128
1161084278964256
144150372447977504
145241087982731296
38280596832682016
537198624
269025312
2148073504
2199023845408
4398047100960
1099512741920
17592187158560
9007199255855136
36028797020078112
4503599629533216
144115188078018592
275012190240
562950087704608
2415984672
2199291756576
4398315012128
2201170804768
4400194060320
18014402804514848
563224831393824
18691697737760
9008298766434336
36029896530657312
6597069832224
9024791440850976
36046389205073952
148618787703291936
45035996273770528
1074921504
2148663328
8796097347616
17592190369824
402784288
2199560257568
9007199791743008
3221356576
824633851936
564049465180192
1126999418601504
9009398278127648
145135534997536
72061992084570144
144119586122498080
26388279197728
72198331526414368
144255925564342304
1688849860395040
612489549322518560
216172782113914912
4503599694741536
1208221728
1099646107680
2199157735456
1100585631776
2200097259552
17594333790240
144115190223601696
38654967840
4672924680224
2252074691854368
9007474132910112
3298535145504
2256197860458528
9011597301514272
144132780262162464
18577348463165472
11258999068688416
4503599762112544
2416443424
2199292215328
4398315470880
2201171263520
4400194519072
144115192371347488
140746078814240
17729625522208
563087392899104
72057731477405728
6597070290976
9015995348287520
580542139990048
72075186224496672
72620543991873568
38280596833173536
8624537632
3222274080
2203319271456
35459251044384
1126174785798176
144115462954811424
18691698720800
9008298767417376
36029896531640352
9024791441834016
36046389206056992
1161084279980064
144150372448993312
145241087983747104
45035996274753568
2207615287328
140806209929248
9042383628927008
148618787705323552
34431041568
562950024724512
140737626767392
2216207319072
562984317354016
26388283260960
9077568003112992
2233391382560
9147936751484960
275448332320
1100082053152
1125901014138912
9007200362037280
562952134459424
36028799200002080
1374423089184
36591747005939744
10133099195138080
277092499488
8798307614752
562984380268576
9071038038048
1100719587360
2200231215136
9007201536442400
554184998944
17596615229472
2251808537837600
144115196800008224
563224965546016
18142076076064
3298669101088
18023194736721952
146366988023758880
2201439174688
4400462430240
9007208113111072
72057602896298016
1134139801632
140772116529184
412585295904
563499977670688
141837268418592
6597338202144
18031990963961888
81064793561104416
4407173316640
17601312849952
36028831915573280
144115222972465184
1374926405664
9009398814867488
21990769426464
2814750303977504
180143985631690784
17627619524640
35219805569056
4503875579019296
3299608625184
144123985242619936
52777631875104
10133100235325472
9073118412832
4504151530668064
6599217250336
144132782409383968
211108380016672
36591749119868960
18146236825632
21998822490144
146366996479475744
81064801882603552
141871359721504
52810917871648
180144019454558240
565217696153632
4505867370102816
5066618300268576
2254136275894304
580679578419232
72075323662925856
72620681430302752
2256472738103328
9011872179159072
1161359156838432
144150647325851680
145241362860605472
11259273946333216
2393087057854496
576602039547592736
578713101872922656
9025890952413216
36047488716636192
1689949371891744
45037095785332768
36066180414308384
18086966276915232
144187755843289120
5068748604047392
162131785608593440
72202729572794400
144260323610722336
11263397114937376
216177180160294944
72638136177393696
45053588459749408
145276272354787360
162199955329515552
578853289605464096
216313519602139168
960
1472
2496
1728
2752
3264
8405184
4227264
137438986432
2162880
549755879616
70368744243392
2251799813750976
288230376151777472
1179840
537002176
4295098560
4398046642368
8796093153472
786624
537919680
4296016064
4398047559872
8796094070976
549757911232
70368746275008
2251799815782592
288230376153809088
137443147968
68753031360
34426847424
17314087104
8858370240
1099780063424
35184640524480
4831838400
4398583382208
8796629893312
3221225664
4402341478592
8800387989696
1108101562560
35192962023616
141012366262464
70918499991744
2252349569499328
288230925907525824
36283883716800
19791209300160
13194139533504
2322168557863104
288300744895889600
577586652210266304
290482175965397184
148618787703226560
81064793292669120
54043195528446144
1856
2880
3392
8421696
281474976743744
4260160
2228544
2199023386944
35184372220224
18014398509613376
72057594038059328
1311040
2199025353024
35184374186304
18014398511579456
72057594040025408
281474985099584
34493956416
17448304960
4503599895806272
288230376420147520
9126805824
5368709440
4503616807240000
288230393331581248
141287244169536
71468255805760
37383395344704
18016597532737856
72059793061183808
21990232555840
18049582881571136
72092778410017088
578712552117109056
292733975779082560
153122387330597184
90071992547410240
3648
16794176
8454720
134283840
1125899906908736
4325952
9007199254872640
288230376151843392
2359872
2147746368
4295230016
1573440
2149581376
4297065024
9007199258935872
288230376155906624
142606912
1125899915231808
1125900041060928
34628174400
17716740672
18014399046353472
144115188612727360
9663676992
6442451520
18014415689351744
144115205255725632
141836999983680
72567767433792
39582418600512
26388279067200
580964351930794560
297237575406453312
162129586585338432
108086391056892480
8520768
4457536
2622528
137506063424
34896610368
18253612096
8797166765120
35185445831744
10737419328
8813272892480
35201551959104
4504699138999360
142936511611968
74766790689856
72061992084440128
43980465112128
72127962782106688
585467951558165568
306244774661194816
180143985094820928
68719511616
274877974592
8652864
17592186308672
35184372353088
4720704
3147840
17592194435136
35184380479552
2199560128576
35433482304
19327354944
12884904000
145135534868544
36033195065477184
288234774198224960
79164837201984
52776558135360
36169534507321408
288371113640069184
594475150812907584
324259173170677824
216172782113785920
4398063292480
18014467228962880
549756084288
1099511898176
17834048
8590991424
288230376152768576
8606720064
288230376168497216
4398080073792
73014452288
288230384741654592
18014535948443712
1649267449920
1125899907383360
36028797019504704
68721590336
140737490468928
4398113636416
140806207848512
18014673387405376
37154696925823040
268730432
537165888
549756371008
8796093579328
4503599627927616
18014398510039104
274878988352
35184373170240
1125899907924032
144115188076937280
69238848
17181999168
137443180608
281474985132096
17247010880
4398180761664
805339200
35459250028608
1126174784782400
144115462953795648
9345848868928
4504149383217216
18014948265328704
4512395720425536
18023194602537024
1161084278964288
144150372447977536
145241087982731328
22517998136885312
269025344
2148073536
2199023845440
4398047100992
4503599628484672
72057594039042112
549757976640
70368746340416
2251799815848000
288230376153874496
142671936
1125899915296832
68786651200
1125900041125952
2415984704
2199291756608
4398315012160
2201170804800
4400194060352
36028801313996864
70918500057152
2252349569564736
288230925907591232
18015498021175360
6597069832256
2322168557928512
288300744895955008
290482175965462592
76561193665364032
1074397248
538050624
4296147008
4398047690816
8796094201920
2199025483840
35184374317120
18014398511710272
72057594040156224
9007199259066432
288230376156037184
151126080
550024380480
1125900175409216
4831969344
4398583513152
8796630024256
4402341609536
8800388120640
36028805609029696
1126449662787648
37383395475520
18016597532868672
72059793061314624
13194139664448
18049582881701952
72092778410147904
297237575406583872
90071992547541056
2149843008
4297326656
17592194695232
35184380739648
805568576
4399120515136
18014399583486016
6442713152
2267742994496
1125968626581568
2251868533424192
1649267703872
1128098930360384
2253998837203008
18018796556255296
144123984169140288
288239172244996160
52776558395456
4785074604343360
3377699720790080
432345564227829824
9007199389483072
2416443456
2199292215360
4398315470912
2201171263552
4400194519104
35188667580480
288230380447203392
9345849360448
4504149383708736
18014948265820224
6597070291008
4512395720917056
18023194603028544
288265560524324928
37154696926330944
22517998137376832
8607760448
288230376169537600
9007199524225088
4832886848
4398584430656
8796630941760
4402342527040
8800389038144
288230384742694976
35459251044416
1126174785798208
144115462954811456
13194140581952
18031990696575040
1161084279980096
144150372448993344
145241087983747136
76561193666347072
17249075264
6444548160
4406638542912
140806209929280
70918502088768
2252349571596352
288230925909622848
37383397441600
18016597534834752
72059793063280704
18049582883668032
72092778412113984
2322168559960128
288300744897986624
290482175967494208
90071992549507136
4415230574656
18084767257854016
297237575410647104
1125900049449024
4432414638144
52776566521920
18155136006225984
275431555136
550309462080
1125900997361728
4503600717889600
70883737664
8798257283136
288230384758423616
8864829276224
824650498112
5629499550990400
550896664640
2200164106304
2251802028277824
18014400724074560
1125904268918848
72057598400004160
2748846178368
73183494011879488
20266198390276160
554184998976
17596615229504
18142076076096
2201439174720
4400462430272
18014403072884800
1108369997888
35193230458944
4503617075675200
288230393600016448
206426865728
1126449931092032
36284152152128
6597338202176
36046389473443904
292733976047517760
4402878349376
8800924860480
18014416226222144
144115205792596032
825170591808
1126999955341376
13194676404288
36063981927923776
162129587122208832
8814346633280
35202625699904
2749852811328
18018797629734976
43981538852928
5629500607955008
360287971263381568
8866959982656
9007751158038592
6599217250368
288247970485239872
105555263750208
20266200470650944
18146236825664
9008303061336128
13198434500672
288265564818767936
73183498239737920
36292473651264
43997644980288
292733992958951488
162129603765207104
1128167649574976
2254067556417600
299135882231872
72075254943449152
72339137734115392
3377768440004672
1130435392307264
9011734740205632
10133236600537152
4508272551788608
1161359156838464
144150647325851712
145241362860605504
4512945476206656
18023744358318144
2322718313676864
288301294651703360
290482725721210944
22518547892666432
18051781904826432
72094977433272384
3379898743783488
90074191570665536
72132360828616768
36173932553830464
288375511686578240
10137497208094784
324263571217186880
22526794229874752
432354360320589888
72356661200683072
145276272354787392
90107176919498816
290552544709574720
324399910659031104
1920
2944
3456
8454528
274877972864
4325760
1099511759232
140737488486784
4503599627501952
576460752303554944
2359680
1074004352
8590197120
8796093284736
17592186306944
1573248
1075839360
8592032128
8796095119744
17592188141952
1099515822464
140737492550016
4503599631565184
576460752307618176
274886295936
137506062720
34628174208
17716740480
2199560126848
70369281048960
9663676800
8797166764416
17593259786624
6442451328
8804682957184
17600775979392
2216203125120
70385924047232
141836999983488
4504699138998656
576461851815051648
72567767433600
39582418600320
26388279067008
4644337115726208
576601489791779200
580964351930794368
297237575406453120
162129586585338240
108086391056892288
3712
562949953487488
8520320
4457088
4398046773888
70368744440448
36028797019226752
144115188076118656
2622080
4398050706048
70368748372608
36028797023158912
144115188080050816
34896609920
9007199791612544
576460752840295040
18253611648
10737418880
9007233614480000
576460786663162496
142936511611520
74766790689408
36033195065475712
144119586122367616
43980465111680
36099165763142272
144185556820034176
585467951558165120
306244774661194368
180143985094820480
33588352
268567680
2251799813817472
8651904
18014398509745280
576460752303686784
4719744
4295492736
8590460032
3146880
4299162752
8594130048
18014398517871744
576460752311813248
2251800082121856
35433481344
36028798092706944
288230377225454720
19327353984
12884903040
36028831378703488
288230410511451264
145135534867584
79164837201024
52776558134400
594475150812906624
324259173170676864
216172782113784960
8915072
5245056
275012126848
36507224192
17594333530240
70370891663488
21474838656
17626545784960
70403103918208
9009398277998720
149533581379712
144123984168880256
87960930224256
144255925564213376
612489549322389632
360287970189641856
134484096
137439481984
4398047039616
2251799814213760
4503599627899008
144115188076908672
140737490456704
8796109803648
36028865738444928
4535485468800
2251937252642944
4503737066328192
2256197860200576
4507997673885824
6755399441059968
8796126584960
36028934457925760
1099512168576
2199023796352
35668096
17181982848
281474978824320
576460752305537152
17213440128
281475010281600
576460752336994432
8796160147584
146028904576
281492156596352
576460769483309184
36029071896887424
3298534899840
576742227280150656
2251799814766720
72057594039009408
137443180672
8796227272832
36029346774810752
74309393851646080
537460864
1074331776
1099512742016
17592187158656
9007199255855232
36028797020078208
549757976704
70368746340480
2251799815848064
288230376153874560
138477696
34363998336
274886361216
34494021760
8796361523328
1610678400
281612415729792
70918500057216
2252349569564800
288230925907591296
18691697737856
9008298766434432
36029896530657408
9024791440851072
36046389205074048
2322168557928576
288300744895955072
290482175965462656
45035996273770624
538050688
4296147072
4398047690880
8796094201984
9007199256969344
144115188078084224
1099515953280
140737492680832
4503599631696000
576460752307748992
137573302400
2251800082251904
4831969408
4398583513216
8796630024320
4402341609600
8800388120704
72057602627993728
141837000114304
4504699139129472
576461851815182464
36030996042350720
13194139664512
4644337115857024
576601489791910016
580964351930925184
153122387330728064
2148794496
1076101248
8592294016
8796095381632
17592188403840
4398050967680
70368748634240
36028797023420544
144115188080312448
18014398518132864
576460752312074368
302252160
1100048760960
2251800350818432
9663938688
8797167026304
17593260048512
8804683219072
17600776241280
72057611218059392
206158692480
282024732786816
2252899325575296
74766790951040
36033195065737344
144119586122629248
26388279328896
36099165763403904
144185556820295808
594475150813167744
180143985095082112
4299686016
8594653312
1611137152
8798241030272
36028799166972032
12885426304
4535485988992
2251937253163136
4503737066848384
3298535407744
2256197860720768
4507997674406016
36037593112510592
288247968338280576
576478344489992320
105553116790912
9570149208686720
6755399441580160
864691128455659648
18014398778966144
4832886912
4398584430720
8796630941824
4402342527104
8800389038208
70377335160960
576460760894406784
18691698720896
9008298767417472
36029896531640448
13194140582016
9024791441834112
36046389206057088
576531121048649856
74309393852661888
45035996274753664
17215520896
281475012362368
576460752339075200
18014399048450176
9665773696
8797168861312
17593261883520
8804685054080
17600778076288
281492158677120
576460769485389952
70918502088832
2252349571596416
288230925909622912
26388281163904
36063981393150080
2322168559960192
288300744897986688
576742227282231424
290482175967494272
153122387332694144
34498150528
12889096320
8813277085824
141837004177536
4504699143192704
576461851819245696
74766794883200
36033195069669504
144119586126561408
36099165767336064
144185556824227968
4644337119920256
576601489795973248
580964351934988416
180143985099014272
8830461149312
36169534515708032
594475150821294208
550863110272
1100618924160
2251801994723456
9007201435779200
141767475328
17596514566272
281492190134400
576460769516847232
17729658552448
1649300996224
576742227313688704
11258999101980800
1101793329280
4400328212608
4503604056555648
36028801448149120
2251808537837696
144115196800008320
5497692356736
146366988023758976
40532396780552320
1108369997952
35193230459008
36284152152192
4402878349440
8800924860544
36028806145769600
2216739995776
70386460917888
9007234151350400
576460787200032896
412853731456
2252899862184064
72568304304256
13194676404352
72092778946887808
585467952095035520
8805756698752
17601849720960
36028832452444288
288230411585192064
1650341183616
283675073708160
2253999910682752
26389352808576
72127963855847552
2533275864137856
324259174244417664
17628693266560
70405251399808
5499705622656
36037595259469952
87963077705856
11259001215910016
720575942526763136
17733919965312
18015502316077184
13198434500736
576495940970479744
211110527500416
40532400941301888
36292473651328
18016606122672256
26396869001344
576531129637535872
146366996479475840
72584947302528
576742244460003456
87995289960576
585467985917902976
324259207530414208
2256335299149952
4508135112835200
598271764463744
144150509886898304
144678275468230784
6755536880009344
2260870784614528
18023469480411264
20266473201074304
9016545103577216
2322718313676928
288301294651703424
290482725721211008
9025890952413312
36047488716636288
4645436627353728
576602589303406720
580965451442421888
45037095785332864
2535473813651584
36103563809652864
144189954866544768
6759797487566976
180148383141331072
144264721657233536
20274994416189568
648527142434373760
45053588459749504
864708720641179776
144713322401366144
290552544709574784
180214353838997632
581105089419149440
3840
549755945728
8651520
2199023518464
9007199255003904
4719360
2148008704
17180394240
17592186569472
35184372613888
3146496
2151678720
17184064256
17592190239488
35184376283904
2199031644928
9007199263130368
275012125440
35433480960
4399120253696
140738562097920
19327353600
17594333528832
35186519573248
12884902656
17609365914368
35201551958784
4432406250240
140771848094464
9009398277997312
145135534867200
79164837200640
52776558134016
594475150812906240
324259173170676480
216172782113784576
1125899906974976
8914176
8796093547776
140737488880896
72057594038453504
288230376152237312
5244160
8796101412096
140737496745216
72057594046317824
288230376160101632
18014399583225088
36507223296
21474837760
281612415665408
149533581378816
72066390130951424
288239172244735232
87960930223360
72198331526284544
288371113640068352
612489549322388736
360287970189640960
67176704
537135360
4503599627634944
36028797019490560
9439488
8590985472
17180920064
6293760
8598325504
17188260096
4503600164243712
72057596185413888
576460754450909440
38654707968
25769806080
158329674402048
105553116268800
648518346341353728
432345564227569920
67637504
537399552
1125899907895552
18014398510534912
70368746279168
17592202825984
603984128
277025394944
72057662757409024
19140298416328960
268968192
274878963968
8796094079232
4503599628427520
9007199255798016
281474978816256
288230376153817344
17592219607296
72057731476889856
9070970937600
4503874505285888
9007474132656384
4512395720401152
9015995347771648
288511851128430848
13510798882119936
17592253169920
72057868915851520
2199024337152
4398047592704
71336192
34363965696
562949957648640
281474985132288
34426880256
562950020563200
17592320295168
292057809152
562984313192704
72058143793774848
6597069799680
4503599629533440
144115188078018816
274886361344
17592454545664
72058693549621504
148618787703292160
1074921728
2148663552
2199025484032
35184374317312
18014398511710464
72057594040156416
1099515953408
140737492680960
4503599631696128
576460752307749120
276955392
17592723046656
3221356800
563224831459584
141837000114432
4504699139129600
576461851815182592
37383395475712
18016597532868864
72059793061314816
18049582881702144
72092778410148096
4644337115857152
576601489791910144
580964351930925312
90071992547541248
1076101376
8592294144
8796095381760
17592188403968
18014398513938688
288230376156168448
2199031906560
9007199263392000
275146604800
281475245408512
4503600164503808
9663938816
8797167026432
17593260048640
8804683219200
17600776241408
144115205255987456
281749854880000
9009398278258944
72061992084701440
26388279329024
306244774661456128
4297588992
2152202496
17184588032
17592190763264
35184376807680
8796101935360
140737497268480
72057594046841088
288230376160624896
604504320
2200097521920
4503600701636864
19327877376
17594334052608
35186520097024
17609366438144
35201552482560
144115222436118784
412317384960
564049465573632
4505798651150592
149533581902080
72066390131474688
288239172245258496
52776558657792
72198331526807808
288371113640591616
360287970190164224
8599372032
17189306624
3222274304
17596482060544
72057598333944064
25770852608
9070971977984
4503874506326272
9007474133696768
6597070815488
4512395721441536
9015995348812032
72075186225021184
576495936676561152
211106233581824
19140298417373440
13510798883160320
36028797557932288
9665773824
8797168861440
17593261883648
8804685054208
17600778076416
140754670321920
37383397441792
18016597534834944
72059793063280896
26388281164032
18049582883668224
72092778412114176
288511851130519808
148618787705323776
90071992549507328
34431041792
562950024724736
36028798096900352
19331547392
17594337722624
35186523767040
17609370108160
35201556152576
562984317354240
141837004177664
4504699143192832
576461851819245824
52776562327808
72127962786300160
4644337119920384
576601489795973376
580964351934988544
306244774665388288
25778192640
17626554171648
9009398286385408
149533589766400
72066390139339008
288239172253122816
72198331534672128
288371113648455936
360287970198028544
281483583422720
144115196682567936
144396663069344000
1101726220544
2201237848320
4503603989446912
18014402871558400
283534950656
35193029132544
562984380268800
35459317104896
3298601992448
22517998203961600
2203586658560
8800656425216
9007208113111296
72057602896298240
4503617075675392
288230393600016640
281750123053312
10995384713472
292733976047517952
81064793561104640
2216739995904
70386460918016
72568304304384
8805756698880
17601849721088
72057612291539200
4433479991552
140772921835776
825707462912
4505799724368128
145136608608512
26389352808704
144185557893775616
17611513397504
35203699441920
3300682367232
567350147416320
4507999821365504
52778705617152
144255927711695104
5066551728275712
648518348488835328
10999411245312
72075190518939904
175926155411712
36310276290642176
22518002431820032
35467839930624
36031004632154368
26396869001472
144396671642501376
81064801882603776
72584947302656
36033212245344512
52793738002688
292733992958951680
145169894605056
4512670598299904
9016270225670400
1196543528927488
288301019773796608
289356550936461568
13511073760018688
4521741569229056
36046938960822528
40532946402148608
18033090207154432
4645436627353856
576602589303406848
580965451442422016
18051781904826624
72094977433272576
1409573906809088
90074191570665728
5070947627303168
72207127619305728
288379909733089536
18304669579215104
13519594975133952
360296766282662144
40549988832379136
90107176919499008
289426644802732288
581105089419149568
360428707677995264
1099511891456
4398047036928
18014398510007808
9438720
4296017408
34360788480
35184373138944
70368745227776
6292992
4303357440
34368128512
35184380478976
70368752567808
550024250880
8798240507392
38654707200
35188667057664
70373039146496
25769805312
35218731828736
70403103917568
18018796555994624
158329674401280
105553116268032
648518346341352960
432345564227569152
68719544832
2251799813949952
17592187095552
144115188076907008
576460752304474624
10488320
36028799166450176
42949675520
563224831330816
144132780261902848
576478344489470464
175921860446720
720575940379281920
35184388870656
144115256795337216
135275008
1074799104
2251799815791104
36028797021069824
68723679744
140737492558336
35184405651968
1207968256
554050789888
140806207840768
144115325514818048
38280596832657920
537936384
549757927936
17592188158464
9007199256855040
18014398511596032
562949957632512
576460752307634688
68727882240
35184439214592
144115462953779712
18141941875200
9007749010571776
18014948265312768
9024791440802304
18031990695543296
577023702256861696
27021597764239872
35184506339840
144115737831703040
4398048674304
8796095185408
142672384
1125899915297280
1125900041126400
35184640590336
584115618304
144116287587549696
13194139599360
9007199259066880
288230376156037632
35184909091328
144117387099243008
297237575406584320
2149843456
4297327104
4398050968064
70368748634624
36028797023420928
144115188080312832
2199031906816
9007199263392256
68853957120
35185446093312
6442713600
1126449662919168
9009398278259200
74766790951424
36033195065737728
144119586122629632
36099165763404288
144185556820296192
180143985095082496
2152202752
17184588288
17592190763520
35184376807936
36028797027877376
576460752312336896
151519744
550293209600
562950490817024
9007200329007616
19327877632
17594334052864
35186520097280
17609366438400
35201552482816
288230410511974912
563499709760000
18018796556517888
144123984169402880
52776558658048
612489549322912256
8595177984
4304404992
34369176064
35184381526528
70368753615360
1209008640
4400195043840
9007201403273728
38655754752
35188668105216
70373040194048
35218732876288
70403104965120
1168232153600
824634769920
1128098931147264
9011597302301184
144132780262949376
576478344490516992
105553117315584
720575940380328448
6444548608
35192964121088
144115196667888128
51541705216
18141943955968
9007749012652544
18014948267393536
13194141630976
9024791442883072
18031990697624064
144150372450042368
38280596834746880
27021597766320640
72057595115864576
19331547648
17594337722880
35186523767296
17609370108416
35201556152832
140806212026880
74766794883584
36033195069669888
144119586126561792
52776562328064
36099165767336448
144185556824228352
577023702261039616
297237575410647552
180143985099014656
1125900049449472
72057596193800704
38663094784
35188675445248
70373047534080
35218740216320
70403112305152
9009398286385664
105553124655616
144255925572600320
612489549330776576
551920075264
1101675889152
562958560133632
72057602644640256
1649284219392
72620544008126976
562967166845440
288230393365135872
288793326138688000
2203452441088
4402475696640
9007207978893824
36028805743116800
567069901312
70386058265088
70918634209792
6597203984896
45035996407923200
4407173317120
17601312850432
18014416226222592
144115205792596480
9007234151350784
576460787200033280
563500246106624
21990769426944
585467952095035904
162129587122209280
4433479991808
140772921836032
145136608608768
17611513397760
35203699442176
144115224583078400
2269890216448
1651414925824
9011599448736256
52778705617408
288371115787551232
35223026795008
70407398883840
8869107466752
1125972921287168
9007272269185536
6601364734464
1134700294832640
9015999642731008
105557411234304
10133103456551424
21998822490624
144150381037879808
72620552581284352
45036004863640064
70935679861248
72062009264308736
52793738002944
288793343285002752
162129603765207552
145169894605312
72066424490689024
105587476005376
585467985917903360
1134764719342080
9016064067240448
580610858942976
36046457924485632
36591815691862528
10133167881060864
9025341196599808
18032540451340800
2393087057854976
576602039547593216
578713101872923136
27022147520037376
9043483138458112
72093877921645056
81065892804297216
36066180414308864
36103563809653248
144189954866545152
2819147813618176
180148383141331456
10141895254606336
36609339158430208
27039189950267904
720593532565324288
81099977664758272
180214353838998016
578853289605464576
16813056
2199023782912
8796094073856
36028797020015616
8592034816
70368746277888
140737490455552
12585984
1100048501760
17596481014784
70377334115328
140746078292992
51539610624
36037593111989248
211106232536064
864691128455138304
70368760960000
288230444871193600
70368777741312
288230513590674432
270550016
2149598208
4503599631582208
72057594042139648
137447359488
70368811303936
2415936512
1108101579776
288230651029636096
76561193665315840
1075872768
1099515855872
35184376316928
18014398513710080
36028797023192064
1125899915265024
70368878429184
288230925907559424
36283883750400
18015498021143552
36029896530625536
18049582881604608
36063981391086592
54043195528479744
70369012679680
288231475663406080
8796097348608
17592190370816
2251800082252800
70369281180672
288232575175099392
26388279198720
18014398518133760
576460752312075264
70369818182656
288234774198486016
594475150813168640
4299686912
8594654208
8796101936128
140737497269248
72057594046841856
288230376160625664
137707914240
70370892186624
12885427200
2252899325838336
18018796556518400
149533581902848
72066390131475456
288239172245259264
72198331526808576
288371113640592384
360287970190164992
4304405504
34369176576
35184381527040
70368753615872
303039488
1100586419200
1125900981634048
18014400658015232
38655755264
35188668105728
70373040194560
35218732876800
70403104965632
1126999419520000
36037593113035776
288247968338805760
105553117316096
17190355968
2418017280
8800390087680
18014402806547456
70377336210432
140746080388096
2336464307200
1649269539840
2256197862294528
18023194604602368
288265560525898752
211106234631168
1407374885651456
12889097216
70385928242176
288230393335776256
36283887911936
18015498025305088
36029896534787072
26388283261952
18049582885766144
36063981395248128
288300744900084736
76561193669493760
54043195532641280
144115190231729152
38663095296
35188675445760
70373047534592
35218740216832
70403112305664
149533589767168
72066390139339776
288239172253123584
105553124656128
72198331534672896
288371113648456704
594475150821295104
360287970198029312
146045666304
17600792757248
2251808420398080
18014407116194816
17729641776128
2251937269416960
18014535965213696
2269392016507904
18031990712304640
20266198339945472
1103840150528
2203351778304
1125917120267264
144115205289280512
3298568438784
145241088016253952
1125934333690880
576460786730271744
577586652277376000
4406904882176
8804951393280
18014415957787648
72057611486233600
1134139802624
140772116530176
141837268419584
13194407969792
90071992815846400
8814346634240
35202625700864
36028832452445184
288230411585192960
1127000492213248
43981538853888
324259174244418560
35223026795520
70407398884352
4539780432896
3302829851648
18023198897472512
105557411234816
17738214933504
2251945842574336
18014544538371072
13202729468928
2269400589665280
18031999285462016
211114822468608
20266206913102848
43997644981248
288300762075759616
145241105162568704
90072009727280128
141871359722496
144124018528617472
105587476005888
577586686570005504
324259207530415104
2269529438684160
18032128134480896
1161221717885952
72092915848971264
73183631383725056
20266335762121728
18050682393199616
36065080902681600
54044295040074752
18086966276916224
144187755843290112
162131785608594432
72132360828617728
72207127619306496
288379909733090304
5638295627236352
360296766282662912
20283790509212672
73218678316860416
54078379900535808
162199955329516544
360428707677996032
140737505138688
576460821022906368
140737521920000
576460889742387200
140737555482624
576461027181348864
541100032
4299196416
9007199263164416
144115188084279296
140737622607872
4831873024
2216203159552
576461302059272192
153122387330631680
2151745536
2199031711744
70368752633856
36028797027420160
72057594046384128
140737756858368
576461851815118848
72567767500800
36030996042287104
72059793061251072
36099165763209216
72127962782173184
108086391056959488
140738025359360
576462951326812160
17592194697216
35184380741632
4503600164505600
140738562361344
576465150350198784
52776558397440
140739636365312
576469548396972032
8599373824
17189308416
51382272
275415828480
140741784373248
25770854400
4505798651676672
36037593113036800
144132780262950912
576478344490518528
720575940380329984
606078976
2201172838400
2251801963268096
36028801316030464
70377336211456
140746080389120
2253998839040000
72075186226071552
576495936677611520
211106234632192
4836034560
17600780175360
36028805613094912
140754672420864
4672928614400
3298539079680
4512395724589056
36046389209204736
576531121051797504
2814749771302912
25778194432
140771856484352
576460786671552512
72567775823872
36030996050610176
72059793069574144
52776566523904
36099165771532288
72127962790496256
576601489800169472
153122387338987520
108086391065282560
283484620800
8804699736064
9070987708416
292091332608
35201585514496
4503616840796160
36028814232389632
35459283552256
4503874538833920
36029071930427392
4538784033015808
36063981424609280
40532396679890944
2207680301056
4406703556608
2251834240534528
288230410578561024
6597136877568
290482176032507904
8813809764352
17609902786560
36028831915575296
144115222972467200
26388815939584
180143985631692800
17628693268480
70405251401728
345744869376
2254000984426496
87963077707776
648518348488837120
2272037701632
9079560865792
6605659703296
36046397794945024
211114822469632
35476429867008
4503891685148672
36029089076742144
26405458937856
4538801179330560
36063998570924032
40532413826205696
87995289962496
576601524151519232
290482210325137408
180144019454560256
2269460719208448
9024860160264192
11259067787905024
4539058877368320
36064256268961792
2322443435771904
144185831697942528
146367262767450112
40532671524243456
36101364786399232
72130161805363200
108088590080149504
36173932553832448
288375511686580224
324263571217188864
144264721657235456
11276591254472704
720593532565325824
40567581018425344
146437356633720832
108156759801071616
324399910659033088
61440
94208
159744
290816
552960
1077248
2125824
4222976
8417280
110592
176128
307200
569344
1093632
2142208
4239360
8433664
208896
339968
602112
1126400
2174976
4272128
8466432
405504
667648
1191936
2240512
4337664
8531968
798720
1323008
2371584
4468736
8663040
1585152
2633728
4730880
8925184
3158016
5255168
9449472
6303744
10498048
12595200
50343936
274945028096
281475043831808
562950020542464
4503599761600512
18014398777929728
140741783334912
206158442496
281749854629888
563224831340544
2252349569511424
36033195065487360
844424930144256
118784
184320
315392
577536
1101824
2150400
4247552
8441856
217088
348160
610304
1134592
2183168
4280320
8474624
413696
675840
1200128
2248704
4345856
8540160
806912
1331200
2379776
4476928
8671232
1593344
2641920
4739072
8933376
3166208
5263360
9457664
6311936
10506240
12603392
83906560
2251799947923456
576460754450927616
343597404160
1407374883573760
233472
364544
626688
1150976
2199552
4296704
8491008
430080
692224
1216512
2265088
4362240
8556544
823296
1347584
2396160
4493312
8687616
1609728
2658304
4755456
8949760
3182592
5279744
9474048
6328320
10522624
12619776
151031808
137455767552
274894721024
100700160
137573208064
275012161536
4398583418880
35186519609344
618475327488
412316897280
2533274790432768
1688849860300800
462848
724992
1249280
2297856
4395008
8589312
856064
1380352
2428928
4526080
8720384
1642496
2691072
4788224
8982528
3215360
5312512
9506816
6361088
10555392
12652544
285282304
167841792
1168231174144
563018672967680
2251868533231616
687194836992
564049465118720
2252899325382656
144132780261969920
4785074604150784
2814749767176192
921600
1445888
2494464
4591616
8785920
1708032
2756608
4853760
9048064
3280896
5378048
9572352
6426624
10620928
12718080
553783296
1125899923755008
2251799830597632
302125056
201461760
1125900443848704
2251800350691328
144115190223474688
576460756598525952
2267742867456
1236950716416
824633856000
18018796556128256
9288674231586816
5066549580926976
3377699720663040
1839104
2887680
4984832
9179136
3411968
5509120
9703424
6557696
10752000
12849152
1090785280
570691584
335810560
4466766254080
2336462475264
1374389800960
18295873486458880
9570149208428544
5629499534479360
3674112
5771264
9965568
6819840
11014144
13111296
2164789248
562949970726912
18014398526787584
1107824640
604508160
403181568
562952101433344
18014400657494016
144115192371351552
8864813027328
4535485992960
2251937253167104
4503737066852352
2473901690880
1649267970048
2256197860724736
4507997674409984
36310271996203008
18577348463431680
10133099162112000
6755399441584128
7344128
11538432
13635584
4312797184
2182090752
1099546234880
1141903360
672141312
1101660164096
17660906573824
8933533028352
4672925470720
2748780122112
72339069015691264
36591746973437952
19140298417377280
11258999069478912
14684160
8608813056
4330622976
549791469568
4398082166784
2216693760
1210060800
807407616
554052882432
4402343579648
35253093666816
17729627099136
9070973030400
4947804426240
3298536984576
144396663054667776
72620543993450496
37154696927907840
20266198325268480
13510798884212736
17200844800
8627687424
4366274560
2285899776
1346375680
70437467852800
35321815240704
17867068149760
9345853034496
5497562337280
288511851132620800
144678138033475584
73183493948968960
38280596836847616
22517998141050880
34384908288
17221816320
8665436160
4437577728
2424311808
1619005440
140806216224768
70506191523840
1126037354188800
144115325523202048
35459258388480
9007474141040640
18014673395781632
18141950251008
9895613042688
6597078159360
9042383635222528
18049582889963520
1196268659412992
144185556828426240
576742227288526848
288793326113525760
145241087991091200
74309393860005888
40532396654727168
27021597772615680
137589952512
275028905984
1125900460494848
2251800367337472
562952117686272
18014400673746944
281543712968704
412333641728
18577348479684608
3377699737309184
1101692669952
554084339712
4402375036928
281612449222656
2252074725150720
4947835883520
153122387364155392
54043195562004480
281749921730560
563224898441216
18015498088222720
39582485712896
844424997244928
412451082240
282024866746368
144119586256588800
211106366754816
282574756777984
283674536841216
3377700257402880
285874096967680
290273217220608
18577350610391040
18014540243406848
4952097296384
299071457726464
316667938738176
351860900761600
422246824808448
564118184529920
2252968044793856
2814818486587392
2256335299153920
4508135112839168
1196406089977856
144185694258991104
145241225421656064
6755536880013312
9042658504740864
18049857759481856
4644611993636864
144256200442122240
844699808043008
148619062581137408
27021872642134016
594475700568723456
2815849278738432
720577039890911232
6759797487570944
27056782136315904
145311456726880256
148759525191585792
122880
188416
319488
581632
1105920
2154496
4251648
8445952
221184
352256
614400
1138688
2187264
4284416
8478720
417792
679936
1204224
2252800
4349952
8544256
811008
1335296
2383872
4481024
8675328
1597440
2646016
4743168
8937472
3170304
5267456
9461760
6316032
10510336
12607488
151019520
68736278528
549772615680
562949970223104
1125899923644416
100687872
68853719040
549890056192
562950087663616
1125900041084928
9007199523201024
36028797555859456
618475315200
563018672922624
1125968626343936
412316884992
563499709259776
1126449662681088
4504699139022848
72066390130974720
2533274790420480
1688849860288512
237568
368640
630784
1155072
2203648
4300800
8495104
434176
696320
1220608
2269184
4366336
8560640
827392
1351680
2400256
4497408
8691712
1613824
2662400
4759552
8953856
3186688
5283840
9478144
6332416
10526720
12623872
285253632
281474993528832
4503599644188672
167813120
281475245187072
4503599895846912
1168231145472
687194808320
4785074604122112
2814749767147520
466944
729088
1253376
2301952
4399104
8593408
860160
1384448
2433024
4530176
8724480
1646592
2695168
4792320
8986624
3219456
5316608
9510912
6365184
10559488
12656640
553721856
302063616
274911535104
549789442048
201400320
275146416128
550024323072
8797166837760
70373039218688
2267742806016
1236950654976
824633794560
9288674231525376
5066549580865536
3377699720601600
925696
1449984
2498560
4595712
8790016
1712128
2760704
4857856
9052160
3284992
5382144
9576448
6430720
10625024
12722176
1090658304
570564608
335683584
4466766127104
2336462348288
1126037345935360
4503737066463232
1374389673984
1128098930237440
4505798650765312
288265560523939840
18295873486331904
9570149208301568
5629499534352384
1843200
2891776
4988928
9183232
3416064
5513216
9707520
6561792
10756096
12853248
2164531200
1107566592
2251799847510016
4503599661195264
604250112
402923520
2251800887697408
4503600701382656
288230380446949376
8864812769280
281543696457728
36028865738711040
4535485734912
2473901432832
1649267712000
290271070003200
36037593112256512
36310271995944960
18577348463173632
10133099161853952
6755399441326080
3678208
5775360
9969664
6823936
11018240
13115392
4312276992
2181570560
1141383168
671621120
17660906053632
8933532508160
4672924950528
2748779601920
72339069015171072
36591746972917760
19140298416857088
11258999068958720
7348224
11542528
13639680
8607768576
288230376169545728
4329578496
1125899941453824
36028797053575168
2215649280
1209016320
806363136
1125904202866688
36028801314988032
288230384742703104
35253092622336
17729626054656
9070971985920
4503874506334208
9007474133704704
4947803381760
3298535940096
4512395721449472
9015995348819968
144396663053623296
72620543992406016
37154696926863360
20266198324224000
13510798883168256
14688256
17198751744
8625594368
4364181504
2199092469760
2283806720
1344282624
2203320328192
70437465759744
35321813147648
17867066056704
9345850941440
5497560244224
288511851130527744
144678138031382528
73183493946875904
38280596834754560
22517998138957824
34380718080
17217626112
8661245952
1099582939136
8796164333568
4433387520
2420121600
1614815232
1108105764864
8804687159296
140806212034560
70506187333632
35459254198272
18141946060800
9895608852480
6597073969152
576742227284336640
288793326109335552
145241087986900992
74309393855815680
40532396650536960
27021597768425472
34401689600
17255374848
8732549120
4571799552
2692751360
140874935705600
70643630481408
35734136299520
18691706068992
10995124674560
577023702265241600
289356276066951168
146366987897937920
76561193673695232
45035996282101760
137522847744
68870479872
549906817024
562950104424448
1125900057845760
281475261931520
4503599912591360
288230384758431744
618492076032
563018689683456
1125968643104768
563499726020608
1126449679441920
4785074620866560
1688849877049344
275179905024
550057811968
2251800920989696
4503600734674944
1125904235372544
36028801347493888
563087425937408
824667283456
37154696959369216
6755399474618368
2203385339904
1108168679424
8804750073856
281749921734656
563224898445312
4504149450301440
9895671767040
844424997249024
306244774728310784
108086391124008960
618609516544
563018807123968
1125968760545280
563499843461120
1126449796882432
36030996176445440
79164971425792
1688849994489856
824902164480
564049733492736
288239172513177600
4785074872524800
565149513555968
567349073682432
6755400514805760
571748193935360
580546434441216
37154701220782080
36029080486813696
9904194592768
598142915452928
633335877476352
703721801523200
563568428720128
1126518382141440
290339789217792
36037661831471104
36310340715159552
1688918579748864
1128236369059840
4505936089587712
5629636973174784
4512670598307840
9016270225678336
2392812179955712
288371388517982208
844699808047104
290482450843312128
13511073760026624
18085317009481728
36099715518963712
1689399616086016
297238125162274816
54043745284268032
5631698557476864
36319068088705024
13519594975141888
54113564272631808
290622913453760512
245760
376832
638976
1163264
2211840
4308992
8503296
442368
704512
1228800
2277376
4374528
8568832
835584
1359872
2408448
4505600
8699904
1622016
2670592
4767744
8962048
3194880
5292032
9486336
6340608
10534912
12632064
553697280
18014398526308352
302039040
137472557056
1099545231360
1125899940446208
2251799847288832
201375744
137707438080
1099780112384
1125900175327232
2251800082169856
18014399046402048
72057595111718912
2267742781440
281543696236544
9007267974266880
1236950630400
1126037345845248
2251937252687872
824633769984
1126999418519552
2252899325362176
283674000015360
9009398278045696
144132780261949440
9288674231500800
5066549580840960
3377699720577024
475136
737280
1261568
2310144
4407296
8601600
868352
1392640
2441216
4538368
8732672
1654784
2703360
4800512
8994816
3227648
5324800
9519104
6373376
10567680
12664832
1090600960
570507264
562949987057664
9007199288377344
335626240
562950490374144
9007199791693824
4466766069760
2336462290944
1374389616640
18295873486274560
9570149208244224
5629499534295040
933888
1458176
2506752
4603904
8798208
1720320
2768896
4866048
9060352
3293184
5390336
9584640
6438912
10633216
12730368
2164408320
17592202969088
1107443712
604127232
549823070208
1099578884096
402800640
550292832256
1100048646144
17594333675520
140746078437376
8864812646400
4535485612032
2473901309952
1649267589120
36310271995822080
18577348463050752
10133099161731072
6755399441203200
1851392
2899968
4997120
9191424
3424256
5521408
9715712
6569984
10764288
12861440
4312023040
2181316608
1141129216
671367168
17660905799680
8933532254208
4672924696576
2252074691870720
9007474132926464
2748779347968
2256197860474880
9011597301530624
576531121047879680
72339069014917120
36591746972663808
19140298416603136
11258999068704768
3686400
5783552
9977856
6832128
11026432
13123584
8607252480
576460752320741376
4329062400
2215133184
4503599695020032
9007199322390528
1208500224
805847040
4503601775394816
9007201402765312
576460760893898752
35253092106240
17729625538560
563087392915456
72057731477422080
9070971469824
4947802865664
3298535424000
580542140006400
72075186224513024
144396663053107200
72620543991889920
37154696926347264
20266198323707904
13510798882652160
7356416
11550720
13647872
17197711360
8624553984
4363141120
2282766336
1343242240
70437464719360
35321812107264
17867065016320
9345849901056
5497559203840
288511851129487360
144678138030342144
73183493945835520
38280596833714176
22517998137917440
14696448
34378629120
17215537152
281475012378624
576460752339091456
8659156992
2251799882907648
72057594107150336
4431298560
2418032640
1612726272
2251808405733376
72057602629976064
281492158693376
576460769485406208
140806209945600
70506185244672
35459252109312
18141943971840
9007749012668416
18014948267409408
9895606763520
6597071880192
9024791442898944
18031990697639936
576742227282247680
288793326107246592
145241087984812032
74309393853726720
40532396648448000
27021597766336512
34397503488
17251188736
8728363008
4398184939520
4567613440
2688565248
4406640656384
140874931519488
70643626295296
35734132113408
18691701882880
10995120488448
577023702261055488
289356276062765056
146366987893751808
76561193669509120
45035996277915648
34435252224
17322491904
2199165878272
17592328667136
8866775040
4840243200
3229630464
2216211529728
17609374318592
141012374667264
70918508396544
36283892121600
19791217704960
13194147938304
577586652218671104
290482175973801984
148618787711631360
81064793301073920
54043195536850944
68870488064
549906825216
562950104432640
1125900057853952
18014399063146496
17594350321664
576460760910151680
618492084224
563018689691648
1125968643112960
563499726028800
1126449679450112
1688849877057536
275045695488
137740959744
1099813634048
1125900208848896
2251800115691520
562950523863040
9007199825182720
281492190150656
576460769516863488
1236984152064
1126037379366912
2251937286209536
1126999452041216
2252899358883840
576742227313704960
9570149241733120
3377699754098688
550359810048
1100115623936
4503601841979392
9007201469349888
2251808470745088
72057602694987776
206225555456
1126174851874816
1649334566912
74309393918738432
13510798949236736
4406770679808
2216337358848
17609500147712
618609524736
563018807132160
1125968760553472
563499843469312
1126449796890624
9008298900602880
19791343534080
1688849994498048
612489549456621568
216172782248017920
1237219033088
1126037614247936
2251937521090560
1126999686922240
2252899593764864
72061992352890880
158329942851584
3377699988979712
1649804328960
1128099466985472
576478345026355200
9570149745049600
1130299027111936
72057664904904704
1134698147364864
13510801029611520
1143496387870720
1161092868882432
74309402441564160
72058160973627392
19808389185536
1196285830905856
576742244460019712
1266671754952704
563568428728320
1126518382149632
283742719459328
9009466997489664
9288742950944768
1688918579757056
1127136857440256
2253036764282880
580679578435584
72075323662942208
72620681430319104
3377837159497728
2256472738119680
9011872179175424
11259273946349568
9025341196615680
18032540451356672
1689399616094208
580964901686624256
27022147520053248
36170634018963456
72199431037927424
3378799232172032
594476250324549632
108087490568536064
9290873254723584
11263397114953728
72638136177410048
27039189950283776
108227128545263616
491520
753664
1277952
2326528
4423680
8617984
884736
1409024
2457600
4554752
8749056
1671168
2719744
4816896
9011200
3244032
5341184
9535488
6389760
10584064
12681216
2164359168
144115188092731392
1107394560
281475010363392
36028797052616704
604078080
274945114112
2199090462720
2251799880892416
4503599694577664
402751488
275414876160
2199560224768
2251800350654464
4503600164339712
281476050550784
36028798092804096
144115190223437824
8864812597248
4535485562880
563087392473088
18014535948533760
2473901260800
2252074691690496
4503874505375744
1649267539968
2253998837039104
4505798650724352
567348000030720
18018796556091392
288265560523898880
36310271995772928
18577348463001600
10133099161681920
6755399441154048
950272
1474560
2523136
4620288
8814592
1736704
2785280
4882432
9076736
3309568
5406720
9601024
6455296
10649600
12746752
4311908352
2181201920
1141014528
1125899974115328
18014398576754688
671252480
1125900980748288
18014399583387648
17660905684992
8933532139520
4672924581888
2748779233280
72339069014802432
36591746972549120
19140298416488448
11258999068590080
1867776
2916352
5013504
9207808
3440640
5537792
9732096
6586368
10780672
12877824
8607006720
4328816640
68753326080
35184405938176
2214887424
1208254464
1099646140416
2199157768192
805601280
1100585664512
2200097292288
73014738944
35188667351040
35253091860480
17729625292800
9070971224064
4947802619904
3298535178240
144396663052861440
72620543991644160
37154696926101504
20266198323462144
13510798882406400
3702784
5799936
9994240
6848512
11042816
13139968
17197203456
8624046080
4362633216
2282258432
1342734336
70437464211456
35321811599360
17867064508416
9345849393152
4504149383741440
18014948265852928
5497558695936
4512395720949760
18023194603061248
288511851128979456
144678138029834240
73183493945327616
38280596833206272
22517998137409536
7372800
11567104
13664256
34377596928
17214504960
8658124800
4430266368
9007199390040064
18014398644781056
2417000448
1611694080
9007203550789632
18014402805530624
140806208913408
70506184212480
35459251077120
1126174785830912
144115462954844160
18141942939648
9895605731328
6597070848000
1161084280012800
144150372449026048
576742227281215488
288793326106214400
145241087983779840
74309393852694528
40532396647415808
27021597765304320
14712832
34395422720
17249107968
8726282240
4565532672
2686484480
140874929438720
70643624214528
35734130032640
18691699802112
10995118407680
577023702258974720
289356276060684288
146366987891671040
76561193667428352
45035996275834880
34431074304
562950024757248
17318313984
4503599765815296
144115188214300672
8862597120
4836065280
3225452544
4503616811466752
144115205259952128
562984317386752
141012370489344
70918504218624
36283887943680
18015498025336832
36029896534818816
19791213527040
13194143760384
18049582885797888
36063981395279872
577586652214493184
290482175969624064
148618787707453440
81064793296896000
54043195532673024
34502377472
17456726016
8796369879040
9135226880
5377130496
8813281312768
141287252590592
71468264226816
37383403765760
21990240976896
578712552125530112
292733975787503616
153122387339018240
90071992555831296
137589981184
275028934656
281475261956096
4503599912615936
18014399063162880
8797183574016
144115190240149504
2251868549971968
412333670400
4785074620891136
137740976128
1099813650432
1125900208865280
2251800115707904
281476084039680
36028798126292992
73048031232
35188700643328
35253125152768
1236984168448
1126037379383296
2251937286225920
1126999452057600
2252899358900224
36310272029261824
3377699754115072
550091390976
275481919488
2199627268096
2251800417697792
4503600231383040
1125901047726080
18014399650365440
562984380301312
281612482805760
2473968304128
2252074758733824
4503874572419072
2253998904082432
4505798717767680
19140298483466240
6755399508197376
1100719620096
2200231247872
9007203683958784
18014402938699776
4503616941490176
144115205389975552
412451110912
2252349703749632
3298669133824
844425064382464
148618787837476864
27021597898473472
8813541359616
4432674717696
35219000295424
1237219049472
1126037614264320
2251937521106944
1126999686938624
2252899593781248
18016597801205760
39582687068160
4785074872549376
3377699988996096
432345564496035840
2474438066176
2252075228495872
4503875042181120
2253999373844480
4505799187529728
144123984705781760
6755399977959424
3299608657920
2256198933970944
36310273069449216
19140299490099200
2260598054223872
35257386565632
144115329809809408
2269396294729728
27021602059223040
2286992775741440
2322185737764864
148618804883128320
144116321947254784
39616778371072
2392571661811712
283742719475712
9009466997506048
9288742950961152
1127136857456640
2253036764299264
567485438918656
18018933994979328
18577485901889536
3377837159514112
2254273714880512
4506073528565760
1161359156871168
144150647325884416
145241362860638208
6755674318995456
4512945476239360
18023744358350848
1407924639399936
22518547892699136
18050682393231360
36065080902713344
3378799232188416
54044295040106496
9290873254739968
6757598464344064
216174981137072128
18581746509447168
22526794229907456
145276272354820096
54078379900567552
983040
1507328
2555904
4653056
8847360
1769472
2818048
4915200
9109504
3342336
5439488
9633792
6488064
10682368
12779520
8606908416
4328718336
288230376185462784
2214789120
562950020726784
72057594105233408
1208156160
549890228224
4398180925440
4503599761784832
9007199389155328
805502976
550829752320
4399120449536
4503600701308928
9007200328679424
562952101101568
72057596185608192
288230380446875648
35253091762176
17729625194496
9070971125760
1126174784946176
36029071897067520
4947802521600
4504149383380992
9007749010751488
3298535079936
4507997674078208
9011597301448704
1134696000061440
36037593112182784
576531121047797760
144396663052763136
72620543991545856
37154696926003200
20266198323363840
13510798882308096
1900544
2949120
5046272
9240576
3473408
5570560
9764864
6619136
10813440
12910592
17196974080
8623816704
4362403840
2282029056
2251799948230656
36028797153509376
1342504960
2251801961496576
36028799166775296
70437463982080
35321811369984
17867064279040
9345849163776
5497558466560
288511851128750080
144678138029604864
73183493945098240
38280596832976896
22517998137180160
3735552
5832704
10027008
6881280
11075584
13172736
34377105408
17214013440
8657633280
137506652160
70368811876352
4429774848
2416508928
2199292280832
4398315536384
1611202560
2201171329024
4400194584576
146029477888
70377334702080
140806208421888
70506183720960
35459250585600
18141942448128
9895605239808
6597070356480
576742227280723968
288793326105722880
145241087983288320
74309393852203008
40532396646924288
27021597764812800
7405568
11599872
13697024
34394406912
17248092160
8725266432
4564516864
2685468672
140874928422912
70643623198720
35734129016832
18691698786304
9008298767482880
36029896531705856
10995117391872
9024791441899520
36046389206122496
577023702257958912
289356276059668480
146366987890655232
76561193666412544
45035996274819072
14745600
34429009920
281475045982208
17316249600
8860532736
18014398780080128
36028797289562112
4834000896
3223388160
18014407101579264
36028805611061248
281509338611712
141012368424960
70918502154240
2252349571661824
288230925909688320
36283885879296
19791211462656
13194141696000
2322168560025600
288300744898052096
577586652212428800
290482175967559680
148618787705389056
81064793294831616
54043195530608640
34498215936
17452564480
9131065344
5372968960
141287248429056
71468260065280
37383399604224
21990236815360
578712552121368576
292733975783342080
153122387334856704
90071992551669760
1125900049514496
34636627968
9007199531630592
288230376428601344
17725194240
9672130560
6450905088
9007233622933504
288230410519904256
141837008437248
72567775887360
36030996050673664
72059793069637632
39582427054080
26388287520768
36099165771595776
72127962790559744
580964351939248128
297237575414906880
162129586593792000
108086391065346048
144115190240182272
4503668363689984
275179962368
550057869312
562950523912192
9007199825231872
281476084072448
36028798126325760
70900580352
17594367148032
288230380480299008
17660939141120
4503737099943936
824667340800
36310272029294592
9570149241782272
275481952256
2199627300864
2251800417730560
4503600231415808
562952168079360
72057596252585984
146096062464
70377401286656
281509403623424
70506250305536
2473968336896
2252074758766592
4503874572451840
2253998904115200
4505798717800448
72620544058523648
6755399508230144
1100182781952
550963838976
4399254536192
4503600835395584
9007200462766080
2251802095452160
36028799300730880
563224965611520
4947936608256
4504149517467648
9007749144838144
4507997808164864
9011597435535360
38280596966932480
13510799016394752
2201439240192
4400462495744
18014407367917568
36028805877399552
9007233882980352
288230410779951104
824902221824
4504699407499264
6597338267648
1688850128764928
297237575674953728
54043195796946944
17627082719232
2474438098944
2252075228528640
4503875042213888
2253999373877248
4505799187562496
36033195602411520
79165374136320
9570149745098752
6755399977992192
864691128992071680
4948876132352
4504150456991744
9007750084362240
4507998747688960
9011598375059456
288247969411563520
36310273069481984
13510799955918848
17663053070336
6599217315840
4512397867941888
72620546138898432
38280598980198400
4521196108447744
70514773131264
288230659619618816
4538792589459456
54043204118446080
4573985551482880
4644371475529728
297237609766256640
564118184591360
2252968044855296
2814818486648832
567485438951424
18018933995012096
18577485901922304
2254273714913280
4506073528598528
1134970877837312
36037867989958656
37154971803779072
6755674319028224
4508547429761024
9012147057131520
2322718313742336
288301294651768832
844974686011392
290482725721276416
13511348637990912
9025890952478720
36047488716701696
2815849278799872
45037095785398272
36101364786462720
72130161805426688
6757598464376832
108088590080212992
18581746509479936
13515196928688128
432349962274144256
37163493018894336
45053588459814912
290552544709640192
108156759801135104
1966080
3014656
5111808
9306112
3538944
5636096
9830400
6684672
10878976
12976128
34376908800
17213816832
8657436672
281475044212736
576460752370925568
4429578240
1125900041453568
144115188210466816
2416312320
1099780456448
8796361850880
9007199523569664
18014398778310656
1611005952
1101659504640
8798240899072
9007201402617856
18014400657358848
1125904202203136
144115192371216384
281483567038464
576460760893751296
140806208225280
70506183524352
35459250388992
18141942251520
2252349569892352
72058143794135040
9895605043200
9008298766761984
18015498021502976
6597070159872
9015995348156416
18023194602897408
2269392000122880
72075186224365568
576742227280527360
288793326105526272
145241087983091712
74309393852006400
40532396646727680
27021597764616192
3801088
5898240
10092544
6946816
11141120
13238272
34393948160
17247633408
8724807680
4564058112
4503599896461312
72057594307018752
2685009920
4503603922993152
72057598333550592
140874927964160
70643622739968
35734128558080
18691698327552
10995116933120
577023702257500160
289356276059209728
146366987890196480
76561193665953792
45035996274360320
7471104
11665408
13762560
34428026880
17315266560
275013304320
140737623752704
8859549696
4833017856
4398584561664
8796631072768
3222405120
4402342658048
8800389169152
292058955776
140754669404160
141012367441920
70918501171200
36283884896256
19791210479616
13194140712960
577586652211445760
290482175966576640
148618787704406016
81064793293848576
54043195529625600
14811136
34496184320
17450532864
9129033728
5370937344
281612417892352
141287246397440
71468258033664
37383397572608
18016597534965760
72059793063411712
21990234783744
18049582883799040
72092778412244992
578712552119336960
292733975781310464
153122387332825088
90071992549638144
562950091964416
34632499200
17721065472
36028797560160256
72057594579124224
9668001792
6446776320
36028814203158528
72057611222122496
141837004308480
4504699143323648
576461851819376640
72567771758592
39582422925312
26388283392000
4644337120051200
576601489796104192
580964351935119360
297237575410778112
162129586589663232
108086391061217280
34905128960
18262130688
10745937920
142936520130560
74766799208448
43980473630720
585467951566684160
306244774669713408
180143985103339520
1125900460621824
2251800367464448
17594350436352
9007267991126016
3377699737436160
288230380480364544
9007336727379968
550359924736
1100115738624
1125901047824384
18014399650463744
562952168144896
72057596252651520
141801160704
35188734296064
281483633885184
576460760960598016
35321878282240
9007474199887872
1649334681600
576742227347374080
72620544058589184
19140298483564544
550963904512
4399254601728
4503600835461120
9007200462831616
1125904336158720
144115192505171968
292192124928
140754802573312
141012500611072
4947936673792
4504149517533184
9007749144903680
4507997808230400
9011597435600896
145241088117047296
13510799016460288
2200365563904
1101927677952
8798509072384
9007201670791168
18014400925532160
4503604190904320
72057598601461760
1126449931223040
9895873216512
9008299034935296
18015498289676288
9015995616329728
18023194871070720
76561193933864960
27021598032789504
4402878480384
8800924991488
36028814735835136
72057611754799104
1649804443648
9009398814998528
13194676535296
3377700257529856
594475151349907456
108086391593893888
4948876197888
4504150457057280
9007750084427776
4507998747754496
9011598375124992
72066391204823040
158330748272640
19140299490197504
13510799955984384
9897752264704
9008300913983488
18015500168724480
9015997495377920
18023196750118912
576495938823127040
72620546138963968
27021599911837696
35326106140672
13198434631680
9024795735883776
145241092277796864
76561197960396800
9042392216895488
576742235870199808
141029546262528
576461319239237632
9077585178918912
108086408236892160
9147971102965760
1128236369182720
4505936089710592
5629636973297664
1134970877902848
36037867990024192
37154971803844608
4508547429826560
9012147057197056
2269941755674624
72075735979917312
74309943607558144
13511348638056448
9017094859522048
18024294114263040
4645436627484672
576602589303537664
1689949372022784
580965451442552832
27022697275981824
18051781904957440
72094977433403392
5631698557599744
90074191570796544
72202729572925440
144260323610853376
13515196928753664
216177180160425984
37163493018959872
27030393857376256
864699924548288512
74326986037788672
90107176919629824
581105089419280384
216313519602270208
3932160
6029312
10223616
7077888
11272192
13369344
34427633664
17314873344
562950088425472
8859156480
2251800082907136
288230376420933632
4832624640
2199560912896
17592723701760
18014399047139328
36028797556621312
3222011904
2203319009280
17596481798144
18014402805235712
36028801314717696
2251808404406272
288230384742432768
562967134076928
281612416450560
141012367048704
70918500777984
36283884503040
4504699139784704
144116287588270080
19791210086400
18016597533523968
36030996043005952
13194140319744
18031990696312832
36046389205794816
4538784000245760
144150372448731136
577586652211052544
290482175966183424
148618787704012800
81064793293455360
54043195529232384
7602176
11796480
13893632
34495266816
17449615360
9128116224
9007199792922624
144115188614037504
5370019840
9007207845986304
144115196667101184
141287245479936
71468257116160
37383396655104
21990233866240
578712552118419456
292733975780392960
153122387331907584
90071992548720640
14942208
68788944896
34630533120
550026608640
17719099392
9666035712
8797169123328
17593262145536
6444810240
8804685316096
17600778338304
584117911552
141837002342400
72567769792512
39582420959232
26388281425920
580964351933153280
297237575408812032
162129586587697152
108086391059251200
34901065728
18258067456
10741874688
563224835784704
142936516067328
74766795145216
36033195069931520
144119586126823424
43980469567488
36099165767598080
144185556824489984
585467951562620928
306244774665650176
180143985099276288
281475119579136
1125900183928832
35442130944
72057595120320512
144115189158248448
19336003584
12893552640
72057628406317056
144115222444244992
9009398286647296
145135543517184
79164845850624
52776566784000
594475150821556224
324259173179326464
216172782122434560
18014467245998080
2251800921243648
4503600734928896
73048260608
35188700872704
35253125382144
18014535982252032
299067196571648
6755399474872320
281483634016256
576460760960729088
18014673454759936
576742227347505152
1100719849472
2200231477248
2251802095648768
36028799300927488
1125904336289792
144115192505303040
283602321408
70377468592128
562967267770368
70643756564480
18014948399775744
3298669363200
145241088117178368
38280596967129088
1101927809024
8798509203456
9007201670922240
18014400925663232
2251808672317440
288230385010343936
584384249856
281750123315200
9895873347584
9008299035066368
18015498289807360
9015995616460800
18023194871201792
290482176234094592
27021598032920576
4400731127808
2203855355904
17597018144768
18014403341582336
36028801851064320
9007208381808640
144115197202923520
619012423680
2252899862446080
19791746433024
18016598069870592
36030996579352576
18031991232659456
36046389742141440
153122387867729920
54043196065579008
8805756960768
17601849982976
72057629471670272
144115223509598208
3299608887296
18018797629997056
26389353070592
9288675305455616
6755400515059712
216172783187787776
9897752395776
9008300914114560
18015500168855552
9015997495508992
18023196750249984
144132782409646080
38280598980395008
27021599911968768
35257386795008
19795504529408
18016601827966976
36031000337448960
18031994990755840
36046393500237824
145241092277927936
54043199823675392
70652212281344
26396869263360
18049591471767552
576742235870330880
290482184555593728
153122395920793600
18084784433790976
18155170357837824
216172816473784320
1128167649837056
2254067556679680
290339789471744
36037661831725056
36310340715413504
3377768440266752
2256472738365440
9011872179421184
11259273946595328
2269941755805696
72075735980048384
74309943607689216
9017094859653120
18024294114394112
4539883511349248
144151471959834624
845524442021888
148619887215116288
27022697276112896
18034189719044096
36048588228526080
3379898744045568
54045394551963648
36103563809914880
144189954866806784
11263397115199488
180148383141593088
36319068088958976
27030393857507328
432354360320851968
74326986037919744
54060787714752512
148653972075577344
180214353839259648
7864320
12058624
14155776
34629746688
1125900176850944
17718312960
4503600165814272
576460752841867264
9665249280
4399121825792
35185447403520
36028798094278656
72057595113242624
6444023808
4406638018560
35192963596288
36028805610471424
72057602629435392
4503616808812544
576460769484865536
1125934268153856
563224832901120
141837001555968
72567769006080
9009398279569408
288232575176540160
39582420172800
36033195067047936
72061992086011904
26388280639488
36063981392625664
72092778411589632
9077568000491520
288300744897462272
580964351932366848
297237575408025600
162129586586910720
108086391058464768
15204352
34899230720
18256232448
18014399585845248
288230377228075008
10740039680
18014415691972608
288230393334202368
142936514232320
74766793310208
43980467732480
585467951560785920
306244774663815168
180143985097441280
137577889792
1100053217280
35438198784
19332071424
17594338246656
35186524291072
12889620480
17609370632192
35201556676608
145135539585024
79164841918464
52776562851840
594475150817624064
324259173175394304
216172782118502400
36516134912
21483749376
1126449671569408
149533590290432
72066390139863040
288239172253646848
87960939134976
72198331535196160
288371113648979968
612489549331300352
360287970198552576
550846857216
562952118206464
18014400674267136
576460760910659584
36028865755742208
18577348480204800
36028934491996160
4503601842487296
9007201469857792
146096521216
70377401745408
70506250764288
36029071964504064
598134393143296
13510798949744640
562967268032512
36029346909519872
2201439698944
4400462954496
4503604191297536
72057598601854976
2251808672579584
288230385010606080
567204642816
140754937184256
1125934535540736
141287513128960
36029896799551488
6597338726400
290482176234356736
76561193934258176
2203855618048
17597018406912
18014403341844480
36028801851326464
4503617344634880
576460770020687872
563500246630400
19791746695168
18016598070132736
36030996579614720
18031991232921600
36046389742403584
580964352468189184
54043196065841152
8801462255616
4407710711808
35194036289536
36028806683164672
72057603702128640
18014416763617280
288230394405847040
1238024847360
4505799724892160
39583492866048
36033196139741184
72061993158705152
36063982465318912
72092779484282880
844426004398080
306244775735459840
108086392131158016
17611513921536
35203699965952
6599217774592
36037595259994112
52778706141184
18577350610911232
13510801030119424
432345566375575552
19795504791552
18016601828229120
36031000337711104
18031994991017984
36046393500499968
288265564819292160
76561197960790016
54043199823937536
70514773590016
39591009058816
36033203655933952
72062000674897920
36063989981511680
72092787000475648
290482184555855872
108086399647350784
141304424562688
52793738526720
36099182943535104
580964369111187456
306244791841587200
36169568867581952
2256335299674112
4508135113359360
580679578943488
72075323663450112
72620681430827008
6755536880533504
4512945476730880
18023744358842368
22518547893190656
4539883511611392
144151471960096768
148619887215378432
18034189719306240
36048588228788224
9079767022698496
288302943919669248
1691048884043776
297239774430232576
54045394552225792
36068379438088192
72097176457052160
6759797488091136
108090789103927296
72207127619829760
288379909733613568
22526794230398976
360296766283186176
72638136177917952
54060787715014656
864708720641703936
148653972075839488
108121575429505024
297307944151154688
360428707678519296
15728640
2251800353701888
35436625920
9007200331628544
19330498560
8798243651584
70370894807040
72057596188557312
144115190226485248
12888047616
8813276037120
70385927192576
72057611220942848
144115205258870784
9007233617625088
1126449665802240
145135538012160
18018796559138816
576465150353080320
79164840345600
72066390134095872
144123984172023808
52776561278976
72127962785251328
144185556823179264
18155136000983040
576601489794924544
594475150816051200
324259173173821440
216172782116929536
36512464896
36028799171690496
576460754456150016
21480079360
36028831383945216
576460786668404736
149533586620416
87960935464960
612489549327630336
360287970194882560
275155779584
2200106434560
38664142848
35188676493312
70373048582144
25779240960
35218741264384
70403113353216
158329683836928
105553125703680
648518346350788608
432345564237004800
277043216384
2201188564992
288230384759472128
72057662775230464
2473918988288
1134696017690624
1101693714432
1125904236412928
36028801348534272
72057731511484416
37154696960409600
72057868983992320
9007203684974592
18014402939715584
292193042432
140754803490816
141012501528576
72058143929008128
1196268786286592
27021597899489280
1125934536065024
72058693819039744
4402879397888
8800925908992
9007208382595072
144115197203709952
4503617345159168
576460770021212160
1134409285632
72059793599102976
13194677452800
580964352468713472
153122387868516352
4407711236096
35194036813824
36028806683688960
72057603702652928
9007234689269760
1127000493260800
39583493390336
36033196140265472
72061993159229440
36063982465843200
72092779484807168
108086392131682304
17602924511232
8815421423616
70388072579072
72057613366329344
144115207404257280
36028833527234560
576460788811694080
2476049694720
9011599449784320
79166985732096
72066392279482368
144123986317410304
72127964930637824
144185558968565760
1688852008796160
612489551470919680
216172784262316032
35223027843072
70407399931904
13198435549184
72075190519988224
105557412282368
37154701221822464
27021602060238848
864691132751151104
39591009583104
36033203656458240
72062000675422208
36063989982035968
72092787000999936
576531129638584320
153122395921580032
108086399647875072
141029547180032
79182018117632
72066407311867904
144124001349795840
72127979963023360
144185574000951296
580964369111711744
216172799294701568
105587477053440
72198365887070208
612489583683174400
4512670599348224
9016270226718720
1161359157886976
144150647326900224
145241362861654016
13511073761067008
9025890953461760
36047488717684736
45037095786381312
9079767023222784
288302943920193536
297239774430756864
36068379438612480
72097176457576448
18159534045396992
576605887839338496
3382097768087552
594479548860465152
108090789104451584
72136758876176384
144194352914104320
13519594976182272
216181578207854592
45053588460797952
720593532566372352
145276272355835904
108121575430029312
297307944151678976
216243150859010048
594615888302309376
4503600707403776
18014400663257088
38660997120
17596487303168
140741789614080
144115192377114624
288230380452970496
25776095232
17626552074240
140771854385152
144115222441885696
288230410517741568
2252899331604480
36037593118277632
158329680691200
144132780268191744
288247968344047616
105553122557952
144255925570502656
288371113646358528
648518346347642880
432345564233859072
281475255631872
72057598343380992
42960158720
175921870929920
720575940389765120
144115256814206976
554086432768
4402377129984
281492192231424
576460769518944256
144115325550460928
4947837976576
2269392035381248
576742227315785728
2203387428864
2251808472825856
72057602697068544
281509405655040
144115463022968832
74309393920819200
144115737967984640
18014407369949184
36028805879431168
584386084864
144116287858016256
2392537572573184
54043195798978560
144117387638079488
8805758795776
17601851817984
18014416765190144
288230394407419904
9007234690318336
282025808363520
144119587198205952
26389354905600
306244775737032704
8815422472192
70388073627648
72057613367377920
144115207405305856
620624871424
2254000986521600
79166986780672
72066392280530944
144123986318458880
72127964931686400
144185558969614336
216172784263364608
35205849022464
17630842847232
140776145158144
144115226732658688
288230414808514560
4952099389440
18023198899568640
158333971464192
144132784558964736
288247972634820608
144255929861275648
288371117937131520
4785078901145600
3377704017592320
432345568524632064
26396871098368
144150381039976448
211114824564736
74309402443644928
54043204120477696
79182019166208
72066407312916480
144124001350844416
72127979964071936
144185574001999872
576742244462100480
306244791843160064
216172799295750144
158364036235264
144132814623735808
288248002699591680
144255959926046720
288371148001902592
432345598589403136
2260664628281344
4512464441966592
6755468162629632
9025341198696448
18032540453437440
2322718315773952
288301294653800448
290482725723308032
27022147522134016
18051781906923520
72094977435369472
90074191572762624
18159534046445568
576605887840387072
594479548861513728
72136758877224960
144194352915152896
9297470326571008
6764195536175104
216181578208903168
144273517752352768
288388705828208640
36327864183816192
27039189952364544
432363156415709184
90107176921595904
290552544711671808
216243150860058624
594615888303357952
432486301718020096
68866277376
9007201414807552
36028801326514176
35192974606336
288230384754229248
576460760905940992
51552190464
4505798663208960
72075186236555264
288265560536383488
576495936688095232
211106245115904
864691128467718144
288230444892160000
288230513628413952
1108172865536
8804754259968
562984384462848
288230651100921856
9895675953152
4538784070762496
4406774857728
4503616945651712
144115205394137088
288230926045937664
148618787841638400
288231475935969280
36028814739898368
72057611758862336
288232575716032512
108086391597957120
288234775276158976
17611517591552
35203703635968
36028833530380288
576460788814839808
564051616727040
288239174396411904
52778709811200
612489551474065408
17630844944384
140776147255296
144115226734755840
288230414810611712
1241249742848
4508001973043200
158333973561344
144132784561061888
288247972636917760
144255929863372800
288371117939228672
432345568526729216
70411698044928
9904198778880
36046397799137280
288265569117929472
576495945269641216
9570157802291200
6755408035184640
864691137049264128
52793742196736
288300762079952896
148618804887289856
108086408240955392
158364038332416
144132814625832960
288248002701688832
144255959928143872
288371148003999744
612489583686320128
432345598591500288
598203049181184
72092847133687808
72620612715020288
4521329256562688
9024928883933184
13510936325259264
18050682397392896
36065080906874880
4645436631547904
576602589307600896
580965451446616064
54044295044268032
36103563813847040
144189954870738944
180148383145525248
144273517754449920
288388705830305792
18594940653142016
13528391072350208
432363156417806336
72655728367632384
54078379904729088
864726312831418368
180214353843191808
581105089423343616
432486301720117248
576460821048066048
576460889784320000
576461027256827904
2216345731072
17609508519936
576461302201843712
19791351906304
9077568141524992
8813549715456
9007233891303424
288230410788274176
576461852091875328
297237575683276800
576462951871938560
72057629479796736
144115223517724672
576465151432065024
216172783195914240
576469550552317952
35223035183104
70407407271936
210461786112
1128103233454080
576478348792823808
105557419622400
2482499485696
9016003946086400
288265569122123776
576495945273835520
864691137053458432
19808397557760
72092795598274560
576531138235858944
19140315604582400
13510816070369280
105587484393472
576601524159905792
297237609774579712
216172816481910784
1161153006796800
36064050118918144
37154765653671936
1196406098362368
144185694267375616
145241225430040576
9042658513125376
18049857767866368
27021872650518528
36101364794785792
72130161813749760
108088590088536064
72207127627694080
288379909741477888
1416170984964096
360296766291050496
9306266425884672
37189881306284032
27056782144700416
864726312835612672
145311456735264768
108156759809458176
360428707686383616
251658240
385875968
654311424
1191182336
2264924160
4412407808
8707375104
17297309696
34477178880
452984832
721420288
1258291200
2332033024
4479516672
8774483968
17364418560
34544287744
855638016
1392508928
2466250752
4613734400
8908701696
17498636288
34678505472
1660944384
2734686208
4882169856
9177137152
17767071744
34946940928
3271557120
5419040768
9714008064
18303942656
35483811840
6492782592
10787749888
19377684480
36557553664
12935233536
21525168128
38705037312
25820135424
43000004608
51589939200
206208761856
1126174835081216
576478344539799552
844424980463616
486539264
754974720
1291845632
2365587456
4513071104
8808038400
17397972992
34577842176
889192448
1426063360
2499805184
4647288832
8942256128
17532190720
34712059904
1694498816
2768240640
4915724288
9210691584
17800626176
34980495360
3305111552
5452595200
9747562496
18337497088
35517366272
6526337024
10821304320
19411238912
36591108096
12968787968
21558722560
38738591744
25853689856
43033559040
51623493632
343681269760
1407374967439360
956301312
1493172224
2566914048
4714397696
9009364992
17599299584
34779168768
1761607680
2835349504
4982833152
9277800448
17867735040
35047604224
3372220416
5519704064
9814671360
18404605952
35584475136
6593445888
10888413184
19478347776
36658216960
13035896832
21625831424
38805700608
25920798720
43100667904
51690602496
618626285568
563018823892992
1125968777314304
412467855360
563499860230144
1126449813651456
18016597683732480
144123984319873024
2533274941390848
1688850011258880
1895825408
2969567232
5117050880
9412018176
18001952768
35181821952
3506438144
5653921792
9948889088
18538823680
35718692864
6727663616
11022630912
19612565504
36792434688
13170114560
21760049152
38939918336
26055016448
43234885632
51824820224
1168516317184
687479980032
4785074889293824
2814750052319232
3774873600
5922357248
10217324544
18807259136
35987128320
6996099072
11291066368
19881000960
37060870144
13438550016
22028484608
39208353792
26323451904
43503321088
52093255680
2268296380416
1237504229376
825187368960
9288674785099776
5066550134439936
3377700274176000
7532969984
11827937280
20417871872
37597741056
13975420928
22565355520
39745224704
26860322816
44040192000
52630126592
4467856506880
2337552728064
1375480053760
18295874576711680
9570150298681344
5629500624732160
15049162752
23639097344
40818966528
27934064640
45113933824
53703868416
8866976759808
4537649725440
2476065423360
1651431702528
36310274159935488
18577350627164160
10133101325844480
6755401605316608
30081548288
47261417472
55851352064
17665217265664
8937843720192
4503741378068480
4677236162560
2753090813952
4512400032137216
72339073326383104
36591751284129792
19140302728069120
11259003380170752
60146319360
35261698277376
17738231709696
2251945859350528
18014544555147264
9079577640960
4956409036800
3307141595136
2269400606441472
18031999302238208
144396671659278336
72620552598061056
37154705532518400
20266206929879040
13510807488823296
70454660300800
35339007688704
17884260597760
9363045482496
5514754785280
288511868325068800
144678155225923584
73183511141416960
38280614029295616
22518015333498880
140840584347648
70540559646720
35493626511360
18176318373888
9929981165568
6631446282240
576742261656649728
288793360481648640
145241122359214080
74309428228128768
40532431022850048
27021632140738560
563568445489152
1126518398910464
1688918596517888
4512533176123392
2269529455460352
18032128151257088
20266335778897920
162129861480022016
1689399632855040
864691678227726336
20283790525988864
503316480
771751936
1308622848
2382364672
4529848320
8824815616
17414750208
34594619392
905969664
1442840576
2516582400
4664066048
8959033344
17548967936
34728837120
1711276032
2785017856
4932501504
9227468800
17817403392
34997272576
3321888768
5469372416
9764339712
18354274304
35534143488
6543114240
10838081536
19428016128
36607885312
12985565184
21575499776
38755368960
25870467072
43050336256
51640270848
618575953920
281543796850688
2251868633825280
412417523712
282024833187840
2252349670162432
2533274891059200
1688849960927232
973078528
1509949440
2583691264
4731174912
9026142208
17616076800
34795945984
1778384896
2852126720
4999610368
9294577664
17884512256
35064381440
3388997632
5536481280
9831448576
18421383168
35601252352
6610223104
10905190400
19495124992
36674994176
13052674048
21642608640
38822477824
25937575936
43117445120
51707379712
1168398876672
687362539520
4785074771853312
2814749934878720
1912602624
2986344448
5133828096
9428795392
18018729984
35198599168
3523215360
5670699008
9965666304
18555600896
35735470080
6744440832
11039408128
19629342720
36809211904
13186891776
21776826368
38956695552
26071793664
43251662848
51841597440
2268044722176
1237252571136
1126037647785984
2251937554628608
824935710720
1126999720460288
2252899627302912
36033195367464960
288247968639746048
9288674533441536
5066549882781696
3377700022517760
3791650816
5939134464
10234101760
18824036352
36003905536
7012876288
11307843584
19897778176
37077647360
13455327232
22045261824
39225131008
26340229120
43520098304
52110032896
4467336413184
2337032634368
1374959960064
18295874056617984
9570149778587648
5629500104638464
7549747200
11844714496
20434649088
37614518272
13992198144
22582132736
39762001920
26877100032
44056969216
52646903808
8865919795200
4536592760832
2475008458752
1650374737920
36310273102970880
18577349570199552
10133100268879872
6755400548352000
15065939968
23655874560
40835743744
27950841856
45130711040
53720645632
17663086559232
8935713013760
4675105456128
2750960107520
72339071195676672
36591749153423360
19140300597362688
11259001249464320
30098325504
47278194688
55868129280
35257420087296
17733953519616
9075299450880
4952130846720
3302863405056
144396667381088256
72620548319870976
37154701254328320
20266202651688960
13510803210633216
60163096576
70446087143424
35330434531328
17875687440384
9007482756136960
9354472325120
5506181627904
9024800064274432
288511859751911424
144678146652766208
73183502568259584
38280605456138240
22518006760341504
140823421255680
70523396554752
35476463419392
4503891718701056
36029089110294528
18159155281920
9912818073600
6614283190272
4538801212882944
36063998604476416
576742244493557760
288793343318556672
145241105196122112
74309411065036800
40532413859758080
27021614977646592
140909320601600
70678015377408
35768521195520
18726090964992
11029509570560
577023736650137600
289356310451847168
146367022282833920
76561228058591232
45036030666997760
563293584359424
282093485555712
2252418322530304
2533343543427072
1127136890978304
2253036797820928
3377837193035776
9025066352246784
4539058910920704
36064256302514176
40532671557795840
2533824579764224
324259722960044032
3378799265710080
40567581051977728
1006632960
1543503872
2617245696
4764729344
9059696640
17649631232
34829500416
1811939328
2885681152
5033164800
9328132096
17918066688
35097935872
3422552064
5570035712
9865003008
18454937600
35634806784
6643777536
10938744832
19528679424
36708548608
13086228480
21676163072
38856032256
25971130368
43150999552
51740934144
2267944058880
1237151907840
563087593701376
4503737267650560
824835047424
564049666375680
4504699340324864
9288674432778240
5066549782118400
3377699921854464
1946157056
3019898880
5167382528
9462349824
18052284416
35232153600
3556769792
5704253440
9999220736
18589155328
35769024512
6777995264
11072962560
19662897152
36842766336
13220446208
21810380800
38990249984
26105348096
43285217280
51875151872
4467101532160
2336797753344
1374725079040
18295873821736960
9570149543706624
5629499869757440
3825205248
5972688896
10267656192
18857590784
36037459968
7046430720
11341398016
19931332608
37111201792
13488881664
22078816256
39258685440
26373783552
43553652736
52143587328
8865416478720
72057663361384448
4536089444352
2474505142272
2252075295571968
4503875109257216
1649871421440
2253999440920576
4505799254605824
72066390734929920
576495937279492096
36310272599654400
18577349066883072
10133099765563392
6755400045035520
7583301632
11878268928
20468203520
37648072704
14025752576
22615687168
39795556352
26910654464
44090523648
52680458240
17662046371840
8934672826368
4674065268736
2749919920128
72339070155489280
36591748113235968
19140299557175296
11259000209276928
15099494400
23689428992
40869298176
27984396288
45164265472
53754200064
35255306158080
17731839590400
9073185521664
4950016917504
3300749475840
144396665267159040
72620546205941760
37154699140399104
20266200537759744
13510801096704000
30131879936
47311749120
55901683712
70441825730560
35326173118464
17871426027520
9350210912256
5501920215040
288511855490498560
144678142391353344
73183498306846720
38280601194725376
22518002498928640
60196651008
140814864875520
70514840174592
35467907039232
18150598901760
9904261693440
6605726810112
576742235937177600
288793334762176512
145241096639741952
74309402508656640
40532405303377920
27021606421266432
140892174286848
70660869062656
35751374880768
18014965512273920
18708944650240
11012363255808
18049600128548864
577023719503822848
289356293305532416
146367005136519168
76561210912276480
45036013520683008
141046793109504
70952926838784
9007783437402112
72058178220589056
36318310563840
19825636147200
13228566380544
9077602425765888
72127997208952832
577586686637113344
290482210392244224
148618822130073600
81064827719516160
54043229955293184
282093519110144
2252418356084736
72066458917535744
2533343576981504
1126587168718848
564186971111424
4504836645060608
5066687086854144
2254273781956608
4506073595641856
844699875147776
6755674386071552
18050132704493568
9078117821841408
72128512605028352
2533824613318656
81065343115591680
5067649159528448
648519445920088064
6757598531420160
81135162103955456
2013265920
3087007744
5234491392
9529458688
18119393280
35299262464
3623878656
5771362304
10066329600
18656264192
35836133376
6845104128
11140071424
19730006016
36909875200
13287555072
21877489664
39057358848
26172456960
43352326144
51942260736
8865215152128
4535888117760
2474303815680
1126175187402752
9007474535301120
1649670094848
1128099332751360
9009398680649728
36310272398327808
18577348865556480
10133099564236800
6755399843708928
3892314112
6039797760
10334765056
18924699648
36104568832
7113539584
11408506880
19998441472
37178310656
13555990528
22145925120
39325794304
26440892416
43620761600
52210696192
17661576609792
8934203064320
4673595506688
2749450158080
72339069685727232
36591747643473920
19140299087413248
11258999739514880
7650410496
11945377792
20535312384
37715181568
14092861440
22682796032
39862665216
26977763328
44157632512
52747567104
35254299525120
17730832957440
281613623623680
144115326722768896
9072178888704
4949010284544
4504150591143936
9007750218514432
3299742842880
4507998881841152
9011598509211648
299068370714624
144132781469859840
144396664260526080
72620545199308800
37154698133766144
20266199531126784
13510800090071040
15166603264
23756537856
40936407040
28051505152
45231374336
53821308928
70439745355776
35324092743680
17869345652736
9348130537472
5499839840256
288511853410123776
144678140310978560
73183496226471936
38280599114350592
22518000418553856
30198988800
47378857984
55968792576
140810637017088
70510612316160
35463679180800
18146371043328
9900033835008
6601498951680
576742231709319168
288793330534318080
145241092411883520
74309398280798208
40532401075519488
27021602193408000
60263759872
140883651461120
70652346236928
35742852055040
18700421824512
11003840430080
577023710980997120
289356284782706688
146366996613693440
76561202389450752
45036004997857280
141029680349184
70935814078464
36301197803520
19808523386880
13211453620224
577586669524353024
290482193279483904
148618805017313280
81064810606755840
54043212842532864
141321738125312
71502749761536
36029931024547840
37417889300480
22024726511616
36099200257097728
578712586611064832
292734010273038336
153122421824552960
90072027041366016
563568562929664
1126518516350976
36033263919169536
1688918713958400
564187038220288
4504836712169472
299204735926272
144132917835071488
144396800625737728
5066687153963008
2253174337437696
1128373942222848
9009673290121216
10133374173708288
4508547563913216
9012147191283712
1689399750295552
13511348772143104
36100265408987136
18156235643682816
144257025210056704
5067649226637312
162130686231183360
10135298319056896
13515197062840320
144414255372828672
162270324207910912
4026531840
6174015488
10468982784
19058917376
36238786560
7247757312
11542724608
20132659200
37312528384
13690208256
22280142848
39460012032
26575110144
43754979328
52344913920
35253896871936
17730430304256
9071776235520
4948607631360
2252350374805504
18014949070602240
3299340189696
2256198665502720
18018797361299456
144396663857872896
72620544796655616
37154697731112960
20266199128473600
13510799687417856
7784628224
12079595520
20669530112
37849399296
14227079168
22817013760
39996882944
27111981056
44291850240
52881784832
70438805831680
35323153219584
17868406128640
9347191013376
5498900316160
288511852470599680
144678139371454464
73183495286947840
38280598174826496
22517999479029760
15300820992
23890755584
41070624768
28185722880
45365592064
53955526656
140808623751168
70508599050240
35461665914880
563227247247360
288230653445537792
18144357777408
9898020569088
9008301182287872
18015500437028864
6599485685760
9015997763682304
18023197018423296
598136741429248
288265562939719680
576742229696053248
288793328521052160
145241090398617600
74309396267532288
40532399062253568
27021600180142080
30333206528
47513075712
56103010304
140879490711552
70648185487360
35738691305472
18696261074944
10999679680512
577023706820247552
289356280621957120
146366992452943872
76561198228701184
45036000837107712
60397977600
141021224632320
70927358361600
36292742086656
19800067670016
13202997903360
577586661068636160
290482184823767040
148618796561596416
81064802151038976
54043204386816000
141304692473856
71485704110080
37400843649024
22007680860160
578712569565413376
292733993227386880
153122404778901504
90072009995714560
141871628156928
72602395607040
39617046773760
26422907240448
580964386558967808
297237610034626560
162129621213511680
108086425685065728
1127137125859328
2253037032701952
290408777121792
72066527838339072
72339206722027520
3377837427916800
1128374076440576
9009673424338944
598409471852544
288265835670142976
288793601251475456
10133374307926016
4506348674875392
2256747884445696
18019346580242432
20266748347416576
9017095127826432
18024294382567424
3378799500591104
27022697544286208
72200530817974272
10135298453274624
324261372462366720
20270596638113792
72347865376096256
27030394125680640
288828510745657344
8053063680
12348030976
20937965568
38117834752
14495514624
23085449216
40265318400
27380416512
44560285696
53150220288
140807818444800
70507793743872
35460860608512
18143552471040
9897215262720
4504700749611008
36029898141204480
6598680379392
4512397331005440
36037594722598912
576742228890746880
288793327715745792
145241089593311232
74309395462225920
40532398256947200
27021599374835712
15569256448
24159191040
41339060224
28454158336
45634027520
54223962112
140877611663360
70646306439168
35736812257280
18694382026752
10997800632320
577023704941199360
289356278742908928
146366990573895680
76561196349652992
45035998958059520
30601641984
47781511168
56371445760
141017198100480
70923331829760
1126454494494720
576461306891075584
36288715554816
19796041138176
18016602364575744
36031000874057728
13198971371520
18031995527364608
36046394036846592
1196273482858496
576531125879439360
577586657042104320
290482180797235200
148618792535064576
81064798124507136
54043200360284160
60666413056
141296370974720
71477382610944
37392522149888
21999359361024
578712561243914240
292733984905887744
153122396457402368
90072001674215424
141854716723200
72585484173312
39600135340032
26405995806720
580964369647534080
297237593123192832
162129604302077952
108086408773632000
142971408220160
74801687298048
44015361720320
585467986454773760
306244809557803008
180144019991429120
72066459387297792
2254274251718656
4506074065403904
580817554243584
144133055676678144
144678413444055040
6755674855833600
2256748152881152
18019346848677888
1196818943705088
576531671340285952
577587202502950912
20266748615852032
9012697349750784
4513495768891392
36038693160484864
40533496694833152
18034190255652864
36048588765134848
6757599001182208
54045395088572416
20270596906549248
648522744924733440
40541193276227584
144695730752192512
54060788251361280
577657021491314688
16106127360
24696061952
41875931136
28991029248
46170898432
54760833024
141015587487744
70921721217024
36287104942080
19794430525440
9009401499222016
72059796282408960
13197360758784
9024794662010880
72075189445197824
577586655431491584
290482179186622464
148618790924451840
81064796513894400
54043198749671424
31138512896
48318382080
56908316672
141292612878336
71473624514560
37388764053504
21995601264640
578712557485817856
292733981147791360
153122392699305984
90071997916119040
61203283968
281759518294016
141846663659520
2252908988989440
72577431109632
39592082276352
36033204729151488
72062001748115456
26397942743040
36063991054729216
72092788073693184
2392546965716992
580964361594470400
297237585070129152
162129596249014272
108086400720568320
142954765221888
74785044299776
43998718722048
585467969811775488
306244792914804736
180144003348430848
145170968346624
79200270680064
52811991613440
594475186246385664
324259208604155904
216172817547264000
299205675450368
144132918774595584
144396801565261824
4508548503437312
9012148130807808
1161635108487168
288266111353356288
289356826888110080
13511349711667200
4513496305762304
36038693697355776
2393637887410176
40533497231704064
18025394699501568
9026991537782784
72077386320969728
2535474887393280
81066993389666304
36068380511305728
72097177530269696
13515198002364416
108090790177144832
40541193813098496
144414256312352768
81082386552455168
289391461504385024
108121576502722560
32212254720
49392123904
57982058496
141843442434048
72574209884160
39588861050880
18018802998444032
144119592564817920
26394721517568
18049589324021760
144150378890395648
580964358373244928
297237581848903680
162129593027788800
108086397499342848
62277025792
142947249029120
74777528107008
43991202529280
585467962295582720
306244785398611968
180143995832238080
563519036588032
4505817977978880
145154862219264
79184164552704
72066409458302976
144124003496230912
52795885486080
72127982109458432
144185576147386368
594475170140258304
324259192498028544
216172801441136640
149570088599552
87997437444096
612489585829609472
360288006696861696
2256268727156736
598411350900736
288265837549191168
288793603130523648
9017097006874624
18024296261615616
2323270216974336
576532222706712576
578713653776220160
27022699423334400
9026992611524608
72077387394711552
81066994463408128
36050789399003136
18053983075565568
144154772641939456
5070949774786560
162133986779332608
72136761022611456
144194355060539392
27030396004728832
216181580354289664
81082387626196992
288828512624705536
162164773104910336
578782923008770048
216243153005445120
64424509440
145148419768320
79177722101760
36037605996888064
288239185129635840
52789443035136
36099178648043520
288300757780791296
594475163697807360
324259186055577600
216172794998685696
149555056214016
87982405058560
612489570797223936
360287991664476160
1127038073176064
9011635955957760
158368329105408
144132818916605952
288248006992461824
105591770972160
144255964218916864
288371152294772736
648518384996057088
432345602882273280
1134769014308864
9016068362207232
10133172176027648
4512537454313472
1196822701801472
576531675098382336
577587206261047296
18034194013749248
36048592523231232
4646540433948672
54045398846668800
18053985223049216
144154774789423104
162133988926816256
72101578798006272
36107966151131136
288309545283878912
10141899549573120
324267973558665216
144273522045222912
288388710121078784
54060792009457664
432363160708579328
162164775252393984
577657025249411072
324329546209820672
432486306010890240
158355444203520
72075211993776128
576478370259271680
105578886070272
72198357296087040
576601515561582592
648518372111155200
432345589997371392
175964810117120
720575983328952320
2269538028617728
18032136724414464
20266344352055296
9025074908626944
2393645403602944
36068388027498496
72097185046462464
108090797693337600
36107970446098432
288309549578846208
2542079473352704
324267977853632512
144203157596012544
72215932302262272
576619090567757824
20283799099146240
648535947117330432
108121584018915328
864726321417158656
324329550504787968
648659092419641344
282076272132096
144150423987552256
211157772140544
864691179994742784
4539076057235456
36064273448828928
40532688704110592
18050149817253888
72136776054996992
144194370092924928
216181595386675200
72215940892196864
576619099157692416
5084158946705408
648535955707265024
288406315192025088
40567598198292480
216243168037830656
648659101009575936
9078152114470912
72128546897657856
81065377408221184
36100299634507776
144273552109993984
288388740185849856
862051475914752
432363190773350400
10168317893410816
81135196396584960
432486336075661312
1030792151040
1580547964928
2680059592704
4879082848256
9277129359360
18073222381568
35665408425984
70849780514816
141218524692480
1855425871872
2954937499648
5153960755200
9552007266304
18348100288512
35940286332928
71124658421760
141493402599424
3504693313536
5703716569088
10101763080192
18897856102400
36490042146816
71674414235648
142043158413312
6803228196864
11201274707968
19997367730176
37589553774592
72773925863424
143142670041088
13400297963520
22196390985728
39788577030144
74972949118976
145341693296640
26594437496832
44186623541248
79370995630080
149739739807744
52982716563456
88167088652288
158535832829952
105759274696704
176128018874368
211312390963200
844631088562176
1992864825344
3092376453120
5291399708672
9689446219776
18485539241984
36077725286400
71262097375232
141630841552896
3642132267008
5841155522560
10239202033664
19035295055872
36627481100288
71811853189120
142180597366784
6940667150336
11338713661440
20134806683648
37726992728064
72911364816896
143280108994560
13537736916992
22333829939200
39926015983616
75110388072448
145479132250112
26731876450304
44324062494720
79508434583552
149877178761216
53120155516928
88304527605760
158673271783424
105896713650176
176265457827840
211449829916672
1407718480936960
3917010173952
6116033429504
10514079940608
19310172962816
36902359007232
72086731096064
142455475273728
7215545057280
11613591568384
20409684590592
38001870635008
73186242723840
143554986901504
13812614823936
22608707846144
40200893890560
75385265979392
145754010157056
27006754357248
44598940401664
79783312490496
150152056668160
53395033423872
88579405512704
158948149690368
106171591557120
176540335734784
211724707823616
2533893265686528
1689468335554560
7765300871168
12163347382272
20959440404480
38551626448896
73735998537728
144104742715392
14362370637824
23158463660032
40750649704448
75935021793280
146303765970944
27556510171136
45148696215552
80333068304384
150701812482048
53944789237760
89129161326592
159497905504256
106721347371008
177090091548672
212274463637504
4786242835185664
2815917998211072
15461882265600
24257975287808
41850161332224
77034533421056
147403277598720
28656021798912
46248207843328
81432579932160
151801324109824
55044300865536
90228672954368
160597417132032
107820858998784
178189603176448
213373975265280
9290941974183936
5068817323524096
3379967463260160
30855045054464
48447231098880
83631603187712
154000347365376
57243324121088
92427696209920
162796440387584
110019882254336
180388626432000
215572998520832
18300340252180480
9574615974150144
5633966300200960
61641370632192
96825742721024
167194486898688
114417928765440
184786672943104
219971045031936
36319136808173568
18586213275402240
10141963974082560
6764264253554688
123214021787648
193582765965312
228767138054144
72356729920159744
36609407877906432
19157959321845760
11276659973947392
246359324098560
144431916144132096
72655797082914816
37189950017372160
20301451414732800
13546051973677056
288582288592076800
144748575492931584
73253931408424960
38351034296303616
22588435600506880
576883033487966208
288934132312965120
145381894190530560
74450200059445248
40673202854166528
27162403972055040
2061584302080
3161095929856
5360119185408
9758165696512
18554258718720
36146444763136
71330816851968
141699561029632
3710851743744
5909874999296
10307921510400
19104014532608
36696200577024
71880572665856
142249316843520
7009386627072
11407433138176
20203526160384
37795712204800
72980084293632
143348828471296
13606456393728
22402549415936
39994735460352
75179107549184
145547851726848
26800595927040
44392781971456
79577154060288
149945898237952
53188874993664
88373247082496
158741991260160
105965433126912
176334177304576
211518549393408
2533687107256320
1689262177124352
3985729650688
6184752906240
10582799417344
19378892439552
36971078483968
72155450572800
142524194750464
7284264534016
11682311045120
20478404067328
38070590111744
73254962200576
143623706378240
13881334300672
22677427322880
40269613367296
75453985456128
145822729633792
27075473833984
44667659878400
79852031967232
150220776144896
53463752900608
88648124989440
159016869167104
106240311033856
176609055211520
211793427300352
4785761798848512
2815436961873920
7834020347904
12232066859008
21028159881216
38620345925632
73804718014464
144173462192128
14431090114560
23227183136768
40819369181184
76003741270016
146372485447680
27625229647872
45217415692288
80401787781120
150770531958784
54013508714496
89197880803328
159566624980992
106790066847744
177158811025408
212343183114240
9289911182032896
5067786531373056
3378936671109120
15530601742336
24326694764544
41918880808960
77103252897792
147471997075456
28724741275648
46316927320064
81501299408896
151870043586560
55113020342272
90297392431104
160666136608768
107889578475520
178258322653184
213442694742016
18298209948401664
9572485670371328
5631835996422144
30923764531200
48515950575616
83700322664448
154069066842112
57312043597824
92496415686656
162865159864320
110088601731072
180457345908736
215641717997568
36314807481139200
18581883948367872
10137634647048192
6759934926520320
61710090108928
96894462197760
167263206375424
114486648242176
184855392419840
220039764508672
72348002546614272
36600680504360960
19149231948300288
11267932600401920
123282741264384
193651485442048
228835857530880
144414392677564416
72638273616347136
37172426550804480
20283927948165120
13528528507109376
246428043575296
288547172939464704
144713459840319488
73218815755812864
38315918643691520
22553319947894784
576812733463265280
288863832288264192
145311594165829632
74379900034744320
40602902829465600
27092103947354112
577164577184153600
289497150985863168
146507862816849920
76702068592607232
45176871201013760
4123168604160
6322191859712
10720238370816
19516331393024
37108517437440
72292889526272
142661633703936
7421703487488
11819749998592
20615843020800
38208029065216
73392401154048
143761145331712
14018773254144
22814866276352
40407052320768
75591424409600
145960168587264
27212912787456
44805098831872
79989470920704
150358215098368
53601191854080
88785563942912
159154308120576
106377749987328
176746494164992
211930866253824
9289498865172480
5067374214512640
3378524354248704
7971459301376
12369505812480
21165598834688
38757784879104
73942156967936
144310901145600
14568529068032
23364622090240
40956808134656
76141180223488
146509924401152
27762668601344
45354854645760
80539226734592
150907970912256
54150947667968
89335319756800
159704063934464
106927505801216
177296249978880
212480622067712
18297247875727360
9571523597697024
5630873923747840
15668040695808
24464133718016
42056319762432
77240691851264
147609436028928
28862180229120
46454366273536
81638738362368
152007482540032
55250459295744
90434831384576
160803575562240
108027017428992
178395761606656
213580133695488
36312745896837120
18579822364065792
10135573062746112
6757873342218240
31061203484672
48653389529088
83837761617920
154206505795584
57449482551296
92633854640128
163002598817792
110226040684544
180594784862208
215779156951040
72343741939056640
36596419896803328
19144971340742656
11263671992844288
61847529062400
97031901151232
167400645328896
114624087195648
184992831373312
220177203462144
144405734023495680
72629614962278400
37163767896735744
20275269294096384
13519869853040640
123420180217856
193788924395520
228973296484352
288529718192373760
144696005093228544
73201361008721920
38298463896600576
22535865200803840
246565482528768
576777686530129920
288828785355128832
145276547232694272
74344853101608960
40567855896330240
27057057014218752
577094345878929408
289426919680638976
146437631511625728
76631837287383040
45106639895789568
577727664576528384
290623188331659264
148759800069488640
81205805658931200
54184207894708224
8246337208320
12644383719424
21440476741632
39032662786048
74217034874880
144585779052544
14843406974976
23639499997184
41231686041600
76416058130432
146784802308096
28037546508288
45629732552704
80814104641536
151182848819200
54425825574912
89610197663744
159978941841408
107202383708160
177571127885824
212755499974656
36311921263116288
18578997730344960
10134748429025280
6757048708497408
15942918602752
24739011624960
42331197669376
77515569758208
147884313935872
29137058136064
46729244180480
81913616269312
152282360446976
55525337202688
90709709291520
161078453469184
108301895335936
178670639513600
213855011602432
72341817793708032
36594495751454720
19143047195394048
11261747847495680
31336081391616
48928267436032
84112639524864
154481383702528
57724360458240
92908732547072
163277476724736
110500918591488
180869662769152
216054034857984
144401610854891520
72625491793674240
37159644728131584
20271146125492224
13515746684436480
62122406969344
97306779058176
167675523235840
114898965102592
185267709280256
220452081369088
288521196977258496
144687483878113280
73192839793606656
38289942681485312
22527343985688576
123695058124800
194063802302464
229248174391296
576760369221992448
288811468046991360
145259229924556800
74327535793471488
40550538588192768
27039739706081280
246840360435712
577059436384747520
289392010186457088
146402722017443840
76596927793201152
45071730401607680
577657570710257664
290553094465388544
148689706203217920
81135711792660480
54114114028437504
578853839361277952
292875263023251456
153263674574766080
90213279791579136
16492674416640
25288767438848
42880953483264
78065325572096
148434069749760
29686813949952
47278999994368
82463372083200
152832116260864
56075093016576
91259465105408
161628209283072
108851651149824
179220395327488
214404767416320
144399961587449856
72623842526232576
37157995460689920
20269496858050560
13514097416994816
31885837205504
49478023249920
84662395338752
155031139516416
58274116272128
93458488360960
163827232538624
111050674405376
181419418583040
216603790671872
288517348686561280
144683635587416064
73188991502909440
38286094390788096
22523495694991360
62672162783232
97856534872064
168225279049728
115448720916480
185817465094144
221001837182976
576752122884784128
288803221709783040
145250983587348480
74319289456263168
40542292250984448
27031493368872960
124244813938688
194613558116352
229797930205184
577042393954516992
289374967756226560
146385679587213312
76579885362970624
45054687971377152
247390116249600
577622936093982720
290518459849113600
148655071586942976
81101077176385536
54079479412162560
578784020372914176
292805444034887680
153193855586402304
90143460803215360
581106188930777088
297379412406435840
162271423585320960
108228228056875008
32985348833280
50577534877696
85761906966528
156130651144192
59373627899904
94557999988736
164926744166400
112150186033152
182518930210816
217703302299648
576748824349900800
288799923174899712
145247685052465152
74315990921379840
40538993716101120
27028194833989632
63771674411008
98956046499840
169324790677504
116548232544256
186916976721920
222101348810752
577034697373122560
289367271174832128
146377983005818880
76572188781576192
45046991389982720
125344325566464
195713069744128
230897441832960
577606443419566080
290501967174696960
148638578912526336
81084584501968896
54062986737745920
248489627877376
578749935512453120
292771359174426624
153159770725941248
90109375942754304
581036919698227200
297310143173885952
162202154352771072
108158958824325120
585610888069775360
306387711172804608
180286921606430720
65970697666560
101155069755392
171523813933056
118747255799808
189115999977472
224300372066304
577599846349799424
290495370104930304
148631981842759680
81077987432202240
54056389667979264
127543348822016
197912092999680
233096465088512
578734542349664256
292755966011637760
153144377563152384
90093982779965440
250688651132928
581003934349393920
297277157825052672
162169169003937792
108125973475491840
585542718348853248
306319541451882496
180218751885508608
594620286347771904
324404308705542144
216317917648650240
131941395333120
202310139510784
237494511599616
580990740209860608
297263963685519360
162155974864404480
108112779335958528
255086697644032
585511932023275520
306288755126304768
180187965559930880
594554315650105344
324338338007875584
216251946950983680
612639082903764992
360437503771017216
263882790666240
594527927371038720
324311949728808960
216225558671917056
612577510252609536
360375931119861760
648676676015751168
432503893901967360
648623899457617920
432451117343834112
720751862239723520
864902234687668224
4222124650659840
6473924464345088
10977524091715584
19984723346456576
37999121855938560
74027918874902528
146085512912830464
290200700988686336
578431077140398080
7599824371187712
12103423998558208
21110623253299200
39125021762781184
75153818781745152
147211412819673088
291326600895528960
579556977047240704
14355223812243456
23362423066984448
41376821576466432
77405618595430400
149463212633358336
293578400709214208
581808776860925952
27866022694354944
45880421203836928
81909218222800896
153966812260728832
298082000336584704
586312376488296448
54887620458577920
90916417477541888
162974011515469824
307089199591325696
595319575743037440
108930815987023872
180988410024951808
325103598100807680
613333974252519424
217017207043915776
361132395119771648
649362771271483392
433189989157699584
721420365309411328
865535553385267200
8162774324609024
12666373951979520
21673573206720512
39687971716202496
75716768735166464
147774362773094400
291889550848950272
580119927000662016
14918173765664768
23925373020405760
41939771529887744
77968568548851712
150026162586779648
294141350662635520
582371726814347264
28428972647776256
46443371157258240
82472168176222208
154529762214150144
298644950290006016
586875326441717760
55450570411999232
91479367430963200
163536961468891136
307652149544747008
595882525696458752
109493765940445184
181551359978373120
325666548054228992
613896924205940736
217580156997337088
361695345073192960
649925721224904704
433752939111120896
721983315262832640
866098503338688512
16044073672507392
25051272927248384
43065671436730368
79094468455694336
151152062493622272
295267250569478144
583497626721189888
29554872554618880
47569271064100864
83598068083064832
155655662120992768
299770850196848640
588001226348560384
56576470318841856
92605267337805824
164662861375733760
308778049451589632
597008425603301376
110619665847287808
182677259885215744
326792447961071616
615022824112783360
218706056904179712
362821244980035584
651051621131747328
434878839017963520
723109215169675264
867224403245531136
31806672368304128
49821070877786112
85849867896750080
157907461934678016
302022650010533888
590253026162245632
58828270132527104
94857067151491072
166914661189419008
311029849265274880
599260225416986624
112871465660973056
184929059698900992
329044247774756864
617274623926468608
220957856717864960
365073044793720832
653303420945432576
437130638831648768
725361014983360512
869476203059216384
63331869759897600
99360666778861568
171418260816789504
315533448892645376
603763825044357120
117375065288343552
189432659326271488
333547847402127360
621778223553839104
225461456345235456
369576644421091328
657807020572803072
441634238459019264
729864614610731008
873979802686586880
126382264543084544
198439858581012480
342555046656868352
630785422808580096
234468655599976448
378583843675832320
666814219827544064
450641437713760256
738871813865472000
882987001941327872
252483054109458432
396598242185314304
684828618337026048
468655836223242240
756886212374953984
901001400450809856
504684633242206208
792915009393917952
937030197469773824
1009087791507701760
8444249301319680
12947848928690176
21955048183431168
39969446692913152
75998243711877120
148055837749805056
292171025825660928
580401401977372672
15199648742375424
24206847997116416
42221246506598400
78250043525562368
150307637563490304
294422825639346176
582653201791057920
28710447624486912
46724846133968896
82753643152932864
154811237190860800
298926425266716672
587156801418428416
55732045388709888
91760842407673856
163818436445601792
307933624521457664
596164000673169408
109775240917155840
181832834955083776
325948023030939648
614178399182651392
217861631974047744
361976820049903616
650207196201615360
434034414087831552
722264790239543296
866379978315399168
16325548649218048
25332747903959040
43347146413441024
79375943432404992
151433537470332928
295548725546188800
583779101697900544
29836347531329536
47850746040811520
83879543059775488
155937137097703424
300052325173559296
588282701325271040
56857945295552512
92886742314516480
164944336352444416
309059524428300288
597289900580012032
110901140823998464
182958734861926400
327073922937782272
615304299089494016
218987531880890368
363102719956746240
651333096108457984
435160313994674176
723390690146385920
867505878222241792
32088147345014784
50102545854496768
86131342873460736
158188936911388672
302304124987244544
590534501138956288
59109745109237760
95138542128201728
167196136166129664
311311324241985536
599541700393697280
113152940637683712
185210534675611648
329325722751467520
617556098903179264
221239331694575616
365354519770431488
653584895922143232
437412113808359424
725642489960071168
869757678035927040
63613344736608256
99642141755572224
171699735793500160
315814923869356032
604045300021067776
117656540265054208
189714134302982144
333829322378838016
622059698530549760
225742931321946112
369858119397801984
658088495549513728
441915713435729920
730146089587441664
874261277663297536
126663739519795200
198721333557723136
342836521633579008
631066897785290752
234750130576687104
378865318652542976
667095694804254720
450922912690470912
739153288842182656
883268476918038528
252764529086169088
396879717162024960
685110093313736704
468937311199952896
757167687351664640
901282875427520512
504966108218916864
793196484370628608
937311672446484480
1009369266484412416
16888498602639360
25895697857380352
43910096366862336
79938893385826304
151996487423754240
296111675499610112
584342051651321856
30399297484750848
48413695994232832
84442493013196800
156500087051124736
300615275126980608
588845651278692352
57420895248973824
93449692267937792
165507286305865728
309622474381721600
597852850533433344
111464090777419776
183521684815347712
327636872891203584
615867249042915328
219550481834311680
363665669910167552
651896046061879296
435723263948095488
723953640099807232
868068828175663104
32651097298436096
50665495807918080
86694292826882048
158751886864809984
302867074940665856
591097451092377600
59672695062659072
95701492081623040
167759086119550976
311874274195406848
600104650347118592
113715890591105024
185773484629032960
329888672704888832
618119048856600576
221802281647996928
365917469723852800
654147845875564544
437975063761780736
726205439913492480
870320627989348352
64176294690029568
100205091708993536
172262685746921472
316377873822777344
604608249974489088
118219490218475520
190277084256403456
334392272332259328
622622648483971072
226305881275367424
370421069351223296
658651445502935040
442478663389151232
730709039540862976
874824227616718848
127226689473216512
199284283511144448
343399471587000320
631629847738712064
235313080530108416
379428268605964288
667658644757676032
451485862643892224
739716238795603968
883831426871459840
253327479039590400
397442667115446272
685673043267158016
469500261153374208
757730637305085952
901845825380941824
505529058172338176
793759434324049920
937874622399905792
1009932216437833728
33776997205278720
51791395714760704
87820192733724672
159877786771652608
303992974847508480
592223350999220224
60798594969501696
96827391988465664
168884986026393600
313000174102249472
601230550253961216
114841790497947648
186899384535875584
331014572611731456
619244948763443200
222928181554839552
367043369630695424
655273745782407168
439100963668623360
727331339820335104
871446527896190976
65302194596872192
101330991615836160
173388585653764096
317503773729619968
605734149881331712
119345390125318144
191402984163246080
335518172239101952
623748548390813696
227431781182210048
371546969258065920
659777345409777664
443604563295993856
731834939447705600
875950127523561472
128352589380059136
200410183417987072
344525371493842944
632755747645554688
236438980436951040
380554168512806912
668784544664518656
452611762550734848
740842138702446592
884957326778302464
254453378946433024
398568567022288896
686798943174000640
470626161060216832
758856537211928576
902971725287784448
506654958079180800
794885334230892544
939000522306748416
1011058116344676352
67553994410557440
103582791429521408
175640385467449344
319755573543305216
607985949695016960
121597189939003392
193654783976931328
337769972052787200
626000348204498944
229683580995895296
373798769071751168
662029145223462912
445856363109679104
734086739261390848
878201927337246720
130604389193744384
202661983231672320
346777171307528192
635007547459239936
238690780250636288
382805968326492160
671036344478203904
454863562364420096
743093938516131840
887209126591987712
256705178760118272
400820366835974144
689050742987685888
472877960873902080
761108337025613824
905223525101469696
508906757892866048
797137134044577792
941252322120433664
1013309916158361600
135107988821114880
207165582859042816
351280770934898688
639511147086610432
243194379878006784
387309567953862656
675539944105574400
459367161991790592
747597538143502336
891712726219358208
261208778387488768
405323966463344640
693554342615056384
477381560501272576
765611936652984320
909727124728840192
513410357520236544
801640733671948288
945755921747804160
1017813515785732096
270215977642229760
414331165718085632
702561541869797376
486388759756013568
774619135907725312
918734323983581184
522417556774977536
810647932926689280
954763121002545152
1026820715040473088
540431955284459520
828662331436171264
972777519512027136
1044835113549955072
1080863910568919040
