15
23
39
71
135
263
519
1031
2055
4103
27
43
75
139
267
523
1035
2059
4107
51
83
147
275
531
1043
2067
4115
99
163
291
547
1059
2083
4131
195
323
579
1091
2115
4163
387
643
1155
2179
4227
771
1283
2307
4355
1539
2563
4611
3075
5123
6147
24579
268468227
549755846659
1099511660547
8796093087747
72057594037993475
35184372219907
137441050627
201326595
550024249347
1099780063235
4398583382019
70373039144963
2251868533161987
1649267441667
72066390130950147
13510798882111491
29
45
77
141
269
525
1037
2061
4109
53
85
149
277
533
1045
2069
4117
101
165
293
549
1061
2085
4133
197
325
581
1093
2117
4165
389
645
1157
2181
4229
773
1285
2309
4357
1541
2565
4613
3077
5125
6149
40965
4398046576645
4503599627436037
18014398509547525
1152921504607109125
1125899907891205
335544325
72057595111669765
2748779069445
4507997673881605
18018796555993093
4611967493404098565
22517998136852485
57
89
153
281
537
1049
2073
4121
105
169
297
553
1065
2089
4137
201
329
585
1097
2121
4169
393
649
1161
2185
4233
777
1289
2313
4361
1545
2569
4617
3081
5129
6153
73737
134225929
268443657
49161
134283273
268501001
72057594038059017
4295229449
576460752303685641
34360786953
603979785
402653193
4503600701112329
36028798092705801
576460756598390793
4947802325001
3298534883337
40532396646334473
27021597764222985
113
177
305
561
1073
2097
4145
209
337
593
1105
2129
4177
401
657
1169
2193
4241
785
1297
2321
4369
1553
2577
4625
3089
5137
6161
139281
81937
1140850705
1099578736657
4398113619985
671088657
1100585369617
4399120252945
281492156579857
9345848836113
18014948265295889
5497558138897
18023194602504209
288265560523800593
76561193665298449
45035996273704977
225
353
609
1121
2145
4193
417
673
1185
2209
4257
801
1313
2337
4385
1569
2593
4641
3105
5153
6177
270369
2199023263777
4398046519329
147489
98337
2199023517729
4398046773281
281474977759265
1125899908939809
18446744073711648801
2214592545
1207959585
805306401
35188667056161
18141941858337
9007749010554913
72058143793741857
9895604650017
6597069766689
9024791440785441
72075186223972385
18447869973616394273
148618787703226401
81064793292668961
54043195528445985
449
705
1217
2241
4289
833
1345
2369
4417
1601
2625
4673
3137
5185
6209
532545
278593
163905
1152921504607895617
4362076225
18014398576590913
72057594105036865
2281701441
1342177345
18014402804449345
72057598332895297
18446744142429028417
35734127902785
18691697672257
10995116277825
292733975779082305
153122387330596929
90071992547409985
897
1409
2433
4481
1665
2689
4737
3201
5249
6273
1056897
1099511636097
35184372097153
36028797018972289
72057594037936257
540801
295041
196737
1099512676481
35184373137537
36028797020012673
72057594038976641
281474978807937
18446744073713746049
8657043585
4429185153
4398180728961
8796227240065
2415919233
1610612865
4402341478529
8800387989633
1152921521786716289
70918499991681
36283883716737
36029896530591873
72058693549555841
19791209300097
13194139533441
36063981391052929
72092778410016897
580964351930794113
297237575406452865
162129586585337985
108086391056892033
1793
2817
4865
3329
5377
6401
2105601
18014398509490433
288230376151720193
1065217
1073758465
557313
327937
1074790657
18014398511579393
288230376153809153
17246978305
8724152577
4563403009
2684354817
141287244169473
71468255805697
37383395344641
21990232555777
1157425104234217729
585467951558164737
306244774661193985
180143985094820097
3585
5633
6657
4203009
2114049
536887809
4294984193
1081857
590337
393729
538968577
4297064961
34426847745
9007199321850369
1152921504673956353
17314087425
8858370561
4831838721
3221225985
9007233614479873
1152921538966585857
18446744211148505601
282024732525057
141836999983617
72567767433729
39582418600449
26388279067137
2310346608841064961
1161928703861588481
594475150812905985
324259173170676225
216172782113784321
7169
8397825
4211713
2130945
1115137
656385
68786586625
34493957121
17448305665
9126806529
5368710145
563499709236225
282574488339457
18015498021110785
1152922604118475777
142936511611905
74766790689793
43980465112065
18295873486193665
1153202979583558657
4616189618054759425
2314850208468435969
1170935903116329985
612489549322388481
360287970189640705
16787457
8407041
4229121
2164737
1181697
788481
137506064385
68853696513
2199157475329
281475110930433
72057594172147713
576460752437643265
34628175873
17592454481921
35184640526337
17716742145
9663678465
6442452993
17626545784833
35218731829249
2267742734337
281543696189441
72057662757406721
576460821022902273
1126449662658561
564049465051137
283673999968257
72059793061185537
576462951326681089
145135534868481
79164837201921
52776558135297
72339069014640641
576742227280136193
18448995873523238913
9227875636482148353
4620693217682130945
2323857407723177985
1188950301625812993
648518346341353473
432345564227569665
33566721
16797697
8425473
4263937
2232321
1314817
274945019905
137573175297
68987916289
34896613377
18253615105
10737422337
2252349569503233
1126999418474497
565148976680961
285873023225857
149533581381633
87960930226177
18451247673336926209
9232379236109520897
4629700416936873985
2341871806232662017
1224979098644779009
720575940379283457
134291457
268509185
2199023525889
4398046781441
1099512684545
35184373145601
36028797020020737
72057594038984705
18014398511587329
288230376153817089
549822930945
4503599694487553
402661377
4504149383192577
36283883724801
36029896530599937
72058693549563905
6597069774849
36063981391060993
72092778410024961
18455751272964300801
306244774661201921
108086391056900097
1074806785
538984449
4297080833
35184405659649
70368777748481
549890048001
4398314962945
72057594306379777
4831854593
4504699139014657
72061992084455425
576469548396462081
18446752869802590209
299067162771457
105553116282881
19023204826012991489
5764607523034251265
550024282113
1099780096001
72057594574831617
35185445863425
1152921505680621569
38654738433
1649267474433
4505798650658817
36033195065507841
1152956688978968577
3377699720560641
402718721
550292750337
281479271743489
18446744078004584449
206158495745
4507997673947137
18018796556058625
72066390131015681
576495936675577857
18447025548686327809
22517998136918017
550829686785
2251816993685505
4512395720523777
551903559681
576460756598652929
6597070028801
4521191813677057
554051305473
4538783999983617
558346797057
36283884765185
36029896531640321
72058693550604289
36063981392101377
72092778411065345
4573968372596737
108086391057940481
35184508403713
4833935361
566937780225
4644337117822977
18447869973618491393
306244774663290881
584119746561
4785074608275457
618483679233
5066549589180417
687211544577
5629499550990337
824667275265
105553149820929
6755399474610177
1100652478465
4399187361793
18014402871558145
72057598400004097
9007233681588225
1152921539033694209
4504149450293249
5497625247745
1161928703928696833
90071992614518785
4402475696129
8800522207233
2267876950017
281543830405121
72057662891622401
576460821157117953
283674134183937
72059793195401217
576462951460896769
13194273751041
72339069148856321
576742227414351873
18482772870862733313
648518346475569153
17626814218241
35219000262657
8933800411137
281612684099585
1649535877121
72061992352874497
290271338168321
52776826568705
18734974450129698817
1161084815802369
5498631880705
1152956690052677633
1407375957295105
40532397720076289
13198434500609
18447025552981229569
90071996842377217
52810917871617
1161928738221326337
283742719442945
72059861780660225
576463020046155777
72339137734115329
576742295999610881
648518415060828161
290408508686337
18023744358318081
9025341196599297
72075735979786241
81065343048482817
36065080902680577
72093877921644545
18296972997820417
1153204079095185409
1170937002627956737
108087490568519681
72341268037894145
576744426303389697
648520545364606977
289360674105065473
1154051802560200705
22522396183363585
18590863659831918593
1441156278805069825
19023213622105997313
81082385478713345
108121575428980737
1171217378093039617
648799821318062081
1442277780665401345
30
46
78
142
270
526
1038
2062
4110
54
86
150
278
534
1046
2070
4118
102
166
294
550
1062
2086
4134
198
326
582
1094
2118
4166
390
646
1158
2182
4230
774
1286
2310
4358
1542
2566
4614
3078
5126
6150
73734
67117062
536879110
1099511635974
2199023263750
49158
67174406
536936454
1099511693318
2199023321094
17592186175494
144115188075986950
70368744439814
274882101254
603979782
1099578736646
2199090364422
402653190
1100048498694
2199560126470
8797166764038
140746078289926
4947802324998
3298534883334
144132780261900294
40532396646334470
27021597764222982
58
90
154
282
538
1050
2074
4122
106
170
298
554
1066
2090
4138
202
330
586
1098
2122
4170
394
650
1162
2186
4234
778
1290
2314
4362
1546
2570
4618
3082
5130
6154
139274
549755822090
8796093030410
9007199254749194
36028797018972170
81930
549755944970
8796093153290
9007199254872074
36028797019095050
2305843009214218250
2251799815782410
1140850698
671088650
144115190223339530
9345848836106
9007749010554890
36029346774777866
5497558138890
9015995347763210
36037593111986186
9223934986808197130
76561193665298442
45035996273704970
114
178
306
562
1074
2098
4146
210
338
594
1106
2130
4178
402
658
1170
2194
4242
786
1298
2322
4370
1554
2578
4626
3090
5138
6162
270354
4503599627378706
144115188075864082
147474
268451858
536887314
98322
268566546
537002002
4503599627632658
144115188076118034
8590458898
1152921504607371282
68721573906
2214592530
9007199321849874
72057594105036818
1207959570
805306386
9007201402224658
72057596185411602
1152921513196781586
18141941858322
9895604650002
6597069766674
148618787703226386
81064793292668946
54043195528445970
226
354
610
1122
2146
4194
418
674
1186
2210
4258
802
1314
2338
4386
1570
2594
4642
3106
5154
6178
532514
278562
163874
4362076194
2281701410
2199157473314
8796227239970
1342177314
2201170739234
8798240505890
562984313159714
35734127902754
18691697672226
36029896530591778
10995116277794
36046389205008418
576531121047601186
292733975779082274
153122387330596898
90071992547409954
450
706
1218
2242
4290
834
1346
2370
4418
1602
2626
4674
3138
5186
6210
1056834
540738
4398046527554
8796093038658
294978
196674
4398047035458
8796093546562
562949955518530
2251799817879618
8657043522
549822922818
70368811286594
4429185090
2415919170
1610612802
558345748546
70377334112322
70918499991618
36283883716674
18015498021109826
144116287587483714
19791209300034
13194139533378
18049582881570882
144150372447944770
580964351930794050
297237575406452802
162129586585337922
108086391056891970
898
1410
2434
4482
1666
2690
4738
3202
5250
6274
2105474
2305843009213702274
1065090
557186
327810
2305843009215791234
17246978178
8724152450
36028797153181826
144115188210073730
4563402882
2684354690
36028805608898690
144115196665790594
141287244169346
71468255805570
37383395344514
21990232555650
1157425104234217602
585467951558164610
306244774661193858
180143985094819970
1794
2818
4866
3330
5378
6402
4202754
562949953429762
2113794
2199023272194
70368744194306
72057594037944578
144115188075872514
1081602
590082
393474
2199025352962
70368746275074
72057594040025346
144115188077953282
562949957615874
34426847490
4503599694479618
2305843009280803074
17314087170
8858370306
8796361457922
17592454480130
4831838466
3221225730
8804682957058
17600775979266
4503633987109122
2305843043573432578
282024732524802
141836999983362
72567767433474
72059793061183746
144117387099111682
39582418600194
26388279066882
72127962782105858
144185556820033794
2310346608841064706
1161928703861588226
594475150812905730
324259173170675970
216172782113784066
3586
5634
6658
8397314
4211202
36028797018980866
576460752303440386
2130434
2147516930
1114626
655874
2149581314
36028797023158786
576460752307618306
68786586114
34493956610
17448305154
9126806018
5368709634
563499709235714
282574488338946
142936511611394
74766790689282
43980465111554
4616189618054758914
2314850208468435458
1170935903116329474
612489549322387970
360287970189640194
7170
16786434
8406018
4228098
1073775618
8589968386
2163714
1180674
787458
1077937154
8594129922
137506063362
68853695490
18014398643700738
2305843009347912706
34628174850
17716741122
9663677442
6442451970
18014467228959746
2305843077933171714
1126449662657538
564049465050114
283673999967234
145135534867458
79164837200898
52776558134274
9227875636482147330
4620693217682129922
2323857407723176962
1188950301625811970
648518346341352450
432345564227568642
33564674
16795650
8423426
4261890
2230274
1312770
274945017858
137573173250
68987914242
34896611330
18253613058
10737420290
2252349569501186
1126999418472450
565148976678914
36030996042221570
2305845208236951554
285873023223810
149533581379586
87960930224130
36591746972387330
2306405959167117314
18451247673336924162
9232379236109518850
4629700416936871938
2341871806232659970
1224979098644776962
720575940379281410
33574914
16814082
8458242
4329474
2363394
1576962
275012128770
137707393026
4398314950658
562950221860866
144115188344295426
1152921504875286530
69256351746
35184908963842
70369281052674
35433484290
19327356930
12884905986
35253091569666
70437463658498
4535485468674
563087392378882
144115325514813442
1152921642045804546
4504149383188482
2252899325317122
1128098930102274
567347999936514
144119586122371074
1152925902653362178
290271069736962
158329674403842
105553116270594
144678138029281282
1153484454560272386
18455751272964296706
9241386435364261890
4647714815446355970
2377900603251625986
1297036692682706946
864691128455139330
134258690
67182594
536944642
1099511701506
2199023329282
549755953154
8796093161474
9007199254880258
36028797019103234
4503599627640834
144115188076126210
2305843009215799298
562949957623810
603987970
1099578744834
2199090372610
1100048506882
2199560134658
18014399583232002
9345848844290
9007749010563074
36029346774786050
3298534891522
9015995347771394
36037593111994370
148618787703234562
45035996273713154
268582914
537018370
4398047051778
8796093562882
2199025369090
70368746291202
72057594040041474
144115188077969410
36028797023174658
576460752307634178
1099645861890
9007199388975106
805322754
9008298766385154
72567767449602
72059793061199874
144117387099127810
13194139549698
72127962782121986
144185556820049922
612489549322403842
216172782113800194
2149613570
1077968898
8594161666
550024282114
1099780096002
8796629925890
144115188612759554
9663709186
1649267474434
9009398278029314
144123984168910850
1152939096792924162
598134325542914
211106232565762
11529215046068502530
604045314
1099578802178
2199090429954
1100048564226
2199560192002
144115189149663234
70370891726850
2305843011361243138
77309476866
3298534948866
9011597301317634
72066390131015682
2305913377957937154
805437442
1100585500674
562958543486978
412316991490
9345848967170
9007749010685954
36029346774908930
9015995347894274
36037593112117250
144132780262031362
1152991873351155714
45035996273836034
1101659373570
9024791441047554
148618787703488514
1103807119362
1152921513197305858
13194140057602
9042383627354114
1108102610946
9077567999967234
1116693594114
72567769530370
72059793063280642
144117387101208578
72127962784202754
144185556822130690
9147936745193474
216172782115880962
70369016807426
9667870722
1133875560450
9288674235645954
612489549326581762
1168239493122
9570149216550914
1236967358466
10133099178360834
1374423089154
11258999101980674
1100115607554
2199627235330
9007201469333506
72057596252520450
558412857346
70377401221122
4503634054217730
2305843043640541186
70918567100418
3298601992194
18023194669613058
2310346608908173314
81064793359777794
2201304956930
8798374723586
36028805743116290
144115196800008194
18014467363176450
2305843078067388418
9008298900586498
10995250495490
2323857407857393666
180143985229037570
8804951392258
17601044414466
4535753900034
563087660810242
144115325783244802
1152921642314235906
1649535877122
567348268367874
144119586390802434
1152925902921793538
26388547502082
144678138297712642
1153484454828703746
1297036692951138306
35253628436482
70438000525314
17867600822274
563225368199170
3299071754242
144123984705748994
580542676336642
105553653137410
2322169631604738
10997263761410
2305913380105355266
2814751914590210
81064795440152578
70927089926146
26396869001218
180143993684754434
2310346643200802818
105621835743234
2323857476442652674
567485438885890
144119723561320450
1152926040092311554
144678275468230658
1153484591999221762
1297036830121656322
580817017372674
9016545103577090
36038142867800066
45036546029518850
36047488716636162
18050682393198594
144151471959572482
162130686096965634
72130161805361154
144187755843289090
36593945995640834
2306408158190370818
2341874005255913474
216174981137039362
144682536075788290
1153488852606779394
1297041090729213954
578721348210130946
2308103605120401410
45044792366727170
2882312557610139650
162164770957426690
216243150857961474
2342434756186079234
1297599642636124162
2884555561330802690
60
92
156
284
540
1052
2076
4124
108
172
300
556
1068
2092
4140
204
332
588
1100
2124
4172
396
652
1164
2188
4236
780
1292
2316
4364
1548
2572
4620
3084
5132
6156
270348
35184372097036
288230376151719948
147468
134234124
1073758220
2199023271948
4398046527500
98316
134348812
1073872908
2199023386636
4398046642188
35184372350988
288230376151973900
140737488879628
2214592524
549822922764
17592253153292
1207959564
2199157473292
4398180728844
805306380
2200096997388
4399120252940
551903297548
17594333528076
281492156579852
18141941858316
9895604649996
6597069766668
288265560523800588
148618787703226380
81064793292668940
54043195528445964
116
180
308
564
1076
2100
4148
212
340
596
1108
2132
4180
404
660
1172
2196
4244
788
1300
2324
4372
1556
2580
4628
3092
5140
6164
532500
278548
1099511644180
17592186060820
18014398509498388
72057594037944340
163860
1099511889940
17592186306580
18014398509744148
72057594038190100
4611686018428436500
4362076180
4503599694479380
288230376218820628
2281701396
1342177300
4503603922337812
288230380446679060
35734127902740
18691697672212
18015498021109780
72058693549555732
10995116277780
18031990695526420
72075186223972372
18447869973616394260
292733975779082260
153122387330596884
90071992547409940
228
356
612
1124
2148
4196
420
676
1188
2212
4260
804
1316
2340
4388
1572
2596
4644
3108
5156
6180
1056804
17179877412
2305843009213702180
540708
9007199254757412
288230376151728164
294948
536903716
1073774628
196644
537133092
1074004004
9007199255265316
288230376152236068
17180917796
2305843009214742564
137443147812
8657043492
4429185060
18014398643699748
144115188210073636
2415919140
1610612772
18014402804449316
144115192370823204
2305843026393563172
70918499991588
36283883716644
19791209300004
13194139533348
580964351930794020
297237575406452772
162129586585337892
108086391056891940
452
708
1220
2244
4292
836
1348
2372
4420
1604
2628
4676
3140
5188
6212
2105412
1065028
557124
327748
17246978116
8724152388
4563402820
4398314946628
17592454479940
2684354628
4402341478468
17596481011780
1125968626319428
141287244169284
4504149383184452
1152922054362660932
71468255805508
37383395344452
72059793061183556
21990232555588
72092778410016836
4644337115725892
1153062242095202372
1157425104234217540
585467951558164548
306244774661193796
180143985094819908
900
1412
2436
4484
1668
2692
4740
3204
5252
6276
4202628
1125899906850948
2113668
1081476
8796093055108
17592186077316
589956
393348
8796094070916
17592187093124
1125899911037060
34426847364
17314087044
1099645845636
140737622573188
8858370180
4831838340
3221225604
1116691497092
140754668224644
282024732524676
141836999983236
72567767433348
36030996042219652
288232575174967428
39582418600068
26388279066756
36099165763141764
288300744895889540
2310346608841064580
1161928703861588100
594475150812905604
324259173170675844
216172782113783940
1796
2820
4868
3332
5380
6404
8397060
4210948
4503599627387140
4611686018427404548
2130180
1114372
655620
4503599631565060
4611686018431582468
68786585860
34493956356
17448304900
72057594306363652
288230376420147460
9126805764
5368709380
72057611217797380
288230393331581188
563499709235460
282574488338692
142936511611140
74766790689028
43980465111300
4616189618054758660
2314850208468435204
1170935903116329220
612489549322387716
360287970189639940
3588
5636
6660
16785924
8405508
549755830788
1125899906859524
4227588
4398046544388
140737488388612
144115188075889156
288230376151745028
2163204
1180164
786948
4398050705924
140737492550148
144115188080050692
288230376155906564
549764203012
1125899915231748
137506062852
68853694980
9007199388959236
4611686018561606148
34628174340
17716740612
17592722915844
35184908960260
9663676932
6442451460
17609365914116
35201551958532
9007267974218244
4611686087146865156
1126449662657028
564049465049604
283673999966724
145135534866948
144119586122367492
288234774198223364
79164837200388
52776558133764
144255925564211716
288371113640067588
9227875636482146820
4620693217682129412
2323857407723176452
1188950301625811460
648518346341351940
432345564227568132
7172
33563652
16794628
8422404
72057594037961732
1152921504606880772
4260868
4295033860
2229252
1311748
4299162628
72057594046317572
1152921504615236612
274945016836
137573172228
68987913220
34896610308
18253612036
10737419268
2252349569500164
1126999418471428
565148976677892
285873023222788
149533581378564
87960930223108
18451247673336923140
9232379236109517828
4629700416936870916
2341871806232658948
1224979098644775940
720575940379280388
33572868
16812036
8456196
2147551236
17179936772
4327428
2361348
1574916
2155874308
17188259844
275012126724
137707390980
36028797287401476
4611686018695825412
69256349700
35433482244
19327354884
12884903940
36028934457919492
4611686155866343428
2252899325315076
1128098930100228
567347999934468
290271069734916
158329674401796
105553116268548
18455751272964294660
9241386435364259844
4647714815446353924
2377900603251623940
1297036692682704900
864691128455137284
33591300
16846852
8523780
4460548
2625540
275146346500
137975828484
69793222660
36507226116
21474840580
2253998836944900
1130297953357828
72061992084443140
4611690416473903108
571746046447620
299067162759172
175921860448260
73183493944774660
4612811918334234628
18464758472219037700
9259400833873743876
4683743612465319940
2449958197289553924
1441151880758562820
67182596
536944644
1099511701508
2199023329284
4503599627509764
72057594038067204
35184372359172
288230376151982084
17180925956
2305843009214750724
1125899911045124
603987972
1099578744836
2199090372612
1100048506884
2199560134660
36028798092713988
2305843026393571332
18014948265304068
3298534891524
288265560523808772
76561193665306628
268517380
134365188
1073889284
2199023403012
4398046658564
1099511906308
17592186322948
18014398509760516
72057594038206468
9007199255281668
288230376152252420
4503599631581188
4611686018431598596
549764218884
1125899915247620
1207975940
2199157489668
4398180745220
2200097013764
4399120269316
36028799166464004
1126449662672900
18691697688580
18015498021126148
72058693549572100
6597069783044
18031990695542788
72075186223988740
4616189618054774788
297237575406469124
90071992547426308
537165828
1074036740
8796094103556
17592187125764
4398050738180
140737492582404
144115188080082948
288230376155938820
72057594046349316
1152921504615268356
201359364
2199291723780
18014398777950212
1610645508
18016597532770308
145135534899204
144119586122399748
288234774198255620
26388279099396
144255925564243972
288371113640099844
1224979098644807684
432345564227600388
4299227140
2155937796
17188323332
604045316
1099578802180
2199090429956
1100048564228
2199560192004
17593259851780
288230377225519108
19327418372
3298534948868
4507997673947140
18018796556058628
288247968337821700
2305878193585848324
1196268651085828
422212465131524
22517998136918020
23058430092137005060
9007199321980932
1208090628
2199157604356
4398180859908
2200097128452
4399120384004
288230378299326468
140741783453700
4611686022722486276
154618953732
6597069897732
18023194602635268
144132780262031364
4611826755915874308
76561193665429508
1610874884
2201171001348
1125917086973956
18691697934340
18015498021371908
72058693549817860
18031990695788548
72075186224234500
288265560524062724
2305983746702311428
90071992547672068
2203318747140
18049582882095108
297237575406977028
140737556512772
2207614238724
2305843026394611716
26388280115204
18084767254708228
2216205221892
18155135999934468
2233387188228
145135539060740
144119586126561284
288234774202417156
144255925568405508
288371113644261380
18295873490386948
4616189618058952708
432345564231761924
140738033614852
19335741444
2267751120900
1126449671045124
18577348471291908
1224979098653163524
2336478986244
19140298433101828
2473934716932
20266198356721668
1100115607556
2199627235332
18014399650332676
551970406404
17594400636932
4503603989446660
288230380513787908
18142008967172
3298601992196
36037593179095044
292733975846191108
2200231215108
4399254470660
18014402938667012
144115192505040900
1116825714692
140754802442244
9007268108435460
4611686087281082372
141837134200836
6597203984388
36046389339226116
4620693217816346628
162129586719555588
4402609913860
17596749447172
72057611486232580
288230393600016388
36028934726352900
4611686156134776836
18016597801172996
21990500990980
4647714815714787332
360287970458075140
17609902784516
35202088828932
9071507800068
1126175321620484
288230651566489604
2305843284628471812
3299071754244
1134696536735748
288239172781604868
2305851805843587076
52777095004164
289356276595425284
2306968909657407492
2594073385902276612
70507256872964
140876001050628
9007750084296708
6598143508484
288247969411497988
1161085352673284
211107306274820
18144089341956
21994527522820
4611826760210710532
292733980074049540
162129590880305156
141854179852292
52793738002436
360287987369508868
4620693286401605636
211243671486468
4647714952885305348
1134970877771780
288239447122640900
2305852080184623108
289356550936461316
2306969183998443524
2594073660243312644
4644886871539716
1153062791851016196
1157425653990031364
18033090207154180
72076285735600132
90073092059037700
72094977433272324
36101364786397188
288302943919144964
324261372193931268
144260323610722308
288375511686578180
73187891991281668
4612816316380741636
22522396183363588
4683748010511826948
432349962274078724
289365072151576580
2306977705213558788
2594082181458427908
90089584733454340
5764625115220279300
324329541914853380
1157565841722572804
432486301715922948
4684869512372158468
2595199285272248324
120
184
312
568
1080
2104
4152
216
344
600
1112
2136
4184
408
664
1176
2200
4248
792
1304
2328
4376
1560
2584
4632
3096
5144
6168
1056792
281474976718872
540696
549755830296
70368744194072
4503599627386904
576460752303439896
294936
268468248
2147516440
4398046543896
8796093055000
196632
268697624
2147745816
4398046773272
8796093284376
549756338200
70368744701976
4503599627894808
576460752303947800
281474977759256
8657043480
4429185048
1099645845528
35184506306584
2415919128
4398314946584
8796361457688
1610612760
4400193994776
8798240505880
1103806595096
35188667056152
562984313159704
70918499991576
4504149383184408
576461302059237400
36283883716632
19791209299992
13194139533336
4573968371548184
576531121047601176
580964351930794008
297237575406452760
162129586585337880
108086391056891928
232
360
616
1128
2152
4200
424
680
1192
2216
4264
808
1320
2344
4392
1576
2600
4648
3112
5160
6184
2105384
9223372036854784040
1065000
557096
2199023288360
35184372121640
36028797018996776
144115188075888680
327720
2199023779880
35184372613160
36028797019488296
144115188076380200
9223372036856873000
17246978088
8724152360
9007199388958760
576460752437641256
4563402792
2684354600
9007207844675624
576460760893358120
141287244169256
71468255805480
37383395344424
36030996042219560
144117387099111464
21990232555560
36063981391052840
144150372447944744
1157425104234217512
585467951558164520
306244774661193768
180143985094819880
456
712
1224
2248
4296
840
1352
2376
4424
1608
2632
4680
3144
5192
6216
4202568
2113608
67125320
34359754824
4611686018427404360
1081416
18014398509514824
576460752303456328
589896
1073807432
2147549256
393288
1074266184
2148008008
18014398510530632
576460752304472136
69206088
34361835592
4611686018429485128
274886295624
34426847304
4611686018494496840
17314086984
8858370120
36028797287399496
288230376420147272
4831838280
3221225544
36028805608898632
288230384741646408
4611686052787126344
282024732524616
141836999983176
72567767433288
39582418600008
26388279066696
2310346608841064520
1161928703861588040
594475150812905544
324259173170675784
216172782113783880
904
1416
2440
4488
1672
2696
4744
3208
5256
6280
8396936
4210824
2130056
1114248
655496
68786585736
34493956232
17448304776
9126805640
8796629893256
35184908959880
5368709256
8804682956936
35192962023560
2251937252638856
563499709235336
282574488338568
9008298766368904
2305844108725321864
142936511611016
74766790688904
144119586122367112
43980465111176
144185556820033672
9288674231451784
2306124484190404744
4616189618054758536
2314850208468435080
1170935903116329096
612489549322387592
360287970189639816
1800
2824
4872
3336
5384
6408
16785672
8405256
2251799813701896
4227336
2162952
17592186110216
35184372154632
1179912
786696
17592188141832
35184374186248
2251799822074120
137506062600
68853694728
34628174088
2199291691272
281475245146376
17716740360
9663676680
6442451208
2233382994184
281509336449288
1126449662656776
564049465049352
283673999966472
145135534866696
72061992084439304
576465150349934856
79164837200136
52776558133512
72198331526283528
576601489791779080
9227875636482146568
4620693217682129160
2323857407723176200
1188950301625811208
648518346341351688
432345564227567880
3592
5640
6664
33563144
16794120
8421896
9007199254774280
9223372036854809096
4260360
2228744
1311240
9007199263130120
9223372036863164936
274945016328
137573171720
68987912712
34896609800
144115188612727304
576460752840294920
18253611528
10737418760
144115222435594760
576460786663162376
2252349569499656
1126999418470920
565148976677384
285873023222280
149533581378056
87960930222600
18451247673336922632
9232379236109517320
4629700416936870408
2341871806232658440
1224979098644775432
720575940379279880
7176
33571848
16811016
1099511661576
2251799813719048
8455176
8796093088776
281474976777224
288230376151778312
576460752303490056
4326408
2360328
1573896
8796101411848
281474985100296
288230376160101384
576460752311813128
1099528406024
2251799830463496
275012125704
137707389960
18014398777918472
9223372037123212296
69256348680
35433481224
35185445831688
70369817920520
19327353864
12884902920
35218731828232
70403103917064
18014535948436488
9223372174293730312
2252899325314056
1128098930099208
567347999933448
290271069733896
288239172244734984
576469548396446728
158329674400776
105553116267528
288511851128423432
576742227280135176
18455751272964293640
9241386435364258824
4647714815446352904
2377900603251622920
1297036692682703880
864691128455136264
33589256
16844808
144115188075923464
2305843009213761544
8521736
8590067720
4458504
2623496
8598325256
144115188092635144
2305843009230473224
275146344456
137975826440
69793220616
36507224072
21474838536
2253998836942856
1130297953355784
571746046445576
299067162757128
175921860446216
18464758472219035656
9259400833873741832
4683743612465317896
2449958197289551880
1441151880758560776
33624072
16912392
4295102472
34359873544
8654856
4722696
3149832
4311748616
34376519688
4503599761592328
275414781960
72057594574802952
9223372037391650824
138512699400
70866964488
38654709768
25769807880
72057868915838984
9223372311732686856
2256197860200456
1134695999868936
580542139469832
316659348803592
211106232537096
18482772870728519688
9295429630892707848
4755801206503247880
2594073385365409800
1729382256910274568
134291464
268509192
549755953160
8796093161480
9007199254880264
36028797019103240
35184372359176
288230376151982088
8590467080
281474977767432
9223372036856881160
4398113628168
402661384
9345848844296
9007749010563080
36029346774786056
9015995347771400
36037593111994376
288265560523808776
45035996273713160
134365192
1073889288
2199023403016
4398046658568
9007199255019528
144115188076134408
549756354568
70368744718344
4503599627911176
576460752303964168
69222408
34361851912
4611686018429501448
2251799822090248
34426863624
4611686018494513160
1207975944
2199157489672
4398180745224
2200097013768
4399120269320
72057596185427976
4611686052787142664
70918500007944
4504149383200776
576461302059253768
36029896530608136
6597069783048
4573968371564552
576531121047617544
580964351930810376
153122387330613256
537034760
268730376
2147778568
4398046806024
8796093317128
2199023812616
35184372645896
36028797019521032
144115188076412936
18014398510563336
576460752304504840
9007199263162376
9223372036863197192
1099528437768
2251799830495240
549890064392
2415951880
4398314979336
8796361490440
4400194027528
8798240538632
72057598332928008
2252899325345800
37383395377160
36030996042252296
144117387099144200
13194139566088
36063981391085576
144150372447977480
9232379236109549576
594475150812938248
180143985094852616
1074331656
2148073480
17592188207112
35184374251528
8796101476360
281474985164808
288230376160165896
576460752311877640
144115188092698632
2305843009230536712
402718728
4398583447560
36028797555900424
3221291016
1649267507208
4505798650691592
36033195065540616
290271069798408
288239172244799496
576469548396511240
52776558198792
288511851128487944
576742227280199688
2449958197289615368
864691128455200776
8598454280
4311875592
34376646664
18014398576721928
1208090632
2199157604360
4398180859912
2200097128456
4399120384008
35186519703560
576460754451038216
38654836744
9345848967176
9007749010685960
36029346774908936
6597069897736
9015995347894280
36037593112117256
576495936675643400
4611756387171696648
2392537302171656
844424930263048
45035996273836040
18014398643961864
2416181256
4398315208712
8796361719816
4400194256904
8798240768008
576460756598652936
281483566907400
9223372045444972552
309237907464
13194139795464
36046389205270536
288265560524062728
9223653511831748616
153122387330859016
3221749768
4402342002696
2251834173947912
70918500515848
4504149383708680
576461302059761672
37383395868680
36030996042743816
144117387099635720
36063981391577096
144150372448469000
4573968372072456
576531121048125448
4611967493404622856
580964351931318280
180143985095344136
4406637494280
36099165764190216
594475150813954056
34428944392
4611686018496593928
281475113025544
4415228477448
4611686052789223432
52776560230408
36169534509416456
4432410443784
36310271999868936
4466774376456
290271078121480
288239172253122568
576469548404834312
288511851136811016
576742227288522760
36591746980773896
9232379236117905416
864691128463523848
281476067229704
38671482888
4535502241800
2252899342090248
37154696942583816
2449958197306327048
4672957972488
38280596866203656
551970406408
17594400636936
4611686052854235144
18142008967176
2200231215112
4399254470664
36028799300665352
1103940812808
35188801273864
9007207978893320
576460761027575816
36284017934344
6597203984392
72075186358190088
585467951692382216
4400462430216
8798508941320
36028805877334024
288230385010081800
2233651429384
281509604884488
18014536216870920
9223372174562164744
283674268401672
13194407968776
72092778678452232
9241386435632693256
324259173439111176
8805219827720
35193498894344
144115222972465160
576460787200032776
72057869452705800
9223372312269553672
2749315940360
36033195602345992
43981001981960
9295429631429574664
720575940916150280
35219805569032
70404177657864
18014949339037704
6598143508488
2269393073471496
576478345563209736
4611703611687174152
105554190008328
578712553190850568
4613937819314814984
40532397720076296
5188146771804553224
141014513745928
281752002101256
18144089341960
18015500168593416
13196287016968
576495938822995976
2322170705346568
422214612549640
36288178683912
43989055045640
9223653520421421064
585467960148099080
324259181760610312
283708359704584
105587476004872
720575974739017736
9241386572803211272
422487342972936
9295429905770610696
9016545103577096
36038142867800072
4574518127362056
576531670803415048
580964901686607880
45036546029518856
9289773743079432
2306125583702032392
2314851307980062728
36066180414308360
144152571471200264
180146184118075400
144189954866544648
72202729572794376
576605887838289928
648522744387862536
288520647221444616
576751023373156360
146375783982563336
9225632632761483272
45044792366727176
9367496021023653896
864699924548157448
578730144303153160
4613955410427117576
5188164362916855816
180179169466908680
11529250230440558600
581034720674971656
648659083829706760
2315131683445145608
864972603431845896
9369739024744316936
5190398570544496648
240
368
624
1136
2160
4208
432
688
1200
2224
4272
816
1328
2352
4400
1584
2608
4656
3120
5168
6192
4202544
2113584
562949953437744
1081392
1099511660592
140737488388144
9007199254773808
1152921504606879792
589872
536936496
4295032880
8796093087792
17592186110000
393264
537395248
4295491632
8796093546544
17592186568752
1099512676400
140737489403952
9007199255789616
1152921504607895600
562949955518512
34426847280
17314086960
8858370096
2199291691056
70369012613168
4831838256
8796629893168
17592722915376
3221225520
8800387989552
17596481011760
2207613190192
70377334112304
1125968626319408
282024732524592
141836999983152
9008298766368816
1152922604118474800
72567767433264
39582418599984
26388279066672
9147936743096368
1153062242095202352
2310346608841064496
1161928703861588016
594475150812905520
324259173170675760
216172782113783856
464
720
1232
2256
4304
848
1360
2384
4432
1616
2640
4688
3152
5200
6224
8396880
4210768
18446744073709568080
2130000
1114192
4398046576720
70368744243280
72057594037993552
288230376151777360
655440
4398047559760
70368745226320
72057594038976592
288230376152760400
18446744073713746000
68786585680
34493956176
17448304720
18014398777917520
1152921504875282512
9126805584
5368709200
18014415689351248
1152921521786716240
563499709235280
282574488338512
142936511610960
74766790688848
72061992084439120
288234774198222928
43980465111120
72127962782105680
288300744895889488
4616189618054758480
2314850208468435024
1170935903116329040
612489549322387536
360287970189639760
912
1424
2448
4496
1680
2704
4752
3216
5264
6288
16785552
8405136
4227216
134250640
68719509648
4503599627403408
9223372036854808720
2162832
36028797019029648
1152921504606912656
1179792
2147614864
4295098512
786576
2148532368
4296016016
36028797021061264
1152921504608944272
138412176
68723671184
4503599631564944
9223372036858970256
137506062480
68853694608
4503599761588368
9223372036988993680
34628173968
17716740240
72057594574798992
576460752840294544
9663676560
6442451088
72057611217797264
576460769483292816
4503668346847376
9223372105574252688
1126449662656656
564049465049232
283673999966352
145135534866576
79164837200016
52776558133392
9227875636482146448
4620693217682129040
2323857407723176080
1188950301625811088
648518346341351568
432345564227567760
1808
2832
4880
3344
5392
6416
33562896
16793872
8421648
4260112
2228496
1310992
274945016080
137573171472
68987912464
34896609552
18253611280
17593259786512
70369817919760
10737418512
17609365913872
70385924047120
2252349569499408
1126999418470672
565148976677136
18016597532737808
4611688217450643728
285873023222032
149533581377808
288239172244734224
87960930222352
288371113640067344
18577348462903568
4612248968380809488
18451247673336922384
9232379236109517072
4629700416936870160
2341871806232658192
1224979098644775184
720575940379279632
3600
5648
6672
33571344
16810512
549755847184
8454672
4325904
35184372220432
70368744309264
2359824
1573392
35184376283664
70368748372496
549772591632
275012125200
137707389456
69256348176
4398583382544
562950490292752
35433480720
19327353360
12884902416
4466765988368
563018672898576
2252899325313552
1128098930098704
567347999932944
290271069733392
144123984168878608
1152930300699869712
158329674400272
105553116267024
144396663052567056
1153202979583558160
18455751272964293136
9241386435364258320
4647714815446352400
2377900603251622416
1297036692682703376
864691128455135760
7184
33588240
16843792
18014398509548560
18446744073709618192
8520720
4457488
2622480
18014398526260240
18446744073726329872
275146343440
137975825424
69793219600
288230377225454608
1152921505680589840
36507223056
21474837520
288230444871189520
1152921573326324752
2253998836941840
1130297953354768
571746046444560
299067162756112
175921860445200
18464758472219034640
9259400833873740816
4683743612465316880
2449958197289550864
1441151880758559760
33622032
2199023323152
16910352
17592186177552
562949953554448
576460752303556624
1152921504606980112
8652816
4720656
3147792
17592202823696
562949970200592
576460752320202768
1152921504623626256
2199056812048
275414779920
36028797555836944
18446744074246424592
138512697360
70866962448
70370891663376
140739635841040
38654707728
25769805840
70437463656464
140806207834128
36029071896872976
18446744348587460624
2256197860198416
1134695999866896
580542139467792
576478344489469968
1152939096792893456
316659348801552
211106232535056
577023702256846864
1153484454560270352
18482772870728517648
9295429630892705808
4755801206503245840
2594073385365407760
1729382256910272528
33689616
288230376151846928
4611686018427523088
17043472
17180135440
8917008
5246992
17196650512
288230376185270288
4611686018460946448
275951652880
139586441232
73014448144
42949677072
2260595906711568
1143492092891152
598134325514256
351843720892432
18518801667747483664
9367487224930635792
4899916394579103760
2882303761517121552
4503599627640848
144115188076126224
281474977767440
8796160139280
72058143793750032
148618787703234576
268582928
537018384
1099511906320
17592186322960
18014398509760528
72057594038206480
549756354576
70368744718352
4503599627911184
576460752303964176
68173840
17180934160
562949955534864
18446744073713762320
17246994448
8796227256336
805322768
70918500007952
4504149383200784
576461302059253776
18691697688592
18015498021126160
72058693549572112
18031990695542800
72075186223988752
4573968371564560
576531121047617552
580964351930810384
90071992547426320
268730384
2147778576
4398046806032
8796093317136
18014398510039056
288230376152268816
1099512709136
140737489436688
9007199255822352
1152921504607928336
138444816
68723703824
4503599631597584
9223372036859002896
549772623888
68853727248
4503599761621008
9223372036989026320
2415951888
4398314979344
8796361490448
4400194027536
8798240538640
144115192370855952
4503668346880016
9223372105574285328
141837000015888
9008298766401552
1152922604118507536
72059793061216272
13194139566096
9147936743129104
1153062242095235088
9227875636482179088
1161928703861620752
306244774661226512
1074069520
537460752
4295557136
8796093612048
17592186634256
4398047625232
70368745291792
72057594039042064
288230376152825872
36028797021126672
1152921504609009680
18014398526324752
18446744073726394384
2199056875536
1099780128784
4503599895871504
4831903760
8796629958672
17592722980880
8800388055056
17596481077264
144115196665856016
4504699139063824
74766790754320
72061992084504592
288234774198288400
26388279132176
72127962782171152
288300744895954960
18464758472219099152
1188950301625876496
360287970189705232
2148663312
4296146960
35184376414224
70368748503056
17592202952720
562949970329616
576460752320331792
1152921504623755280
288230376185397264
4611686018461073424
805437456
8797166895120
72057595111800848
6442582032
3298535014416
4507997674012688
9011597301383184
72066390131081232
580542139596816
576478344489598992
1152939096793022480
105553116397584
577023702256975888
1153484454560399376
13510798882242576
4899916394579230736
1729382256910401552
17196908560
8623751184
68753293328
36028797153443856
2416181264
4398315208720
8796361719824
4400194256912
8798240768016
70373039407120
1152921508902076432
77309673488
18691697934352
18015498021371920
72058693549817872
13194139795472
18031990695788560
72075186224234512
1152991873351286800
9223512774343393296
1688849860526096
148618787703488528
90071992547672080
36028797287923728
4832362512
8796630417424
17592723439632
8800388513808
17596481536016
1152921513197305872
562967133814800
18446744090889945104
70918500515856
4504149383708688
576461302059761680
26388279590928
72092778410541072
4573968372072464
576531121048125456
18447307023663497232
580964351931318288
306244774661718032
17248026640
6443499536
8804684005392
141837001031696
9008298767417360
1152922604119523344
74766791737360
72061992085487632
288234774199271440
72127962783154192
288300744896938000
9147936744144912
1153062242096250896
9223934986809245712
1161928703862636560
360287970190688272
8813274988560
72198331528380432
1188950301627908112
68857888784
4503599765782544
9223372036993187856
562950226051088
8830456954896
4503668351041552
9223372105578446864
105553120460816
72339069018832912
9227875636486340624
8864820887568
72620543999737872
8933548752912
580542156242960
576478344506245136
1152939096809668624
577023702273622032
1153484454577045520
73183493961547792
18464758472235810832
1729382256927047696
562952134459408
77342965776
9071004483600
74309393885167632
4899916394612654096
1100652478480
4399187361808
9007201469333520
72057596252520464
4503603989446672
288230380513787920
5497625247760
292733975846191120
81064793359777808
1103940812816
35188801273872
4503668481064976
9223372105708470288
36284017934352
9227875636616364048
4400462430224
8798508941328
72057598601330704
2207881625616
70377602547728
18014415957786640
1152921522055151632
4504699407433744
72568035868688
13194407968784
144150372716380176
1170935903384764432
8800924860432
17597017882640
72057611754668048
576460770020163600
4467302858768
563019209768976
36029072433741840
18446744349124329488
1649804312592
4505799187496976
567348536803344
26388815937552
144185557356904464
18482772871265386512
648518346878222352
17610439655440
70386997788688
288230445944930320
1152921574400065552
5498631880720
72066391204691984
87962003963920
22517999210594320
18590859262859149328
1441151881832300560
70439611138064
140808355315728
36029898678075408
13196287016976
1152956691126419472
9223407223374348304
211108380016656
81064795440152592
10376293543609106448
36288178683920
36031000337186832
26392574033936
1152991877645991952
844429225099280
292733980074049552
72576357367824
87978110091280
18447307040842842128
1170935920296198160
648518363521220624
567416719409168
211174952009744
9227875705201623056
1441151949478035472
18482773145606422544
18023744358318096
4574518127362064
576531670803415056
580964901686607888
18033090207154192
72076285735600144
9149036254724112
1153063341606830096
1161929803373215760
90073092059037712
18579547486158864
4612251167404064784
4629702615960125456
72132360828616720
288305142942400528
13515196928622608
360292368236150800
288379909733089296
144405459145588752
1153211775676579856
40541192739356688
1297045488775725072
577041294442889232
1153502046746312720
90089584733454352
18734992042047307792
1729399849096314896
10376328725833711632
581034720674971664
360358338933817360
23058500460881117200
1162069441349943312
1297318167659413520
4630263366890291216
1729945206863691792
480
736
1248
2272
4320
864
1376
2400
4448
1632
2656
4704
3168
5216
6240
16785504
8405088
4227168
549755846752
1125899906875488
2162784
2199023321184
281474976776288
18014398509547616
2305843009213759584
1179744
1073872992
8590065760
17592186175584
35184372220000
786528
1074790496
8590983264
17592187093088
35184373137504
2199025352800
281474978807904
18014398511579232
2305843009215791200
549760008288
1125899911037024
137506062432
2251799880794208
68853694560
34628173920
17716740192
4398583382112
140738025226336
9663676512
17593259786336
35185445830752
6442451040
17600775979104
35192962023520
4415226380384
140754668224608
2251937252638816
1126449662656608
564049465049184
283673999966304
18016597532737632
2305845208236949600
145135534866528
79164837199968
52776558133344
18295873486192736
2306124484190404704
9227875636482146400
4620693217682128992
2323857407723176032
1188950301625811040
648518346341351520
432345564227567712
928
1440
2464
4512
1696
2720
4768
3232
5280
6304
33562784
16793760
8421536
4260000
2228384
8796093153440
140737488486560
144115188075987104
576460752303554720
1310880
8796095119520
140737490452640
144115188077953184
576460752305520800
274945015968
137573171360
68987912352
34896609440
36028797555835040
2305843009750565024
18253611168
10737418400
36028831378702496
2305843043573432480
2252349569499296
1126999418470560
565148976677024
285873023221920
149533581377696
144123984168878240
576469548396445856
87960930222240
144255925564211360
576601489791778976
18451247673336922272
9232379236109516960
4629700416936870048
2341871806232658080
1224979098644775072
720575940379279520
1824
2848
4896
3360
5408
6432
33571104
16810272
8454432
268501280
137439019296
9007199254806816
18446744073709617440
4325664
72057594038059296
2305843009213825312
2359584
4295229728
8590197024
1573152
4297064736
8592032032
72057594042122528
2305843009217888544
276824352
137447342368
9007199263129888
18446744073717940512
275012124960
137707389216
9007199523176736
18446744073977987360
69256347936
35433480480
144115189149597984
1152921505680589088
19327353120
12884902176
144115222435594528
1152921538966585632
9007336693694752
18446744211148505376
2252899325313312
1128098930098464
567347999932704
290271069733152
158329674400032
105553116266784
18455751272964292896
9241386435364258080
4647714815446352160
2377900603251622176
1297036692682703136
864691128455135520
3616
5664
6688
33587744
16843296
8520224
4456992
2621984
549890032160
275146342944
137975824928
69793219104
36507222560
35186519573024
140739635839520
21474837024
35218731827744
140771848094240
2253998836941344
1130297953354272
36033195065475616
9223376434901287456
571746046444064
299067162755616
576478344489468448
175921860444704
576742227280134688
37154696925807136
9224497936761618976
18464758472219034144
9259400833873740320
4683743612465316384
2449958197289550368
1441151880758559264
7200
33621024
1099511694368
16909344
8651808
70368744440864
140737488618528
4719648
3146784
70368752567328
140737496744992
1099545183264
275414778912
138512696352
8797166765088
1125900980585504
70866961440
38654706720
25769804832
8933531976736
1126037345797152
2256197860197408
1134695999865888
580542139466784
288247968337757216
2305860601399739424
316659348800544
211106232534048
288793326105134112
2306405959167116320
18482772870728516640
9295429630892704800
4755801206503244832
2594073385365406752
1729382256910271520
33687584
36028797019097120
17041440
8914976
5244960
36028797052520480
275951650848
139586439200
576460754450909216
2305843011361179680
73014446112
42949675040
576460889742379040
2305843146652649504
2260595906709536
1143492092889120
598134325512224
351843720890400
18518801667747481632
9367487224930633760
4899916394579101728
2882303761517119520
4503599627440160
4398046646304
33820704
35184372355104
1125899907108896
1152921504607113248
2305843009213960224
17305632
9441312
6295584
35184405647392
1125899940401184
1152921504640405536
2305843009247252512
72057595111673888
277025394720
141733924896
140741783326752
281479271682080
77309415456
51539611680
140874927312928
281612415668256
2269391999733792
1161084278935584
1152956688978939936
2305878193585786912
633318697603104
422212465070112
1154047404513693728
2306968909120540704
18590859261785411616
9511602413006491680
5188146770730815520
3458764513820545056
2199023525920
4398046781472
17180925984
2305843009214750752
9223372036856881184
17592253161504
2305843026393571360
144115737831677984
6597069774880
9007199255281696
288230376152252448
562949955534880
17592320278560
144116287587500064
297237575406469152
537165856
1074036768
2199023812640
35184372645920
36028797019521056
144115188076412960
1099512709152
140737489436704
9007199255822368
1152921504607928352
136347680
34361868320
549760040992
1125899911069728
34493988896
17592454512672
1610645536
1126449662689312
141837000015904
9008298766401568
1152922604118507552
37383395377184
36030996042252320
144117387099144224
36063981391085600
144150372447977504
9147936743129120
1153062242095235104
1161928703861620768
180143985094852640
537460768
4295557152
8796093612064
17592186634272
36028797020078112
576460752304537632
2199025418272
281474978873376
18014398511644704
2305843009215856672
276889632
137447407648
9007199263195168
18446744073718005792
1099545247776
137707454496
9007199523242016
18446744073978052640
4831903776
8796629958688
17592722980896
8800388055072
17596481077280
288230384741711904
9007336693760032
18446744211148570656
283674000031776
18016597532803104
2305845208237015072
144119586122432544
26388279132192
18295873486258208
2306124484190470176
18455751272964358176
2323857407723241504
612489549322453024
2148139040
1074921504
8591114272
17592187224096
35184373268512
8796095250464
140737490583584
144115188078084128
576460752305651744
72057594042253344
2305843009218019360
36028797052649504
2199560257568
9007199791743008
9663807520
17593259917344
35185445961760
17600776110112
35192962154528
288230393331712032
9009398278127648
149533581508640
144123984169009184
576469548396576800
52776558264352
144255925564342304
576601489791909920
2377900603251752992
720575940379410464
4297326624
8592293920
70368752828448
140737497006112
35184405905440
1125899940659232
1152921504640663584
2305843009247510560
1610874912
17594333790240
144115190223601696
12885164064
6597070028832
9015995348025376
18023194602766368
144132780262162464
1161084279193632
1152956688979197984
2305878193586044960
211106232795168
1154047404513951776
2306968909120798752
27021597764485152
9799832789158461472
3458764513820803104
34393817120
72057594306887712
4832362528
8796630417440
17592723439648
8800388513824
17596481536032
140746078814240
2305843017804152864
154619346976
37383395868704
36030996042743840
144117387099635744
26388279590944
36063981391577120
144150372448469024
2305983746702573600
18447025548686786592
3377699721052192
297237575406977056
180143985095344160
72057594575847456
9664725024
17593260834848
35185446879264
17600777027616
35192963072032
2305843026394611744
1125934267629600
141837001031712
9008298767417376
1152922604119523360
52776559181856
144185556821082144
9147936744144928
1153062242096250912
1161928703862636576
612489549323436064
34496053280
12886999072
17609368010784
283674002063392
18016597534834720
2305845208239046688
149533583474720
144123984170975264
576469548398542880
144255925566308384
576601489793876000
18295873488289824
2306124484192501792
18447869973618491424
2323857407725273120
720575940381376544
17626549977120
1126449666850848
144396663056760864
2377900603255816224
137715777568
9007199531565088
18446744073986375712
1125900452102176
17660913909792
9007336702083104
18446744211156893728
211106240921632
144678138037665824
18455751272972681248
17729641775136
145241087999475744
17867097505824
1161084312485920
1152956689012490272
2305878193619337248
1154047404547244064
2306968909154091040
146366987923095584
3458764513854095392
2251937319747616
2201304956960
8798374723616
18014402938667040
144115192505040928
9007207978893344
576460761027575840
10995250495520
585467951692382240
162129586719555616
2207881625632
70377602547744
9007336962129952
18446744211416940576
72568035868704
18455751273232728096
8800924860448
17597017882656
144115197202661408
4415763251232
140755205095456
36028831915573280
2305843044110303264
9009398814867488
145136071737376
26388815937568
288300745432760352
2341871806769528864
17601849720864
35194035765280
144115223509336096
1152921540040327200
8934605717536
1126038419537952
3299608625184
9011598374993952
1134697073606688
52777631875104
288371114713808928
1297036693756444704
35220879310880
140773995577376
576460891889860640
2305843148800131104
10997263761440
144132782409383968
175924007927840
45035998421188640
2882303763664601120
140879222276128
281616710631456
72059797356150816
26392574033952
2305913382252838944
18446814446748696608
422216760033312
162129590880305184
20752587087218212896
72576357367840
72062000674373664
52785148067872
2305983755291983904
1688858450198560
585467960148099104
145152714735648
175956220182560
2341871840592396320
1297036727042441248
1134833438818336
422349904019488
18455751410403246112
2882303898956070944
9025341196599328
72075735979786272
81065343048482848
36047488716636192
9149036254724128
1153063341606830112
1161929803373215776
36066180414308384
144152571471200288
18298072509448224
2306126683213660192
2323859606746431520
180146184118075424
37159094972317728
9224502334808129568
9259405231920250912
144264721657233440
576610285884801056
27030393857245216
720584736472301600
576759819466178592
288810918291177504
2306423551353159712
81082385478713376
2594090977551450144
1154082588885778464
2307004093492625440
180179169466908704
3458799698192629792
20752657451667423264
1162069441349943328
720716677867634720
2324138882699886624
2594636335318827040
9260526733780582432
3459890413727383584
960
1472
2496
4544
1728
2752
4800
3264
5312
6336
33571008
16810176
8454336
1099511693504
2251799813750976
4325568
4398046642368
562949953552576
36028797019095232
4611686018427519168
2359488
2147745984
17180131520
35184372351168
70368744440000
1573056
2149580992
17181966528
35184374186176
70368746275008
4398050705600
562949957615808
36028797023158464
4611686018431582400
1099520016576
2251799822074048
275012124864
549890031808
137707389120
69256347840
35433480384
8797166764224
281476050452672
19327353024
35186519572672
70370891661504
12884902080
35201551958208
70385924047040
8830452760768
281509336449216
824633721024
2252899325313216
1128098930098368
567347999932608
36033195065475264
4611690416473899200
290271069733056
158329674399936
105553116266688
36591746972385472
4612248968380809408
18455751272964292800
9241386435364257984
4647714815446352064
2377900603251622080
1297036692682703040
864691128455135424
1856
2880
4928
3392
5440
6464
33587520
16843072
4503599627436352
8520000
4456768
17592186306880
281474976973120
288230376151974208
1152921504607109440
2621760
17592190239040
281474980905280
288230376155906368
1152921504611041600
4503599644148032
275146342720
137975824704
69793218880
72057595111670080
4611686019501130048
36507222336
21474836800
72057662757404992
4611686087146864960
2253998836941120
1130297953354048
571746046443840
299067162755392
288247968337756480
1152939096792891712
175921860444480
288511851128422720
1153202979583557952
18464758472219033920
9259400833873740096
4683743612465316160
2449958197289550144
1441151880758559040
3648
5696
6720
67142208
33620544
16908864
537002560
274878038592
18014398509613632
8651328
144115188076118592
4611686018427650624
4719168
8590459456
17180394048
3146304
8594129472
17184064064
144115188084245056
4611686018435777088
553648704
274894684736
18014398526259776
275414778432
18014399046353472
138512695872
70866960960
288230378299195968
2305843011361178176
38654706240
25769804352
288230444871189056
2305843077933171264
18014673387389504
2256197860196928
1134695999865408
580542139466304
316659348800064
211106232533568
18482772870728516160
9295429630892704320
4755801206503244352
2594073385365406272
1729382256910271040
7232
33686592
17040448
8913984
5243968
1099780064320
275951649856
139586438208
73014445120
70373039146048
281479271679040
42949674048
70437463655488
281543696188480
2260595906708544
72066390130951232
18446752869802574912
1143492092888128
598134325511232
1152956688978936896
351843720889408
1153484454560269376
74309393851614272
18448995873523237952
18518801667747480640
9367487224930632768
4899916394579100736
2882303761517118528
549755881536
2199023388736
33818688
17303616
140737488881728
281474977237056
9439296
6293568
140737505134656
281474993489984
277025392704
17594333530176
2251801961171008
141733922880
77309413440
51539609664
17867063953472
2252074691594304
2269391999731776
1161084278933568
576495936675514432
4611721202799478848
633318697601088
422212465068096
577586652210268224
4612811918334232640
18590859261785409600
9511602413006489664
5188146770730813504
3458764513820543040
72057594038194240
34082880
17829952
10489920
4503599895810112
279172878400
1152921508901818432
4611686022722359360
146028892224
85899350080
1152921779484758080
4611686293305299008
2286984185778240
1196268651024448
703687441780800
18734974449861267520
9799832789158203456
5764607523034239040
35184439205952
288230925907533888
4398047051840
8796093562944
69222464
34361851968
4611686018429501504
18446744073713762368
34426863680
4611686018494513216
35184506323008
566935699520
4611686052787142720
288231475663355968
13194139549760
18014398510563392
576460752304504896
549760041024
1125899911069760
35184640557120
1126449662689344
288232575175000128
594475150812938304
1074331712
2148073536
4398047625280
70368745291840
72057594039042112
288230376152825920
2199025418304
281474978873408
18014398511644736
2305843009215856704
272695360
68723736640
1099520081984
2251799822139456
4503599644213312
68987977792
35184909025344
3221291072
2252899325378624
283674000031808
18016597532803136
2305845208237015104
74766790754368
72061992084504640
288234774198288448
72127962782171200
288300744895955008
18295873486258240
2306124484190470208
2323857407723241536
360287970189705280
1074921536
8591114304
17592187224128
35184373268544
72057594040156224
1152921504609075264
4398050836544
562949957746752
36028797023289408
4611686018431713344
553779264
274894815296
18014398526390336
550024380480
275414908992
18014399046484032
9663807552
17593259917376
35185445961792
17600776110144
35192962154560
576460769483423808
18014673387520064
567348000063552
36033195065606208
4611690416474030144
288239172244865088
52776558264384
36591746972516416
4612248968380940352
4647714815446483008
1224979098644906048
4296278080
2149843008
17182228544
35184374448192
70368746537024
17592190500928
281474981167168
288230376156168256
1152921504611303488
144115188084506688
4611686018436038720
604241984
4399120515136
18014399583486016
19327615040
35186519834688
70370891923520
35201552220224
70385924309056
576460786663424064
18018796556255296
299067163017280
288247968338018368
1152939096793153600
105553116528704
288511851128684608
1153202979583819840
4755801206503505984
1441151880758820928
8594653248
17184587840
140737505656896
281474994012224
3221749824
35188667580480
288230380447203392
25770328128
18141942382656
18014948265820224
36029346775302208
13194140057664
18031990696050752
36046389205532736
288265560524324928
2322168558387264
2305913377958395968
4611756387172089920
422212465590336
2308094809027903552
4613937818241597504
76561193665822784
54043195528970304
19599665578316922944
6917529027641606208
144115188613775424
9664725056
17593260834880
35185446879296
17600777027648
35192963072064
281492157628480
4611686035608305728
309238693952
74766791737408
72061992085487680
288234774199271488
52776559181888
72127962783154240
288300744896938048
4611967493405147200
594475150813954112
360287970190688320
34428944448
4611686018496593984
144115189151694912
19329450048
35186521669696
70370893758528
35201554055232
70385926144064
4611686052789223488
2251868535259200
283674002063424
18016597534834752
2305845208239046720
105553118363712
288371113642164288
18295873488289856
2306124484192501824
2323857407725273152
1224979098646872128
68992106560
25773998144
35218736021568
1126449666850880
567348004126784
36033195069669440
4611690416478093376
299067166949440
288247968341950528
1152939096797085760
288511851132616768
1153202979587752000
36591746976579648
4612248968385003584
4647714815450546240
1441151880762753088
35253099954240
2252899333701696
288793326113521728
4755801206511632448
275431555136
18014399063130176
2251800904204352
35321827819584
18014673404166208
422212481843264
289356276075331648
35459283550272
290482175998951488
2201237848128
4400261103680
18014402871558208
72057598400004160
558412857408
70377401221184
4611686052854235200
2251937319747648
70918567100480
6597136875584
90071992614518848
824767938624
4402609913920
17596749447232
36028805877334080
288230385010081856
18014415957786688
1152921522055151680
21990500991040
1170935903384764480
324259173439111232
4415763251264
140755205095488
18014673924259904
145136071737408
17601849720896
35194035765312
288230394405322816
8831526502464
281510410190912
72057663831146560
4611686088220606528
1650341183552
18018797629734976
290272143474752
52777631875136
576601490865520704
4683743613539057728
35203699441728
70388071530560
288230447018672192
2305843080080654400
17869211435072
2252076839075904
6599217250368
18023196749987904
2269394147213376
105555263750208
576742229427617856
2594073387512889408
70441758621760
281547991154752
1152921783779721280
4611686297600262208
21994527522880
288265564818767936
351848015855680
90071996842377280
5764607527329202240
281758444552256
563233421262912
70927089926208
144119594712301632
52785148067904
4611826764505677888
844433520066624
324259181760610368
145152714735680
144124001348747328
105570296135744
4611967510583967808
3377716900397120
1170935920296198208
290305429471296
351912440365120
4683743681184792640
2594073454084882496
2269666877636672
844699808038976
5764607797912141888
18032540451340352
36046938960822336
4644886871539776
1153062791851016256
1157425653990031424
54043745284259904
18050682393198656
144151471959572544
162130686096965696
72094977433272384
18298072509448256
2306126683213660224
2323859606746431552
72132360828616768
288305142942400576
36596145018896448
4612253366427320384
4647719213492863040
360292368236150848
74318189944635456
18449004669616259136
18518810463840501824
288529443314466880
1153220571769602112
54060787714490432
1441169472944603200
1153519638932357184
577621836582355008
4612847102706319424
162164770957426752
5188181955102900288
2308165177771556928
4614008186985250880
360358338933817408
6917599396385259584
1157565841722572864
2324138882699886656
1441433355735269440
4648277765399773248
5189272670637654080
18521053467561164864
6919780827454767168
1920
2944
4992
3456
5504
6528
33620352
16908672
2199023387008
8651136
8796093284736
1125899907105152
72057594038190464
9223372036855038336
4718976
4295491968
34360263040
70368744702336
140737488880000
3146112
4299161984
34363933056
70368748372352
140737492550016
8796101411200
1125899915231616
72057594046316928
9223372036863164800
2199040033152
1099780063616
275414778240
138512695680
70866960768
17594333528448
562952100905344
38654706048
70373039145344
140741783323008
25769804160
70403103916416
140771848094080
17660905521536
563018672898432
2256197860196736
1134695999865216
72066390130950528
9223380832947798400
580542139466112
316659348799872
211106232533376
73183493944770944
9224497936761618816
18482772870728515968
9295429630892704128
4755801206503244160
2594073385365406080
1729382256910270848
3712
5760
6784
33686144
9007199254872704
17040000
8913536
35184372613760
562949953946240
576460752303948416
2305843009214218880
5243520
35184380478080
562949961810560
576460752311812736
2305843009222083200
9007199288296064
275951649408
139586437760
144115190223340160
9223372039002260096
73014444672
42949673600
144115325514809984
9223372174293729920
2260595906708096
1143492092887680
598134325510784
576495936675512960
2305878193585783424
351843720888960
577023702256845440
2306405959167115904
18518801667747480192
9367487224930632320
4899916394579100288
2882303761517118080
7296
134284416
33817728
1074005120
36028797019227264
17302656
288230376152237184
9223372036855301248
9438336
17180918912
34360788096
6292608
17188258944
34368128128
288230376168490112
9223372036871554176
1107297408
36028797052519552
36028798092706944
277025391744
141733921920
576460756598391936
4611686022722356352
77309412480
51539608704
576460889742378112
4611686155866342528
2269391999730816
1161084278932608
633318697600128
422212465067136
18590859261785408640
9511602413006488704
5188146770730812544
3458764513820542080
34080896
17827968
10487936
2199560128640
279172876416
146028890240
140746078292096
562958543358080
85899348096
140874927310976
563087392376960
144132780261902464
2286984185776256
1196268651022464
2305913377957873792
703687441778816
2306968909120538752
18734974449861265536
9799832789158201472
5764607523034237056
1099511763072
4503599627505792
4398046777472
34607232
281474977763456
562949954474112
18878592
12587136
281475010269312
562949986979968
35188667060352
283467845760
154618826880
103079219328
4504699139002496
2322168557867136
1152991873351028864
9223442405598957696
1266637395202176
844424930136192
1155173304420536448
9225623836668465280
19023204826012979328
10376293541461627008
6917529027641086080
537403520
1099512684672
35184373145728
36028797020020864
72057594038984832
2305843009215799424
1125899911045248
70368811294848
576461302059245696
36283883724928
36029896530600064
72058693549564032
36063981391061120
72092778410025088
108086391056900224
70368878411904
576461851815067776
8796094103680
17592187125888
138444928
68723703936
4503599631597696
9223372036859003008
68853727360
4503599761621120
9223372036989026432
70369012646016
1133871399040
4503668346880128
9223372105574285440
576462951326711936
26388279099520
9227875636482179200
36028797021126784
1152921504609009792
1099520082048
2251799822139520
70369281114240
2252899325378688
576465150350000256
1188950301625876608
2148663424
4296147072
8796095250560
140737490583680
144115188078084224
576460752305651840
4398050836608
562949957746816
36028797023289472
4611686018431713408
545390720
137447473280
2199040163968
9007199288426624
137975955584
70369818050688
6442582144
4504699139129472
567348000063616
36033195065606272
4611690416474030208
149533581508736
144123984169009280
576469548396576896
144255925564342400
576601489791910016
36591746972516480
4612248968380940416
4647714815446483072
720575940379410560
2149843072
17182228608
35184374448256
70368746537088
144115188080312448
2305843009218150528
8796101673088
1125899915493504
72057594046578816
9223372036863426688
1107558528
36028797052780672
1100048760960
36028798092968064
19327615104
35186519834752
70370891923584
35201552220288
70385924309120
1152921538966847616
1134696000127104
72066390131212416
9223380832948060288
576478344489730176
105553116528768
73183493945032832
9224497936761880704
9295429630892966016
2449958197289812096
8592556160
4299686016
34364457088
70368748896384
140737493074048
35184381001856
562949962334336
576460752312336512
2305843009222606976
288230376169013376
9223372036872077440
1208483968
8798241030272
36028799166972032
38655230080
70373039669376
140741783847040
70403104440448
140771848618112
1152921573326848128
1649267966080
4507997674406016
36037593112510592
598134326034560
576495936676036736
2305878193586307200
211106233057408
577023702257369216
2306405959167639680
9511602413007011968
2882303761517641856
17189306496
34369175680
281475011313792
562949988024448
6443499648
70377335160960
576460760894406784
51540656256
36283884765312
36029896531640448
72058693550604416
26388280115328
36063981392101504
72092778411065472
576531121048649856
4611826755916791936
9223512774344179840
844424931180672
153122387331645568
108086391057940608
13835058055283212416
288230377227550848
19329450112
35186521669760
70370893758592
35201554055296
70385926144128
562984315256960
9223372071216611456
149533583474816
144123984170975360
576469548398542976
105553118363776
144255925566308480
576601489793876096
9223934986810294400
1188950301627908224
720575940381376640
68857888896
4503599765782656
9223372036993187968
288230378303389824
38658900096
70373043339392
140741787517056
70403108110464
140771852288128
4503668351041664
9223372105578446976
567348004126848
36033195069669504
4611690416478093440
211106236727424
576742227284328576
36591746976579712
4612248968385003648
9227875636486340736
4647714815450546304
2449958197293744256
137984213120
51547996288
70437472043136
2252899333701760
1134696008253568
72066390139338880
9223380832956186752
598134333898880
576495936683901056
2305878193594171520
577023702265233536
2306405959175504000
73183493953159296
9224497936770007168
9295429630901092480
2882303761525506176
70506199908480
577586652227043456
9511602413023264896
36028798126260352
70643655639168
844424963686528
578712552150663296
4402475696256
8800522207360
36028805743116416
144115196800008320
1116825714816
140754802442368
4503668481065088
9223372105708470400
824767938688
141837134200960
13194273751168
9227875636616364160
180143985229037696
8805219827840
35193498894464
72057611754668160
576460770020163712
36028831915573376
2305843044110303360
43981001982080
2341871806769528960
648518346878222464
8831526502528
281510410190976
290272143474816
35203699441792
70388071530624
576460788810645632
17663053004928
563020820381824
144115327662293120
9223372176441213056
3300682367104
36037595259469952
580544286949504
105555263750272
1153202981731041408
9367487227078115456
70407398883456
140776143061120
576460894037344384
4611686160161308800
13198434500736
4521196108382336
36046393499975808
211110527500416
1153484458855235712
40532400941301888
5188146775025778816
140883517243520
563095982309504
43989055045760
576531129637535872
703696031711360
180143993684754560
11529215054658404480
141854179852416
288239189424603264
105570296135808
9223653529011355776
1688867040133248
648518363521220736
290305429471360
288248002697494656
211140592271488
9223935021167935616
2341871840592396416
580610858942592
9227875705201623168
703824880730240
9367487362369585280
5188146908169764992
36065080902680704
72093877921644672
9289773743079552
2306125583702032512
2314851307980062848
108087490568519808
36101364786397312
288302943919145088
324261372193931392
144189954866544768
36596145018896512
4612253366427320448
4647719213492863104
144264721657233536
576610285884801152
73192290037792896
9224506732854640768
9295438426985726080
720584736472301696
40549988832379008
577058886628933760
2306441143539204224
108121575428980864
2882338945889206400
2307039277864714368
1155243673164710016
9225694205412638848
324329541914853504
10376363910205800576
720716677867634816
13835198792770519168
2315131683445145728
4648277765399773312
2882866711470538880
9296555530799546496
10378545341275308160
3840
5888
6912
33817344
4398046774016
17302272
17592186569472
2251799814210304
144115188076380928
18446744073710076672
9437952
8590983936
68720526080
140737489404672
281474977760000
6292224
8598323968
68727866112
140737496744704
281474985100032
17592202822400
2251799830463232
144115188092633856
18446744073726329600
4398080066304
2199560127232
277025391360
141733921536
35188667056896
1125904201810688
77309412096
140746078290688
281483566646016
51539608320
140806207832832
281543696188160
35321811043072
1126037345796864
2269391999730432
144132780261901056
18446761665895596800
1161084278932224
633318697599744
422212465066752
146366987889541888
18448995873523237632
18590859261785408256
9511602413006488320
5188146770730812160
3458764513820541696
7424
18014398509745408
34080000
17827072
70368745227520
1125899907892480
1152921504607896832
4611686018428437760
10487040
70368760956160
1125899923621120
1152921504623625472
4611686018444166400
279172875520
288230380446680320
18446744078004520192
146028889344
85899347200
288230651029619968
18446744348587459840
4504699138999552
2286984185775360
1196268651021568
1152991873351025920
4611756387171566848
703687441777920
1154047404513690880
4612811918334231808
18734974449861264640
9799832789158200576
5764607523034236160
268568832
2148010240
72057594038454528
34605312
576460752304474368
18446744073710602496
18876672
34361837824
68721576192
12585216
34376517888
68736256256
576460752336980224
18446744073743108352
72057596185413888
283467843840
1152921513196783872
9223372045444712704
154618824960
103079217408
1152921779484756224
9223372311732685056
2322168557865216
1266637395200256
844424930134272
19023204826012977408
10376293541461625088
6917529027641084160
35655936
20975872
4399120257280
292057780480
281492156584192
1125917086716160
171798696192
281749854621952
1126174784753920
288265560523804928
2392537302044928
4611826755915747584
1407374883557632
4613937818241077504
19599665578316402944
11529215046068474112
269492480
2148540672
18014398511587584
288230376153817344
562949957624064
140737555472640
2415927552
2207613198592
1152922054362669312
306244774661202176
1074807040
2199025369344
70368746291456
72057594040041728
144115188077969664
4503599631581440
4611686018431598848
2251799822090496
140737622589696
1152922604118491392
72567767449856
72059793061200128
144117387099128064
72127962782122240
144185556820050176
4616189618054775040
216172782113800448
140737756823808
1152923703630135552
17592188207360
35184374251776
276889856
137447407872
9007199263195392
18446744073718006016
4503599644213504
137707454720
9007199523242240
18446744073978052864
140738025292032
2267742798080
9007336693760256
18446744211148570880
1152925902653423872
52776558199040
18455751272964358400
72057594042253568
2305843009218019584
2199040164096
140738562228480
1152930300700000512
2377900603251753216
4297326848
8592294144
17592190501120
281474981167360
288230376156168448
1152921504611303680
8796101673216
1125899915493632
72057594046578944
9223372036863426816
1090781440
274894946560
4398080327936
275951911168
140739636101376
12885164288
9009398278258944
1134696000127232
72066390131212544
9223380832948060416
299067163017472
288247968338018560
1152939096793153792
288511851128684800
1153202979583820032
73183493945032960
9224497936761880832
9295429630892966144
1441151880758821120
4299686144
34364457216
70368748896512
140737493074176
288230376160624896
4611686018436301056
17592203346176
2251799830987008
144115188093157632
18446744073726853376
2200097521920
4503600701636864
72057596185936128
38655230208
70373039669504
140741783847168
70403104440576
140771848618240
2305843077933695232
4505798651150592
2269392000254208
144132780262424832
18446761665896120576
1152956688979460352
211106233057536
146366987890065664
18448995873523761408
18590859261785932032
4899916394579624192
17185112320
8599372032
68728914176
140737497792768
281474986148096
70368762003712
1125899924668672
1152921504624673024
4611686018445213952
576460752338026752
18446744073744154880
2416967936
17596482060544
72057598333944064
77310460160
140746079338752
281483567694080
140806208880896
281543697236224
2305843146653696256
3298535932160
9015995348812032
72075186225021184
1196268652069120
1152991873352073472
4611756387172614400
422212466114816
1154047404514738432
4612811918335279360
19023204826014023936
5764607523035283712
34378612992
68738351360
12886999296
140754670321920
1152921521788813568
103081312512
72567769530624
72059793063280896
144117387101208832
52776560230656
72127962784203008
144185556822130944
1153062242097299712
9223653511833583872
18447025548688359680
1688849862361344
306244774663291136
216172782115881216
27670116110566424832
576460754455101696
38658900224
70373043339520
140741787517184
70403108110592
140771852288256
1125968630513920
18446744142433222912
299067166949632
288247968341950720
1152939096797085952
211106236727552
288511851132616960
1153202979587752192
18447869973620588800
4616189618058952960
2377900603255816448
1441151880762753280
137715777792
9007199531565312
18446744073986375936
576460756606779648
77317800192
140746086678784
281483575034112
140806216220928
281543704576256
9007336702083328
18446744211156893952
1134696008253696
72066390139339008
9223380832956186880
422212473454848
1153484454568657152
73183493953159424
9224497936770007296
18455751272972681472
9295429630901092608
4899916394587488512
275968426240
103095992576
140874944086272
2269392016507136
144132780278677760
18446761665912373504
1196268667797760
1152991873367802112
4611756387188343040
1154047404530467072
4612811918351008000
146366987906318592
18448995873540014336
18590859261802184960
5764607523051012352
141012399816960
1155173304454086912
19023204826046529792
4503634054217984
2305843043640541440
2310346608908173568
8804951392512
17601044414720
72057611486232832
288230393600016640
2233651429632
281509604884736
9007336962130176
18446744211416940800
283674268401920
26388547502336
18455751273232728320
360287970458075392
17610439655680
70386997788928
144115223509336320
1152921540040327424
72057663831146752
4611686088220606720
4505799724368128
87962003964160
4683743613539057920
1297036693756444928
17663053005056
563020820381952
580544286949632
70407398883584
140776143061248
1152921577621291264
35326106009856
1126041640763648
288230655324586240
18446744352882426112
6601364734208
72075190518939904
1161088573899008
211110527500544
2306405963462082816
18734974454156230912
140814797766912
281552286122240
1152921788074688768
9223372320322617600
26396869001472
9042392216764672
72092786999951616
422221055000832
2306968917710471424
81064801882603776
10376293550051557632
281767034487040
1126191964619008
87978110091520
1153062259275071744
1407392063422720
580964369110663424
360287987369509120
23058430109316808960
283708359704832
576478378849206528
211140592271616
18447307058022711552
3377734080266496
2310346643200803072
1297036727042441472
580610858942720
576496005394989312
422281184542976
18447870042335871232
4683743681184792832
1161221717885184
18455751410403246336
1407649761460480
18734974724739170560
10376293816339529984
72130161805361408
144187755843289344
18579547486159104
4612251167404065024
4629702615960125696
216174981137039616
72202729572794624
576605887838290176
648522744387862784
288379909733089536
73192290037793024
9224506732854640896
9295438426985726208
288529443314467072
1153220571769602304
146384580075585792
18449013465709281536
22535590322897152
18590876853971452160
1441169472944603392
81099977664758016
1154117773257867520
4612882287078408448
292804344523260160
216243150857961728
5764677891778412800
4614078555729428736
648659083829707008
20752727820411601152
1441433355735269632
27670397585541038336
4630263366890291456
9296555530799546624
5765733422941077760
18593111061599092992
7680
8796093548032
34604544
35184373138944
288230376152761856
18875904
17181967872
137441052160
281474978809344
562949955520000
12584448
17196647936
137455732224
281474993489408
562949970200064
35184405644800
288230376185267712
4399120254464
283467843072
70377334113792
2251808403621376
154618824192
281492156581376
562967133292032
103079216640
281612415665664
563087392376320
70643622086144
2252074691593728
288265560523802112
2322168557864448
1266637395199488
844424930133504
19023204826012976640
10376293541461624320
6917529027641083392
549755947520
36028797019490816
35654144
140737490455040
2251799815784960
2305843009215793664
9223372036856875520
20974080
140737521912320
2251799847242240
2305843009247250944
9223372036888332800
576460760893360640
292057778688
171798694400
9009398277999104
2392537302043136
2305983746702051840
9223512774343133696
1407374883555840
2308094809027381760
9225623836668463616
19599665578316401152
11529215046068472320
537137664
4296020480
144115188076909056
1152921504608948736
37753344
68723675648
137443152384
25170432
68753035776
137472512512
144115192370827776
2305843026393567744
18446744090889425408
309237649920
206158434816
2533274790400512
1688849860268544
20752587082923250176
13835058055282168320
281475043828224
2305843558969516544
538984960
4297081344
36028797023175168
576460752307634688
549764219392
1125899915248128
281475110945280
4831855104
4415226397184
1126449662673408
2305844108725338624
612489549322404352
2149614080
4398050738688
140737492582912
144115188080083456
288230376155939328
9007199263162880
9223372036863197696
549772624384
281475245179392
2305845208236982784
145135534899712
144119586122400256
288234774198256128
144255925564244480
288371113640100352
9232379236109550080
432345564227600896
281475513647616
2305847407260271104
35184376414720
70368748503552
553779712
274894815744
18014398526390784
9007199288427008
275414909440
18014399046484480
281476050584064
4535485596160
18014673387520512
2305851805306847744
105553116398080
144115188084507136
4611686018436039168
4398080328192
281477124456960
2305860601400001024
4755801206503506432
8594653696
17184588288
35184381002240
562949962334720
576460752312336896
2305843009222607360
17592203346432
2251799830987264
144115188093157888
18446744073726853632
2181562880
550293209600
281479272202752
25770328576
18018796556517888
2269392000254464
144132780262425088
18446761665896120832
598134326034944
576495936676037120
2305878193586307584
577023702257369600
2306405959167640064
146366987890065920
18448995873523761664
18590859261785932288
2882303761517642240
8599372288
68728914432
140737497793024
281474986148352
576460752321249792
9223372036872602112
35184406692352
288230376186315264
605028864
4400195043840
9007201403273728
144115192371872256
77310460416
140746079339008
281483567694336
140806208881152
281543697236480
4611686155867390464
9011597302301184
288265560524849664
2305913377958920704
422212466115072
9799832789159248384
34370224640
17198744064
137457828352
281474995585536
562949972296192
140737524007424
2251799849337344
2305843009249346048
9223372036890427904
4833935872
35192964121088
144115196667888128
154620920320
281492158677504
562967135388160
281612417761792
563087394472448
4611686293307392512
9345850933760
6597071864320
18031990697624064
144150372450042368
2392537304138240
2305983746704146944
9223512774345228800
844424932229632
2308094809029476864
9225623836670558720
11529215046070567424
68757225984
137476702720
25773998592
281509340643840
2305843043577627136
206162625024
145135539061248
144119586126561792
288234774202417664
105553120461312
144255925568406016
288371113644261888
2306124484194599424
18447307023667167744
3377699724722688
612489549326582272
432345564231762432
1152921508910203392
77317800448
140746086679040
281483575034368
140806216221184
281543704576512
2251937261027840
1126449671045632
598134333899264
576495936683901440
2305878193594171904
422212473455104
577023702265233920
2306405959175504384
9232379236117905920
4755801206511632896
2882303761525506560
275431555584
18014399063130624
1152921513213559296
154635600384
281492173357568
562967150068224
281612432441856
563087409152512
18014673404166656
2269392016507392
144132780278678016
18446761665912373760
844424946909696
2306968909137314304
146366987906318848
18448995873540014592
18590859261802185216
9799832789174977024
206191985152
281749888172544
288265560557355520
2392537335595520
2305983746735604224
9223512774376686080
2308094809060934144
9225623836702016000
11529215046102024704
4406703555072
8804750066176
9007233681588736
1152921539033694720
13194206642688
1161928703928697344
9007268108435968
4611686087281082880
4620693217816347136
17609902785024
35202088829440
144115222972465664
576460787200033280
4467302859264
563019209769472
18014673924260352
567348536803840
52777095004672
720575940916150784
35220879311360
140773995577856
288230447018672640
2305843080080654848
144115327662293504
9223372176441213440
9011599448736256
175924007928320
9367487227078115840
2594073387512889856
35326106010112
1126041640763904
1161088573899264
140814797767168
281552286122496
2305843155242582528
70652212019712
2252083281527296
18150531793408
13202729468416
144150381037879808
2322177147798016
422221055001088
4612811926924165632
281629595533824
563104572244480
70935679861248
18014965445165568
144115755011539456
52793738002944
18084784433529344
144185573999903232
844442110001664
4613937835420942848
162129603765207552
20752587100103115264
175956220183040
2306124518550143488
2814784126845440
1161928738221326848
720575974739018240
567416719409664
1152956757698413056
422281184543232
4620693286401606144
2594073454084882944
1161221717885440
1152992010789978624
844562369085952
9367487362369585664
2322443435770368
18085317009474048
144186106575847936
9148486498910720
576602039547593216
585468501313978880
162130136341152256
144260323610722816
288375511686578688
37159094972318208
9224502334808130048
9259405231920251392
432349962274079232
144405459145589248
1153211775676580352
1297045488775725568
576759819466179072
146384580075586048
18449013465709281792
18590876853971452416
577058886628934144
2306441143539204608
45071180645794304
2882338945889206784
162199955329516032
2308235546515735040
9225764574156816896
585608689046520320
432486301715923456
11529355783556825600
1297318167659414016
2882866711470539264
9260526733780582912
18593111061599093248
11531466845882155520
67177472
17592187096064
70368746277888
576460752305523712
37751808
34363935744
274882104320
562949957618688
1125899911040000
25168896
34393295872
274911464448
562949986978816
1125899940400128
8798240508928
140754668227584
309237648384
562984313162752
1125934266584064
206158433280
563224831331328
1126174784752640
576531121047604224
2533274790398976
1688849860267008
20752587082923248640
13835058055282166784
1099511895040
72057594038981632
281474980910080
4611686018431587328
18446744073713751040
41948160
1152921521786721280
343597388800
18018796555998208
4611967493404103680
18447025548686267392
2814749767111680
23058430092136944640
562950020539392
4611686568183211008
562950087656448
4611687117939033088
1077969920
8594162688
72057594046350336
1152921504615269376
1099528438784
2251799830496256
562950221890560
9663710208
8830452794368
2252899325346816
4611688217450677248
1224979098644808704
4299228160
8796101477376
281474985165824
288230376160166912
576460752311878656
18014398526325760
18446744073726395392
1099545248768
562950490358784
4611690416473965568
290271069799424
288239172244800512
576469548396512256
288511851128488960
576742227280200704
18464758472219100160
864691128455201792
562951027295232
4611694814520542208
70368752829440
140737497007104
1107559424
36028797052781568
36028798092968960
562952101168128
9070971192320
4611703610613695488
211106232796160
288230376169014272
9223372036872078336
562954248913920
4611721202800002048
9511602413007012864
17189307392
34369176576
70368762004480
1125899924669440
1152921504624673792
4611686018445214720
35184406692864
288230376186315776
1100586419200
562958544405504
51540657152
36037593113035776
288265560524850176
1196268652069888
1152991873352074240
4611756387172615168
1154047404514739200
4612811918335280128
5764607523035284480
17198744576
137457828864
281474995586048
562949972296704
1152921504642499584
18446744073745204224
1210057728
8800390087680
18014402806547456
288230384743744512
154620920832
281492158678016
562967135388672
281612417762304
563087394472960
9223372311734780928
18023194604602368
576531121049699328
4611826755917841408
844424932230144
19599665578318496768
68740449280
34397488128
274915656704
562949991171072
1125899944592384
9667871744
70385928242176
288230393335776256
309241840640
562984317355008
1125934270776320
563224835523584
1126174788944896
18691701867520
13194143728640
36063981395248128
288300744900084736
4611967493408293888
18447025548690457600
1688849864459264
22517998141047808
23058430092141134848
51547997184
563018681287680
4611686087155254272
412325250048
290271078122496
288239172253123584
576469548404835328
211106240922624
288511851136812032
576742227288523776
4612248968389198848
1224979098653164544
864691128463524864
2305843017820406784
154635600896
281492173358080
562967150068736
281612432442368
563087409153024
2252899342091264
1196268667798528
1152991873367802880
4611756387188343808
844424946910208
1154047404530467840
4612811918351008768
18464758472235811840
9511602413023265792
5764607523051013120
36028798126261248
2305843026427118592
309271200768
562984346715136
1125934300136448
563224864883712
1126174818305024
288265560557356032
1688849893819392
4613937818274628608
19599665578349954048
1133938476032
140771915203584
36028831445812224
288230410578560000
141837067092992
36029896597701632
288231475730449408
36169534574429184
288371113707176960
324259173237785600
8813407110144
17609500132352
18014467363177472
2305843078067389440
26388413285376
2323857407857394688
18014536216871936
9223372174562165760
9241386435632694272
35219805570048
70404177658880
288230445944931328
1152921574400066560
8934605718528
1126038419538944
1134697073607680
105554190009344
1441151881832301568
70441758622720
281547991155712
576460894037345280
4611686160161309696
288230655324587008
18446744352882426880
18023198897472512
351848015856640
18734974454156231680
5188146775025779712
70652212020224
2252083281527808
2322177147798528
281629595534336
563104572244992
4611686310485165056
36301063586816
26405458936832
288300762075759616
844442110002176
9225623853848331264
563259191067648
1126209144488960
141871359722496
36029930890331136
288231510023078912
105587476005888
36169568867058688
288371147999806464
1688884220003328
324259207530415104
351912440366080
4612249037100286976
2323857476442653696
1441151949478036480
1134833438819328
2305913515396826112
844562369086464
9241386572803212288
5188146908169765888
2322443435770880
2305984021579957248
1689124738171904
18734974724739171328
36170634018948096
288372213151695872
18296972997821440
1153204079095186432
1170937002627957760
324260272682304512
288520647221445632
576751023373157376
74318189944636416
18449004669616260096
18518810463840502784
864699924548158464
288810918291178496
2306423551353160704
2594090977551451136
1153519638932358144
1154117773257868288
4612882287078409216
90142361291588608
5764677891778413568
324399910659032064
1171217378093040640
864972603431846912
23058711567113651200
2594636335318828032
5765733422941078528
18521053467561165824
134354944
35184374192128
140737492555776
1152921504611047424
68727871488
1125899915237376
2251799822080000
50337792
550024255488
17596481017856
281509336455168
1125968626325504
2251868533168128
412316866560
1153062242095208448
3377699720534016
27670116110564333568
1125899973961728
9223372586610599936
1125900041078784
9223373136366422016
1125900175312896
9223374235878066176
2155939840
17188325376
144115188092700672
2305843009230538752
2199056877568
1125900443781120
19327420416
17660905588736
9223376434901354496
2449958197289617408
8598456320
17592202954752
562949970331648
576460752320333824
1152921504623757312
36028797052651520
1125900980717568
9223380832947931136
580542139598848
576478344489601024
1152939096793024512
577023702256977920
1153484454560401408
1729382256910403584
1125902054590464
9223389629041084416
140737505658880
281474994014208
72057596185937920
1125904202336256
9223407221227390976
422212465592320
576460752338028544
18446744073744156672
1125908497827840
9223442405600004096
19023204826014025728
34378614784
68738353152
140737524008960
2251799849338880
2305843009249347584
9223372036890429440
203425792
2201172838400
1125917088811008
103081314304
72075186226071552
576531121049700352
2392537304139776
2305983746704148480
9223512774345230336
2308094809029478400
9225623836670560256
11529215046070568960
34397489152
274915657728
562949991172096
1125899944593408
2420115456
17600780175360
36028805613094912
576460769487489024
309241841664
562984317356032
1125934270777344
563224835524608
1126174788945920
36046389209204736
1153062242099398656
9223653511835682816
1688849864460288
137480898560
19335743488
140771856484352
576460786671552512
1125968634710016
2251868541552640
37383403735040
26388287457280
72127962790496256
576601489800169472
9223934986816587776
3377699728918528
45035996282095616
103095994368
1126037362575360
9223372174310508544
580542156244992
576478344506247168
1152939096809670656
422212481845248
577023702273624064
1153484454577047552
9224497936778397696
2449958197306329088
1729382256927049728
4611686035640813568
309271201792
562984346716160
1125934300137472
563224864884736
1126174818306048
2392537335597056
2305983746735605760
9223512774376687616
1688849893820416
2308094809060935680
9225623836702017536
19023204826046531584
11529215046102026240
2233450104832
70403171026944
72567834544128
2267876952064
281543830407168
72057662891624448
576460821157120000
283674134185984
72059793195403264
576462951460898816
72339069148858368
576742227414353920
648518346475571200
17626814220288
35219000264704
36028934726354944
4611686156134778880
52776826570752
4647714815714789376
36029072433743872
18446744349124331520
18482772871265388544
70439611140096
140808355317760
576460891889862656
2305843148800133120
17869211437056
2252076839077888
2269394147215360
211108380018688
2882303763664603136
140883517245440
563095982311424
1152921788074690560
9223372320322619392
2757369006080
36046397794945024
703696031713280
10376293550051559424
18159121729536
563259191068672
1126209144489984
72602127173632
52810917873664
576601524151519232
1688884220004352
283742719444992
72059861780662272
576463020046157824
211174952011776
72339137734117376
576742295999612928
3377768440006656
648518415060830208
703824880732160
9224498074200573952
4647714952885307392
2882303898956072960
2269666877638656
4611827030793652224
1689124738172928
18482773145606424576
10376293816339531776
36170084263135232
144256475320027136
180144534850635776
72341268037896192
576744426303391744
36593945995642880
2306408158190372864
2341874005255915520
648520545364609024
577041294442891264
1153502046746314752
1729399849096316928
577621836582356992
4612847102706321408
5188181955102902272
2307039277864716288
2308235546515736576
9225764574156818432
180284722583177216
11529355783556827136
648799821318064128
2342434756186081280
1729945206863693824
5189272670637656064
11531466845882157056
17592202833920
35184388878336
2251799880806400
18446744623465377792
52776558145536
2251799947923456
18446745173221199872
2251800082157568
18446746272732844032
2251800350625792
18446748471756132352
4311879680
34376650752
288230376185401344
4611686018461077504
2251800887562240
38654840832
35321811177472
4504699139133440
18446752869802708992
4899916394579234816
17196912640
35184405909504
1125899940663296
1152921504640667648
2305843009247514624
2251801961435136
18446761665895862272
1161084279197696
1152956688979202048
2305878193586049024
1154047404513955840
2306968909120802816
3458764513820807168
2251804109180928
18446779258082168832
281475011317760
562949988028416
144115192371875840
2251808404672512
18446814442454781952
844424931184640
550831656960
2251816995655680
18446884811200008192
68757229568
137476706304
406851584
4402345676800
4503603926536192
2251834177622016
206162628608
4507997678080000
144150372452143104
1153062242099400704
4611967493408296960
18447025548690460672
23058430092141137920
4840230912
35201560350720
72057611226189824
1152921538974978048
1125968634712064
2251868541554688
1649275834368
72092778418409472
2306124484198797312
18447307023671365632
3377699728920576
38671486976
281543712968704
1152921573343105024
2251937269420032
74766807470080
52776574914560
4644337132507136
144255925580992512
1153202979600338944
18447869973633175552
148618787720007680
90071992564191232
206191988736
2252074725150720
18446744348621017088
1161084312489984
1152956689012494336
2305878193619341312
844424963690496
1154047404547248128
2306968909154095104
18448995873556795392
9227875636515704832
4899916394612658176
3458764513854099456
4466900209664
140806342053888
145135669088256
4535753904128
563087660814336
144115325783248896
1152921642314240000
567348268371968
144119586390806528
1152925902921797632
144678138297716736
1153484454828707840
1297036692951142400
35253628440576
70438000529408
72057869452709888
9223372312269557760
105553653141504
9295429631429578752
140879222280192
281616710635520
1152921783779725312
4611686297600266240
4508001968852992
422216760037376
5764607527329206272
281767034490880
1126191964622848
5514738012160
72092795589890048
1407392063426560
20752587100103118848
36318243459072
145204254347264
105621835747328
1153203048303038464
3377768440008704
292734044498563072
567485438889984
144119723561324544
1152926040092315648
422349904023552
144678275468234752
1153484591999225856
2310346746280022016
1297036830121660416
1407649761464320
18448996148401147904
9295429905770614784
5764607797912145920
72340168526270464
288512950640054272
360289069701271552
144682536075792384
1153488852606783488
73187891991285760
4612816316380745728
4683748010511831040
1297041090729218048
1154082588885782528
2307004093492629504
3458799698192633856
1155243673164713984
9225694205412642816
10376363910205804544
4614078555729432576
148759525191585792
581245826907508736
360569445166354432
23058711567113654272
1297599642636128256
4684869512372162560
3459890413727387648
10378545341275312128
122880
188416
319488
581632
1105920
2154496
4251648
8445952
16834560
33611776
221184
352256
614400
1138688
2187264
4284416
8478720
16867328
33644544
417792
679936
1204224
2252800
4349952
8544256
16932864
33710080
811008
1335296
2383872
4481024
8675328
17063936
33841152
1597440
2646016
4743168
8937472
17326080
34103296
3170304
5267456
9461760
17850368
34627584
6316032
10510336
18898944
35676160
12607488
20996096
37773312
25190400
41967616
50356224
201351168
2199291715584
4503599895830528
9007199523201024
72057594574823424
288230377225478144
1125917086736384
1649267466240
4505798650650624
9009398278021120
36033195065499648
576495936675536896
18447307023662997504
13510798882136064
237568
368640
630784
1155072
2203648
4300800
8495104
16883712
33660928
434176
696320
1220608
2269184
4366336
8560640
16949248
33726464
827392
1351680
2400256
4497408
8691712
17080320
33857536
1613824
2662400
4759552
8953856
17342464
34119680
3186688
5283840
9478144
17866752
34643968
6332416
10526720
18915328
35692544
12623872
21012480
37789696
25206784
41984000
50372608
335585280
36028797555875840
9223372045444751360
2748779110400
22517998136893440
466944
729088
1253376
2301952
4399104
8593408
16982016
33759232
860160
1384448
2433024
4530176
8724480
17113088
33890304
1646592
2695168
4792320
8986624
17375232
34152448
3219456
5316608
9510912
17899520
34676736
6365184
10559488
18948096
35725312
12656640
21045248
37822464
25239552
42016768
50405376
604053504
1099578810368
2199090438144
402726912
1100048572416
2199560200192
35186519646208
281483566718976
4947802398720
3298534957056
40532396646408192
27021597764296704
925696
1449984
2498560
4595712
8790016
17178624
33955840
1712128
2760704
4857856
9052160
17440768
34217984
3284992
5382144
9576448
17965056
34742272
6430720
10625024
19013632
35790848
12722176
21110784
37888000
25305088
42082304
50470912
1140989952
671227904
9345848975360
9007749010694144
36029346774917120
5497558278144
9015995347902464
36037593112125440
2305983746702188544
76561193665437696
45035996273844224
1843200
2891776
4988928
9183232
17571840
34349056
3416064
5513216
9707520
18096128
34873344
6561792
10756096
19144704
35921920
12853248
21241856
38019072
25436160
42213376
50601984
2214862848
18014398576861184
36028797086343168
1208229888
805576704
18014400657235968
36028799166717952
2305843017803898880
9223372054034915328
18141942128640
9895604920320
6597070036992
288265560524070912
148618787703496704
81064793292939264
54043195528716288
3678208
5775360
9969664
18358272
35135488
6823936
11018240
19406848
36184064
13115392
21504000
38281216
25698304
42475520
50864128
4362608640
2282233856
1342709760
35734128435200
18691698204672
10995116810240
292733975779614720
153122387331129344
90071992547942400
7348224
11542528
19931136
36708352
13639680
22028288
38805504
26222592
42999808
51388416
8658100224
9007199322906624
288230376219877376
4430241792
2416975872
1611669504
9007207845732352
288230384742703104
2305843026394619904
70918501048320
36283884773376
36029896531648512
72058693550612480
19791210356736
13194140590080
36063981392109568
72092778411073536
580964351931850752
297237575407509504
162129586586394624
108086391057948672
14688256
23076864
39854080
27271168
44048384
52436992
17249083392
8726257664
8796229345280
4565508096
2686459904
8804685062144
141287246274560
71468257910784
37383397449728
21990234660864
1157425104236322816
585467951560269824
306244774663299072
180143985096925184
29368320
46145536
54534144
34431049728
17318289408
4398184931328
35184510509056
8862572544
4836040704
3225427968
4415230582784
35201556160512
282024736727040
141837004185600
72567771635712
39582422802432
26388283269120
2310346608845266944
1161928703865790464
594475150817107968
324259173174878208
216172782117986304
58728448
68794982400
34502352896
17456701440
9135202304
5377105920
563499717632000
282574496735232
142936520007680
74766799085568
43980473507840
4616189618063155200
2314850208476831744
1170935903124725760
612489549330784256
360287970198036480
137522847744
68870479872
34644959232
17733525504
9680461824
6459236352
1126449679441920
564049481834496
18015498037895168
2305844108742107136
283674016751616
144117387115896832
288232575191752704
145135551651840
79164853985280
52776574918656
144396663069351936
288511851145207808
18577348479688704
2306405959183900672
9227875636498931712
4620693217698914304
2323857407739961344
1188950301642596352
648518346358136832
432345564244353024
274978578432
137606733824
69021474816
34930171904
18287173632
10770980864
2252349603061760
1126999452033024
565149010239488
285873056784384
149533614940160
87960963784704
18451247673370484736
9232379236143079424
4629700416970432512
2341871806266220544
1224979098678337536
720575940412841984
1100115615744
2199627243520
18014400724082688
36028799233564672
9007207911792640
288230384808763392
4504149450301440
3298602000384
297237575473569792
54043195595563008
8804817182720
4415360606208
35201686183936
288230651163844608
576461027315556352
4504699273224192
36030996176445440
39582552825856
2449958197423775744
864691128589361152
4505798919069696
9009398546440192
288239172513177600
316659617243136
13510799150555136
27670116110832771072
3299071762432
4507998210760704
2305878194122661888
1688850397143040
4512396794142720
18446884812271656960
4521193960906752
54043197675937792
4538788294434816
4573976961490944
297237583996395520
288231492843216896
39599598477312
4644354295603200
4785108963827712
5066618300276736
5629636973174784
6755674318970880
864691403333050368
9016545103585280
36038142867808256
45036546029527040
36065080902688768
72093877921652736
18578447974539264
2306407058678751232
2323858507234811904
108087490568527872
144398862075830272
288514050151686144
73185692968034304
2306971108143800320
13512997905375232
2377902802274885632
432347763250831360
9511606811053006848
45044792366735360
11529223842161500160
108121575428988928
432627039204286464
2324420357676605440
2379026503158472704
245760
376832
638976
1163264
2211840
4308992
8503296
16891904
33669120
442368
704512
1228800
2277376
4374528
8568832
16957440
33734656
835584
1359872
2408448
4505600
8699904
17088512
33865728
1622016
2670592
4767744
8962048
17350656
34127872
3194880
5292032
9486336
17874944
34652160
6340608
10534912
18923520
35700736
12632064
21020672
37797888
25214976
41992192
50380800
604028928
549822971904
4398113669120
9007199321899008
18014398576640000
402702336
550292733952
4398583431168
9007199791661056
18014399046402048
144115189149646848
576460754450956288
2251834173472768
4947802374144
9007749010604032
18014948265345024
3298534932480
9011597301301248
18018796556042240
72066390130999296
1152991873351073792
40532396646383616
27021597764272128
475136
737280
1261568
2310144
4407296
8601600
16990208
33767424
868352
1392640
2441216
4538368
8732672
17121280
33898496
1654784
2703360
4800512
8994816
17383424
34160640
3227648
5324800
9519104
17907712
34684928
6373376
10567680
18956288
35733504
12664832
21053440
37830656
25247744
42024960
50413568
1140932608
4503599694561280
72057594105118720
671170560
4503600701194240
72057595111751680
18446744090889502720
9345848918016
5497558220800
76561193665380352
45035996273786880
933888
1458176
2506752
4603904
8798208
17186816
33964032
1720320
2768896
4866048
9060352
17448960
34226176
3293184
5390336
9584640
17973248
34750464
6438912
10633216
19021824
35799040
12730368
21118976
37896192
25313280
42090496
50479104
2214739968
1208107008
2199157620736
4398180876288
805453824
2200097144832
4399120400384
70373039292416
562967133437952
18141942005760
9895604797440
6597069914112
148618787703373824
81064793292816384
54043195528593408
1851392
2899968
4997120
9191424
17580032
34357248
3424256
5521408
9715712
18104320
34881536
6569984
10764288
19152896
35930112
12861440
21250048
38027264
25444352
42221568
50610176
4362354688
2281979904
1342455808
35734128181248
18691697950720
18015498021388288
72058693549834240
10995116556288
18031990695804928
72075186224250880
4611967493404377088
292733975779360768
153122387330875392
90071992547688448
3686400
5783552
9977856
18366464
35143680
6832128
11026432
19415040
36192256
13123584
21512192
38289408
25706496
42483712
50872320
8657584128
4429725696
36028797153722368
72057594172686336
2416459776
1611153408
36028801314471936
72057598333435904
4611686035607797760
18446744108069830656
70918500532224
4504149383725056
576461302059778048
36283884257280
19791209840640
13194140073984
4573968372088832
576531121048141824
580964351931334656
297237575406993408
162129586585878528
108086391057432576
7356416
11550720
19939328
36716544
13647872
22036480
38813696
26230784
43008000
51396608
17248043008
8725217280
4564467712
2685419520
141287245234176
71468256870400
37383396409344
21990233620480
1157425104235282432
585467951559229440
306244774662258688
180143985095884800
14696448
23085056
39862272
27279360
44056576
52445184
34428960768
4611686018496610304
17316200448
18014398645813248
576460752439754752
8860483584
4833951744
3223339008
18014415691464704
576460769485406208
4611686052789239808
282024734638080
141837002096640
72567769546752
72059793063297024
144117387101224960
39582420713472
26388281180160
72127962784219136
144185556822147072
2310346608843177984
1161928703863701504
594475150815019008
324259173172789248
216172782115897344
29376512
46153728
54542336
68790796288
34498166784
17452515328
17592458690560
9131016192
5372919808
17609370124288
563499713445888
282574492549120
142936515821568
74766794899456
43980469321728
4616189618058969088
2314850208472645632
1170935903120539648
612489549326598144
360287970193850368
58736640
137514467328
68862099456
34636578816
8796369862656
70369021018112
17725145088
9672081408
6450855936
8830461165568
70403112321024
1126449671061504
564049473454080
283674008371200
145135543271424
79164845604864
52776566538240
9227875636490551296
4620693217690533888
2323857407731580928
1188950301634215936
648518346349756416
432345564235972608
274961809408
137589964800
69004705792
34913402880
18270404608
10754211840
2252349586292736
1126999435264000
565148993470464
285873040015360
149533598171136
87960947015680
18451247673353715712
9232379236126310400
4629700416953663488
2341871806249451520
1224979098661568512
720575940396072960
275045695488
137740959744
69289918464
35467051008
19360923648
12918472704
2252899358883840
1128098963668992
36030996075790336
4611688217484214272
567348033503232
288234774231793664
576465150383505408
290271103303680
158329707970560
105553149837312
288793326138703872
577023702290415616
37154696959377408
4612811918367801344
18455751272997863424
9241386435397828608
4647714815479922688
2377900603285192704
1297036692716273664
864691128488706048
1099847188480
550359810048
4398650507264
9007199858737152
18014399113478144
4503600768237568
72057595178795008
4611686052854251520
4947869450240
9007749077680128
18014948332421120
9011597368377344
18018796623118336
76561193732423680
27021597831348224
2200231231488
4399254487040
36028801448165376
72057598467129344
18014415823585280
576460769617526784
9008298900602880
6597204000768
594475150947139584
108086391191126016
17609634365440
8830721212416
70403372367872
4505798919077888
9009398546448384
72061992352890880
79165105651712
13510799150563328
4899916394847551488
1729382257178722304
4948339212288
9007749547442176
18014948802183168
9011597838139392
18018797092880384
576478345026355200
633319234486272
27021598301110272
6598143524864
9015996421521408
4611756388245323776
3377700794286080
76561194739056640
9024793588285440
9042387921813504
108086395351875584
9077576588869632
9147953922981888
594475167992791040
576462985686433792
79199196954624
9288708591206400
9570217927655424
10133236600553472
11259273946349568
9012147057082368
18019346311823360
4574518127378432
576531670803431424
580964901686624256
27022147520053248
18033090207170560
72076285735616512
90073092059054080
72130161805377536
144187755843305472
37156895949078528
4612814117357502464
13512997905383424
4647717014469623808
216174981137055744
288797724151660544
577028100303372288
146371385936068608
4613942216287600640
27025995810750464
4755805604549771264
864695526501662720
19023213622106013696
90089584733470720
23058447684323000320
581034720674988032
216243150857977856
865254078408572928
4648840715353210880
4758053006316945408
491520
753664
1277952
2326528
4423680
8617984
17006592
33783808
884736
1409024
2457600
4554752
8749056
17137664
33914880
1671168
2719744
4816896
9011200
17399808
34177024
3244032
5341184
9535488
17924096
34701312
6389760
10584064
18972672
35749888
12681216
21069824
37847040
25264128
42041344
50429952
2214690816
288230376218918912
1208057856
1099645943808
8796227338240
18014398643798016
36028797153280000
805404672
1100585467904
8797166862336
18014399583322112
36028798092804096
288230378299293696
1152921508901912576
18141941956608
4504149383282688
144115737831768064
9895604748288
18015498021208064
36029896530690048
6597069864960
18023194602602496
36037593112084480
4521191813513216
144132780261998592
2305983746702147584
148618787703324672
81064793292767232
54043195528544256
950272
1474560
2523136
4620288
8814592
17203200
33980416
1736704
2785280
4882432
9076736
17465344
34242560
3309568
5406720
9601024
17989632
34766848
6455296
10649600
19038208
35815424
12746752
21135360
37912576
25329664
42106880
50495488
4362240000
2281865216
9007199389122560
144115188210237440
1342341120
9007201402388480
144115190223503360
35734128066560
18691697836032
10995116441600
292733975779246080
153122387330760704
90071992547573760
1867776
2916352
5013504
9207808
17596416
34373632
3440640
5537792
9732096
18120704
34897920
6586368
10780672
19169280
35946496
12877824
21266432
38043648
25460736
42237952
50626560
8657338368
140737555759104
4429479936
2416214016
4398315241472
8796361752576
1610907648
4400194289664
8798240800768
140746078584832
1125934266875904
70918500286464
36283884011520
19791209594880
13194139828224
580964351931088896
297237575406747648
162129586585632768
108086391057186816
3702784
5799936
9994240
18382848
35160064
6848512
11042816
19431424
36208640
13139968
21528576
38305792
25722880
42500096
50888704
17247535104
8724709376
4563959808
2684911616
141287244726272
71468256362496
37383395901440
36030996042776576
144117387099668480
21990233112576
36063981391609856
144150372448501760
9223934986808754176
1157425104234774528
585467951558721536
306244774661750784
180143985095376896
7372800
11567104
19955712
36732928
13664256
22052864
38830080
26247168
43024384
51412992
34427928576
9223372036922966016
17315168256
8859451392
72057594307444736
144115188345372672
4832919552
3222306816
72057602628943872
144115196666871808
9223372071215595520
282024733605888
141837001064448
9008298767450112
1152922604119556096
72567768514560
39582419681280
26388280147968
9147936744177664
1153062242096283648
2310346608842145792
1161928703862669312
594475150813986816
324259173171757056
216172782114865152
14712832
23101440
39878656
27295744
44072960
52461568
68788715520
34496086016
17450434560
9128935424
5370839040
563499711365120
282574490468352
142936513740800
74766792818688
43980467240960
4616189618056888320
2314850208470564864
1170935903118458880
612489549324517376
360287970191769600
29392896
46170112
54558720
137510289408
68857921536
4503599765815296
9223372036993220608
34632400896
36028797291626496
1152921504879509504
17720967168
9667903488
6446678016
36028831382929408
1152921538970812416
4503668351074304
9223372105578479616
1126449666883584
564049469276160
283674004193280
145135539093504
144119586126594048
288234774202449920
79164841426944
52776562360320
144255925568438272
288371113644294144
9227875636486373376
4620693217686355968
2323857407727403008
1188950301630038016
648518346345578496
432345564231794688
58753024
274953437184
137581592576
68996333568
34905030656
35184917381120
18262032384
10745839616
35218740248576
2252349577920512
1126999426891776
565148985098240
285873031643136
149533589798912
87960938643456
18451247673345343488
9232379236117938176
4629700416945291264
2341871806241079296
1224979098653196288
720575940387700736
275028934656
137724198912
69273157632
17592739725312
140738042036224
35450290176
19344162816
12901711872
17660922331136
140806224642048
2252899342123008
1128098946908160
567348016742400
290271086542848
158329691209728
105553133076480
18455751272981102592
9241386435381067776
4647714815463161856
2377900603268431872
1297036692699512832
864691128471945216
275179929600
138009411584
69826805760
36540809216
21508423680
2253998870528000
1130297986940928
571746080030720
299067196342272
175921894031360
18464758472252620800
9259400833907326976
4683743612498903040
2449958197323137024
1441151880792145920
550359826432
4398650523648
9007199858753536
18014399113494528
288230378366337024
140746145431552
9223372071281655808
4947869466624
9007749077696512
18014948332437504
9011597368393728
18018796623134720
27021597831364608
2199694376960
1100719620096
8797301014528
18014399717474304
36028798226956288
9007201536475136
144115190357590016
4503668481097728
9223372105708503040
9895738900480
18015498155360256
36029896664842240
18023194736754688
36037593246236672
9227875636616396800
153122387464847360
54043195662696448
4400462462976
8798508974080
72057602896330752
144115196934258688
36028831647170560
1152921539235053568
1649535909888
18016597801205760
13194408001536
1188950301894279168
216172782382252032
35219268730880
17661442424832
140806744735744
4948339228672
9007749547458560
18014948802199552
9011597838155776
18018797092896768
144123984705781760
158330211303424
27021598301126656
9799832789695102976
3458764514357444608
9896678424576
18015499094884352
36029897604366336
18023195676278784
36037594185760768
1152956690052710400
1266638468972544
54043196602220544
13196287049728
18031992843042816
9223512776490647552
153122389478113280
18049587176570880
1152922062952628224
18084775843627008
216172790703751168
18155153177739264
18295907845963776
1188950335985582080
1152925971372867584
158398393909248
18577417182412800
9227875705201655808
19140435855310848
20266473201106944
9012147057098752
18019346311839744
4521741569261568
144133330017746944
148619337459073024
27022147520069632
18024294114164736
36038692623646720
9149036254756864
1153063341606862848
1161929803373248512
54044295040106496
36066180414341120
144152571471233024
180146184118108160
144260323610755072
288375511686610944
74313791898157056
9225628234715004928
27025995810766848
9295434028939247616
432349962274111488
577595448303321088
1154056200606744576
54051991621500928
9511611209099542528
1729391053003325440
148636379889303552
180179169466941440
1162069441349976064
432486301715955712
1730508156817145856
9297681430706421760
983040
1507328
2555904
4653056
8847360
17235968
34013184
1769472
2818048
4915200
9109504
17498112
34275328
3342336
5439488
9633792
18022400
34799616
6488064
10682368
19070976
35848192
12779520
21168128
37945344
25362432
42139648
50528256
8657240064
2305843009280999424
4429381632
4503599761784832
576460752437837824
2416115712
2199291887616
17592454676480
36028797287596032
72057594306560000
1610809344
2201170935808
17594333724672
36028799166644224
72057596185608192
4503603922534400
576460756598587392
2305843017803825152
70918500188160
36283883913216
9008298766565376
288231475663536128
19791209496576
36030996042416128
72059793061380096
13194139729920
36046389205204992
72075186224168960
9042383627026432
288265560523997184
4611967493404295168
580964351930990592
297237575406649344
162129586585534464
108086391057088512
1900544
2949120
5046272
9240576
17629184
34406400
3473408
5570560
9764864
18153472
34930688
6619136
10813440
19202048
35979264
12910592
21299200
38076416
25493504
42270720
50659328
17247305728
8724480000
4563730432
18014398778245120
288230376420474880
2684682240
18014402804776960
288230380447006720
141287244496896
71468256133120
37383395672064
21990232883200
1157425104234545152
585467951558492160
306244774661521408
180143985095147520
3735552
5832704
10027008
18415616
35192832
6881280
11075584
19464192
36241408
13172736
21561344
38338560
25755648
42532864
50921472
34427437056
17314676736
549890621440
281475111518208
8858959872
4832428032
8796630482944
17592723505152
3221815296
8800388579328
17596481601536
566936272896
281492157169664
2251868533751808
282024733114368
141837000572928
72567768023040
39582419189760
26388279656448
2310346608841654272
1161928703862177792
594475150813495296
324259173171265536
216172782114373632
7405568
11599872
19988480
36765696
13697024
22085632
38862848
26279936
43057152
51445760
68787699712
34495070208
17449418752
9127919616
5369823232
563499710349312
282574489452544
142936512724992
74766791802880
72061992085553152
288234774199336960
43980466225152
72127962783219712
288300744897003520
18447869973617508352
4616189618055872512
2314850208469549056
1170935903117443072
612489549323501568
360287970190753792
14745600
23134208
39911424
27328512
44105728
52494336
137508225024
68855857152
18446744073845932032
34630336512
17718902784
144115188614889472
288230376690745344
9665839104
6444613632
144115205257887744
288230393333743616
18446744142431191040
1126449664819200
564049467211776
283674002128896
18016597534900224
2305845208239112192
145135537029120
79164839362560
52776560295936
18295873488355328
2306124484192567296
9227875636484308992
4620693217684291584
2323857407725338624
1188950301627973632
648518346343514112
432345564229730304
29425664
46202880
54591488
274949275648
137577431040
68992172032
34900869120
18257870848
10741678080
2252349573758976
1126999422730240
565148980936704
285873027481600
149533585637376
87960934481920
18451247673341181952
9232379236113776640
4629700416941129728
2341871806236917760
1224979098649034752
720575940383539200
58785792
275020578816
137715843072
9007199531630592
18446744073986441216
69264801792
72057594583252992
2305843009759019008
35441934336
19335806976
12893356032
72057662765858816
2305843077941624832
9007336702148608
18446744211156959232
2252899333767168
1128098938552320
567348008386560
290271078187008
288239172253188096
576469548404899840
158329682853888
105553124720640
288511851136876544
576742227288588288
18455751272972746752
9241386435372711936
4647714815454806016
2377900603260076032
1297036692691156992
864691128463589376
275163185152
137992667136
69810061312
70369834762240
36524064768
21491679232
70437480497152
2253998853783552
1130297970196480
571746063286272
299067179597824
175921877286912
18464758472235876352
9259400833890582528
4683743612482158592
2449958197306392576
1441151880775401472
275448397824
138546315264
35185479450624
281476084072448
70900580352
38688325632
25803423744
35321844662272
281612449284096
2256197893816320
1134696033484800
580542173085696
316659382419456
211106266152960
18482772870762135552
9295429630926323712
4755801206536863744
2594073385399025664
1729382256943890432
1100115673088
2199627300864
4503600768286720
72057595178844160
288230378366369792
70373106319360
2305843017870802944
36029346841952256
3298602057728
76561193732472832
1100719652864
8797301047296
18014399717507072
36028798226989056
4503604056621056
576460756732674048
567069966336
281492290863104
18446744142563311616
282024866807808
9895738933248
18015498155393024
36029896664875008
18023194736787456
36037593246269440
580964352065077248
54043195662729216
4399388753920
2201439240192
17594602029056
36028799434948608
72057596453912576
18014403072950272
288230380715180032
9007336962195456
18446744211417006080
4504699407499264
19791477800960
36030996310720512
72059793329684480
36046389473509376
72075186492473344
18455751273232793600
306244774929694720
108086391325392896
8800924925952
17597017948160
144115205792661504
288230393868517376
72057663294341120
2305843078470107136
3299071819776
36033195602411520
26388816003072
13510799419047936
2377900603788558336
432345564764504064
70438537461760
35322884849664
281613489471488
9896678457344
18015499094917120
36029897604399104
18023195676311552
36037594185793536
288247969411563520
316660422606848
76561194739105792
54043196602253312
19599665579390205952
6917529028714889216
19793356849152
36030998189768704
72059795208732672
36046391352557568
72075188371521536
2305913380105420800
2533276937945088
108086393204441088
26392574099456
36063985686085632
18447025552981295104
580964356225826816
306244778956226560
36099174353141760
282041912459264
2305844125905256448
36169551687254016
432345581407502336
36310306355478528
36591815691927552
2377900671971164160
2305851942745735168
316796787818496
37154834364825600
18455751410403311616
38280871710621696
4521741569294336
144133330017779712
148619337459105792
18024294114197504
36038692623679488
9043483138523136
288266660035493888
297238674918146048
54044295040139264
36048588228329472
72077385247293440
18298072509513728
2306126683213725696
2323859606746497024
108088590080212992
72132360828682240
288305142942466048
22522396183429120
360292368236216320
288520647221510144
576751023373221888
54051991621533696
18590868057878495232
864699924548222976
1155190896606642176
2308112401213489152
148636379889336320
108103983243001856
19023222418199085056
3458782106006650880
297272759778607104
360358338933882880
2324138882699952128
864972603431911424
3461016313634291712
1966080
3014656
5111808
9306112
17694720
34471936
3538944
5636096
9830400
18219008
34996224
6684672
10878976
19267584
36044800
12976128
21364736
38141952
25559040
42336256
50724864
34427240448
17314480128
4611686018561998848
8858763264
9007199523569664
1152921504875675648
4832231424
4398583775232
35184909352960
72057594575192064
144115188613120000
3221618688
4402341871616
35188667449344
72057598333288448
144115192371216384
9007207845068800
1152921513197174784
4611686035607650304
282024732917760
141837000376320
72567767826432
18016597533130752
576462951327072256
39582418993152
72061992084832256
144119586122760192
26388279459840
72092778410409984
144150372448337920
18084767254052864
576531121047994368
9223934986808590336
2310346608841457664
1161928703861981184
594475150813298688
324259173171068928
216172782114177024
3801088
5898240
10092544
18481152
35258368
6946816
11141120
19529728
36306944
13238272
21626880
38404096
25821184
42598400
50987008
68787240960
34494611456
17448960000
9127460864
36028797556490240
576460752840949760
5369364480
36028805609553920
576460760894013440
563499709890560
282574488993792
142936512266240
74766791344128
43980465766400
4616189618055413760
2314850208469090304
1170935903116984320
612489549323042816
360287970190295040
7471104
11665408
20054016
36831232
13762560
22151168
38928384
26345472
43122688
51511296
137507241984
68854874112
34629353472
1099781242880
562950223036416
17717919744
9664856064
17593260965888
35185447010304
6443630592
17600777158656
35192963203072
1133872545792
562984314339328
1126449663836160
564049466228736
283674001145856
145135536046080
79164838379520
52776559312896
9227875636483325952
4620693217683308544
2323857407724355584
1188950301626990592
648518346342531072
432345564228747264
14811136
23199744
39976960
27394048
44171264
52559872
274947244032
137575399424
68990140416
34898837504
18255839232
10739646464
2252349571727360
1126999420698624
565148978905088
285873025449984
149533583605760
144123984171106304
576469548398673920
87960932450304
144255925566439424
576601489794007040
18451247673339150336
9232379236111745024
4629700416939098112
2341871806234886144
1224979098647003136
720575940381507584
29491200
46268416
54657024
275016450048
137711714304
4503599900131328
69260673024
35437805568
288230377229778944
576460753381490688
19331678208
12889227264
288230410515775488
576460786667487232
4503737070649344
2252899329638400
1128098934423552
567348004257792
36033195069800448
4611690416478224384
290271074058240
158329678725120
105553120591872
36591746976710656
4612248968385134592
18455751272968617984
9241386435368583168
4647714815450677248
2377900603255947264
1297036692687028224
864691128459460608
58851328
275154862080
137984344064
69801738240
36515741696
21483356160
2253998845460480
1130297961873408
571746054963200
299067171274752
175921868963840
18464758472227553280
9259400833882259456
4683743612473835520
2449958197298069504
1441151880767078400
275431686144
18014399063261184
138529603584
144115189166505984
4611686019518038016
70883868672
38671613952
25786712064
144115325531717632
4611686155883249664
18014673404297216
2256197877104640
1134696016773120
580542156374016
576478344506376192
1152939096809799680
316659365707776
211106249441280
577023702273753088
1153484454577176576
18482772870745423872
9295429630909612032
4755801206520152064
2594073385382313984
1729382256927178752
275985334272
139620122624
140739669524480
73048129536
42983358464
140874960994304
2260595940392960
1143492126572544
598134359195648
351843754573824
18518801667781165056
9367487224964317184
4899916394612785152
2882303761550802944
2305843017870868480
72058143860981760
2200231346176
4399254601728
9007201536573440
144115190357688320
4503604056686592
576460756732739584
558480097280
140746212638720
4611686035741605888
141287378518016
72058693683904512
6597204115456
580964352065142784
153122387464945664
2201439305728
17594602094592
36028799435014144
72057596453978112
9007208113242112
1152921513465348096
1134139932672
562984581726208
4503737334890496
564049733615616
19791477866496
36030996310786048
72059793329750016
36046389473574912
72075186492538880
1161928704130154496
108086391325458432
8798777507840
4402878480384
35189204058112
72057598869897216
144115192907825152
36028806145900544
576460761430360064
18014673924390912
9009398814998528
39582955601920
72061992621441024
144119586659368960
72092778947018752
144150372984946688
612489549859389440
216172782650785792
17601849851904
35194035896320
288230411585323008
576460787737034752
144115326588682240
4611686156940214272
6598143639552
72066391204823040
52777632006144
27021598838095872
4755801207577116672
864691129529008128
140877074923520
70645769699328
563226978942976
19793356914688
36030998189834240
72059795208798208
36046391352623104
72075188371587072
576495938823127040
633320845213696
153122389478211584
108086393204506624
13835058057429778432
39586713698304
72061996379537408
144119590417465344
72092782705115136
144150376743043072
4611826760210841600
580964356225892352
216172786408882176
141295834234880
52785148198912
72127971372171264
1161928712451653632
612489557912453120
72198348706283520
564083824918528
4611688251810512896
72339103374508032
864691162815004672
72620612710957056
73183631383855104
4755801343942328320
4611703885491470336
633593575636992
74309668729651200
9016545103708160
36038142867931136
45036546029649920
9043483138588672
288266660035559424
297238674918211584
36048588228395008
72077385247358976
18086966277046272
576533320070987776
594477349836292096
108088590080278528
72097176456658944
144154770494586880
36596145019027456
4612253366427451392
13515196928753664
4647719213492994048
216177180160425984
144264721657364480
576610285884932096
45044792366858240
720584736472432640
577041294443020288
1153502046746443776
108103983243067392
1729399849096445952
297272759778672640
216207966486003712
6917564212013301760
594545519557214208
720716677867765760
4648277765399904256
1729945206863822848
3932160
6029312
10223616
18612224
35389440
7077888
11272192
19660800
36438016
13369344
21757952
38535168
25952256
42729472
51118080
137506848768
68854480896
34628960256
4503599896592384
9223372037123997696
17717526528
18014399047139328
2305843009751351296
9664462848
8797167550464
70369818705920
144115189150384128
288230377226240000
6443237376
8804683743232
70377334898688
144115196666576896
288230384742432768
18014415690137600
2305843026394349568
4503633987895296
9223372071215300608
1126449663442944
18446744623466151936
564049465835520
283674000752640
145135535652864
36033195066261504
1152925902654144512
79164837986304
144123984169664512
288239172245520384
52776558919680
144185556820819968
288300744896675840
36169534508105728
1153062242095988736
18447869973617180672
9227875636482932736
4620693217682915328
2323857407723962368
1188950301626597376
648518346342137856
432345564228354048
7602176
11796480
20185088
36962304
13893632
22282240
39059456
26476544
43253760
51642368
274946326528
137574481920
68989222912
34897920000
18254921728
72057595112980480
1152921505681899520
10738728960
72057611219107840
1152921521788026880
2252349570809856
1126999419781120
565148977987584
285873024532480
149533582688256
87960931532800
18451247673338232832
9232379236110827520
4629700416938180608
2341871806233968640
1224979098646085632
720575940380590080
14942208
23330816
40108032
27525120
44302336
52690944
275014483968
137709748224
69258706944
2199562485760
1125900446072832
35435839488
19329712128
35186521931776
70370894020608
12887261184
35201554317312
70385926406144
2267745091584
1125968628678656
2252899327672320
1128098932457472
567348002291712
290271072092160
158329676759040
105553118625792
18455751272966651904
9241386435366617088
4647714815448711168
2377900603253981184
1297036692685062144
864691128457494528
29622272
46399488
54788096
275150798848
137980280832
69797675008
36511678464
21479292928
4504699143454720
2253998841397248
1130297957810176
571746050899968
299067167211520
288247968342212608
1152939096797347840
175921864900608
288511851132878848
1153202979588014080
18464758472223490048
9259400833878196224
4683743612469772288
2449958197294006272
1441151880763015168
58982400
275423428608
9007199800262656
138521346048
70875611136
576460754459557888
1152921506762981376
38663356416
25778454528
576460821031550976
1152921573334974464
9007474141298688
2256197868847104
1134696008515584
72066390139600896
9223380832956448768
580542148116480
316659357450240
211106241183744
73183493953421312
9224497936770269184
18482772870737166336
9295429630901354496
4755801206511894528
2594073385374056448
1729382256918921216
275968688128
139603476480
73031483392
42966712320
2260595923746816
1143492109926400
598134342549504
351843737927680
18518801667764518912
9367487224947671040
4899916394596139008
2882303761534156800
36028798126522368
277059207168
288230378333011968
9223372039036076032
141767737344
77343227904
51573424128
288230651063435264
9223372311766499328
2269392033546240
1161084312748032
1152956689012752384
2305878193619599360
633318731415552
422212498882560
1154047404547506176
2306968909154353152
18590859261819224064
9511602413040304128
5188146770764627968
3458764513854357504
18014400724336640
36028799233818624
140746145660928
144115737899040768
54043195595816960
4611686035741736960
144116287721963520
4400462692352
8798509203456
18014403073146880
288230380715376640
9007208113373184
1152921513465479168
1116960194560
281492425277440
4503634255806464
9223372071483211776
282574757036032
144117387367809024
13194408230912
9227875636750843904
1161928704130285568
306244774929891328
4402878611456
35189204189184
72057598870028288
144115192907956224
18014416226484224
2305843026930696192
2268279865344
1125969163452416
9007474669780992
1128099467231232
39582955732992
72061992621572096
144119586659500032
72092778947149824
144150372985077760
2323857408260308992
216172782650916864
17597555015680
8805756960768
70378408116224
144115197739794432
288230385815650304
72057612291801088
1152921522860720128
18018797629997056
79165911203840
144123985242882048
288239173318737920
144185557894037504
288300745969893376
1224979099718778880
432345565301571584
35203699703808
70388071792640
576460823170646016
1152921575474069504
288230653177364480
9223372313880428544
13196287279104
144132782409646080
105555264012288
54043197676191744
9511602415154233344
1729382259058016256
281754149847040
39586713829376
72061996379668480
144119590417596416
72092782705246208
144150376743174144
1152991877646254080
1266641690427392
306244778956423168
216172786409013248
27670116114859556864
79173427396608
144123992759074816
288239180834930688
144185565410230272
288300753486086144
9223653520421683200
1161928712451784704
432345572817764352
282591668469760
105570296397824
144255942744342528
2323857424903307264
1224979115824906240
144396697412567040
9227875670842146816
1128167649837056
9223376503621025792
144678206749016064
1729382325630009344
145241225421914112
146367262767710208
9511602687884656640
18447870523372470272
18033090207416320
72076285735862272
90073092059299840
18086966277177344
576533320071118848
594477349836423168
72097176456790016
144154770494717952
36173932554092544
1153066640141975552
1188954699672584192
216177180160557056
144194352913317888
288309540989173760
73192290038054912
9224506732854902784
27030393857507328
9295438426985988096
432354360320851968
288529443314728960
1153220571769864192
90089584733716480
1441169472944865280
1154082588886040576
2307004093492887552
216207966486134784
3458799698192891904
594545519557345280
432415932972007424
13835128424026603520
1189091039114428416
1441433355735531520
9296555530799808512
3459890413727645696
7864320
12058624
20447232
37224448
14155776
22544384
39321600
26738688
43515904
51904512
275013697536
137708961792
69257920512
9007199793184768
18446744074247995392
35435053056
36028798094278656
4611686019502702592
19328925696
17594335100928
140739637411840
288230378300768256
576460754452480000
12886474752
17609367486464
140754669797376
288230393333153792
576460769484865536
36028831380275200
4611686052788699136
9007267975790592
18446744142430601216
2252899326885888
4504699140571136
1128098931671040
567348001505280
290271071305728
72066390132523008
2305851805308289024
158329675972608
288247968339329024
576478344491040768
105553117839360
288371113641639936
576601489793351680
72339069016211456
2306124484191977472
6755399442628608
18455751272965865472
9241386435365830656
4647714815447924736
2377900603253194752
1297036692684275712
864691128456708096
15204352
23592960
40370176
27787264
44564480
52953088
275148963840
137978445824
69795840000
36509843456
144115190225960960
2305843011363799040
21477457920
144115222438215680
2305843043576053760
2253998839562240
1130297955975168
571746049064960
299067165376512
175921863065600
18464758472221655040
9259400833876361216
4683743612467937280
2449958197292171264
1441151880761180160
29884416
46661632
55050240
550028967936
275419496448
138517413888
4399124971520
2251800892145664
70871678976
38659424256
70373043863552
140741788041216
25774522368
70403108634624
140771852812288
4535490183168
2251937257357312
2256197864914944
1134696004583424
580542144184320
316659353518080
211106237251584
18482772870733234176
9295429630897422336
4755801206507962368
2594073385370124288
1729382256914989056
59244544
275960561664
139595350016
73023356928
42958585856
9009398286909440
2260595915620352
1143492101799936
598134334423040
576495936684425216
2305878193594695680
351843729801216
577023702265757696
2306405959176028160
18518801667756392448
9367487224939544576
4899916394588012544
2882303761526030336
4503600181542912
18014399600525312
277042692096
141751222272
1152921508919115776
2305843013525962752
77326712832
51556909056
1152921642063101952
2305843146669948928
2269392017031168
144132780279201792
18446761665912897536
1161084296232960
633318714900480
422212482367488
146366987906842624
18448995873540538368
18590859261802708992
9511602413023789056
5188146770748112896
3458764513837842432
279206952960
146062966784
85933424640
2286984219852800
1196268685099008
703687475855360
18734974449895342080
9799832789192278016
5764607523068313600
288230925975158784
36028801448673280
72057598467637248
567070425088
281492291321856
282024867266560
288231475798081536
4644337250467840
108086391191633920
4503634256068608
9223372071483473920
288232575443927040
9227875636751106048
8800925384704
17597018406912
36028806146293760
576460761430753280
18014416226746368
2305843026930958336
2233920389120
562984850554880
9007268511612928
18446744142966423552
565149514072064
288234774735618048
26388816461824
18455751273501687808
2323857408260571136
612489549859782656
8805757222912
70378408378368
144115197740056576
288230385815912448
36028832452968448
4611686053861392384
4536559730688
2251938326904832
4505799724892160
2256198934462464
79165911465984
144123985243144192
288239173319000064
144185557894299648
288300745970155520
4647714816520617984
432345565301833728
35195110031360
17611513921536
140756816232448
288230395479588864
576460771631300608
144115224583602176
2305843045721440256
4949950332928
36037595259994112
158331822407680
288247970485764096
576478346637475840
288371115788075008
576601491939786752
2449958199437557760
864691130603143168
70407399407616
140776143585280
1152921646341292032
2305843150948139008
26392574558208
288265564819292160
211110528024576
148618791998717952
108086395352383488
19023204830308466688
3458764518116032512
79173427658752
144123992759336960
288239180835192832
144185565410492416
288300753486348288
2305983755292508160
2533283380854784
612489557912846336
432345572818026496
282041912918016
158346854793216
288247985518149632
576478361669861376
288371130820460544
576601506972172288
18447307040843366400
2323857424903569408
864691145635528704
565183336939520
211140592795648
288511885488685056
9227875670842408960
4647714849806614528
2449958231649812480
288793394825134080
18455751341684293632
2256335299674112
18446753007242051584
289356413498032128
3458764651260018688
290482450843828224
18032540451864576
36046938961346560
4574518127886336
576531670803939328
18447870523372732416
580964901687132160
54043745284784128
6756498953207808
36066180414832640
144152571471724544
180146184118599680
36173932554354688
1153066640142237696
1188954699672846336
144194352913580032
288309540989435904
72347865108185088
2306133280283951104
13519594975657984
2377909399345168384
432354360321114112
288388705826635776
576619081978347520
146384580076109824
18449013465709805568
54060787715014656
18590876853971976192
864708720641703936
577058886629457920
2306441143539728384
180179169467432960
2882338945889730560
2308165177772081152
4614008186985775104
581034720675495936
432415932972269568
6917599396385783808
1189091039114690560
864831865944014848
27670256848053207040
2378182078228856832
2882866711471063040
18593111061599617024
6919780827455291392
15728640
24117248
40894464
28311552
45088768
53477376
275417923584
138515841024
18014399586369536
70870106112
72057596188557312
9223372039005405184
38657851392
35188670201856
281479274823680
576460756601536512
1152921508904960000
25772949504
35218734972928
281509339594752
576460786666307584
1152921538969731072
72057662760550400
9223372105577398272
18014535951581184
9009398281142272
2256197863342080
1134696003010560
580542142611456
144132780265046016
4611703610616578048
316659351945216
576495936678658048
1152956688982081536
211106235678720
576742227283279872
1153202979586703360
144678138032422912
4612248968383954944
18482772870731661312
9295429630895849472
4755801206506389504
2594073385368551424
1729382256913416192
30408704
47185920
55574528
275956891648
139591680000
73019686912
288230380451921920
4611686022727598080
42954915840
288230444876431360
4611686087152107520
2260595911950336
1143492098129920
598134330753024
351843726131200
18518801667752722432
9367487224935874560
4899916394584342528
2882303761522360320
59768832
1100057935872
277034827776
8798249943040
141743357952
77318848512
140746087727104
281483576082432
51549044736
140806217269248
281543705624576
9070980366336
2269392009166848
1161084288368640
633318707036160
422212474503168
18590859261794844672
9511602413015924736
5188146770740248576
3458764513829978112
279190700032
146046713856
85917171712
18018796573818880
2286984203599872
1196268668846080
1152991873368850432
4611756387189391360
703687459602432
1154047404531515392
4612811918352056320
18734974449879089152
9799832789176025088
5764607523052060672
9007200363085824
36028799201050624
283502444544
2305843017838231552
4611686027051925504
154653425664
103113818112
2305843284126203904
4611686293339897856
288265560558403584
2322168592465920
1266637429800960
844424964734976
19023204826047578112
10376293541496225792
6917529027675684864
4402409635840
9007207912833024
288230384809803776
9223372071282671616
576461302127394816
297237575474610176
576461851950317568
72057602897346560
144115196935274496
1134140850176
562984582643712
564049734533120
576462951596163072
9288674500935680
216172782383267840
9007268512137216
18446744142966947840
576465150887854080
18455751273502212096
17601850769408
35194036813824
72057612292587520
1152921522861506560
36028832453492736
4611686053861916672
4467840778240
1125969701109760
18014537023225856
1130299028144128
576469549471236096
52777632923648
4647714816521142272
1224979099719565312
17611514445824
140756816756736
288230395480113152
576460771631824896
72057664905936896
9223372107722784768
9073119461376
9011599449784320
158331822931968
288247970486288384
576478346638000128
288371115788599296
576601491940311040
9295429633041235968
864691130603667456
70390220062720
35223027843072
281513632464896
576460790959177728
1152921543262601216
288230449167204352
4611686091442880512
9899900665856
72075190519988224
316663644815360
576495940971528192
1152956693274951680
576742231576150016
1153202983879573504
13510803178127360
4899916398875115520
1729382261206286336
140814798815232
281552287170560
2305843292682584064
4611686301896278016
52785149116416
576531129638584320
422221056049152
297237583997435904
216172790704766976
6917529036232065024
158346855317504
288247985518673920
576478361670385664
288371130820984832
576601506972696576
4611967510585016320
1224979115825692672
864691145636052992
564083825836032
316693709586432
576495971036299264
1152956723339722752
576742261640921088
1153203013944344576
4647714849807138816
1729382291271057408
1130366673879040
422281185591296
577023770977370112
18455751341684817920
9295429699613229056
4899916463299624960
577586789650268160
578712826996064256
6917529302520037376
36065080903729152
72093877922693120
9149036255772672
1153063341607878656
6756498953732096
1161929803374264320
108087490569568256
72132360829665280
288305142943449088
360292368237199360
72347865108709376
2306133280284475392
2377909399345692672
288388705827160064
576619081978871808
144695730216370176
4612266560567902208
27039189951315968
4755818798690336768
864708720642228224
576777411653271552
1153238163956695040
108121575430029312
1729417441283407872
1154117773258915840
4612882287079456768
360358338934865920
5764677891779461120
1162069441350991872
864831865944539136
13835198792771567616
2378182078229381120
1729663731888029696
4756364156457713664
5765733422942126080
31457280
48234496
56623104
277031682048
36028799172739072
141740212224
144115192377114624
18446744078010810368
77315702784
70377340403712
562958549647360
1152921513203073024
2305843017809920000
51545899008
70437469945856
563018679189504
1152921573332615168
2305843077939462144
144115325521100800
18446744211154796544
36029071903162368
18018796562284544
2269392006021120
1161084285222912
288265560530092032
9223407221233156096
633318703890432
1152991873357316096
2305913377964163072
422212471357440
1153484454566559744
2306405959173406720
289356276064845824
9224497936767909888
18590859261791698944
9511602413012779008
5188146770737102848
3458764513826832384
60817408
279183360000
146039373824
576460760903843840
9223372045455196160
85909831680
576460889752862720
9223372174304215040
2286984196259840
1196268661506048
703687452262400
18734974449871749120
9799832789168685056
5764607523044720640
2200115871744
17596499886080
283486715904
154637697024
281492175454208
562967152164864
103098089472
281612434538496
563087411249152
2322168576737280
1266637414072320
844424949006336
19023204826031849472
10376293541480497152
6917529027659956224
292093427712
171834343424
36037593147637760
2392537337692160
2305983746737700864
9223512774378782720
1407374919204864
2308094809063030784
9225623836704112640
19599665578352050176
11529215046104121344
2207682396160
17600845185024
4611686052856332288
1152922054431866880
19791278505984
18084767322865664
8804819271680
18014415825666048
576460769619607552
18446744142565343232
1152922604254789632
594475150949220352
1152923703900635136
144115205794693120
288230393870548992
2268281700352
1125969165287424
1128099469066240
1152925903192326144
18577349001871360
432345564766535680
18014537024274432
1152930301775708160
35203701538816
70388073627648
144115224585175040
2305843045723013120
72057664906985472
9223372107723833344
8935681556480
2251939402219520
36029074046451712
2260598056288256
1152939098942472192
105555265847296
9295429633042284544
2449958199439130624
35223028891648
281513633513472
576460790960226304
1152921543263649792
144115329811873792
18446744215445569536
18023198899568640
316663645863936
576495940972576768
1152956693276000256
576742231577198592
1153202983880622080
18590859266082471936
1729382261207334912
140780440125440
70446055686144
563027264929792
1152921581918355456
2305843086525202432
576460898334408704
9223372182885761024
19799801331712
144150381039976448
633327289630720
1152991881943056384
2305913386549903360
1153484463152300032
2306405967759147008
27021606356254720
9799832797750231040
3458764522412572672
281629597630464
563104574341120
105570298232832
1153062259277168640
844442112098304
594475167994871808
432345581409533952
13835058072464130048
316693710635008
576495971037347840
1152956723340771328
576742261641969664
1153203013945393152
9223935021170032640
2449958231651385344
1729382291272105984
1128167651672064
633387419172864
1152991942072598528
2305913446679445504
1153484523281842176
2306406027888689152
9295429699614277632
3458764582542114816
2260733347758080
844562371182592
1154047541954740224
18590859399226458112
9799832926599249920
1155173579300536320
72130161807458304
144187755845386240
18298072511545344
2306126683215757312
2323859606748528640
216174981139136512
144264721659330560
576610285886898176
720584736474398720
144695730217418752
4612266560568950784
4755818798691385344
576777411654320128
1153238163957743616
289391460432740352
9224533121135804416
54078379902631936
9511637597380673536
1729417441284456448
1153554823306543104
2306476327913390080
216243150860058624
3458834882566815744
2308235546517831680
9225764574158913536
720716677869731840
11529355783558922240
2324138882701983744
1729663731889078272
27670397585543135232
4756364156458762240
3459327463776059392
9512728312915427328
11531466845884252160
62914560
72057598345478144
283480424448
288230384754229248
154631405568
140754680807424
1125917099294720
2305843026406146048
4611686035619840000
103091798016
140874939891712
1126037358379008
2305843146665230336
4611686155878924288
288230651042201600
36037593124569088
2322168570445824
576531121060184064
18446814442466312192
1266637407780864
2305983746714632192
4611826755928326144
844424942714880
2306968909133119488
4612811918346813440
578712552129691648
18448995873535819776
19023204826025558016
10376293541474205696
6917529027653664768
4503600722083840
292078747648
1152921521807687680
18446744090910392320
171819663360
1152921779505725440
18446744348608430080
2392537323012096
1407374904524800
19599665578337370112
11529215046089441280
4400231743488
35192999772160
309275394048
562984350908416
1125934304329728
206196178944
563224869076992
1126174822498304
2533274828144640
1688849898012672
20752587082960994304
13835058055319912448
2305843559040811008
4415364792320
35201690370048
4503668485259264
9223372105712664576
2305844108863733760
39582557011968
36169534645731328
9227875636620558336
17609638543360
36028831651332096
1152921539239215104
4503737338953728
2305845208509579264
1188950301898440704
2305847407801270272
288230411589386240
576460787741097984
4536563400704
2251938330574848
2256198938132480
2305851806384652288
37154698003742720
864691129533071360
36029074048548864
2305860603551416320
70407403077632
140776147255296
288230449170350080
4611686091446026240
144115329813970944
18446744215447666688
17871363112960
4508001973043200
2305878197884944384
211110531694592
18590859266084569088
4899916398878261248
70446057783296
563027267026944
1152921581920452608
2305843086527299584
288230659623747584
4956396453888
36046397799137280
633327291727872
1152991881945153536
2305913386552000512
1153484463154397184
2306405967761244160
3458764522414669824
281560880250880
140892111372288
1126054529859584
2305843163836710912
4611686173050404864
1152921796668817408
18446744365771522048
39599602663424
288300762079952896
1266654579261440
2305983763886112768
4611826773099806720
2306968926304600064
4612811935518294016
76561210849361920
54043212712509440
19599665595500462080
6917529044825145344
563259195260928
1126209148682240
211140596465664
2306124518554337280
1688884224196608
1188950335989743616
864691162819067904
27670116144928260096
633387421270016
1152991942074695680
2305913446681542656
1153484523283939328
2306406027890786304
18447870042340065280
9227875705205817344
4899916463302770688
3458764582544211968
2256335303344128
1266774838345728
2305983884145197056
4611826893358891008
2306969046563684352
4612812055777378304
18590859399228555264
6917529165084229632
1689124742365184
2308095083909480448
19599665853198499840
36099715523149824
72128512542113792
108086940816900096
144260323614916608
288375511690772480
36596145023090688
4612253366431514624
4647719213497057280
432349962278273024
288529443318661120
1153220571773796352
1441169472948797440
289391460434837504
9224533121137901568
9511637597382770688
1153554823308640256
2306476327915487232
578782920865480704
18449066242271608832
148689156451598336
108156759805263872
19023275194761347072
3458834882568912896
2307109646613086208
4612952655826780160
581105089423343616
432486301720117248
6917669765133631488
1441433355739463680
23058711567117844480
4648277765403967488
3459327463778156544
9512728312917524480
6918654927552118784
19025456625830854656
550317850624
144115196690956288
576460769508458496
309262811136
281509361614848
2251834198589440
4611686052812292096
9223372071239680000
206183596032
281749879783424
2252074716758016
4611686293330460672
9223372311757848576
72075186249138176
1153062242120368128
2533274815561728
4611967493429264384
9223653511856652288
1688849885429760
4613937818266238976
9225623836693626880
20752587082948411392
13835058055307329536
9007201444167680
2305843043615375360
343639326720
2814749809049600
23058430092178882560
4611686568258699264
4611687118081622016
8830729584640
70403380740096
9007336970518528
18446744211425329152
4611688217727467520
79165114023936
72339069291462656
18455751273241116672
35219277086720
72057663302664192
2305843078478430208
9007474677907456
4611690417019158528
2377900603796881408
4611694815602540544
576460823178772480
1152921575482195968
9073126801408
4611703612769304576
74309396007485440
1729382259066142720
4611721207102832640
140814806155264
281552294510592
576460898340700160
9223372182892052480
288230659627941888
9016003946086400
4611756395769888768
422221063389184
9799832797756522496
140892115566592
1126054534053888
2305843163840905216
4611686173054599168
9912792907776
72092795598274560
1266654583455744
2305983763890307072
4611826773104001024
2306968926308794368
4612811935522488320
6917529044829339648
563121760501760
281784222744576
2252109059719168
4611686327673421824
9223372346100809728
79199205326848
576601524159905792
2533309158522880
4611967527772225536
9223653546199613440
4613937852609200128
9225623871036588032
153122421698723840
108086425425018880
13835058089650290688
422281192931328
4612249037108674560
3377768448393216
2377900671979487232
1729382325638135808
1266774842540032
2305983884149391360
4611826893363085312
2306969046567878656
4612812055781572608
18455751410411634688
9799832926605541376
6917529165088423936
2533549676691456
4611967768290394112
9223653786717782016
4613938093127368704
9225624111554756608
13835058330168459264
9289223995654144
1153203529347760128
1161929253625790464
72199431046299648
144257025084227584
216173881633800192
288520647229833216
576751023381544960
73192290046181376
9224506732863029248
9295438426994114560
864699924556546048
577058886637322240
2306441143547592704
2882338945897594880
578782920869675008
18449066242275803136
19023275194765541376
2307109646617280512
4612952655830974464
297378312903196672
216313519610527744
6917669765137825792
4614219293226172416
9225905311653560320
1162210178846687232
864972603440234496
13835339530267262976
2882866711478927360
9296555530807934976
6918654927556313088
19025456625835048960
13837309855104237568
1100635701248
288230393381912576
1152921539016916992
563018723229696
9223372105624584192
18446744142479360000
412367192064
4505798700957696
144150372498276352
2306124484240736256
9223934986858528768
18447307023713304576
3377699770859520
27670116110614659072
9223372586694475776
9223373136517398528
9223374236163244032
17661459169280
140806761480192
18014673941037056
9223376435454935040
158330228047872
144678138582925312
70438554173440
144115326605328384
4611686156956860416
9223380834038317056
4755801207593762816
9223389631205081088
1152921646357544960
2305843150964391936
9223407225538609152
3458764518132285440
9223442414205665280
281629612310528
563104589021184
1152921796681400320
18446744365784104960
1666464088064
18032007892172800
9223512791539777536
844442126778368
19599665595513044992
281784231133184
2252109068107776
4611686327681810432
9223372346109198336
19825585815552
144185591196549120
2533309166911488
4611967527780614144
9223653546208002048
4613937852617588736
9225623871044976640
13835058089658679296
1126243521003520
158398410653696
1153203048319811584
9223935055544451072
18447307092399226880
306244843397447680
216172850850037760
27670116179300581376
844562385862656
9224498074217349120
4755801343958974464
3458764651276271616
2533549685080064
4611967768298782720
9223653786726170624
4613938093135757312
9225624111563145216
19599665853211082752
13835058330176847872
18296423258783744
576742777052725248
594475700585496576
18578447991308288
2306407058695520256
2323858507251580928
144398862092599296
288514050168455168
432347763267600384
577041294459666432
1153502046763089920
146384580092362752
18449013465726058496
18590876853988229120
1729399849113092096
1154117773274644480
4612882287095185408
22588366897807360
5764677891795189760
148759525208358912
4614219293234561024
9225905311661948928
594756625806393344
432627039221055488
13835339530275651584
2324420357693374464
1729945206880468992
27670679060534525952
5765733422957854720
18593111061615869952
13837309855112626176
144115325615472640
288230513691328512
18446744623566028800
432345564328230912
18446745173388951552
18446746273034797056
18446748472326488064
35322918338560
281613522960384
18446752870909870080
316660456095744
289356277165850624
140877108346880
288230653210656768
9223372313913720832
18446761668076634112
9511602415187525632
18446779262410162176
2305843292715089920
4611686301928783872
18446814451077218304
6917529036264570880
4512412933816320
18446884828411330560
563259224621056
1126209178042368
3332928176128
36064015784345600
18447025583079555072
1688884253556736
39651171631104
288371182393098240
9223935055561228288
18447307092416004096
13510867635142656
27670116179317358592
316796821307392
2306406096639623168
18447870111088902144
612489686794895360
432345701700075520
1689124771725312
18448996148434698240
9511602687917948928
6917529302552543232
36592846517567488
1153485554105450496
1188951401170993152
37156895982616576
4612814117391040512
4647717014503161856
288797724185198592
577028100336910336
864695526535200768
1154082588919332864
2307004093526179840
3458799698226184192
2308235546549288960
9225764574190370816
45176733795614720
11529355783590379520
297519050416717824
1189513251612786688
865254078442110976
27670679060551303168
4648840715386748928
3459890413760937984
11531466845915709440
1006632960
1543503872
2617245696
4764729344
9059696640
17649631232
34829500416
69189238784
137908715520
275347668992
1811939328
2885681152
5033164800
9328132096
17918066688
35097935872
69457674240
138177150976
275616104448
3422552064
5570035712
9865003008
18454937600
35634806784
69994545152
138714021888
276152975360
6643777536
10938744832
19528679424
36708548608
71068286976
139787763712
277226717184
13086228480
21676163072
38856032256
73215770624
141935247360
279374200832
25971130368
43150999552
77510737920
146230214656
283669168128
51740934144
86100672512
154820149248
292259102720
103280541696
172000018432
309438971904
206359756800
343798710272
412518187008
1649468768256
18016597734064128
9223512774544457728
13510799083438080
1946157056
3019898880
5167382528
9462349824
18052284416
35232153600
69591891968
138311368704
275750322176
3556769792
5704253440
9999220736
18589155328
35769024512
70128762880
138848239616
276287193088
6777995264
11072962560
19662897152
36842766336
71202504704
139921981440
277360934912
13220446208
21810380800
38990249984
73349988352
142069465088
279508418560
26105348096
43285217280
77644955648
146364432384
283803385856
51875151872
86234890240
154954366976
292393320448
103414759424
172134236160
309573189632
206493974528
343932928000
412652404736
2749114613760
22517998472396800
3825205248
5972688896
10267656192
18857590784
36037459968
70397198336
139116675072
276555628544
7046430720
11341398016
19931332608
37111201792
71470940160
140190416896
277629370368
13488881664
22078816256
39258685440
73618423808
142337900544
279776854016
26373783552
43553652736
77913391104
146632867840
284071821312
52143587328
86503325696
155222802432
292661755904
103683194880
172402671616
309841625088
206762409984
344201363456
412920840192
4948406304768
9007749614534656
18014948869275648
3299138863104
9011597905231872
18018797159972864
288247968941735936
2305913378561851392
40532397250314240
27021598368202752
7583301632
11878268928
20468203520
37648072704
72007811072
140727287808
278166241280
14025752576
22615687168
39795556352
74155294720
142874771456
280313724928
26910654464
44090523648
78450262016
147169738752
284608692224
52680458240
87040196608
155759673344
293198626816
104220065792
172939542528
310378496000
207299280896
344738234368
413457711104
9346989686784
5498698989568
76561194806149120
45035997414555648
15099494400
23689428992
40869298176
75229036544
143948513280
281387466752
27984396288
45164265472
79524003840
148243480576
285682434048
53754200064
88113938432
156833415168
294272368640
105293807616
174013284352
311452237824
208373022720
345811976192
414531452928
18144156450816
9897819242496
6599284359168
148618789917818880
81064795507261440
54043197743038464
30131879936
47311749120
81671487488
150390964224
287829917696
55901683712
90261422080
158980898816
296419852288
107441291264
176160768000
313599721472
210520506368
347959459840
416678936576
35738489978880
18696059748352
10999478353920
292733980141158400
153122391692673024
90071996909486080
60196651008
94556389376
163275866112
300714819584
111736258560
180455735296
317894688768
214815473664
352254427136
420973903872
70927157035008
36292540760064
19799866343424
13202796576768
580964360587837440
297237584063496192
162129595242381312
108086399713935360
120326193152
189045669888
326484623360
223405408256
360844361728
429563838464
141304491147264
71485502783488
72058710796533760
37400642322432
22007479533568
72127980029083648
1157425121481195520
585467968805142528
306244791908171776
180144002341797888
240585277440
378024230912
446743707648
282059159371776
141871426830336
36029930957438976
288231510090186752
72602194280448
39616845447168
26422705913856
36169568934166528
288371148066914304
2310346643267911680
1161928738288435200
594475185239752704
324259207597522944
216172816540631040
481103446016
563568495820800
282643274924032
143005298196480
74835577274368
44049251696640
4616189686841344000
2314850277255020544
1170935971902914560
612489618108973056
360288038976225280
1126587168718848
564186971111424
283811506028544
145273040928768
79302343262208
52914064195584
9227875773988208640
4620693355188191232
2323857545229238272
1188950439131873280
648518483847413760
432345701733629952
2252624514514944
1127274363486208
565423921692672
286147968237568
149808526393344
88235875237888
18451247948281937920
9232379511054532608
4629700691881885696
2341872081177673728
1224979373589790720
720576215324295168
9012147124174848
18019346378915840
27022147587145728
72129062360842240
36170634086055936
288372213218803712
324260272749412352
2594075584455770112
27025995877842944
13835062453395783680
324399910726139904
2013265920
3087007744
5234491392
9529458688
18119393280
35299262464
69659000832
138378477568
275817431040
3623878656
5771362304
10066329600
18656264192
35836133376
70195871744
138915348480
276354301952
6845104128
11140071424
19730006016
36909875200
71269613568
139989090304
277428043776
13287555072
21877489664
39057358848
73417097216
142136573952
279575527424
26172456960
43352326144
77712064512
146431541248
283870494720
51942260736
86301999104
155021475840
292460429312
103481868288
172201345024
309640298496
206561083392
344000036864
412719513600
4948204978176
4504149785837568
36029347177431040
3298937536512
4507998076534784
36033195468128256
18447025549088915456
40532397048987648
27021598166876160
3892314112
6039797760
10334765056
18924699648
36104568832
70464307200
139183783936
276622737408
7113539584
11408506880
19998441472
37178310656
71538049024
140257525760
277696479232
13555990528
22145925120
39325794304
73685532672
142405009408
279843962880
26440892416
43620761600
77980499968
146699976704
284138930176
52210696192
86570434560
155289911296
292728864768
103750303744
172469780480
309908733952
206829518848
344268472320
412987949056
9346519924736
5498229227520
76561194336387072
45035996944793600
7650410496
11945377792
20535312384
37715181568
72074919936
140794396672
278233350144
14092861440
22682796032
39862665216
74222403584
142941880320
280380833792
26977763328
44157632512
78517370880
147236847616
284675801088
52747567104
87107305472
155826782208
293265735680
104287174656
173006651392
310445604864
207366389760
344805343232
413524819968
18143149817856
9896812609536
18015499229069312
36029897738551296
6598277726208
18023195810463744
36037594319945728
576495937883471872
4611826757123702784
148618788911185920
81064794500628480
54043196736405504
15166603264
23756537856
40936407040
75296145408
144015622144
281454575616
28051505152
45231374336
79591112704
148310589440
285749542912
53821308928
88181047296
156900524032
294339477504
105360916480
174080393216
311519346688
208440131584
345879085056
414598561792
35736409604096
18693979373568
10997397979136
292733978060783616
153122389612298240
90071994829111296
30198988800
47378857984
81738596352
150458073088
287897026560
55968792576
90328530944
159048007680
296486961152
107508400128
176227876864
313666830336
210587615232
348026568704
416746045440
70922929176576
36288312901632
19795638484992
13198568718336
580964356359979008
297237579835637760
162129591014522880
108086395486076928
60263759872
94623498240
163342974976
300781928448
111803367424
180522844160
317961797632
214882582528
352321536000
421041012736
141295968321536
71476979957760
37392119496704
21998956707840
1157425112958369792
585467960282316800
306244783385346048
180143993818972160
120393302016
189112778752
326551732224
223472517120
360911470592
429630947328
282042046611456
141854314070016
72585081520128
39599732686848
26405593153536
2310346626155151360
1161928721175674880
594475168126992384
324259190484762624
216172799427870720
240652386304
378091339776
446810816512
563534203191296
282608982294528
142971005566976
144117421593067520
74801284644864
44014959067136
144255960058167296
4616189652548714496
2314850242962391040
1170935937610285056
612489583816343552
360288004683595776
481170554880
1126518516350976
564118318743552
283742853660672
72059861914877952
576463020180373504
145204388560896
79233690894336
52845411827712
72339137868333056
576742296133828608
9227875705335840768
4620693286535823360
2323857476576870400
1188950370479505408
648518415195045888
432345633081262080
2252487142670336
1127136991641600
565286549848064
286010596392960
149671154548736
88098503393280
18451247810910093312
9232379373682688000
4629700554510041088
2341871943805829120
1224979236217946112
720576077952450560
2253174337437696
1128373942222848
567623012057088
290546081857536
158604686524416
105828128391168
18455751547976417280
9241386710376382464
4647715090458476544
2377900878263746560
1297036967694827520
864691403467259904
9009948168028160
4508547563913216
36033744955506688
40532946536366080
18024294248349696
36038692757831680
54044295174291456
144258124721684480
72341268172111872
576744426437607424
648520545498824704
40536794827063296
5188151168911540224
54051991755685888
27670124906791567360
648799821452279808
4026531840
6174015488
10468982784
19058917376
36238786560
70598524928
139318001664
276756955136
7247757312
11542724608
20132659200
37312528384
71672266752
140391743488
277830696960
13690208256
22280142848
39460012032
73819750400
142539227136
279978180608
26575110144
43754979328
78114717696
146834194432
284273147904
52344913920
86704652288
155424129024
292863082496
103884521472
172603998208
310042951680
206963736576
344402690048
413122166784
18142747164672
9896409956352
9008299571675136
72058694354862080
6597875073024
9015996153069568
72066390936256512
148618788508532736
81064794097975296
54043196333752320
7784628224
12079595520
20669530112
37849399296
72209137664
140928614400
278367567872
14227079168
22817013760
39996882944
74356621312
143076098048
280515051520
27111981056
44291850240
78651588608
147371065344
284810018816
52881784832
87241523200
155960999936
293399953408
104421392384
173140869120
310579822592
207500607488
344939560960
413659037696
35735470080000
18693039849472
10996458455040
292733977121259520
153122388672774144
90071993889587200
15300820992
23890755584
41070624768
75430363136
144149839872
281588793344
28185722880
45365592064
79725330432
148444807168
285883760640
53955526656
88315265024
157034741760
294473695232
105495134208
174214610944
311653564416
208574349312
346013302784
414732779520
70920915910656
1152922056778579968
36286299635712
19793625219072
36030998458138624
72059795477102592
13196555452416
36046391620927488
72075188639891456
1152991875766943744
9223653514247405568
580964354346713088
297237577822371840
162129589001256960
108086393472811008
30333206528
47513075712
81872814080
150592290816
288031244288
56103010304
90462748672
159182225408
296621178880
107642617856
176362094592
313801048064
210721832960
348160786432
416880263168
141291807571968
71472819208192
37387958747136
21994795958272
1157425108797620224
585467956121567232
306244779224596480
180143989658222592
60397977600
94757715968
163477192704
300916146176
111937585152
180657061888
318096015360
215016800256
352455753728
421175230464
282033590894592
141845858353152
72576625803264
39591276969984
26397137436672
2310346617699434496
1161928712719958016
594475159671275520
324259182029045760
216172790972153856
120527519744
189246996480
326685949952
223606734848
361045688320
429765165056
563517157539840
282591936643072
142953959915520
74784238993408
43997913415680
4616189635503063040
2314850225916739584
1170935920564633600
612489566770692096
360287987637944320
240786604032
378225557504
446945034240
1126484290830336
564084093222912
283708628140032
145170163040256
79199465373696
52811186307072
9227875671110320128
4620693252310302720
2323857442351349760
1188950336253984768
648518380969525248
432345598855741440
481304772608
2252418557411328
1127068406382592
565217964589056
285942011133952
288234843186135040
149602569289728
88029918134272
288511920116334592
18451247742324834304
9232379305097428992
4629700485924782080
2341871875220570112
1224979167632687104
720576009367191552
2253037032701952
1128236637487104
567485707321344
144119723829755904
1152926040360747008
290408777121792
158467381788672
105690823655424
144678275736666112
1153484592267657216
18455751410671681536
9241386573071646720
4647714953153740800
2377900740959010816
1297036830390091776
864691266162524160
2254273983283200
1130573099696128
572021192785920
299342309097472
176197006786560
18464758747365376000
9259401109020082176
4683743887611658240
2449958472435892224
1441152155904901120
4508547698130944
36033745089724416
1152992423375273984
40532946670583808
18019896336056320
9017095127826432
72067489911013376
81065893072732160
36048588496699392
72077385515663360
13512998173802496
108088590348582912
288516249443368960
144682536344223744
1153488852875214848
40536794961281024
1297041090997649408
81073589654126592
10376302337823080448
108103983511371776
1297599642904559616
8053063680
12348030976
20937965568
38117834752
72477573120
141197049856
278636003328
14495514624
23085449216
40265318400
74625056768
143344533504
280783486976
27380416512
44560285696
78920024064
147639500800
285078454272
53150220288
87509958656
156229435392
293668388864
104689827840
173409304576
310848258048
207769042944
345207996416
413927473152
70920110604288
36285494329344
19792819912704
18016599143350272
144117388709724160
13195750146048
18031992306139136
144132781872513024
580964353541406720
297237577017065472
162129588195950592
108086392667504640
15569256448
24159191040
41339060224
75698798592
144418275328
281857228800
28454158336
45634027520
79993765888
148713242624
286152196096
54223962112
88583700480
157303177216
294742130688
105763569664
174483046400
311921999872
208842784768
346281738240
415001214976
141289928523776
71470940160000
37386079698944
21992916910080
1157425106918572032
585467954242519040
306244777345548288
180143987779174400
30601641984
47781511168
82141249536
150860726272
288299679744
56371445760
90731184128
159450660864
296889614336
107911053312
176630530048
314069483520
210990268416
348429221888
417148698624
282029564362752
141841831821312
4504703970836480
2305844113557159936
72572599271424
39587250438144
72061996916277248
144119590954205184
26393110904832
72092783241854976
144150377279782912
4644341947564032
2305983751533887488
18447307028494811136
2310346613672902656
1161928708693426176
594475155644743680
324259178002513920
216172786945622016
60666413056
95026151424
163745628160
301184581632
112206020608
180925497344
318364450816
215285235712
352724189184
421443665920
563508836040704
282583615143936
142945638416384
74775917494272
43989591916544
4616189627181563904
2314850217595240448
1170935912243134464
612489558449192960
360287979316445184
120795955200
189515431936
326954385408
223875170304
361314123776
430033600512
1126467379396608
564067181789184
283691716706304
145153251606528
79182553939968
52794274873344
9227875654198886400
4620693235398868992
2323857425439916032
1188950319342551040
648518364058091520
432345581944307712
241055039488
378493992960
447213469696
2252384466108416
1127034315079680
565183873286144
285907919831040
149568477986816
87995826831360
18451247708233531392
9232379271006126080
4629700451833479168
2341871841129267200
1224979133541384192
720575975275888640
481573208064
2252968581660672
1128168186445824
567417256280064
290340326080512
158398930747392
105622372614144
18455751342220640256
9241386504620605440
4647714884702699520
2377900672507969536
1297036761939050496
864691197711482880
2254136812765184
1130435929178112
571884022267904
576469686372270080
299205138579456
176059836268544
577023840232669184
18464758610194857984
9259400971849564160
4683743750441140224
2449958335265374208
1441152018734383104
2256473274974208
1134971414642688
288239447659511808
2305852080721494016
580817554243584
316934763577344
211381647310848
289356551473332224
2306969184535314432
18482773146143293440
9295429906307481600
4755801481918021632
2594073660780183552
1729382532325048320
9012147593936896
18019346848677888
576496486968197120
27022148056907776
9017095396261888
72067490179448832
4645437164224512
2305984846750547968
2310347708889563136
81065893341167616
36039792672112640
18034190255652864
144134979822026752
162131786145464320
72097176993398784
144154771031326720
27025996347604992
216177180697165824
577032498886737920
289365072688447488
2306977705750429696
81073589922562048
2594082181995298816
162147179308253184
20752604675646160896
216207967022743552
2310487346866290688
2595199285809119232
16106127360
24696061952
41875931136
76235669504
144955146240
282394099712
28991029248
46170898432
80530636800
149250113536
286689067008
54760833024
89120571392
157840048128
295279001600
106300440576
175019917312
312458870784
209379655680
346818609152
415538085888
282027953750016
141840221208576
72570988658688
39585639825408
36033198286700544
288234777419448320
26391500292096
36063984612278272
288265563745026048
2310346612062289920
1161928707082813440
594475154034130944
324259176391901184
216172785335009280
31138512896
48318382080
82678120448
151397597184
288836550656
56908316672
91268055040
159987531776
297426485248
108447924224
177167400960
314606354432
211527139328
348966092800
417685569536
563505077944320
282579857047552
142941880320000
74772159397888
43985833820160
4616189623423467520
2314850213837144064
1170935908485038080
612489554691096576
360287975558348800
61203283968
95563022336
164282499072
301721452544
112742891520
181462368256
318901321728
215822106624
353261060096
421980536832
1126459326332928
564059128725504
283683663642624
9009407941672960
4611688227114319872
145145198542848
79174500876288
144123993832554496
288239181908410368
52786221809664
144185566483709952
288300754559565824
9288683895128064
4611967503067774976
9227875646145822720
4620693227345805312
2323857417386852352
1188950311289487360
648518356005027840
432345573891244032
121332826112
190052302848
327491256320
224412041216
361850994688
430570471424
2252367823110144
1127017672081408
565167230287872
285891276832768
149551834988544
87979183833088
18451247691590533120
9232379254363127808
4629700435190480896
2341871824486268928
1224979116898385920
720575958632890368
241591910400
379030863872
447750340608
2252934758793216
1128134363578368
567383433412608
290306503213056
158365107879936
105588549746688
18455751308397772800
9241386470797737984
4647714850879832064
2377900638685102080
1297036728116183040
864691163888615424
482110078976
2254068630159360
1130367746572288
571815839662080
299136955973632
175991653662720
18464758542012252160
9259400903666958336
4683743682258534400
2449958267082768384
1441151950551777280
2256336372891648
1134834512560128
580680652161024
316797861494784
211244745228288
18482773009241210880
9295429769405399040
4755801345015939072
2594073523878100992
1729382395422965760
2260871858356224
1143768044535808
1152939372744540160
598410277158912
352119672537088
1154047680465338368
18518801943699128320
9367487500882280448
4899916670530748416
2882304037468766208
18024295187873792
36038693697355776
4575068956917760
1152992973936394240
1157426204819587072
54044296113815552
18034190792523776
144134980358897664
9290874328449024
4611969693501095936
4620695417779126272
162131786682335232
72079585344225280
36068380511305728
288269959644053504
324263572290928640
144194353986797568
288309542062653440
54051992695209984
432354361394331648
1154064997773475840
578730145376894976
4613955411500859392
162147179845124096
5188164363990597632
324294358616506368
1157495474052136960
432415934045487104
4620974693732581376
5190398571618238464
32212254720
49392123904
83751862272
152471339008
289910292480
57982058496
92341796864
161061273600
298500227072
109521666048
178241142784
315680096256
212600881152
350039834624
418759311360
1126456105107456
564055907500032
283680442417152
145141977317376
79171279650816
72066396573401088
576469554838896640
52783000584192
72127969224556544
576531127490052096
9227875642924597248
4620693224124579840
2323857414165626880
1188950308068261888
648518352783802368
432345570670018560
62277025792
96636764160
165356240896
302795194368
113816633344
182536110080
319975063552
216895848448
354334801920
423054278656
2252360306917376
1127010155888640
565159714095104
285883760640000
149544318795776
87971667640320
18451247684074340352
9232379246846935040
4629700427674288128
2341871816970076160
1224979109382193152
720575951116697600
122406567936
191126044672
328564998144
225485783040
362924736512
431644213248
2252918652665856
1128118257451008
567367327285248
18018815883345920
9223376454228639744
290290397085696
158349001752576
288247987665108992
576478363816820736
105572443619328
288371132967419904
576601509119131648
18577367790256128
9223935006135549952
18455751292291645440
9241386454691610624
4647714834773704704
2377900622578974720
1297036712010055680
864691147782488064
242665652224
380104605696
448824082432
2254035344162816
1130334460575744
571782553665536
299103669977088
175958367666176
18464758508726255616
9259400870380961792
4683743648972537856
2449958233796771840
1441151917265780736
483183820800
2256268727156736
1134766866825216
580613006426112
316730215759872
211177099493376
18482772941595475968
9295429701759664128
4755801277370204160
2594073456232366080
1729382327777230848
2260735493144576
1143631679324160
598273911947264
351983307325440
18518801807333916672
9367487364517068800
4899916534165536768
2882303901103554560
2269669025120256
1161361304322048
633595722989568
422489490456576
18590859538810798080
9511602690031878144
5188147047756201984
3458764790845931520
1152992425254322176
36048590375747584
72077387394711552
9150137913835520
2305985947872788480
2314852409639174144
108088592227631104
36068381585047552
288269960717795328
18581748656898048
9223939387002191872
9241390835558252544
324263573364670464
144159170688450560
72136761022611456
576539919288107008
648527144581857280
288388707973595136
576619084125306880
108103985390419968
864708722788663296
2308129995546951680
324294359690248192
10376328727981195264
648588717233012736
2314990948104273920
864831868090974208
9241949387465162752
64424509440
98784247808
167503724544
304942678016
115964116992
184683593728
322122547200
219043332096
356482285568
425201762304
2252912210214912
1128111815000064
567360884834304
290283954634752
158342559301632
144132793146802176
1152939109677793280
105566001168384
144255938449113088
1153062254980104192
18455751285849194496
9241386448249159680
4647714828331253760
2377900616136523776
1297036705567604736
864691141340037120
124554051584
193273528320
330712481792
227633266688
365072220160
433791696896
2254020311777280
1130319428190208
571767521280000
299088637591552
175943335280640
18464758493693870080
9259400855348576256
4683743633940152320
2449958218764386304
1441151902233395200
244813135872
382252089344
450971566080
4505837305331712
2256236514902016
1134734654570496
36037631766691840
18446752908457279488
580580794171392
316698003505152
576495975330217984
1152956727633641472
211144887238656
576742265934839808
1153203018238263296
37154735580512256
18447870012271099904
18482772909383221248
9295429669547409408
4755801245157949440
2594073424020111360
1729382295564976128
485331304448
2260668921151488
1143565107331072
598207339954176
351916735332352
18518801740761923584
9367487297945075712
4899916467593543680
2882303834531561472
2269533733650432
1161226012852224
633460431519744
422354198986752
18590859403519328256
9511602554740408320
5188146912464732160
3458764655554461696
2287263358648320
1196547823894528
703966614650880
18734974729034137600
9799833068331073536
5764607802207109120
4645440922320896
2305984850508644352
2310347712647659520
72097180751495168
144154774789423104
18300275827671040
4611971895745576960
4629704819278348288
216177184455262208
72136763170095104
576539921435590656
37163497313796096
18447878774004383744
18482781671116505088
648527146729340928
288318341376901120
144273522045222912
1153079838576214016
40549993127346176
1297054289163714560
576777415947190272
1153238168250613760
216207970780839936
1729417445577326592
648588719380496384
20752657455962390528
2310487350624387072
1297177434466025472
4629981896208547840
1729663736181948416
18483898774930325504
128849018880
197568495616
335007449088
231928233984
369367187456
438086664192
2256223630000128
1134721769668608
580567909269504
316685118603264
288265586293604352
2305878219355586560
211132002336768
288511876898226176
2306124509960208384
18482772896498319360
9295429656662507520
4755801232273047552
2594073411135209472
1729382282680074240
249108103168
386547056640
455266533376
2260638856380416
1143535042560000
598177275183104
351886670561280
18518801710697152512
9367487267880304640
4899916437528772608
2882303804466790400
489626271744
9011674610663424
2269469309140992
72075263533383680
1161161588342784
633396007010304
1152991950660435968
2305913455267282944
422289774477312
1153484531869679616
2306406036476526592
74309471161024512
18590859339094818816
9511602490315898880
5188146848040222720
3458764591129952256
2287130214662144
1196414679908352
703833470664704
18734974595890151424
9799832935187087360
5764607669063122944
2322452025704448
1266920863039488
844708397973504
19023205109480816640
10376293824929464320
6917529311108923392
36064539736801280
9290881844641792
4611969701017288704
4620695425295319040
144194361502990336
288309549578846208
36600551655342080
9223943791491153920
9259409638556696576
432354368910524416
144273526340190208
1153079842871181312
74326994627592192
1297054293458681856
576636682753802240
288547044090445824
2306159677152428032
81099986254692352
2594108578327429120
1153554831894380544
2306476336501227520
432415941561679872
3458834891154653184
1297177438760992768
4620974701248774144
2594354868932050944
9259963792417095680
3459327472363896832
257698037760
395136991232
463856467968
2269443539337216
1161135818539008
633370237206528
576531172587208704
4611756438711173120
422264004673536
577023753796452352
4612249019920416768
18590859313325015040
9511602464546095104
5188146822270418944
3458764565360148480
498216206336
2287070085120000
1196354550366208
703773341122560
18734974535760609280
9799832875057545216
5764607608933580800
18023349221326848
144150527066767360
2322323176685568
1266792014020608
2305983901320871936
4611826910534565888
844579548954624
2306969063739359232
4612812072953053184
19023204980631797760
10376293696080445440
6917529182259904512
2392829359816704
1407666941329408
19599665870374174720
11529215338126245888
18085334189342720
144186123755716608
162130153521020928
72129079473602560
18581763689283584
9223939402034577408
9241390850590638080
288388723005980672
576619099157692416
73201103310684160
18447887582982307840
18518819277113393152
864708737821048832
288547052680380416
2306159685742362624
2594108586917363712
1153273365507604480
577094088180891648
4612319354304856064
162199972509384704
5188217156654858240
2307109663788761088
4612952673002455040
864831883123359744
6917669782309306368
2594354877521985536
9241949402497548288
5188709737864101888
18519927584834191360
6918654944727793664
515396075520
2322271637078016
1266740474413056
1153062345174417408
9223512877422346240
844528009347072
1154047507592904704
9224498039840833536
19023204929092190208
10376293644540837888
6917529130720296960
2392709100732416
1407546682245120
19599665750115090432
11529215217867161600
36046698442653696
288301054133534720
2533584028041216
4611967802641743872
9223653821069131776
1689159097909248
4613938127478718464
9225624145906106368
20752587392160890880
13835058364519809024
36170668378685440
288372247511433216
324260307042041856
144258158947205120
37163527378567168
18447878804069154816
18482781701181276160
576777446011961344
1153238198315384832
146402206621368320
1729417475642097664
577094105360760832
4612319371484725248
40602799750250496
5188217173834727424
2306546731015208960
1154188176361783296
9224638708609712128
324399945018769408
10376434313309716480
4614219327577522176
9225905346004910080
1729663766246719488
13835339564618612736
5188709755043971072
18483898804995096576
10377419475728203776
13837309889455587328
4508203832311808
2533480948826112
2306124690348834816
18447025754844692480
1689056018694144
2308095015185809408
18448996079681667072
20752587289081675776
13835058261440593920
2815093364490240
23058430435734323200
72341336757370880
576744495022866432
648520614084083712
288516317894410240
74327054757134336
1153554892023922688
2306476396630769664
3458834951284195328
1154188210721521664
9224638742969450496
81205599500500992
10376434347669454848
4613093462030417920
2308376352723566592
18449277417219424256
648799890037538816
20752868626619432960
3459327532493438976
27670679129237225472
10377419510087942144
20754838951456407552
9016407664623616
4612249380697669632
3378112037388288
27670116522881187840
144682673514741760
1153488990045732864
1297041228168167424
577032635788820480
2307109784047845376
4612952793261539328
13651673809420288
6917669902568390656
2308376421443043328
18449277485938900992
162411199001001984
20752868695338909696
9226186924060835840
1297599780075077632
6918655064986877952
20754839020175884288
289365347029483520
2306977980091465728
2594082456336334848
1154065271577640960
4614219568095690752
9225905586523078656
27303347618840576
13835339805136781312
324822398002003968
2595199560150155264
13837310129973755904
8246337208320
12644383719424
21440476741632
39032662786048
74217034874880
144585779052544
285323267407872
566798244118528
1129748197539840
2255648104382464
14843406974976
23639499997184
41231686041600
76416058130432
146784802308096
287522290663424
568997267374080
1131947220795392
2257847127638016
28037546508288
45629732552704
80814104641536
151182848819200
291920337174528
573395313885184
1136345267306496
2262245174149120
54425825574912
89610197663744
159978941841408
300716430196736
582191406907392
1145141360328704
2271041267171328
107202383708160
177571127885824
318308616241152
599783592951808
1162733546373120
2288633453215744
212755499974656
353492988329984
634967965040640
1197917918461952
2323817825304576
423861732507648
705336709218304
1268286662639616
2394186569482240
846074197573632
1409024150994944
2534924057837568
1690499127705600
2816399034548224
3379348987969536
13512448149553152
15942918602752
24739011624960
42331197669376
77515569758208
147884313935872
288621802291200
570096779001856
1133046732423168
2258946639265792
29137058136064
46729244180480
81913616269312
152282360446976
293019848802304
574494825512960
1137444778934272
2263344685776896
55525337202688
90709709291520
161078453469184
301815941824512
583290918535168
1146240871956480
2272140778799104
108301895335936
178670639513600
319408127868928
600883104579584
1163833058000896
2289732964843520
213855011602432
354592499957760
636067476668416
1199017430089728
2324917336932352
424961244135424
706436220846080
1269386174267392
2395286081110016
847173709201408
1410123662622720
2536023569465344
1691598639333376
2817498546176000
3380448499597312
22520746915921920
31336081391616
48928267436032
84112639524864
154481383702528
295218872057856
576693848768512
1139643802189824
2265543709032448
57724360458240
92908732547072
163277476724736
304014965080064
585489941790720
1148439895212032
2274339802054656
110500918591488
180869662769152
321607151124480
603082127835136
1166032081256448
2291931988099072
216054034857984
356791523213312
638266499923968
1201216453345280
2327116360187904
427160267390976
708635244101632
1271585197522944
2397485104365568
849372732456960
1412322685878272
2538222592720896
1693797662588928
2819697569431552
3382647522852864
40537344448659456
27026545566547968
62122406969344
97306779058176
167675523235840
308413011591168
589887988301824
1152837941723136
2278737848565760
114898965102592
185267709280256
326005197635584
607480174346240
1170430127767552
2296330034610176
220452081369088
361189569724416
642664546435072
1205614499856384
2331514406699008
431558313902080
713033290612736
1275983244034048
2401883150876672
853770778968064
1416720732389376
2542620639232000
1698195709100032
2824095615942656
3387045569363968
76570539514134528
45045342122541056
123695058124800
194063802302464
334801290657792
616276267368448
1179226220789760
2305126127632384
229248174391296
369985662746624
651460639457280
1214410592878592
2340310499721216
440354406924288
721829383634944
1284779337056256
2410679243898880
862566871990272
1425516825411584
2551416732254208
1706991802122240
2832891708964864
3395841662386176
148636929645084672
81082935234527232
54061337470304256
246840360435712
387577848791040
669052825501696
1232002778923008
2357902685765632
457946592968704
739421569679360
1302371523100672
2428271429943296
880159058034688
1443109011456000
2569008918298624
1724583988166656
2850483895009280
3413433848430592
292769709906984960
153158121458499584
90107726675312640
493130965057536
774605941768192
1337555895189504
2463455802032128
915343430123520
1478293383544832
2604193290387456
1759768360255488
2885668267098112
3448618220519424
581035270430785536
297308493906444288
162200505085329408
108157309556883456
985712174301184
1548662127722496
2674562034565120
1830137104433152
2956037011275776
3518986964697088
1157566391478386688
585609238802333696
306386061905362944
180285272338989056
1970874592788480
3096774499631104
3659724453052416
2310628633573588992
1162210728594112512
594757175545430016
324541197903200256
216454806846308352
3941199429763072
4616753117763993600
2315413708177670144
1171499402825564160
613053049031622656
360851469898874880
9229002086144802816
4621819667344785408
2324983857385832448
1190076751288467456
649644796004007936
433472013890224128
18453500022906421248
9234631585679015936
4631952766506369024
2344124155802157056
1227231448214274048
722828289948778496
16492674416640
25288767438848
42880953483264
78065325572096
148434069749760
289171558105088
570646534815744
1133596488237056
2259496395079680
29686813949952
47278999994368
82463372083200
152832116260864
293569604616192
575044581326848
1137994534748160
2263894441590784
56075093016576
91259465105408
161628209283072
302365697638400
583840674349056
1146790627770368
2272690534612992
108851651149824
179220395327488
319957883682816
601432860393472
1164382813814784
2290282720657408
214404767416320
355142255771648
636617232482304
1199567185903616
2325467092746240
425510999949312
706985976659968
1269935930081280
2395835836923904
847723465015296
1410673418436608
2536573325279232
1692148395147264
2818048301989888
3380998255411200
40535695181217792
27024896299106304
31885837205504
49478023249920
84662395338752
155031139516416
295768627871744
577243604582400
1140193558003712
2266093464846336
58274116272128
93458488360960
163827232538624
304564720893952
586039697604608
1148989651025920
2274889557868544
111050674405376
181419418583040
322156906938368
603631883649024
1166581837070336
2292481743912960
216603790671872
357341279027200
638816255737856
1201766209159168
2327666116001792
427710023204864
709184999915520
1272134953336832
2398034860179456
849922488270848
1412872441692160
2538772348534784
1694347418402816
2820247325245440
3383197278666752
76566691223437312
45041493831843840
62672162783232
97856534872064
168225279049728
308962767405056
590437744115712
1153387697537024
2279287604379648
115448720916480
185817465094144
326554953449472
608029930160128
1170979883581440
2296879790424064
221001837182976
361739325538304
643214302248960
1206164255670272
2332064162512896
432108069715968
713583046426624
1276532999847936
2402432906690560
854320534781952
1417270488203264
2543170395045888
1698745464913920
2824645371756544
3387595325177856
148628683307876352
81074688897318912
54053091133095936
124244813938688
194613558116352
335351046471680
616826023182336
1179775976603648
2305675883446272
229797930205184
370535418560512
652010395271168
1214960348692480
2340860255535104
440904162738176
722379139448832
1285329092870144
2411228999712768
863116627804160
1426066581225472
2551966488068096
1707541557936128
2833441464778752
3396391418200064
292752667476754432
153141079028269056
90090684245082112
247390116249600
388127604604928
669602581315584
1232552534736896
2358452441579520
458496348782592
739971325493248
1302921278914560
2428821185757184
880708813848576
1443658767269888
2569558674112512
1725133743980544
2851033650823168
3413983604244480
581000635814510592
297273859290169344
162165870469054464
108122674940608512
493680720871424
775155697582080
1338105651003392
2464005557846016
915893185937408
1478843139358720
2604743046201344
1760318116069376
2886218022912000
3449167976333312
1157496572490022912
585539419813969920
306316242916999168
180215453350625280
986261930115072
1549211883536384
2675111790379008
1830686860247040
2956586767089664
3519536720510976
2310488445841047552
1162070540861571072
594616987812888576
324401010170658816
216314619113766912
1971424348602368
3097324255444992
3660274208866304
4616472192543096832
2315132782956773376
1171218477604667392
612772123810725888
360570544677978112
3941749185576960
9228439685947195392
4621257267147177984
2324421457188225024
1189514351090860032
649082395806400512
432909613692616704
18452374672755392512
9233506235527987200
4630827416355340288
2342998805651128320
1226106098063245312
721702939797749760
18458004172289605632
9243639334689570816
4649967714771664896
2380153502576934912
1299289592008015872
866944027780448256
32985348833280
50577534877696
85761906966528
156130651144192
296868139499520
578343116210176
1141293069631488
2267192976474112
59373627899904
94557999988736
164926744166400
305664232521728
587139209232384
1150089162653696
2275989069496320
112150186033152
182518930210816
323256418566144
604731395276800
1167681348698112
2293581255540736
217703302299648
358440790654976
639915767365632
1202865720786944
2328765627629568
428809534832640
710284511543296
1273234464964608
2399134371807232
851021999898624
1413971953319936
2539871860162560
1695446930030592
2821346836873216
3384296790294528
148625384772993024
81071390362435584
54049792598212608
63771674411008
98956046499840
169324790677504
310062279032832
591537255743488
1154487209164800
2280387116007424
116548232544256
186916976721920
327654465077248
609129441787904
1172079395209216
2297979302051840
222101348810752
362838837166080
644313813876736
1207263767298048
2333163674140672
433207581343744
714682558054400
1277632511475712
2403532418318336
855420046409728
1418369999831040
2544269906673664
1699844976541696
2825744883384320
3388694836805632
292744970895360000
153133382446874624
90082987663687680
125344325566464
195713069744128
336450558099456
617925534810112
1180875488231424
2306775395074048
230897441832960
371634930188288
653109906898944
1216059860320256
2341959767162880
442003674365952
723478651076608
1286428604497920
2412328511340544
864216139431936
1427166092853248
2553065999695872
1708641069563904
2834540976406528
3397490929827840
580984143140093952
297257366615752704
162149377794637824
108106182266191872
248489627877376
389227116232704
670702092943360
1233652046364672
2359551953207296
459595860410368
741070837121024
1304020790542336
2429920697384960
881808325476352
1444758278897664
2570658185740288
1726233255608320
2852133162450944
3415083115872256
1157462487629561856
585505334953508864
306282158056538112
180181368490164224
494780232499200
776255209209856
1339205162631168
2465105069473792
916992697565184
1479942650986496
2605842557829120
1761417627697152
2887317534539776
3450267487961088
2310419176608497664
1162001271629021184
594547718580338688
324331740938108928
216245349881217024
987361441742848
1550311395164160
2676211302006784
1831786371874816
2957686278717440
3520636232138752
4616332554566369280
2314993144980045824
1171078839627939840
612632485833998336
360430906701250560
1972523860230144
3098423767072768
3661373720494080
9228159310482112512
4620976891682095104
2324141081723142144
1189233975625777152
648802020341317632
432629238227533824
3942848697204736
18451812822313598976
9232944385086193664
4630265565913546752
2342436955209334784
1225544247621451776
721141089355956224
18456879371894390784
9242514534294355968
4648842914376450048
2379028702181720064
1298164791612801024
865819227385233408
18467012471055974400
9261654832710680576
4685997611302256640
2452212196126490624
1443405879595499520
65970697666560
101155069755392
171523813933056
312261302288384
593736278999040
1156686232420352
2282586139262976
118747255799808
189115999977472
329853488332800
611328465043456
1174278418464768
2300178325307392
224300372066304
365037860421632
646512837132288
1209462790553600
2335362697396224
435406604599296
716881581309952
1279831534731264
2405731441573888
857619069665280
1420569023086592
2546468929929216
1702043999797248
2827943906639872
3390893860061184
580977546070327296
297250769545986048
162142780724871168
108099585196425216
127543348822016
197912092999680
338649581355008
620124558065664
1183074511486976
2308974418329600
233096465088512
373833953443840
655308930154496
1218258883575808
2344158790418432
444202697621504
725677674332160
1288627627753472
2414527534596096
866415162687488
1429365116108800
2555265022951424
1710840092819456
2836739999662080
3399689953083392
1157447094466772992
585489941790720000
306266764893749248
180165975327375360
250688651132928
391426139488256
672901116198912
1235851069620224
2361750976462848
461794883665920
743269860376576
1306219813797888
2432119720640512
884007348731904
1446957302153216
2572857208995840
1728432278863872
2854332185706496
3417282139127808
2310386191259664384
1161968286280187904
594514733231505408
324298755589275648
216212364532383744
496979255754752
778454232465408
1341404185886720
2467304092729344
919191720820736
1482141674242048
2608041581084672
1763616650952704
2889516557795328
3452466511216640
4616264384845447168
2314924975259123712
1171010669907017728
612564316113076224
360362736980328448
989560464998400
1552510418419712
2678410325262336
1833985395130368
2959885301972992
3522835255394304
9228020772017012736
4620838353216995328
2324002543258042368
1189095437160677376
648663481876217856
432490699762434048
1974722883485696
3100622790328320
3663572743749632
18451533546360143872
9232665109132738560
4629986289960091648
2342157679255879680
1225264971667996672
720861813402501120
3945047720460288
18456318620964225024
9241953783364190208
4648282163446284288
2378467951251554304
1297604040682635264
865258476455067648
18465888770172387328
9260531131827093504
4684873910418669568
2451088495242903552
1442282178711912448
18485029068588711936
9297685828752900096
4758057404363440128
2596329583225602048
1731638454770466816
131941395333120
202310139510784
343047627866112
624522604576768
1187472557998080
2313372464840704
237494511599616
378231999954944
659706976665600
1222656930086912
2348556836929536
448600744132608
730075720843264
1293025674264576
2418925581107200
870813209198592
1433763162619904
2559663069462528
1715238139330560
2841138046173184
3404087999594496
2310372997120131072
1161955092140654592
594501539091972096
324285561449742336
216199170392850432
255086697644032
395824185999360
677299162710016
1240249116131328
2366149022973952
466192930177024
747667906887680
1310617860308992
2436517767151616
888405395243008
1451355348664320
2577255255506944
1732830325374976
2858730232217600
3421680185638912
4616233598519869440
2314894188933545984
1170979883581440000
612533529787498496
360331950654750720
501377302265856
782852278976512
1345802232397824
2471702139240448
923589767331840
1486539720753152
2612439627595776
1768014697463808
2893914604306432
3456864557727744
9227954801319346176
4620772382519328768
2323936572560375808
1189029466463010816
648597511178551296
432424729064767488
993958511509504
1556908464930816
2682808371773440
1838383441641472
2964283348484096
3527233301905408
18451397206918299648
9232528769690894336
4629849950518247424
2342021339814035456
1225128632226152448
720725473960656896
1979120929996800
3105020836839424
3667970790260736
18456041544034025472
9241676706433990656
4648005086516084736
2378190874321354752
1297326963752435712
864981399524868096
3949445766971392
18465330218265477120
9259972579920183296
4684315358511759360
2450529943335993344
1441723626805002240
18483907566728380416
9296564326892568576
4756935902503108608
2595208081365270528
1730516952910135296
18521062263654187008
9369747820837339136
4902176990485807104
2884564357423824896
263882790666240
404620279021568
686095255732224
1249045209153536
2374945115996160
474989023199232
756463999909888
1319413953331200
2445313860173824
897201488265216
1460151441686528
2586051348529152
1741626418397184
2867526325239808
3430476278661120
9227928413040279552
4620745994240262144
2323910184281309184
1189003078183944192
648571122899484672
432398340785700864
510173395288064
791648371998720
1354598325420032
2480498232262656
932385860354048
1495335813775360
2621235720617984
1776810790486016
2902710697328640
3465660650749952
18451335634267144192
9232467197039738880
4629788377867091968
2341959767162880000
1225067059574996992
720663901309501440
1002754604531712
1565704557953024
2691604464795648
1847179534663680
2973079441506304
3536029394927616
18455909602638692352
9241544765038657536
4647873145120751616
2378058932926021632
1297195022357102592
864849458129534976
1987917023019008
3113816929861632
3676766883282944
18465057539381788672
9259699901036494848
4684042679628070912
2450257264452304896
1441450947921313792
3958241859993600
18483353412867981312
9296010173032169472
4756381748642709504
2594653927504871424
1729962799049736192
18519945159840366592
9368630717023518720
4901059886671986688
2883447253610004480
18593128653785137152
9513871805006217216
5190416162730541056
3461033905820270592
527765581332480
809240558043136
1372190511464448
2498090418307072
949978046398464
1512927999819776
2638827906662400
1794402976530432
2920302883373056
3483252836794368
18455856826080559104
9241491988480524288
4647820368562618368
2378006156367888384
1297142245798969344
864796681571401728
1020346790576128
1583296743997440
2709196650840064
1864771720708096
2990671627550720
3553621580972032
18464934394079477760
9259576755734183936
4683919534325760000
2450134119149993984
1441327802619002880
2005509209063424
3131409115906048
3694359069327360
18483089530077315072
9295746290241503232
4756117865852043264
2594390044714205184
1729698916259069952
3975834046038016
18519399802072989696
9368085359256141824
4900514528904609792
2882901895842627584
18592020346064338944
9512763497285419008
5189307855009742848
3459925598099472384
18737261434047037440
9802119773343973376
5766894507220008960
1055531162664960
1618481116086272
2744381022928896
1899956092796928
3025855999639552
3588805953060864
18482983976961048576
9295640737125236736
4756012312735776768
2594284491597938688
1729593363142803456
2040693581152256
3166593487994880
3729543441416192
18519153511468367872
9367839068651520000
4900268238299987968
2882655605238005760
4011018418126848
18591492580483006464
9512235731704086528
5188780089428410368
3459397832518139904
18736170718512283648
9801029057809219584
5765803791685255168
19025526994570838016
10378615710019485696
6919851196198944768
2111062325329920
3236962232172544
3799912185593856
18591281474250473472
9512024625471553536
5188568983195877376
3459186726285606912
4081387162304512
18735678137303040000
9800536476599975936
5765311210476011520
19024471463408173056
10377560178856820736
6918795665036279808
19602058115618439168
11531607583370510336
4222124650659840
19024049250943107072
10377137966391754752
6918373452571213824
19601072953199951872
11530622420952023040
20755120357713641472
13837591330072559616
20754275932783509504
13836746905142427648
23061244841904046080
27673493810284855296
67553994410557440
103582791429521408
175640385467449344
319755573543305216
607985949695016960
1184446701998440448
2337368206605287424
4643211215818981376
9254897234246369280
18478269271101145088
121597189939003392
193654783976931328
337769972052787200
626000348204498944
1202461100507922432
2355382605114769408
4661225614328463360
9272911632755851264
18496283669610627072
229683580995895296
373798769071751168
662029145223462912
1238489897526886400
2391411402133733376
4697254411347427328
9308940429774815232
18532312466629591040
445856363109679104
734086739261390848
1310547491564814336
2463468996171661312
4769312005385355264
9380998023812743168
18604370060667518976
878201927337246720
1454662679640670208
2607584184247517184
4913427193461211136
9525113211888599040
18748485248743374848
1742893055792381952
2895814560399228928
5201657569612922880
9813343588040310784
19036715624895086592
3472275312702652416
5778118321916346368
10389804340343734272
19613176377198510080
6931039826523193344
11542725844950581248
20766097881805357056
13848568854164275200
23071940891019051008
27683626909446438912
130604389193744384
202661983231672320
346777171307528192
635007547459239936
1211468299762663424
2364389804369510400
4670232813583204352
9281918832010592256
18505290868865368064
238690780250636288
382805968326492160
671036344478203904
1247497096781627392
2400418601388474368
4706261610602168320
9317947629029556224
18541319665884332032
454863562364420096
743093938516131840
1319554690819555328
2472476195426402304
4778319204640096256
9390005223067484160
18613377259922259968
887209126591987712
1463669878895411200
2616591383502258176
4922434392715952128
9534120411143340032
18757492447998115840
1751900255047122944
2904821759653969920
5210664768867663872
9822350787295051776
19045722824149827584
3481282511957393408
5787125521171087360
10398811539598475264
19622183576453251072
6940047025777934336
11551733044205322240
20775105081060098048
13857576053419016192
23080948090273792000
27692634108701179904
256705178760118272
400820366835974144
689050742987685888
1265511495291109376
2418432999897956352
4724276009111650304
9335962027539038208
18559334064393814016
472877960873902080
761108337025613824
1337569089329037312
2490490593935884288
4796333603149578240
9408019621576966144
18631391658431741952
905223525101469696
1481684277404893184
2634605782011740160
4940448791225434112
9552134809652822016
18775506846507597824
1769914653556604928
2922836158163451904
5228679167377145856
9840365185804533760
19063737222659309568
3499296910466875392
5805139919680569344
10416825938107957248
19640197974962733056
6958061424287416320
11569747442714804224
20793119479569580032
13875590451928498176
23098962488783273984
27710648507210661888
508906757892866048
797137134044577792
1373597886348001280
2526519390954848256
4832362400168542208
9444048418595930112
18667420455450705920
941252322120433664
1517713074423857152
2670634579030704128
4976477588244398080
9588163606671785984
18811535643526561792
1805943450575568896
2958864955182415872
5264707964396109824
9876393982823497728
19099766019678273536
3535325707485839360
5841168716699533312
10452854735126921216
19676226771981697024
6994090221306380288
11605776239733768192
20829148276588544000
13911619248947462144
23134991285802237952
27746677304229625856
1013309916158361600
1589770668461785088
2742692173068632064
5048535182282326016
9660221200709713920
18883593237564489728
1878001044613496832
3030922549220343808
5336765558434037760
9948451576861425664
19171823613716201472
3607383301523767296
5913226310737461248
10524912329164849152
19748284366019624960
7066147815344308224
11677833833771696128
20901205870626471936
13983676842985390080
23207048879840165888
27818734898267553792
2022116232689352704
3175037737296199680
5480880746509893632
10092566764937281536
19315938801792057344
3751498489599623168
6057341498813317120
10669027517240705024
19892399554095480832
7210263003420164096
11821949021847552000
21045321058702327808
14127792031061245952
23351164067916021760
27962850086343409664
4039728865751334912
6345571874965028864
10957257893392416768
20180629930247192576
7498493379571875840
12110179397999263744
21333551434854039552
14416022407212957696
23639394444067733504
28251080462495121408
8074954131875299328
12686640150302687232
21910012187157463040
14992483159516381184
24215855196371156992
28827541214798544896
16145404664123228160
25368776700978003968
29980462719405391872
32286305728619085824
135107988821114880
207165582859042816
351280770934898688
639511147086610432
1215971899390033920
2368893403996880896
4674736413210574848
9286422431637962752
18509794468492738560
243194379878006784
387309567953862656
675539944105574400
1252000696408997888
2404922201015844864
4710765210229538816
9322451228656926720
18545823265511702528
459367161991790592
747597538143502336
1324058290446925824
2476979795053772800
4782822804267466752
9394508822694854656
18617880859549630464
891712726219358208
1468173478522781696
2621094983129628672
4926937992343322624
9538624010770710528
18761996047625486336
1756403854674493440
2909325359281340416
5215168368495034368
9826854386922422272
19050226423777198080
3485786111584763904
5791629120798457856
10403315139225845760
19626687176080621568
6944550625405304832
11556236643832692736
20779608680687468544
13862079653046386688
23085451689901162496
27697137708328550400
261208778387488768
405323966463344640
693554342615056384
1270015094918479872
2422936599525326848
4728779608739020800
9340465627166408704
18563837664021184512
477381560501272576
765611936652984320
1342072688956407808
2494994193563254784
4800837202776948736
9412523221204336640
18635895258059112448
909727124728840192
1486187877032263680
2639109381639110656
4944952390852804608
9556638409280192512
18780010446134968320
1774418253183975424
2927339757790822400
5233182767004516352
9844868785431904256
19068240822286680064
3503800510094245888
5809643519307939840
10421329537735327744
19644701574590103552
6962565023914786816
11574251042342174720
20797623079196950528
13880094051555868672
23103466088410644480
27715152106838032384
513410357520236544
801640733671948288
1378101485975371776
2531022990582218752
4836865999795912704
9448552018223300608
18671924055078076416
945755921747804160
1522216674051227648
2675138178658074624
4980981187871768576
9592667206299156480
18816039243153932288
1810447050202939392
2963368554809786368
5269211564023480320
9880897582450868224
19104269619305644032
3539829307113209856
5845672316326903808
10457358334754291712
19680730371609067520
6998593820933750784
11610279839361138688
20833651876215914496
13916122848574832640
23139494885429608448
27751180903856996352
1017813515785732096
1594274268089155584
2747195772696002560
5053038781909696512
9664724800337084416
18888096837191860224
1882504644240867328
3035426148847714304
5341269158061408256
9952955176488796160
19176327213343571968
3611886901151137792
5917729910364831744
10529415928792219648
19752787965646995456
7070651414971678720
11682337433399066624
20905709470253842432
13988180442612760576
23211552479467536384
27823238497894924288
2026619832316723200
3179541336923570176
5485384346137264128
10097070364564652032
19320442401419427840
3756002089226993664
6061845098440687616
10673531116868075520
19896903153722851328
7214766603047534592
11826452621474922496
21049824658329698304
14132295630688616448
23355667667543392256
27967353685970780160
4044232465378705408
6350075474592399360
10961761493019787264
20185133529874563072
7502996979199246336
12114682997626634240
21338055034481410048
14420526006840328192
23643898043695104000
28255584062122491904
8079457731502669824
12691143749930057728
21914515786784833536
14996986759143751680
24220358795998527488
28832044814425915392
16149908263750598656
25373280300605374464
29984966319032762368
32290809328246456320
270215977642229760
414331165718085632
702561541869797376
1279022294173220864
2431943798780067840
4737786807993761792
9349472826421149696
18572844863275925504
486388759756013568
774619135907725312
1351079888211148800
2504001392817995776
4809844402031689728
9421530420459077632
18644902457313853440
918734323983581184
1495195076287004672
2648116580893851648
4953959590107545600
9565645608534933504
18789017645389709312
1783425452438716416
2936346957045563392
5242189966259257344
9853875984686645248
19077248021541421056
3512807709348986880
5818650718562680832
10430336736990068736
19653708773844844544
6971572223169527808
11583258241596915712
20806630278451691520
13889101250810609664
23112473287665385472
27724159306092773376
522417556774977536
810647932926689280
1387108685230112768
2540030189836959744
4845873199050653696
9457559217478041600
18680931254332817408
954763121002545152
1531223873305968640
2684145377912815616
4989988387126509568
9601674405553897472
18825046442408673280
1819454249457680384
2972375754064527360
5278218763278221312
9889904781705609216
19113276818560385024
3548836506367950848
5854679515581644800
10466365534009032704
19689737570863808512
7007601020188491776
11619287038615879680
20842659075470655488
13925130047829573632
23148502084684349440
27760188103111737344
1026820715040473088
1603281467343896576
2756202971950743552
5062045981164437504
9673731999591825408
18897104036446601216
1891511843495608320
3044433348102455296
5350276357316149248
9961962375743537152
19185334412598312960
3620894100405878784
5926737109619572736
10538423128046960640
19761795164901736448
7079658614226419712
11691344632653807616
20914716669508583424
13997187641867501568
23220559678722277376
27832245697149665280
2035627031571464192
3188548536178311168
5494391545392005120
10106077563819393024
19329449600674168832
3765009288481734656
6070852297695428608
10682538316122816512
19905910352977592320
7223773802302275584
11835459820729663488
21058831857584439296
14141302829943357440
23364674866798133248
27976360885225521152
4053239664633446400
6359082673847140352
10970768692274528256
20194140729129304064
7512004178453987328
12123690196881375232
21347062233736151040
14429533206095069184
23652905242949844992
28264591261377232896
8088464930757410816
12700150949184798720
21923522986039574528
15005993958398492672
24229365995253268480
28841052013680656384
16158915463005339648
25382287499860115456
29993973518287503360
32299816527501197312
540431955284459520
828662331436171264
1405123083739594752
2558044588346441728
4863887597560135680
9475573615987523584
18698945652842299392
972777519512027136
1549238271815450624
2702159776422297600
5008002785635991552
9619688804063379456
18843060840918155264
1837468647967162368
2990390152574009344
5296233161787703296
9907919180215091200
19131291217069867008
3566850904877432832
5872693914091126784
10484379932518514688
19707751969373290496
7025615418697973760
11637301437125361664
20860673473980137472
13943144446339055616
23166516483193831424
27778202501621219328
1044835113549955072
1621295865853378560
2774217370460225536
5080060379673919488
9691746398101307392
18915118434956083200
1909526242005090304
3062447746611937280
5368290755825631232
9979976774253019136
19203348811107794944
3638908498915360768
5944751508129054720
10556437526556442624
19779809563411218432
7097673012735901696
11709359031163289600
20932731068018065408
14015202040376983552
23238574077231759360
27850260095659147264
2053641430080946176
3206562934687793152
5512405943901487104
10124091962328875008
19347463999183650816
3783023686991216640
6088866696204910592
10700552714632298496
19923924751487074304
7241788200811757568
11853474219239145472
21076846256093921280
14159317228452839424
23382689265307615232
27994375283735003136
4071254063142928384
6377097072356622336
10988783090784010240
20212155127638786048
7530018576963469312
12141704595390857216
21365076632245633024
14447547604604551168
23670919641459326976
28282605659886714880
8106479329266892800
12718165347694280704
21941537384549056512
15024008356907974656
24247380393762750464
28859066412190138368
16176929861514821632
25400301898369597440
30011987916796985344
32317830926010679296
1080863910568919040
1657324662872342528
2810246167479189504
5116089176692883456
9727775195120271360
18951147231975047168
1945555039024054272
3098476543630901248
5404319552844595200
10016005571271983104
19239377608126758912
3674937295934324736
5980780305148018688
10592466323575406592
19815838360430182400
7133701809754865664
11745387828182253568
20968759865037029376
14051230837395947520
23274602874250723328
27886288892678111232
2089670227099910144
3242591731706757120
5548434740920451072
10160120759347838976
19383492796202614784
3819052484010180608
6124895493223874560
10736581511651262464
19959953548506038272
7277816997830721536
11889503016258109440
21112875053112885248
14195346025471803392
23418718062326579200
28030404080753967104
4107282860161892352
6413125869375586304
11024811887802974208
20248183924657750016
7566047373982433280
12177733392409821184
21401105429264596992
14483576401623515136
23706948438478290944
28318634456905678848
8142508126285856768
12754194144713244672
21977566181568020480
15060037153926938624
24283409190781714432
28895095209209102336
16212958658533785600
25436330695388561408
30048016713815949312
32353859723029643264
2161727821137838080
3314649325744685056
5620492334958379008
10232178353385766912
19455550390240542720
3891110078048108544
6196953087261802496
10808639105689190400
20032011142543966208
7349874591868649472
11961560610296037376
21184932647150813184
14267403619509731328
23490775656364507136
28102461674791895040
4179340454199820288
6485183463413514240
11096869481840902144
20320241518695677952
7638104968020361216
12249790986447749120
21473163023302524928
14555633995661443072
23779006032516218880
28390692050943606784
8214565720323784704
12826251738751172608
22049623775605948416
15132094747964866560
24355466784819642368
28967152803247030272
16285016252571713536
25508388289426489344
30120074307853877248
32425917317067571200
4323455642275676160
6629298651489370112
11240984669916758016
20464356706771533824
7782220156096217088
12393906174523604992
21617278211378380800
14699749183737298944
23923121220592074752
28534807239019462656
8358680908399640576
12970366926827028480
22193738963681804288
15276209936040722432
24499581972895498240
29111267991322886144
16429131440647569408
25652503477502345216
30264189495929733120
32570032505143427072
8646911284551352320
13258597302978740224
22481969339833516032
15564440312192434176
24787812349047209984
29399498367474597888
16717361816799281152
25940733853654056960
30552419872081444864
32858262881295138816
17293822569102704640
26517194605957480448
31128880624384868352
33434723633598562304
34587645138205409280
