15
23
39
71
135
263
519
1031
27
43
75
139
267
523
1035
51
83
147
275
531
1043
99
163
291
547
1059
195
323
579
1091
387
643
1155
771
1283
1539
6147
16785411
8589942787
17179877379
137438969859
281474976727043
549755846659
12582915
8606711811
17196646403
68753031171
1099780063235
25769803779
281612415664131
52776558133251
29
45
77
141
269
525
1037
53
85
149
277
533
1045
101
165
293
549
1061
197
325
581
1093
389
645
1157
773
1285
1541
10245
68719493125
17592186060805
70368744194053
4503599627436037
20971525
281475043819525
42949672965
17660905521157
70437463654405
18018796555993093
87960930222085
57
89
153
281
537
1049
105
169
297
553
1065
201
329
585
1097
393
649
1161
777
1289
1545
18441
8390665
16779273
12297
8405001
16793609
281474976743433
268501001
2251799813750793
2147745801
37748745
25165833
17592253153289
140737555464201
2251800082120713
77309411337
51539607561
158329674399753
105553116266505
113
177
305
561
1073
209
337
593
1105
401
657
1169
785
1297
1553
34833
20497
71303185
17184063505
68723671057
41943057
17246978065
68786585617
4399120252945
146028888081
70377334112273
85899345937
70506183131153
1126449662656529
299067162755089
175921860444177
225
353
609
1121
417
673
1185
801
1313
1569
67617
34359740449
68719478817
36897
24609
34359803937
68719542305
4398046773281
138412065
75497505
50331681
550024249377
283467841569
35192962023457
281483566645281
154618822689
103079215137
35459249995809
281749854617633
580542139465761
316659348799521
211106232533025
449
705
1217
833
1345
1601
133185
69697
41025
4503599627632705
272629825
70368748372033
281474980905025
142606401
83886145
70369012613185
281475245146177
558345748545
292057776193
171798691905
1143492092887105
598134325510209
351843720888385
897
1409
1665
264321
17179871361
549755816065
140737488357505
281474976712833
135297
73857
49281
17180131457
549756076161
140737488617601
281474976972929
4398047035521
541065345
276824193
68727865473
137447342209
150995073
100663425
68987912321
137707389057
4503600701112449
1108101562497
566935683201
140754668224641
281492156579969
309237645441
206158430337
141287244169345
282024732524673
2269391999729793
1161084278931585
633318697599105
422212465066113
1793
526593
70368744179969
1125899906844929
266497
67113217
139521
82177
67371265
70368744702209
1125899907367169
1077936385
545259777
285212929
167772417
2207613190401
1116691497217
584115552513
343597383937
4521191813415169
2286984185774337
1196268651020545
703687441776897
1051137
528897
33559041
268440065
270849
147969
98817
34079233
268960257
2151678465
35184376283649
4503599631565313
1082130945
553648641
301990401
201327105
35186519572993
4503601774854657
4406636446209
2216203125249
1133871366657
618475291137
412316860929
9024791440785921
4538783999459841
2322168557863425
1266637395198465
844424930132481
2100225
1053697
533505
279553
164865
4299162625
2155873281
1090520065
570426369
335545345
8804682957825
4415226381313
70385924047873
4503616807240705
2233382994945
1168231105537
687194768385
74766790689793
4507997673882625
18031990695527425
9042383626830849
4573968371549185
2392537302041601
1407374883554305
8407041
16795649
34359805953
68719544321
17180133377
549756078081
140737488619521
281474976974849
70368744704001
1125899907368961
8594130945
17592190240769
25167873
17600775981057
566935685121
140754668226561
281492156581889
103079217153
141287244171265
282024732526593
1196268651022337
422212465068033
67375105
34082817
268963841
8598327297
68736258049
281474993491969
301993985
17609365917697
281543696191489
2251937252642817
4672924422145
1649267445761
22517998136856577
8606720001
17196654593
281475010273281
549822930945
4503599694487553
2415927297
25769811969
17626545790977
140806207840257
4504149383192577
25182209
8623505409
4398314962945
17660905537537
70437463670785
281612415680513
2252349569515521
87960930238465
8657076225
17729625030657
8724217857
2251800082186241
103079280641
17867064016897
8858501121
18141941989377
9127067649
566935945217
140754668486657
281492156841985
141287244431361
282024732786689
18691697934337
422212465328129
549764726785
302514177
9664200705
19791209824257
1196268651544577
10738466817
21990233604097
12886999041
26388281163777
17251172353
68790779905
70369016807425
281475249340417
35186523766785
4503601779048449
17600780173313
85903540225
4538784003653633
351843725082625
68996300801
137715777537
38663094273
4402349867009
281479280066561
2251804117041153
4432414638081
281509344837633
2251834181812225
206166818817
285873031610369
2256197868584961
2533274798784513
277042167809
551920074753
25786580993
281543712964609
4535502241793
824650498049
85966454785
4504149450293249
158329741508609
206426865665
351843989323777
826781204481
4538786146942977
4436701216769
281513631416321
2251838468390913
285877318189057
2256202155163649
2533279085363201
70514773065729
35467839930369
281758444552193
316667938734081
141304424038401
282041912393729
74783970557953
4508014853750785
4573985551417345
422229644935169
285907382960129
2256232219934721
2533309150134273
88029649698817
5629568253689857
316934226706433
422762220879873
4578366418059265
2537672836907009
30
46
78
142
270
526
1038
54
86
150
278
534
1046
102
166
294
550
1062
198
326
582
1094
390
646
1158
774
1286
1542
18438
4196358
33556486
17179871238
34359740422
12294
4210694
33570822
17179885574
34359754758
274877939718
562949953454086
1099511693318
37748742
17184063494
34363932678
25165830
17213423622
34393292806
137506062342
2199560126470
77309411334
51539607558
563224831328262
158329674399750
105553116266502
58
90
154
282
538
1050
106
170
298
554
1066
202
330
586
1098
394
650
1162
778
1290
1546
34826
8589936650
137438955530
35184372090890
140737488357386
20490
8589967370
137438986250
35184372121610
140737488388106
9007199254872074
71303178
41943050
562950087639050
146028888074
35192962023434
140746078289930
85899345930
35321811042314
140874927308810
299067162755082
175921860444170
114
178
306
562
1074
210
338
594
1106
402
658
1170
786
1298
1554
67602
17592186046482
562949953423378
36882
16781330
33558546
24594
16810002
33587218
17592186109970
562949953486866
537002002
4503599627501586
4295491602
138412050
35184376283154
281474980904978
75497490
50331666
35184506306578
281475110928402
4503600164241426
283467841554
154618822674
103079215122
580542139465746
316659348799506
211106232533010
226
354
610
1122
418
674
1186
802
1314
1570
133154
69666
40994
272629794
142606370
34368127010
137447342114
83886114
34493956130
137573171234
8798240505890
558345748514
292057776162
140754668224546
171798691874
141012366262306
2252899325313058
1143492092887074
598134325510178
351843720888354
450
706
1218
834
1346
1602
264258
135234
68719480898
137438957634
73794
49218
68719607874
137439084610
8796093546562
541065282
8594128962
1099515822146
276824130
150995010
100663362
9126805570
1100048498754
1108101562434
566935683138
70385924046914
562967133290562
309237645378
206158430274
70918499991618
563499709235266
2269391999729730
1161084278931522
633318697599042
422212465066050
898
1410
1666
526466
9007199254743170
266370
139394
82050
9007199255265410
1077936258
545259650
140737496744066
562949961810050
285212802
167772290
140738025226370
562950490292354
2207613190274
1116691497090
584115552386
343597383810
4521191813415042
2286984185774210
1196268651020418
703687441776770
1794
1050882
8796093024514
528642
34359742722
1099511632130
281474976715010
562949953425666
270594
147714
98562
34360262914
1099512152322
281474977235202
562949953945858
8796094071042
2151678210
17592190238978
9007199258935554
1082130690
553648386
137455730946
274894684418
301990146
201326850
137975824642
275414778114
17594333528322
9007201402224898
4406636445954
2216203124994
1133871366402
281509336449282
562984313159938
618475290882
412316860674
282574488338690
564049465049346
9024791440785666
4538783999459586
2322168557863170
1266637395198210
844424930132226
2099714
1053186
140737488359938
2251799813689858
532994
134226434
279042
164354
134742530
140737489404418
2251799814734338
4299162114
2155872770
1090519554
570425858
335544834
8804682957314
4415226380802
2233382994434
1168231105026
687194767874
18031990695526914
9042383626830338
4573968371548674
2392537302041090
1407374883553794
2102274
1057794
67118082
536880130
541698
295938
197634
68158466
537920514
4303356930
70368752567298
9007199263130626
2164261890
1107297282
603980802
402654210
70373039145986
9007203549709314
8813272892418
4432406250498
2267742733314
1236950582274
824633721858
18049582881571842
9077567998919682
4644337115726850
2533274790396930
1688849860264962
8398850
4212738
33572866
17179887618
34359756802
8589969410
137438988290
35184372123650
140737488390146
17592186112002
562949953488898
9007199255267330
8796094072834
37750786
17184065538
34363934722
17213425666
34393294850
70368811288578
146028890114
35192962025474
140746078291970
51539609602
35321811044354
140874927310850
580542139467778
175921860446210
16814082
33591298
68719611906
137439088642
34360266754
1099512156162
281474977239042
562949953949698
140737489408002
2251799814737922
17188261890
35184380481538
50335746
35201551962114
1133871370242
281509336453122
562984313163778
206158434306
282574488342530
564049465053186
2392537302044674
844424930136066
134750210
68165634
537927682
8606720002
17196654594
137472516098
562949986983938
603987970
25769811970
35218731835394
563087392382978
4503874505285634
9345848844290
3298534891522
37765122
17184079874
34363949058
17213440002
34393309186
562950020546562
1099645861890
9007199388975106
4831854594
51539623938
35253091581954
281612415680514
9008298766385154
50364418
17247010818
8796629925890
146028920834
35192962056194
140746078322690
35321811075074
140874927341570
563224831361026
4504699139031042
175921860476930
17314152450
35459250061314
580542139531266
17448435714
4503600164372482
206158561282
35734128033794
17717002242
36283883978754
18254135298
1133871890434
281509336973314
562984313683970
282574488862722
564049465573378
37383395868674
844424930656258
1099529453570
605028354
19328401410
39582419648514
2392537303089154
21476933634
43980467208194
17217617922
34397487106
35184510500866
281475115122690
9130999810
1100052692994
17594337722370
9007201406418946
1108105756674
51543801858
70506187325442
9024791444979714
316659352993794
34502344706
137581559810
140738033614850
562950498680834
70373047533570
9007203558096898
35201560346626
171807080450
9077568007307266
703687450165250
137992601602
275431555074
25786580994
8864829276162
563018689675266
4503668363624450
412333637634
571746063220738
4512395737169922
5066549597569026
554084335618
1103840149506
51573161986
563087425929218
9071004483586
1649300996098
171932909570
9008298900586498
316659483017218
1108638433282
412853731330
703687978647554
9024793588269058
1653562408962
9077572293885954
35330400976898
140883517243394
175930450378754
141029546131458
70935679860738
563516889104386
633335877468162
282608848076802
564083824787458
149567941115906
9016029707501570
9147971102834690
844459289870338
571814765920258
4512464439869442
5066618300268546
176059299397634
11259136507379714
633868453412866
845524441759746
9156732836118530
5075345673814018
60
92
156
284
540
1052
108
172
300
556
1068
204
332
588
1100
396
652
1164
780
1292
1548
67596
549755815948
1125899906844684
36876
8392716
67112972
34359742476
68719480844
24588
8421388
67141644
34359771148
68719509516
549755879436
1125899906908172
2199023386636
138412044
8594128908
274882101260
75497484
34368126988
68727865356
50331660
34426847244
68786585612
8724152332
275012124684
4399120252940
283467841548
154618822668
103079215116
1126449662656524
580542139465740
316659348799500
211106232533004
116
180
308
564
1076
212
340
596
1108
404
660
1172
788
1300
1556
133140
69652
17179873300
274877911060
70368744181780
281474976714772
40980
17179934740
274877972500
70368744243220
281474976776212
18014398509744148
272629780
17592190238740
1125899911036948
142606356
83886100
17592454479892
1125900175278100
558345748500
292057776148
70385924046868
281492156579860
171798691860
70643622084628
281749854617620
1143492092887060
598134325510164
351843720888340
228
356
612
1124
420
676
1188
804
1316
1572
264228
1073743908
9007199254743076
135204
35184372092964
1125899906846756
73764
33562660
67117092
49188
33620004
67174436
35184372219940
1125899906973732
1074004004
9007199255003172
541065252
276824100
70368752566308
562949961809956
150994980
100663332
70369012613156
562950221856804
9007200328482852
1108101562404
566935683108
309237645348
206158430244
2269391999729700
1161084278931492
633318697599012
422212465066020
452
708
1220
836
1348
1604
526404
266308
139332
81988
1077936196
545259588
285212740
68736254020
274894684228
167772228
68987912260
275146342468
2207613190212
17600775979076
4503608217305156
1116691497028
584115552324
281509336449092
343597383748
282024732524612
19791209300036
4505798650626116
4521191813414980
2286984185774148
1196268651020356
703687441776708
900
1412
1668
1050756
528516
270468
137438961796
274877915268
147588
98436
137439215748
274878169220
2151678084
1082130564
17188257924
2199031644292
553648260
301990020
201326724
18253611140
2200096997508
4406636445828
2216203124868
1133871366276
140771848093828
1125934266581124
618475290756
412316860548
141836999983236
1126999418470532
9024791440785540
4538783999459460
2322168557863044
1266637395198084
844424930132100
1796
2099460
1052932
17592186048772
18014398509486340
532740
278788
164100
17592187093252
18014398510530820
4299161860
2155872516
1090519300
281474993488132
1125899923620100
570425604
335544580
281476050452740
1125900980584708
8804682957060
4415226380548
2233382994180
1168231104772
687194767620
18031990695526660
9042383626830084
4573968371548420
2392537302040836
1407374883553540
2101764
8589939204
1057284
68719485444
2199023264260
562949953430020
1125899906851332
541188
295428
197124
68720525828
2199024304644
562949954470404
1125899907891716
8592032260
4303356420
35184380477956
18014398517871108
2164261380
1107296772
274911461892
549789368836
603980292
402653700
275951649284
550829556228
35188667056644
18014402804449796
8813272891908
4432406249988
2267742732804
563018672898564
1125968626319876
1236950581764
824633721348
565148976677380
1128098930098692
18049582881571332
9077567998919172
4644337115726340
2533274790396420
1688849860264452
2106372
281474976719876
4503599627379716
1065988
268452868
558084
328708
269485060
281474978808836
4503599629468676
4311745540
2181039108
1140851716
671089668
8830452761604
4466765988868
2336462210052
1374389535748
18084767253660676
9147936743097348
4785074604082180
2814749767107588
4212740
33572868
17179887620
34359756804
17592186079236
281474976745476
549755881476
1125899906910212
1074006020
9007199255005188
37750788
17184065540
34363934724
17213425668
34393294852
140737555466244
9007200328484868
70377334114308
51539609604
1126449662658564
299067162757124
16797700
8425476
67145732
34359775236
68719513604
17179938820
274877976580
70368744247300
281474976780292
35184372224004
1125899906977796
17592187097092
18014398510534660
8592035844
75501572
34368131076
68727869444
34426851332
68786589700
140737622577156
292057780228
70385924050948
281492156583940
103079219204
70643622088708
281749854621700
18031990695530500
1161084278935556
351843720892420
33628164
67182596
137439223812
274878177284
68720533508
2199024312324
562949954478084
1125899907899396
281474978816004
4503599629475844
12591108
34376523780
70368760963076
100671492
70403103924228
2267742740484
563018672906244
1125968626327556
412316868612
565148976685060
1128098930106372
4785074604089348
1688849860272132
269500420
136331268
1075855364
37765124
17184079876
34363949060
17213440004
34393309188
274945032196
1125899973967876
1207975940
51539623940
17660905537540
70437463670788
1126174784765956
9007749010571268
6597069783044
87960930238468
35184376315908
75530244
34368159748
68727898116
34426880004
68786618372
1125900041093124
2199291723780
18014398777950212
103079247876
70506183163908
563224831361028
18016597532770308
299067162787844
100728836
34494021636
292057841668
70385924112388
281492156645380
70643622150148
281749854683140
1126449662722052
9009398278062084
351843720953860
34628304900
70918500122628
1161084279062532
2199027712004
34896871428
9007200328744964
412317122564
71468256067588
35434004484
72567767957508
36508270596
2267743780868
563018673946628
1125968627367940
565148977725444
1128098931146756
74766791737348
18031990696574980
1688849861312516
2199058907140
1210056708
38656802820
79164839297028
4785074606178308
17217617924
34397487108
70368815480836
8728346628
275016318980
17592458674180
1125900179472388
283472035844
51543801860
140874931503108
1143492097081348
34435235844
68794974212
70369021001732
562950230245380
18261999620
2200105385988
35188675444740
18014402812837892
2216211513348
103087603716
141012374650884
18049582889959428
633318705987588
69004689412
275163119620
281476067229700
1125900997361668
70403120693252
343614160900
18155136014614532
1407374900330500
275985203204
550863110148
51573161988
1126037379350532
9007336727248900
824667275268
10133099195138052
35193029132292
103146323972
1126174851858436
3298601992196
283602059268
343865819140
18016597801172996
1143492361322500
633318966034436
2217276866564
825707462660
1407375957295108
18049587176538116
19799799234564
4505807240560644
4521200403349508
70660801953796
281767034486788
351860900757508
282059092262916
141871359721476
1127033778208772
1266671754936324
565217696153604
1128167649574916
88029649698820
18295942205669380
1688918579740676
10133236600537092
352118598795268
22518273014759428
1267736906825732
4523390836670468
1691048883519492
120
184
312
568
1080
216
344
600
1112
408
664
1176
792
1304
1560
264216
4398046513176
135192
8589938712
1099511631896
17592186048536
2251799813689368
73752
16785432
134225944
68719484952
137438961688
49176
16842776
134283288
68719542296
137439019032
8590065688
1099511758872
17592186175512
2251799813816344
4398046773272
541065240
276824088
17188257816
549764202520
150994968
68736253976
137455730712
100663320
68853694488
137573171224
17448304664
550024249368
8798240505880
1108101562392
17600775979032
2251808403619864
566935683096
309237645336
206158430232
18691697672216
2252899325313048
2269391999729688
1161084278931480
633318697599000
422212465066008
232
360
616
1128
424
680
1192
808
1320
1576
526376
266280
139304
34359746600
549755822120
140737488363560
562949953429544
81960
34359869480
549755945000
140737488486440
562949953552424
1077936168
545259560
35184380477480
2251799822073896
285212712
167772200
35184908959784
2251800350556200
2207613190184
1116691497000
584115552296
140771848093736
562984313159720
343597383720
141287244169256
563499709235240
4521191813414952
2286984185774120
1196268651020328
703687441776680
456
712
1224
840
1352
1608
1050696
528456
4198472
2147487816
18014398509486152
270408
70368744185928
2251799813693512
147528
67125320
134234184
98376
67240008
134348872
70368744439880
2251799813947464
4718664
2148008008
18014398510006344
2151678024
18014398513676360
1082130504
553648200
140737505132616
1125899923619912
301989960
201326664
140738025226312
1125900443713608
18014400656965704
4406636445768
2216203124808
1133871366216
618475290696
412316860488
9024791440785480
4538783999459400
2322168557862984
1266637395198024
844424930132040
904
1416
1672
2099336
1052808
532616
278664
163976
4299161736
2155872392
1090519176
570425480
137472508040
549789368456
335544456
137975824520
550292684936
8804682956936
4415226380424
35201551958152
9007216434610312
2233382994056
1168231104648
563018672898184
687194767496
564049465049224
39582418600072
9011597301252232
18031990695526536
9042383626829960
4573968371548296
2392537302040712
1407374883553416
1800
2101512
1057032
540936
274877923592
549755830536
295176
196872
274878431496
549756338440
4303356168
2164261128
34376515848
4398063288584
1107296520
603980040
402653448
36507222280
4400193995016
8813272891656
4432406249736
2267742732552
281543696187656
2251868533162248
1236950581512
824633721096
283673999966472
2253998836941064
18049582881571080
9077567998918920
4644337115726088
2533274790396168
1688849860264200
2105864
35184372097544
1065480
557576
328200
35184374186504
4311745032
2181038600
562949986976264
2251799847240200
1140851208
671089160
562952100905480
2251801961169416
8830452761096
4466765988360
2336462209544
1374389535240
18084767253660168
9147936743096840
4785074604081672
2814749767107080
17179878408
2114568
137438970888
4398046528520
1125899906860040
2251799813702664
1082376
590856
394248
137441051656
4398048609288
1125899908940808
2251799815783432
70368760955912
4328522760
2214593544
549822923784
1099578737672
1207960584
805307400
551903298568
1101659112456
8864812499976
4535485465608
1126037345797128
2251937252639752
2473901163528
1649267442696
1130297953354760
2256197860197384
18155135997838344
9288674231452680
5066549580792840
3377699720528904
8407048
16795656
8589969416
137438988296
35184372123656
140737488390152
549755881480
1125899906910216
537004040
4398046775304
68723673096
25167880
146028890120
35192962025480
140746078291976
35321811044360
140874927310856
1126449662658568
175921860446216
8425480
67145736
34359775240
68719513608
35184372158472
562949953490952
8590069768
1099511762952
17592186179592
2251799813820424
4722696
2148012040
18014398510010376
2151682056
18014398513680392
75501576
34368131080
68727869448
34426851336
68786589704
281475110932488
18014400656969736
1108101566472
17600775983112
2251808403623944
140754668228616
103079219208
18691697676296
2252899325317128
2269391999733768
598134325514248
33595400
16850952
134291464
68719550472
137439027208
34359877640
549755953160
140737488494600
562949953560584
70368744448008
2251799813955592
35184374194184
8598331400
151003144
68736262152
137455738888
68853702664
137573179400
281475245154312
584115560456
140771848101896
562984313167880
206158438408
141287244177416
563499709243400
2322168557871112
703687441784840
67256328
134365192
274878447624
549756354568
137441067016
4398048624648
1125899908956168
2251799815798792
25182216
68753047560
140737521926152
201342984
25769820168
17626545799176
140806207848456
4535485480968
1126037345812488
2251937252655112
824633737224
1130297953370120
2256197860212744
9570149208178696
3377699720544264
539000840
70368748404744
75530248
34368159752
68727898120
34426880008
68786618376
549890064392
2251799947935752
2415951880
146028920840
35192962056200
140746078322696
103079247880
35321811075080
140874927341576
2252349569531912
18015498021142536
13194139566088
175921860476936
70368752631816
151060488
68736319496
137455796232
68853760008
137573236744
2251800082186248
4398583447560
206158495752
141012366327816
1126449662722056
598134325575688
201457672
68988043272
1108101693448
17600776110088
2251808403750920
584115683336
140771848224776
562984313290760
141287244300296
563499709366280
18691697803272
2252899325444104
18018796556124168
2269391999860744
703687441907720
69256609800
141837000245256
2322168558125064
2152202248
18014398514200584
4398055424008
69793742856
18014400657489928
824634245128
142936512135176
70868008968
145135535915016
73016541192
4535487561736
1126037347893256
2251937254735880
1130297955450888
2256197862293512
149533583474696
3377699722625032
8728346632
275016318984
18014400661159944
283472035848
34435235848
68794974216
140737630961672
17456693256
550032637960
35184917348360
2251800358944776
566944071688
103087603720
281749863006216
2286984194162696
68870471688
137589948424
140738042003464
1125900460490760
36523999240
4400210771976
4432423026696
206175207432
282024749301768
1266637411975176
138009378824
550326239240
562952134459400
2251801994723336
42983227400
140806241386504
687228321800
2814749800661000
551970406408
1101726220296
70377401221128
103146323976
2252074758701064
18014673454497800
1649334550536
158329741508616
20266198390276104
283602059272
70386058264584
206292647944
2252349703716872
6597203984392
567204118536
687731638280
2286984722645000
1266637932068872
4434553733128
1651414925320
2814751914590216
35330400976904
140883517243400
18700287606792
2252907915247624
2269400589664264
175930450378760
39599598469128
9011614481121288
9042400806699016
141321603907592
563534068973576
703721801515016
564118184525832
283742719442952
2254067556417544
2533343509872648
1130435392307208
2256335299149832
176059299397640
3377837159481352
20266473201074184
704237197590536
2270491511357448
2535473813651464
9046781673340936
3382097767038984
240
368
624
1136
432
688
1200
816
1328
1584
1050672
528432
8796093026352
270384
17179877424
2199023263792
35184372097072
4503599627378736
147504
33570864
268451888
137438969904
274877923376
98352
33685552
268566576
137439084592
274878038064
17180131376
2199023517744
35184372351024
4503599627632688
8796093546544
2151678000
1082130480
553648176
34376515632
1099528405040
301989936
137472507952
274911461424
201326640
137707388976
275146342448
34896609328
1100048498736
4406636445744
2216203124784
35201551958064
4503616807239728
1133871366192
618475290672
412316860464
37383395344432
4505798650626096
9024791440785456
4538783999459376
2322168557862960
1266637395198000
844424930132016
464
720
1232
848
1360
1616
2099280
1052752
532560
278608
68719493200
1099511644240
281474976727120
1125899906859088
163920
68719738960
1099511890000
281474976972880
1125899907104848
4299161680
2155872336
1090519120
70368760954960
4503599644147792
570425424
335544400
70369817919568
4503600701112400
8804682956880
4415226380368
2233382994000
1168231104592
281543696187472
1125968626319440
687194767440
282574488338512
1126999418470480
18031990695526480
9042383626829904
4573968371548240
2392537302040656
1407374883553360
912
1424
1680
2101392
1056912
8396944
4294975632
17592186052752
540816
140737488371856
4503599627387024
295056
134250640
268468368
196752
134480016
268697744
140737488879760
4503599627894928
9437328
4296016016
17592187093136
4303356048
17592194433168
2164261008
1107296400
281475010265232
2251799847239824
603979920
402653328
281476050452624
2251800887427216
17596481011856
8813272891536
4432406249616
2267742732432
1236950581392
824633720976
18049582881570960
9077567998918800
4644337115725968
2533274790396048
1688849860264080
1808
2105616
1065232
557328
327952
4311744784
2181038352
1140850960
274945016080
1099578736912
671088912
275951649040
1100585369872
8830452760848
70403103916304
18014432869220624
4466765988112
2336462209296
1126037345796368
1374389534992
1128098930098448
79164837200144
18023194602504464
18084767253659920
9147936743096592
4785074604081424
2814749767106832
8589943312
2114064
1081872
549755847184
1099511661072
590352
393744
549756862992
1099512676880
4328522256
68753031696
8796126577168
2214593040
1207960080
805306896
73014444560
8800387990032
8864812499472
4535485465104
563087392375312
4503737066324496
2473901163024
1649267442192
567347999932944
4507997673882128
18155135997837840
9288674231452176
5066549580792336
3377699720528400
70368744195088
2130960
1115152
656400
4362077200
1125899973952528
4503599694480400
2281702416
1342178320
1125904201810960
4503603922338832
8933531976720
4672924419088
2748779070480
18295873486193680
9570149208163344
5629499534214160
17592186112016
562949953488912
4398046775312
137443149840
281483566647312
580542139467792
16814096
33591312
17179938832
274877976592
70368744247312
281474976780304
8590069776
1099511762960
17592186179600
2251799813820432
4460560
1074008080
8796093550608
1077940240
137447346192
50335760
1108101566480
17600775983120
2251808403623952
292057780240
70385924050960
281492156583952
70643622088720
281749854621712
18691697676304
2252899325317136
2269391999733776
351843720892432
16850960
134291472
68719550480
137439027216
70368744316944
1125899906981904
17180139536
2199023525904
35184372359184
4503599627640848
9445392
4296024080
17592187101200
4303364112
17592194441232
151003152
68736262160
137455738896
68853702672
137573179408
562950221864976
17596481019920
2216203132944
35201551966224
4503616807247888
281509336457232
206158438416
37383395352592
4505798650634256
4538783999467536
1196268651028496
67190800
33701904
268582928
137439100944
274878054416
68719755280
1099511906320
281474976989200
1125899907121168
140737488896016
4503599627911184
17196662800
17592202838032
302006288
137472524304
274911477776
137707405328
275146358800
562950490308624
17609365930000
1168231120912
281543696203792
1125968626335760
412316876816
282574488354832
1126999418486800
4644337115742224
1407374883569680
134512656
268730384
549756895248
1099512709136
50364432
137506095120
281475043852304
402685968
51539640336
17660905553936
35253091598352
281612415696912
9070970961936
2252074691624976
4503874505310224
1649267474448
2260595906740240
4512395720425488
52776558166032
19140298416357392
6755399441088528
140737496809488
151060496
68736319504
137455796240
68853760016
137573236752
1099780128784
4503599895871504
4831903760
292057841680
70385924112400
281492156645392
206158495760
70643622150160
281749854683152
4504699139063824
580542139531280
351843720953872
140737505263632
302120976
137472638992
274911592464
137707520016
275146473488
4503600164372496
8797166895120
1108101693456
17600776110096
2251808403750928
412316991504
282024732655632
18691697803280
2252899325444112
2269391999860752
1196268651151376
1078198288
402915344
137976086544
2216203386896
35201552220176
4503616807501840
1168231366672
281543696449552
1125968626581520
282574488600592
1126999418732560
37383395606544
4505798650888208
4538783999721488
1407374883815440
138513219600
283674000490512
4644337116250128
4304404496
17592195481616
8796110848016
139587485712
17596482060304
1649268490256
285873024270352
141736017936
290271071830032
17251172368
68790779920
35184510500880
281475115122704
17592458674192
1125900179472400
85903540240
1143492097081360
316659352993808
17456693264
550032637968
17596489400336
566944071696
68870471696
137589948432
281475261923344
34913386512
1100065275920
70369834696720
4503600717889552
17609382690832
1133888143376
206175207440
563499726012432
4573968388325392
137740943376
275179896848
281476084006928
2251800920981520
73047998480
8800421543952
25803358224
17626579337232
8864846053392
412350414864
564049498603536
2533274823950352
276018757648
1100652478480
1125904268918800
4503603989446672
85966454800
281612482773008
1374456643600
87960997330960
5629499601322000
1103940812816
2203452440592
140754802442256
206292647952
4504149517402128
3298669101072
316659483017232
567204118544
140772116529168
412585295888
4504699407433744
13194407968784
1143492361322512
1134408237072
1375463276560
4573969445290000
2533275864137744
8869107466256
3302829850640
5629503829180432
70514773065744
18700287606800
2252907915247632
2269400589664272
70660801953808
281767034486800
37400575213584
4505815830495248
4538801179328528
351860900757520
79199196938256
18023228962242576
18084801613398032
282643207815184
1127068137947152
52845277610000
1407443603030032
1128236369051664
567485438885904
4508135112835088
158467113353232
5066687019745296
2260870784614416
4512670598299664
352118598795280
6755674318962704
2270491511357456
1408474395181072
4540983022714896
5070947627302928
18093563346681872
6764195534077968
480
736
1248
864
1376
1632
2101344
1056864
8589942880
540768
34359754848
4398046527584
70368744194144
9007199254757472
295008
67141728
536903776
274877939808
549755846752
196704
67371104
537133152
274878169184
549756076128
34360262752
4398047035488
70368744702048
9007199255265376
8590983264
4303356000
2164260960
1107296352
68753031264
2199056810080
603979872
274945015904
549822922848
402653280
275414777952
550292684896
69793218656
2200096997472
8813272891488
4432406249568
70403103916128
9007233614479456
2267742732384
1236950581344
824633720928
74766790688864
9011597301252192
18049582881570912
9077567998918752
4644337115725920
2533274790396000
1688849860264032
928
1440
1696
2105504
1065120
557216
137438986400
2199023288480
562949953454240
2251799813718176
327840
137439477920
2199023780000
562949953945760
2251799814209696
4311744672
2181038240
140737521909920
9007199288295584
1140850848
671088800
140739635839136
9007201402224800
8830452760736
4466765988000
2336462209184
563087392374944
2251937252638880
1374389534880
565148976677024
2253998836940960
18084767253659808
9147936743096480
4785074604081312
2814749767106720
1824
2113824
16793888
35184372105504
1081632
281474976743712
9007199254774048
590112
268501280
536936736
393504
268960032
537395488
281474977759520
9007199255789856
18874656
35184374186272
35184388866336
4328522016
2214592800
562950020530464
4503599694479648
1207959840
805306656
562952100905248
4503601774854432
8864812499232
4535485464864
2473901162784
1649267441952
18155135997837600
9288674231451936
5066549580792096
3377699720528160
2130464
1114656
655904
8598323744
4362076704
2281701920
549890032160
2199157473824
1342177824
551903298080
2201170739744
140806207832608
8933531976224
4672924418592
2252074691592736
2748779069984
2256197860196896
18295873486193184
9570149208162848
5629499534213664
17179886624
2163744
1099511694368
2199023322144
1180704
787488
1099513725984
2199025353760
137506063392
4429186080
2415920160
1610613792
9070970930208
1126174784750624
9007474132648992
4947802326048
3298534884384
1134695999865888
9015995347764256
18577348462904352
10133099161584672
6755399441056800
34359805984
68719544352
1074006048
9007199255005216
274882103328
9007200328484896
562958543357984
103079217184
35184372224032
1125899906977824
8796093550624
274886299680
562967133294624
1161084278935584
33628192
67182624
34359877664
549755953184
140737488494624
562949953560608
17180139552
2199023525920
35184372359200
4503599627640864
8921120
2148016160
8590991392
2155880480
274894692384
100671520
2216203132960
35201551966240
4503616807247904
584115560480
140771848101920
562984313167904
141287244177440
563499709243424
37383395352608
4505798650634272
4538783999467552
703687441784864
33701920
268582944
137439100960
274878054432
140737488633888
2251799813963808
34360279072
4398047051808
70368744718368
9007199255281696
18890784
35184374202400
35184388882464
302006304
137472524320
274911477792
137707405344
275146358816
1125900443729952
4432406265888
70403103932448
9007233614495776
563018672914464
412316876832
74766790705184
9011597301268512
9077567998935072
2392537302056992
134381600
67403808
537165856
274878201888
549756108832
137439510560
2199023812640
562949953978400
2251799814242336
281474977792032
9007199255822368
34393325600
35184405676064
604012576
274945048608
549822955552
275414810656
550292717600
1125900980617248
35218731860000
2336462241824
563087392407584
2251937252671520
824633753632
565148976709664
2253998836973600
9288674231484448
2814749767139360
269025312
537460768
1099513790496
2199025418272
100728864
275012190240
562950087704608
805371936
103079280672
35321811107872
70506183196704
563224831393824
4504149383249952
9007749010620448
3298534948896
105553116332064
13510798882177056
281474993618976
302120992
137472639008
274911592480
137707520032
275146473504
2199560257568
9007199791743008
584115683360
140771848224800
562984313290784
412316991520
141287244300320
563499709366304
9009398278127648
1161084279062560
703687441907744
281475010527264
604241952
274945277984
549823184928
275415040032
550292946976
9007200328744992
2216203386912
35201552220192
4503616807501856
824633983008
564049465311264
37383395606560
4505798650888224
4538783999721504
2392537302302752
2156396576
805830688
275952173088
4432406773792
70403104440352
9007233615003680
2336462733344
563087392899104
2251937253163040
565148977201184
2253998837465120
74766791213088
9011597301776416
9077567999442976
2814749767630880
277026439200
567348000981024
9288674232500256
35184390963232
279174971424
3298536980512
571746048540704
34502344736
137581559840
70369021001760
562950230245408
35184917348384
2251800358944800
171807080480
2286984194162720
633318705987616
34913386528
1100065275936
1133888143392
137740943392
275179896864
562950523846688
69826773024
2200130551840
140739669393440
9007201435779104
35218765381664
2267776286752
412350414880
1126999452024864
9147936776650784
275481886752
550359793696
562952168013856
4503601841963040
51606716448
35253158674464
824700829728
1128098997207072
5066549647900704
552037515296
2201304956960
171932909600
563224965546016
2748913287200
175921994661920
11258999202644000
281509604884512
412585295904
9008299034804256
6597338202144
633318966034464
1134408237088
281544233058336
825170591776
9009398814867488
2286984722645024
2268816474144
2750926553120
9147938890580000
5066551728275488
35467839930400
281758444552224
316667938734112
141029546131488
37400575213600
4505815830495264
4538801179328544
141321603907616
563534068973600
74801150427168
9011631660990496
9077602358657056
703721801515040
565286415630368
2254136275894304
105690555220000
2814887206060064
2256472738103328
1134970877771808
9016270225670176
316934226706464
10133374039490592
704237197590560
13511348637925408
4540983022714912
2816948790362144
9081966045429792
10141895254605856
960
1472
1728
2113728
17179885760
1081536
68719509696
8796093055168
140737488388288
18014398509514944
590016
134283456
1073807552
549755879616
1099511693504
393408
134742208
1074266304
549756338368
1099512152256
68720525504
8796094070976
140737489404096
18014398510530752
17181966528
8598323392
4328521920
2214592704
137506062528
4398113620160
1207959744
549890031808
1099645845696
805306560
550829555904
1100585369792
139586437312
4400193994944
8864812499136
140806207832256
18014467228958912
4535485464768
2473901162688
1649267441856
149533581377728
18023194602504384
18155135997837504
9288674231451840
5066549580792000
3377699720528064
1856
17592186061120
2130240
1114432
274877972800
4398046576960
1125899906908480
4503599627436352
655680
274878955840
4398047560000
1125899907891520
4503599628419392
4362076480
281475043819840
18014398576591168
2281701696
1342177600
281479271678272
18014402804449600
8933531976000
4672924418368
1126174784749888
4503874505277760
2748779069760
1130297953354048
4507997673881920
18295873486192960
9570149208162624
5629499534213440
4203072
33587776
70368744211008
2163264
562949953487424
18014398509548096
1180224
537002560
1073873472
787008
537920064
1074790976
562949955519040
18014398511579712
70368777732672
4429185600
1125900041060928
9007199388959296
2415919680
1610613312
1125904201810496
9007203549708864
9070970929728
4947802325568
3298534883904
18577348462903872
10133099161584192
6755399441056320
2229312
1311808
17196647488
4563403840
1099780064320
4398314947648
2684355648
1103806596160
4402341479488
281612415665216
9345848837184
4504149383185472
5497558139968
4512395720393792
19140298416325696
11258999068427328
549760010304
1125908496779328
68719611968
137439088704
4722752
2148012096
18014398510010432
2151682112
18014398513680448
549764206656
9663680576
18014400656969792
1125917086715968
206158434368
70368744448064
2251799813955648
8590991424
549772599360
1125934266589248
2322168557871168
67256384
134365248
68719755328
1099511906368
281474976989248
1125899907121216
34360279104
4398047051840
70368744718400
9007199255281728
17842240
4296032320
17181982784
4311760960
549789384768
201343040
4432406265920
70403103932480
9007233614495808
1168231120960
281543696203840
1125968626335808
282574488354880
1126999418486848
74766790705216
9011597301268544
9077567998935104
1407374883569728
67403840
537165888
274878201920
549756108864
281474977267776
4503599627927616
68720558144
8796094103616
140737489436736
18014398510563392
8606744640
70368777764928
604012608
274945048640
549822955584
275414810688
550292717632
2251800887459904
8864812531776
140806207864896
18014467228991552
1126037345828928
824633753664
149533581410368
18023194602537024
18155135997870144
4785074604113984
268763200
134807616
1074331712
549756403776
1099512217664
274879021120
4398047625280
1125899907956800
4503599628484672
562949955584064
18014398511644736
37814336
68786651200
70368811352128
1208025152
549890097216
1099645911104
550829621312
1100585435200
2251801961234496
70437463720000
4672924483648
1126174784815168
4503874505343040
1649267507264
1130297953419328
4507997673947200
18577348462968896
5629499534278720
538050624
1074921536
201457728
550024380480
1125900175409216
1610743872
283467972672
70377334243392
140746078421056
206158561344
70643622215744
141012366393408
1126449662787648
9008298766499904
18015498021240896
6597069897792
299067162886208
211106232664128
27021597764354112
562949987237952
604241984
274945278016
549823184960
275415040064
550292947008
4399120515136
18014399583486016
1168231366720
281543696449600
1125968626581568
824633983040
282574488600640
1126999418732608
18018796556255296
2322168558125120
1407374883815488
2152202304
18014398514200640
562950021054528
1208483904
549890555968
1099646369856
550830080064
1100585893952
18014400657489984
4432406773824
70403104440384
9007233615003712
1649267966016
1128098930622528
74766791213120
9011597301776448
9077567999443008
4785074604605504
4312793152
1611661376
551904346176
8864813547584
140806208880704
18014467230007360
4672925466688
1126174785798208
4503874506326080
1130297954402368
4507997674930240
149533582426176
18023194603552832
18155135998885952
5629499535261760
554052878400
1134696001962048
18577348465000512
34498150464
68857888832
70369016807488
281475249340480
9130999872
1100052693056
18014400661160000
1108105756736
103083409472
351843725082688
69004689472
275163119680
140738042003520
1125900460490816
70369834696768
4503600717889600
343614160960
4573968388325440
1266637411975232
69826773056
2200130551872
2267776286784
275481886784
550359793728
1125901047693376
139653546048
4400261103680
281479338786880
18014402871558208
25836912704
70437530763328
4535552573504
824700829760
2253998904049728
18295873553301568
550963773504
1100719587392
1125904336027712
9007203683926080
103213432896
70506317348928
1649401659456
2256197994414144
10133099295801408
1104075030592
4402609913920
343865819200
1126449931092032
5497826574400
351843989323840
22517998405288000
1108638433344
563019209769024
825170591808
18016598069608512
13194676404288
1266637932068928
2268816474176
563088466116672
1650341183552
18018797629734976
4573969445290048
4537632948288
5501853106240
18295877781160000
10133103456550976
70652212019264
141020956196928
19799799234624
4505807240560704
4521200403349568
211114822467648
70935679860800
563516889104448
633335877468224
282059092262976
74801150427200
9011631660990528
9077602358657088
282643207815232
1127068137947200
149602300854336
18023263321980992
18155204717314112
1407443603030080
1130572831260736
4508272551788608
211381110440000
5629774412120128
4512945476206656
633868453412928
20266748078981184
1408474395181120
27022697275850816
4523390836670528
9081966045429824
5633897580724288
18163932090859584
1920
34359771520
2163072
137439019392
281474976776576
1180032
268566912
2147615104
1099511759232
2199023387008
786816
269484416
2148532608
1099512676736
2199024304512
137441051008
281474978808192
17196646784
4429185408
275012125056
8796227240320
2415919488
1099780063616
2199291691392
1610613120
1101659111808
2201170739584
279172874624
8800387989888
281612415664512
9070970929536
4947802325376
3298534883712
18577348462903680
10133099161584000
6755399441056128
35184372122240
2228864
549755945600
8796093153920
2251799813816960
9007199254872704
1311360
549757911680
8796095120000
2251799815783040
9007199256838784
562950087639680
4563403392
2684355200
9345848836736
2252349569499776
9007749010555520
5497558139520
2260595906708096
9015995347763840
19140298416325248
11258999068426880
8406144
67175552
140737488422016
1125899906974848
2360448
1074005120
2147746944
1574016
1075840128
2149581952
140737555465344
2251800082121856
18014398777918592
4831839360
3221226624
9895604651136
6597069767808
20266198323168384
13510798882112640
33687680
17180133504
549756078208
140737488619648
281474976974976
9007199255267456
1099515824256
2251808403622016
566935685248
140754668226688
281492156582016
141287244171392
282024732526720
422212465068160
1099520020608
2251816993558656
137439223936
274878177408
9445504
4296024192
17592187101312
4303364224
17592194441344
1099528413312
19327361152
17596481020032
2251834173431936
412316868736
140737488896128
4503599627911296
17181982848
1099545198720
2251868533178496
4644337115742336
134512768
268730496
137439510656
2199023812736
562949953978496
2251799814242432
68720558208
8796094103680
140737489436800
18014398510563456
35684480
1099578769536
402686080
17609365946496
8864812531840
140806207864960
18014467228991616
2336462241920
563087392407680
2251937252671616
565148976709760
2253998836973696
149533581410432
18023194602537088
18155135997870208
2814749767139456
134807680
1074331776
549756403840
1099512217728
562949954535552
9007199255855232
137441116288
281474978873472
17213489280
140737555529856
1208025216
549890097280
1099645911168
550829621376
1100585435264
4503601774919808
281612415729792
2252074691657856
1649267507328
9570149208227968
537526400
269615232
2148663424
1099512807552
2199024435328
549758042240
8796095250560
2251799815913600
9007199256969344
75628672
137573302400
140737622704256
2416050304
1099780194432
2199291822208
1101659242624
2201170870400
4503603922468992
25769934976
17660905652352
140874927440000
9345848967296
2252349569630336
9007749010686080
3298535014528
2260595906838656
9015995347894400
11258999068557440
1076101248
2149843072
402915456
1100048760960
2251800350818432
3221487744
566935945344
140754668486784
281492156842112
412317122688
141287244431488
282024732786816
2252899325575296
18016597532999808
13194139795584
598134325772416
422212465328256
1125899974475904
1208483968
549890556032
1099646369920
550830080128
1100585894016
8798241030272
2336462733440
563087392899200
2251937253163136
1649267966080
565148977201280
2253998837465216
4644337116250240
2814749767630976
4304404608
17592195481728
1125900042109056
2416967808
1099781111936
2199292739712
1101660160128
2201171787904
17596482060416
8864813547648
140806208880768
18014467230007424
3298535932032
2256197861245056
149533582426240
18023194603552896
18155135998886016
9570149209211008
3223322752
1103808692352
281612417761408
9345850933376
2252349571596416
9007749012652160
2260595908804736
9015995349860480
11258999070523520
68996300928
137715777664
140738033614976
562950498680960
18261999744
2200105386112
17596489400448
2216211513472
206166818944
703687450165376
138009378944
550326239360
281476084007040
2251800920981632
140739669393536
9007201435779200
687228321920
9147936776650880
2533274823950464
139653546112
4400261103744
4535552573568
550963773568
1100719587456
2251802095386752
279307092096
8800522207360
51673825408
140875061526656
9071105147008
1649401659520
4507997808099456
1101927547008
2201439174784
206426865792
17867332386944
141012634697856
3298803318912
4512395988828288
158329942835328
20266198591602816
687731638400
2252899862184064
10995653148800
703687978647680
2217276866688
1126038419538048
1650341183616
2533275864137856
4537632948352
1126176932233344
3300682367104
9147938890580096
9075265896576
141304424038528
282041912393856
39599598469248
9011614481121408
9042400806699136
422229644935296
141871359721600
1127033778208896
1266671754936448
564118184525952
149602300854400
18023263321981056
18155204717314176
565286415630464
2254136275894400
2814887206060160
158604552306816
2261145662521472
9016545103577216
422762220880000
11259548824240256
1267736906825856
2816948790362240
9046781673341056
18163932090859648
11267795161448576
68719543040
274878038784
562949953553152
2360064
537133824
4295230208
2199023518464
4398046774016
1573632
538968832
4297065216
2199025353472
4398048609024
34393293568
550024250112
4831838976
2199560127232
4398583382784
3221226240
2203318223616
4402341479168
563224831329024
9895604650752
6597069767424
20266198323168000
13510798882112256
70368744244480
1099511891200
4503599627633920
18014398509745408
2622720
1125900175279360
5368710400
17609365914880
4504699138999552
18015498021111040
10995116279040
22517998136853760
17041664
134482176
70368744704256
1125899907369216
8796094073088
2199027452160
150997248
34896611584
4503608217307392
1196268651022592
67375360
34360267008
1099512156416
281474977239296
562949953949952
17592187097344
18014398510534912
2199031648512
4503616807244032
1133871370496
281509336453376
562984313164032
282574488342784
564049465053440
18031990695530752
844424930136320
2199040041216
4503633987117312
274878447872
549756354816
18891008
35184374202624
35184388882688
2199056826624
38654722304
4503668346863872
824633737472
281474977792256
9007199255822592
2199090397440
4503737066356992
9288674231484672
269025536
537460992
274879021312
4398047625472
1125899907956992
4503599628484864
137441116416
281474978873600
2199157539072
805372160
35218731892992
281612415729920
4672924483840
1126174784815360
4503874505343232
1130297953419520
4507997673947392
5629499534278912
269615360
2148663552
1099512807680
2199024435456
1125899909071104
18014398511710464
34426978560
17592253284608
281475111059712
2416050432
1099780194560
2199291822336
1101659242752
2201170870528
9007203549839616
17626545914112
563224831459584
4504149383315712
3298535014656
19140298416455936
1075052800
539230464
4297326848
2199025615104
4398048870656
151257344
275146604800
281475245408512
4832100608
2199560388864
4398583644416
2203318485248
4402341740800
51539869952
35321811304704
281749854880000
4504699139260672
18015498021372160
6597070029056
22517998137114880
805830912
2200097521920
4503600701636864
6442975488
1133871890688
281509336973568
562984313684224
824634245376
282574488862976
564049465573632
4505798651150592
1196268651544832
844424930656512
2251799948951808
2416967936
1099781112064
2199292739840
1101660160256
2201171788032
4672925466880
1126174785798400
4503874506326272
3298535932160
1130297954402560
4507997674930432
18031990696575232
9288674232500480
5629499535261952
35184390963456
2251800084218112
4833935616
2199562223872
4398585479424
2203320320256
4402343575808
281612417761536
6597071864064
4512395722490112
19140298418422016
17594337722624
9007201406419200
9024791444979968
137992601856
275431555328
281476067229952
1125900997361920
36523999488
4400210772224
4432423026944
412333637888
1407374900330752
276018757888
1100652478720
562952168014080
4503601841963264
281479338787072
18014402871558400
17626612891904
1374456643840
18295873553301760
5066549647900928
279307092224
8800522207488
9071105147136
1101927547136
2201439174912
4503604190773504
103347650816
281750123053312
3298803319040
9015995616198912
2203855094016
4402878349568
412853731584
35734664773888
282025269395712
6597606637824
316659885670656
1375463276800
4505799724368128
2269393073471744
1407375957295360
4434553733376
2252076839076096
3300682367232
9024793588269312
5066551728275712
9075265896704
2252353864466688
6601364734208
18295877781160192
282608848077056
564083824787712
79199196938496
18023228962242816
18084801613398272
844459289870592
283742719443200
2254067556417792
2533343509872896
1128236369051904
1130572831260928
4508272551788800
88235808129280
5629774412120320
317209104613632
1144591604515072
845524441760000
22519097648480512
2535473813651712
5633897580724480
18093563346682112
137439086080
549756077568
1125899907106304
1074267648
4398047036928
8796093548032
3147264
68786587136
1100048500224
4399120254464
8797166765568
6442452480
1126449662658048
13194139534848
27021597764224512
4398050707968
9007207844678144
34083328
268964352
140737489408512
2251799814738432
8592036352
4398054904320
301994496
69793223168
9007216434614784
2392537302045184
134750720
68720534016
2199024312832
562949954478592
1125899907899904
35184374194688
4398063297024
9007233614488064
2267742740992
563018672906752
1125968626328064
565148976685568
1128098930106880
1688849860272640
4398080082432
9007267974234624
549756895744
1099512709632
70368777765376
4398113653248
9007336693727744
1649267474944
562949955584512
18014398511645184
4398180794880
9007474132713984
18577348462969344
538051072
1074921984
549758042624
8796095250944
2251799815913984
9007199256969728
8623620608
4398315078144
1610744320
70437463785984
563224831459840
9345848967680
2252349569630720
9007749010686464
2260595906839040
9015995347894784
11258999068557824
539230720
4297327104
2199025615360
4398048870912
38011392
68853957120
35184506569216
562950222119424
4832100864
2199560389120
4398583644672
2203318485504
4402341741056
35253091828224
1126449662919168
9008298766631424
6597070029312
2150105600
302514688
550293209600
562950490817024
4399120777728
8797167288832
146029412864
103079739904
70643622609408
563499709760000
9009398278521344
13194140058112
1611661824
4400195043840
9007201403273728
2267743781376
563018673947136
1125968627368448
1649268490752
565148977725952
1128098931147264
9011597302301184
2392537303089664
1688849861313024
4503599897903616
4833935872
2199562224128
4398585479680
2203320320512
4402343576064
9345850933760
2252349571596800
9007749012652544
6597071864320
2260595908805120
9015995349860864
18577348465000960
11258999070523904
69260542464
137980019200
35186523767296
4503601779048960
206162625024
4538784003654144
35188675445248
18014402812838400
18049582889959936
275985203712
550863110656
562952134459904
2251801994723840
73047998976
8800421544448
8864846053888
824667275776
2814749800661504
552037515776
2201304957440
1125904336028160
9007203683926528
35253225783808
2748913287680
10133099295801856
2203855094272
4402878349824
284004712960
206695301632
563500246106624
6597606638080
1109175304704
70378407854592
562959617098240
825707463168
71469329547776
564050538791424
13195213275648
633319771341312
2750926553600
9011599448736256
4538786146943488
2814751914590720
8869107466752
4504153678152192
6601364734464
18049587176538624
10133103456551424
71476845740544
564058054984192
37391985279488
2254007426875904
2286992775709184
633327287534080
565217696154112
1128167649575424
1688918579741184
567485438886400
4508135112835584
5066687019745792
2256472738103808
2261145662521856
9016545103577600
176471616258560
11259548824240640
634418209227264
2289183209030144
1691048883520000
5070947627303424
11267795161448960
8796097219584
18014407099419648
8796101415936
18014415689356288
68166656
537928704
281474978817024
4503599629476864
8796109808640
603988992
139586446336
18014432869229568
4785074604090368
269501440
137441068032
4398048625664
1125899908957184
2251799815799808
8796126594048
18014467228976128
4535485481984
1126037345813504
2251937252656128
1130297953371136
2256197860213760
3377699720545280
8796160164864
18014535948469248
1099513791488
2199025419264
140737555530752
8796227306496
18014673387455488
3298534949888
8796361589760
18014948265427968
1076102144
2149843968
17247241216
8796630156288
3221488640
140874927571968
1126449662919680
4504699139261440
18015498021372928
22517998137115648
76022784
137707914240
70369013138432
1125900444238848
4399120778240
8797167289344
70506183656448
2252899325838336
18016597533262848
13194140058624
605029376
1100586419200
1125900981634048
8798241555456
292058825728
206159479808
141287245218816
1126999419520000
18018796557042688
87960931271680
3223323648
8800390087680
18014402806547456
4535487562752
1126037347894272
2251937254736896
3298536981504
1130297955451904
2256197862294528
18023194604602368
4785074606179328
3377699722626048
19331548160
2201174934528
140739640034304
1125902058521600
2216207320064
140754672419840
1125917090907136
142936515806208
1128098934293504
1266637399393280
138521084928
275960038400
70373047534592
9007203558097920
412325250048
9077568007308288
551970407424
1101726221312
1125904268919808
4503603989447680
1649334551552
5629499601323008
1104075031552
4402609914880
70506451567616
5497826575360
20266198591603712
568009425920
413390603264
1127000492213248
13195213276160
2218350609408
140756815709184
1125919234196480
1651414926336
142938659095552
1128101077582848
1266639542682624
5501853107200
18023198897472512
9077572293886976
5629503829181440
142953691481088
1128116109968384
74783970558976
4508014853751808
4573985551418368
1266654575068160
1130435392308224
2256335299150848
3377837159482368
1134970877772800
9016270225671168
10133374039491584
4512945476207616
352943232517120
22519097648481280
1268836418454528
4578366418060288
3382097767040000
10141895254606848
30720
47104
79872
145408
276480
538624
1062912
2111488
55296
88064
153600
284672
546816
1071104
2119680
104448
169984
301056
563200
1087488
2136064
202752
333824
595968
1120256
2168832
399360
661504
1185792
2234368
792576
1316864
2365440
1579008
2627584
3151872
12589056
34376521728
17592202827776
35184388872192
281475010271232
1125899973957632
25769809920
17626545788928
35218731833344
140806207838208
2252349569505280
52776558139392
59392
92160
157696
288768
550912
1075200
2123776
108544
174080
305152
567296
1091584
2140160
206848
337920
600064
1124352
2172928
403456
665600
1189888
2238464
796672
1320960
2369536
1583104
2631680
3155968
20981760
140737521920000
42949683200
87960930232320
116736
182272
313344
575488
1099776
2148352
215040
346112
608256
1132544
2181120
411648
673792
1198080
2246656
804864
1329152
2377728
1591296
2639872
3164160
37767168
17184081920
34363951104
25184256
17213442048
34393311232
549890050048
4398583400448
77309429760
51539625984
158329674418176
105553116284928
231424
362496
624640
1148928
2197504
428032
690176
1214464
2263040
821248
1345536
2394112
1607680
2656256
3180544
71337984
41977856
146028922880
35192962058240
140746078324736
85899380736
35321811077120
140874927343616
9009398278031360
299067162789888
175921860478976
460800
722944
1247232
2295808
854016
1378304
2426880
1640448
2689024
3213312
138479616
70368748439552
140737492617216
75565056
50399232
70368878462976
140737622640640
9007199791679488
283467909120
154618890240
103079282688
1126449662724096
580542139533312
316659348867072
211106232600576
919552
1443840
2492416
1705984
2754560
3278848
272762880
142739456
84019200
558345881600
292057909248
171798824960
1143492093020160
598134325643264
351843721021440
1837056
2885632
3409920
541329408
35184376547328
1125899911301120
277088256
151259136
100927488
35184909223936
1125900443977728
9007200328747008
1108101826560
566935947264
140754668488704
281492156844032
309237909504
206158694400
141287244433408
282024732788736
2269391999993856
1161084279195648
633318697863168
422212465330176
3672064
1078462464
545785856
137447868416
285739008
168298496
137976350720
2207613716480
1116692023296
584116078592
343597910016
4521191813941248
2286984186300416
1196268651546624
703687442302976
2152728576
1083181056
68728915968
549765253120
554698752
303040512
202377216
69794269184
550830606336
4406637496320
2216204175360
1133872416768
618476341248
412317911040
9024791441836032
4538784000509952
2322168558913536
1266637396248576
844424931182592
4301260800
2157971456
1092618240
572524544
337643520
8804685056000
4415228479488
2233385093120
1168233203712
687196866560
18031990697625600
9042383628929024
4573968373647360
2392537304139776
1407374885652480
17217619968
34397489152
70368882591744
140737626769408
35184913156096
1125900447909888
17600780175360
51543803904
1161084283127808
211106236729344
137984215040
69801609216
550837946368
17609374304256
140771856484352
618483681280
9570149216552960
3377699728918528
17626562562048
35218748606464
1126037362575360
4947819104256
52776574912512
51573164032
17660939077632
9007749044111360
17729692108800
17867198171136
211106366752768
18142210295808
18692234545152
1161084815804416
1125918160455680
619549034496
19792283043840
21992380041216
26392574035968
35330400978944
140883517245440
175930450380800
141304424040448
282041912395776
79182017071104
9016012527634432
9077585178789888
422229644937216
567382359672832
1130332313094144
52810917873664
9288708591192064
1688884220004352
176059299399680
422762220881920
1693247906777088
9086364091942912
61440
94208
159744
290816
552960
1077248
2125824
110592
176128
307200
569344
1093632
2142208
208896
339968
602112
1126400
2174976
405504
667648
1191936
2240512
798720
1323008
2371584
1585152
2633728
3158016
37761024
8594141184
68723683328
35184376295424
70368748384256
25178112
8623501312
68753043456
35184405655552
70368777744384
562950020542464
2251799947915264
77309423616
35192962035712
70377334124544
51539619840
35253091577856
70437463666688
281612415676416
4504699139010560
158329674412032
105553116278784
118784
184320
315392
577536
1101824
2150400
217088
348160
610304
1134592
2183168
413696
675840
1200128
2248704
806912
1331200
2379776
1593344
2641920
3166208
71323648
17592190259200
281474980925440
41963520
17592253173760
281475043840000
146028908544
85899366400
299067162775552
175921860464640
233472
364544
626688
1150976
2199552
430080
692224
1216512
2265088
823296
1347584
2396160
1609728
2658304
3182592
138448896
75534336
34368163840
68727902208
50368512
34426884096
68786622464
1099780100096
8797166800896
283467878400
154618859520
103079251968
580542139502592
316659348836352
211106232569856
462848
724992
1249280
2297856
856064
1380352
2428928
1642496
2691072
3215360
272699392
142675968
83955712
558345818112
292057845760
70385924116480
281492156649472
171798761472
70643622154240
281749854687232
18018796556062720
1143492092956672
598134325579776
351843720957952
921600
1445888
2494464
1708032
2756608
3280896
541200384
276959232
140737496879104
281474985234432
151130112
100798464
140737756925952
281475245281280
18014399583358976
1108101697536
17600776114176
2251808403755008
566935818240
309237780480
206158565376
18691697807360
2252899325448192
2269391999864832
1161084279066624
633318697734144
422212465201152
1839104
2887680
3411968
1078202368
545525760
285478912
168038400
2207613456384
1116691763200
584115818496
343597649920
4521191813681152
2286984186040320
1196268651286528
703687442042880
3674112
2152206336
18014398514204672
1082658816
70368753094656
2251799822602240
554176512
302518272
201854976
70369818447872
2251800887955456
18014400657494016
4406636974080
2216203653120
1133871894528
281509336977408
562984313688064
618475819008
412317388800
282574488866816
564049465577472
9024791441313792
4538783999987712
2322168558391296
1266637395726336
844424930660352
4300214272
2156924928
1091571712
274895736832
571478016
336596992
275952701440
8804684009472
4415227432960
2233384046592
1168232157184
687195820032
18031990696579072
9042383627882496
4573968372600832
2392537303093248
1407374884605952
4305457152
2166362112
137457831936
1099530506240
1109397504
606081024
404754432
139588538368
1101661212672
8813274992640
4432408350720
2267744833536
1236952682496
824635822080
18049582883672064
9077568001019904
4644337117827072
2533274792497152
1688849862365184
17200844800
8627687424
68757229568
35184409841664
70368781930496
17592257351680
281475048017920
18014400661164032
77313609728
35192966221824
70377338310656
35253095763968
70437467852800
299067166953472
105553120464896
34435239936
68794978304
140737765183488
281475253538816
70369826312192
2251800895819776
35201560350720
103087607808
2322168566255616
422212473458688
275968430080
139603218432
1101675892736
17626562564096
35218748608512
281543712968704
1236967362560
52776574914560
19140298433105920
6755399457837056
77342969856
35192995581952
70377367670784
35253125124096
70437497212928
2252074725150720
9895638208512
105553149825024
103146328064
35321878155264
18015498088222720
299067229868032
35459384217600
35734396342272
422212733505536
36284420591616
37384469090304
2322169631608832
2251836320911360
1239098068992
39584566087680
43984760082432
35261681504256
70446053593088
18700287610880
2252907915251712
2269400589668352
105561706205184
70660801957888
281767034490880
351860900761600
282608848080896
564083824791552
52810917875712
18155170357579776
844459289874432
1134764719345664
2260664626188288
105621835747328
18577417182384128
3377768440008704
352118598799360
2270491511361536
845524441763840
3386495813554176
122880
188416
319488
581632
1105920
2154496
221184
352256
614400
1138688
2187264
417792
679936
1204224
2252800
811008
1335296
2383872
1597440
2646016
3170304
138436608
1125899911061504
75522048
17188282368
137447366656
70368752590848
140737496768512
50356224
17247002624
137506086912
70368811311104
140737555488768
1125900041084928
4503599895830528
283467866112
17600776003584
562958543380480
154618847232
70385924071424
140754668249088
103079239680
70506183155712
140874927333376
17867063975936
563224831352832
9009398278021120
580542139490304
316659348824064
211106232557568
237568
368640
630784
1155072
2203648
434176
696320
1220608
2269184
827392
1351680
2400256
1613824
2662400
3186688
272670720
142647296
35184380518400
562949961850880
83927040
35184506347520
562950087680000
558345789440
292057817088
171798732800
1143492092928000
598134325551104
351843720929280
466944
729088
1253376
2301952
860160
1384448
2433024
1646592
2695168
3219456
541138944
2199027523584
276897792
151068672
68736327680
137455804416
100737024
68853768192
137573244928
2199560200192
1108101636096
566935756800
309237719040
206158503936
2269391999803392
1161084279005184
633318697672704
422212465139712
925696
1449984
2498560
1712128
2760704
3284992
1078075392
545398784
285351936
167911424
2207613329408
1116691636224
584115691520
140771848232960
562984313298944
343597522944
141287244308480
563499709374464
4521191813554176
2286984185913344
1196268651159552
703687441915904
1843200
2891776
3416064
2151948288
1082400768
553918464
281474993758208
562949970468864
302260224
201596928
281475513851904
562950490562560
4406636716032
2216203395072
35201552228352
4503616807510016
1133871636480
618475560960
412317130752
37383395614720
4505798650896384
9024791441055744
4538783999729664
2322168558133248
1266637395468288
844424930402304
3678208
4299694080
2156404736
1091051520
570957824
336076800
8804683489280
4415226912768
2233383526400
1168231636992
687195299840
18031990696058880
9042383627362304
4573968372080640
2392537302573056
1407374884085760
4304412672
17592195489792
2165317632
140737506189312
4503599645204480
1108353024
605036544
403709952
140739636895744
4503601775910912
17596482068480
8813273948160
4432407306240
2267743789056
563018673954816
1125968627376128
1236951638016
824634777600
565148977733632
1128098931154944
18049582882627584
9077567999975424
4644337116782592
2533274791452672
1688849861320704
4313849856
2183143424
549791473664
1142956032
673193984
551905402880
8830454865920
4466768093184
2336464314368
1374391640064
18084767255764992
9147936745201664
4785074606186496
2814749769211904
8627691520
68757233664
35184409845760
70368781934592
1125900045262848
2199564328960
77313613824
35192966225920
70377338314752
35253095768064
70437467856896
105553120468992
34401689600
17255374848
137514459136
70368819683328
140737563860992
35184514703360
562950096035840
17596489408512
154627219456
70385932443648
140754676621312
70506191527936
140874935705600
598134333906944
211106240929792
68870479872
137589956608
281475530366976
562950507077632
140739652624384
4503601791639552
25786589184
70403120701440
206175215616
4644337132511232
844424946917376
551936860160
279206436864
2203351785472
77342973952
35192995586048
70377367674880
35253125128192
70437497217024
563087425937408
2473934725120
105553149829120
13510798915674112
154685939712
70385991163904
140754735341568
70506250248192
140874994425856
4504149450301440
211106299650048
206292656128
70643756310528
598134459736064
70918768435200
4503608754184192
71468792684544
844425467011072
72568841183232
74768938180608
4644339263217664
4503672641822720
2478196137984
79169132175360
35261681508352
70446053597184
17875653894144
563233421271040
580550729408512
105561706209280
70523363008512
140892107186176
37400575221760
4505815830503424
4538801179336704
211123412410368
141321603915776
563534068981760
703721801523200
565217696161792
1128167649583104
105621835751424
1688918579748864
211243671494656
6755536880017408
580817017380864
704237197598720
4540983022723072
1691048883527680
245760
376832
638976
1163264
2211840
442368
704512
1228800
2277376
835584
1359872
2408448
1622016
2670592
3194880
541114368
9007199258984448
276873216
17592194482176
2251799822123008
151044096
34376564736
274894733312
140737505181696
281474993537024
100712448
34494005248
275012173824
140737622622208
281475110977536
17592454529024
2251800082169856
9007199791661056
1108101611520
566935732224
35201552007168
1125917086760960
309237694464
140771848142848
281509336498176
206158479360
141012366311424
281749854666752
35734127951872
1126449662705664
18018796556042240
2269391999778816
1161084278980608
633318697648128
422212465115136
475136
737280
1261568
2310144
868352
1392640
2441216
1654784
2703360
3227648
1078018048
545341440
285294592
70368761036800
1125899923701760
167854080
70369012695040
1125900175360000
2207613272064
1116691578880
584115634176
343597465600
4521191813496832
2286984185856000
1196268651102208
703687441858560
933888
1458176
2506752
1720320
2768896
3293184
2151825408
1082277888
8598470656
4398055047168
553795584
302137344
137472655360
274911608832
201474048
137707536384
275146489856
9663823872
4399120400384
4406636593152
2216203272192
1133871513600
618475438080
412317007872
9024791440932864
4538783999606784
2322168558010368
1266637395345408
844424930279424
1851392
2899968
3424256
4299440128
2156150784
1090797568
570703872
335822848
8804683235328
4415226658816
2233383272448
1168231383040
281543696465920
1125968626597888
687195045888
282574488616960
1126999418748928
18031990695804928
9042383627108352
4573968371826688
2392537302319104
1407374883831808
3686400
4303896576
2164801536
1107836928
562949987516416
1125899940937728
604520448
403193856
562951027703808
1125900981125120
8813273432064
4432406790144
70403104456704
9007233615020032
2267743272960
1236951121920
824634261504
74766791229440
9011597301792768
18049582882111488
9077567999459328
4644337116266496
2533274790936576
1688849860804608
4312809472
2182103040
1141915648
672153600
8830453825536
4466767052800
2336463273984
1374390599680
18084767254724608
9147936744161280
4785074605146112
2814749768171520
35184390979584
4330635264
281475012378624
9007199290408960
2216706048
1210073088
807419904
281479273791488
9007203551821824
8864814612480
4535487578112
1126037347909632
2251937254752256
2473903276032
1649269555200
1130297955467264
2256197862309888
18155135999950848
9288674233565184
5066549582905344
3377699722641408
17217634304
34397503488
17592257363968
281475048030208
1125900045271040
1099784273920
9007199795822592
140746082500608
51543818240
299067166965760
17255383040
137514467328
70368819691520
140737563869184
17592462884864
2251800090525696
9672081408
4399128657920
4406644850688
154627227648
70385932451840
140754676629504
70506191536128
140874935713792
2269392008134656
211106240937984
68803379200
34510749696
275028918272
140737639366656
281475127721984
70369029406720
1125900192071680
17609382707200
309254438912
140771864887296
281509353242624
141012383055872
281749871411200
1196268667813888
422212481859584
137740959744
275179913216
562951060733952
1125901014155264
281479305248768
9007203583279104
51573178368
140806241402880
412350431232
52776591704064
9288674265022464
1688849893834752
1103873720320
154685947904
70385991172096
140754735349760
70506250256384
140874994434048
1126174851874816
4947869450240
299067229880320
211106299658240
27021597831348224
309371879424
140771982327808
281509470683136
141012500496384
281749988851712
9008298900602880
422212599300096
412585312256
141287512621056
2269392268181504
1196268919472128
141837536870400
4407710203904
9007217508368384
142937585369088
1688850934022144
145137682366464
149537876361216
9288678526435328
17875653902336
563233421279232
580550729416704
70523363016704
140892107194368
35751307788288
1126466842542080
1161101458817024
211123412418560
141046726017024
281784214372352
74801150443520
9011631661006848
9077602358673408
422246824820736
282643207831552
1127068137963520
88029649715200
1407443603046400
1130435392323584
2256335299166208
211243671502848
3377837159497728
580817017389056
422487342989312
13511073760034816
1161634034761728
1408474395197440
9081966045446144
3382097767055360
491520
753664
1277952
2326528
884736
1409024
2457600
1671168
2719744
3244032
2151776256
1082228736
18014398517968896
553746432
35184388964352
4503599644246016
302088192
68753129472
549789466624
281475010363392
562949987074048
201424896
68988010496
550024347648
281475245244416
562950221955072
35184909058048
4503600164339712
18014399583322112
4406636544000
2216203223040
1133871464448
70403104014336
2251834173521920
618475388928
281543696285696
563018672996352
412316958720
282024732622848
563499709333504
71468255903744
2252899325411328
9024791440883712
4538783999557632
2322168557961216
1266637395296256
844424930230272
950272
1474560
2523136
1736704
2785280
3309568
4299325440
2156036096
1090682880
570589184
140737522073600
2251799847403520
335708160
140738025390080
2251800350720000
8804683120640
4415226544128
2233383157760
1168231268352
687194931200
18031990695690240
9042383626993664
4573968371712000
2392537302204416
1407374883717120
1867776
2916352
3440640
4303650816
2164555776
17196941312
8796110094336
1107591168
604274688
274945310720
549823217664
402948096
275415072768
550292979712
19327647744
8798240800768
8813273186304
4432406544384
2267743027200
1236950876160
824634015744
18049582881865728
9077567999213568
4644337116020736
2533274790690816
1688849860558848
3702784
4312301568
2181595136
1141407744
671645696
8830453317632
4466766544896
2336462766080
563087392931840
2251937253195776
1374390091776
565148977233920
2253998837497856
18084767254216704
9147936743653376
4785074604638208
2814749767663616
17592203902976
4329603072
2215673856
1125899975032832
2251799881875456
1209040896
806387712
1125902055407616
2251801962250240
8864813580288
140806208913408
18014467230040064
4535486545920
2473902243840
1649268523008
149533582458880
18023194603585536
18155135998918656
9288674232532992
5066549581873152
3377699721609216
4364206080
2283831296
1344307200
8933534105600
4672926547968
2748781199360
18295873488322560
9570149210292224
5629499536343040
9007199795838976
281483570872320
34435268608
68795006976
35184514727936
562950096060416
17592462901248
2251800090542080
9135226880
2199568547840
18014399591645184
2207621611520
281492165001216
103087636480
2269392008151040
598134333931520
34510766080
275028934656
140737639383040
281475127738368
35184925769728
4503600181051392
19344162816
8798257315840
8813289701376
309254455296
140771864903680
281509353259008
141012383072256
281749871427584
4538784016269312
422212481875968
137606758400
69021499392
550057836544
281475278733312
562950255443968
140738058813440
2251800384143360
35218765414400
618508877824
281543729774592
563018706485248
282024766111744
563499742822400
2392537335627776
844424963719168
275481919488
550359826432
1125902121467904
2251802028310528
103146356736
281612482805760
824700862464
105553183408128
18577348530044928
3377699787669504
309371895808
140771982344192
281509470699520
141012500512768
281749988868096
2252349703749632
9895738900480
598134459760640
422212599316480
618743758848
281543964655616
563018941366272
282025000992768
563499977703424
18016597801205760
2269392268197888
844425198600192
2208150093824
825170624512
282575025242112
4538784536363008
2392537838944256
283675073740800
8815420407808
18014435016736768
285875170738176
3377701868044288
290275364732928
35330401009664
140883517276160
175930450411520
35751307804672
1126466842558464
1161101458833408
141046726033408
281784214388736
71502615576576
2252933685084160
2322202917634048
422246824837120
282093452034048
563568428744704
149602300887040
18023263322013696
52845277642752
18155204717346816
844493649641472
565286415663104
2254136275927040
176059299430400
2814887206092800
2260870784647168
4512670598332416
422487343005696
6755674318995456
1161634034778112
844974685978624
27022147520069632
2323268069523456
2816948790394880
18163932090892288
6764195534110720
983040
1507328
2555904
1769472
2818048
3342336
4303552512
2164457472
17592203018240
1107492864
70368777928704
9007199288492032
604176384
137506258944
1099578933248
562950020726784
1125899974148096
402849792
137976020992
1100048695296
562950490488832
1125900443910144
70369818116096
9007200328679424
17594333724672
8813273088000
4432406446080
2267742928896
140806208028672
4503668347043840
1236950777856
563087392571392
1126037345992704
824633917440
564049465245696
1126999418667008
142936511807488
4505798650822656
18049582881767424
9077567999115264
4644337115922432
2533274790592512
1688849860460544
1900544
2949120
3473408
4312072192
2181365760
1141178368
281475044147200
4503599694807040
671416320
281476050780160
4503600701440000
8830453088256
4466766315520
2336462536704
1374389862400
18084767253987328
9147936743424000
4785074604408832
2814749767434240
3735552
4329111552
34393882624
2215182336
1208549376
549890621440
1099646435328
805896192
550830145536
1100585959424
38655295488
8864813088768
4535486054400
2473901752320
1649268031488
18155135998427136
9288674232041472
5066549581381632
3377699721117696
4363190272
2282815488
1343291392
17609367027712
8933533089792
4672925532160
1126174785863680
4503874506391552
2748780183552
1130297954467840
4507997674995712
18295873487306752
9570149209276416
5629499535327232
35184407805952
4431347712
2251799950065664
4503599763750912
2418081792
1612775424
2251804110815232
4503603924500480
281612417826816
9070973091840
4947804487680
3298537046016
18577348465065984
10133099163746304
6755399443218432
70368882655232
140737626832896
2199564386304
562958547615744
211106236792832
18014399591677952
562967141744640
68870537216
137590013952
70369029455872
1125900192120832
35184925802496
4503600181084160
18270453760
4399137095680
17594350370816
4415243223040
562984330002432
206175272960
4538784016302080
1196268667863040
69021532160
550057869312
281475278766080
562950255476736
70369851539456
9007200362102784
38688325632
618508910592
281543729807360
563018706518016
282024766144512
563499742855168
9077568032538624
844424963751936
275213516800
138042998784
1100115673088
562950557466624
1125900510887936
281476117626880
4503600768286720
70437530828800
1237017755648
563087459549184
1126037412970496
564049532223488
1126999485644800
4785074671255552
1688849927438336
550963838976
1100719652864
2251804242935808
4503604056621056
206292713472
563224965611520
1649401724928
211106366816256
6755399575339008
618743791616
281543964688384
563018941399040
282025001025536
563499977736192
4504699407499264
1196268919521280
844425198632960
1237487517696
563087929311232
1126037882732544
564050001985536
1126999955406848
4538784536395776
1688850397200384
4416300187648
1650341249024
565150050484224
9077569072726016
4785075677888512
567350147481600
571750341476352
6755403736088576
70660802019328
281767034552320
351860900823040
71502615609344
2252933685116928
2322202917666816
282093452066816
563568428777472
143005231153152
4505867370168320
4644405835268096
844493649674240
564186904068096
1127136857489408
105690555285504
1688987299282944
1130572831326208
4508272551854080
352118598860800
5629774412185600
844974686011392
13511348637990912
2323268069556224
1689949371957248
4646536139046912
5633897580789760
1966080
3014656
3538944
4328914944
35184406036480
2214985728
140737555857408
18014398576984064
1208352768
275012517888
2199157866496
1125900041453568
2251799948296192
805699584
275952041984
2200097390592
1125900980977664
2251800887820288
140739636232192
18014400657358848
35188667449344
17609366306816
8864812892160
4535485857792
281612416057344
9007336694087680
2473901555712
1126174785142784
2252074691985408
1649267834880
1128098930491392
2253998837334016
285873023614976
9011597301645312
18155135998230528
9288674231844864
5066549581185024
3377699720921088
3801088
4362731520
2282356736
562950088294400
9007199389614080
1342832640
562952101560320
9007201402880000
8933532631040
4672925073408
2748779724800
18295873486848000
9570149208817664
5629499534868480
8607891456
68787765248
4430364672
2417098752
1099781242880
2199292870656
1611792384
1101660291072
2201171918848
9070972108800
4947803504640
3298536062976
18577348464082944
10133099162763264
6755399442235392
4565630976
2686582784
35218734055424
9345851064320
2252349571727360
9007749012783104
5497560367104
2260595908935680
9015995349991424
19140298418552832
11258999070654464
1125908501102592
140737765310464
281475253665792
9672196096
4399128772608
4406644965376
1125917095231488
19791217819648
422212473585664
17594350436352
1125934283489280
137741074432
275180027904
140738058911744
2251800384241664
70369851604992
9007200362168320
36540907520
8798274191360
35188700741632
8830486446080
1125968660004864
412350545920
9077568032604160
2392537335726080
138043064320
1100115738624
562950557532160
1125900510953472
140739703078912
18014400724205568
17626613022720
1237017821184
563087459614720
1126037413036032
564049532289024
1126999485710336
18155136065077248
1688849927503872
550427033600
276085997568
2200231346176
1125901114933248
2251801021775872
562952235253760
9007201536573440
77443760128
140875061657600
2474035511296
1126174919098368
2252074825940992
1128099064446976
2253998971289600
9570149342511104
3377699854876672
1101927677952
2201439305728
412585426944
1126449931223040
3298803449856
580542408032256
422212733632512
13510799150678016
1237487583232
563087929376768
1126037882798080
564050002051072
1126999955472384
9009398814998528
2392537839042560
1688850397265920
4407710318592
2474975035392
1126175858622464
2252075765465088
1128100003971072
2253999910813696
9077569072791552
3377700794400768
8832600375296
3300682498048
1130300100968448
18155138145452032
9570151355777024
1134700294963200
70652212150272
141020956327936
18700287737856
2252907915378688
2269400589795328
211114822598656
141321604038656
563534069104640
703721801646080
143005231218688
4505867370233856
4644405835333632
564186904133632
1127136857554944
286010462306304
9011734740336640
52913997217792
9288811670536192
1688987299348480
1128373808136192
2254273714978816
211381110571008
3377974598565888
2261145662652416
9016545103708160
704237197721600
11259548824371200
2270491511488512
1689949372022784
27022697275981824
4646536139112448
3379898743914496
9293072278093824
11267795161579520
3932160
70368812072960
4429971456
281475111714816
2416705536
550025035776
4398315732992
2251800082907136
4503599896592384
1611399168
551904083968
4400194781184
2251801961955328
4503601775640576
281479272464384
35218732613632
9070971715584
563224832114688
18014673388175360
4947803111424
2252349570285568
4504149383970816
3298535669760
2256197860982784
4507997674668032
571746047229952
18023194603290624
18577348463689728
10133099162370048
6755399441842176
4564713472
1125900176588800
18014398779228160
2685665280
1125904203120640
18014402805760000
9345850146816
5497559449600
19140298417635328
11258999069736960
17215782912
137575530496
4834197504
2199562485760
4398585741312
3223584768
2203320582144
4402343837696
9895607009280
6597072125952
20266198325526528
13510798884470784
68992368640
35184913416192
1125900448169984
2251808408076288
1161084283387904
2251817002205184
281475530620928
562950507331584
19344392192
8798257545216
8813289930752
2251834190462976
39582435639296
844424947171328
35188700872704
2251868566978560
275482148864
550360055808
281476117823488
4503600768483328
140739703209984
18014400724336640
73081815040
2251937320009728
824701091840
18155136065208320
4785074671452160
276086128640
2200231477248
1125901115064320
2251801021906944
281479406157824
35253226045440
2474035642368
1126174919229440
2252074826072064
1128099064578048
2253998971420672
3377699855007744
1100854067200
552171995136
4400462692352
2251802229866496
4503602043551744
1125904470507520
18014403073146880
154887520256
281750123315200
4948071022592
2252349838196736
4504149651881984
2256198128893952
4507997942579200
52776826830848
19140298685022208
6755399709753344
2203855355904
4402878611456
825170853888
2252899862446080
6597606899712
1161084816064512
844425467265024
27021598301356032
2474975166464
1126175858753536
2252075765596160
1128100004102144
2253999910944768
18018797629997056
4785075678085120
3377700794531840
8815420637184
4949950070784
2252351717244928
4504151530930176
2256200007942144
4507999821627392
18155138145583104
6755401588801536
6601364996096
2260600201936896
19140302711554048
141304424300544
282041912655872
37400575475712
4505815830757376
4538801179590656
422229645197312
282643208077312
1127068138209280
1407443603292160
286010462437376
9011734740467712
9288811670667264
1128373808267264
2254273715109888
572020924612608
18023469480673280
105827994435584
18577623341072384
3377974598696960
2256747616272384
4508547429957632
422762221142016
6755949197131776
1408474395443200
22519097648742400
4540983022977024
3379898744045568
9293072278224896
6759797487828992
18586144556187648
140737624145920
562950223429632
4833411072
1100050071552
8796631465984
4503600165814272
9007199793184768
3222798336
1103808167936
8800389562368
4503603923910656
9007203551281152
70437465227264
1126449664229376
9895606222848
4504699140571136
9008298767941632
6597071339520
4512395721965568
9015995349336064
20266198324740096
13510798883684352
2251800353177600
5371330560
10995118899200
22517998139473920
34901327872
275419496448
18014400661684224
4503608222023680
309242363904
71468260524032
137984737280
70369826832384
2251800896339968
4503616816152576
2322168566775808
4503634004410368
562951061241856
1125901014663168
38688784384
4503668380925952
79164871278592
1688849894342656
4503737133957120
550964297728
1100720111616
562952235646976
9007201536966656
281479406419968
4503874640019456
1649402183680
9570149342904320
552172257280
4400462954496
2251802230128640
4503602043813888
70506452090880
4948071284736
2252349838458880
4504149652144128
2256198129156096
4507997942841344
6755399710015488
2201708134400
1104343990272
8800925384704
4503604459732992
9007204087103488
309775040512
563500246630400
9896142045184
4504699676393472
9008299303763968
4512396257787904
9015995885158400
105553653661696
13510799419506688
1650341707776
4505799724892160
13195213799424
2322169632129024
1688850934530048
4949950332928
2252351717507072
4504151531192320
2256200008204288
4507999821889536
9570151356170240
6755401589063680
9899900141568
4504703434489856
9008303061860352
4512400015884288
9015999643254784
13510803177603072
282608848601088
564083825311744
74801150951424
9011631661514752
9077602359181312
844459290394624
565286416154624
2254136276418560
2814887206584320
572020924874752
18023469480935424
18577623341334528
2256747616534528
4508547430219776
211655988871168
6755949197393920
4513495232544768
9017094859915264
845524442284032
13511898394263552
2816948790886400
9081966045954048
6759797488091136
18586144556449792
13519594975657984
281475248291840
1125900446859264
2200100143104
9007200331628544
18014399586369536
6445596672
140874930454528
2252899328458752
9009398281142272
18016597535883264
13194142679040
27021597767368704
9007207849918464
69802655744
550838992896
17596490448896
9007216444047360
618484727808
142936521048064
275969474560
140739653664768
4503601792679936
9007233632305152
4644337133551616
9007268008820736
1125902122483712
2251802029326336
9007336761851904
3377699788685312
9007474267914240
1101928595456
2201440223232
1125904471293952
18014403073933312
17661175005184
9007749280038912
3298804367360
19140298685808640
1104344514560
8800925908992
4503604460257280
9007204087627776
77847330816
141012904181760
9896142569472
4504699676917760
9008299304288256
4512396258312192
9015995885682688
13510799420030976
4403416268800
619550081024
1127000493260800
9009399352786944
18016598607527936
299068237545472
211107307323392
27021598839013376
3300683415552
9011599449784320
4644339264258048
3377701869060096
9899900665856
4504703435014144
9008303062384640
4512400016408576
9015999643779072
19140302712340480
13510803178127360
141845590966272
282583079321600
422221056049152
565217697202176
1128167650623488
149602301902848
18023263323029504
18155204718362624
1688918580789248
1130572832309248
4508272552837120
5629774413168640
4513495233069056
9017094860439552
581641652142080
423311977742336
13511898394787840
2271591024033792
1691048884568064
27023796788527104
5633897581772800
18163932091908096
13519594976182272
18014407105708032
18014415699836928
139605311488
1101677985792
18014432888094720
1236969455616
285873042096128
551938949120
281479307329536
9007203585359872
18014467264610304
9288674267103232
18014536017641472
2251804244967424
4503604058652672
18014673523703808
6755399577370624
18014948535828480
2203857190912
4402880446464
35322350010368
18015498560077824
6597608734720
155694661632
282025808363520
9009399353835520
18016598608576512
27021598840061952
1239100162048
2254000986521600
18018798705573888
598136475090944
422214614646784
6601366831104
18023198899568640
9288678528516096
6755403738120192
39591010631680
4508006265913344
4538792591491072
283691181932544
565166158643200
844442112098304
1130435394404352
2256335301246976
3377837161578496
2261145664618496
9016545105674240
11259548826337280
1163283304284160
846623955484672
27023796789575680
4543182048067584
3382097769136128
11267795163545600
62914560
96468992
163577856
297795584
566231040
1103101952
2176843776
4324327424
113246208
180355072
314572800
583008256
1119879168
2193620992
4341104640
213909504
348127232
616562688
1153433600
2227175424
4374659072
415236096
683671552
1220542464
2294284288
4441767936
817889280
1354760192
2428502016
4575985664
1623195648
2696937472
4844421120
3233808384
5381292032
6455033856
25782386688
70403116498944
52776570716160
121634816
188743680
322961408
591396864
1128267776
2202009600
4349493248
222298112
356515840
624951296
1161822208
2235564032
4383047680
423624704
692060160
1228931072
2302672896
4450156544
826277888
1363148800
2436890624
4584374272
1631584256
2705326080
4852809728
3242196992
5389680640
6463422464
42970644480
87960951193600
239075328
373293056
641728512
1178599424
2252341248
4399824896
440401920
708837376
1245708288
2319450112
4466933760
843055104
1379926016
2453667840
4601151488
1648361472
2722103296
4869586944
3258974208
5406457856
6480199680
77347160064
35192999772160
70377371860992
51577356288
35253129314304
70437501403136
1126174822498304
9008298804117504
158329712148480
105553154015232
473956352
742391808
1279262720
2353004544
4500488192
876609536
1413480448
2487222272
4634705920
1681915904
2755657728
4903141376
3292528640
5440012288
6513754112
146100191232
85970649088
299067234058240
175921931747328
943718400
1480589312
2554331136
4701814784
1749024768
2822766592
4970250240
3359637504
5507121152
6580862976
283606253568
154757234688
103217627136
580542277877760
316659487211520
211106370945024
1883242496
2956984320
5104467968
3493855232
5641338880
6715080704
558618378240
292330405888
172071321600
1143492365516800
598134598139904
351843993518080
3762290688
5909774336
6983516160
1108642627584
567476748288
309778710528
206699495424
2269392540794880
1161084819996672
633319238664192
422213006131200
7520387072
2208691126272
1117769433088
281493234515968
585193488384
344675319808
282575566274560
4521192891351040
2286985263710208
1196269728956416
703688519712768
4408788123648
2218354802688
140756819902464
1125919238389760
1136023044096
620626968576
414468538368
142938663288832
1128101081776128
9024793592463360
4538786151137280
2322170709540864
1266639546875904
844427081809920
8808982118400
4419525541888
2237682155520
1172530266112
691493928960
18031994994688000
9042387925991424
4573972670709760
2392541601202176
1407379182714880
35261685694464
70446057783296
105561710395392
282591672401920
142953695674368
1128116114161664
1266654579261440
10133133525516288
105621839937536
1268836422647808
125829120
192937984
327155712
595591168
1132462080
2206203904
4353687552
226492416
360710144
629145600
1166016512
2239758336
4387241984
427819008
696254464
1233125376
2306867200
4454350848
830472192
1367343104
2441084928
4588568576
1635778560
2709520384
4857004032
3246391296
5393874944
6467616768
77334577152
17600801144832
140746103455744
51564773376
17660930686976
140806232997888
158329699565568
105553141432320
243269632
377487360
645922816
1182793728
2256535552
4404019200
444596224
713031680
1249902592
2323644416
4471128064
847249408
1384120320
2457862144
4605345792
1652555776
2726297600
4873781248
3263168512
5410652160
6484393984
146070831104
85941288960
299067204698112
175921902387200
478150656
746586112
1283457024
2357198848
4504682496
880803840
1417674752
2491416576
4638900224
1686110208
2759852032
4907335680
3296722944
5444206592
6517948416
283543339008
154694320128
70385999544320
140754743721984
103154712576
70506258628608
140875002806272
2252349644996608
18016597608235008
580542214963200
316659424296960
211106308030464
947912704
1484783616
2558525440
4706009088
1753219072
2826960896
4974444544
3363831808
5511315456
6585057280
558488354816
292200382464
171941298176
1143492235493376
598134468116480
351843863494656
1887436800
2961178624
5108662272
3498049536
5645533184
6719275008
1108378386432
567212507136
309514469376
206435254272
2269392276553728
1161084555755520
633318974423040
422212741890048
3766484992
5913968640
6987710464
2208158449664
1117236756480
584660811776
344142643200
4521192358674432
2286984731033600
1196269196279808
703687987036160
7524581376
4407718576128
2217285255168
1134953496576
619557421056
413398990848
9024792522915840
4538785081589760
2322169639993344
1266638477328384
844426012262400
8806838829056
4417382252544
2235538866176
562986469031936
1170386976768
689350639616
565151132549120
18031992851398656
9042385782702080
4573970527420416
2392539457912832
1407377039425536
8817576247296
4436709605376
281513639804928
2251838476779520
2272046088192
1241253937152
828937076736
285877326577664
2256202163552256
18049587184926720
9077572302274560
4644341419081728
2533279093751808
1688854163619840
35227330150400
17669503844352
140814806155264
158338272722944
70523371388928
140892115566592
211123420790784
565183344803840
285907391348736
2256232228323328
2533309158522880
158398402265088
20266267051032576
211243679875072
2537672845295616
251658240
385875968
654311424
1191182336
2264924160
4412407808
452984832
721420288
1258291200
2332033024
4479516672
855638016
1392508928
2466250752
4613734400
1660944384
2734686208
4882169856
3271557120
5419040768
6492782592
283518173184
154669154304
35201602289664
281492206911488
103129546752
35321861373952
281612465995776
580542189797376
316659399131136
211106282864640
486539264
754974720
1291845632
2365587456
4513071104
889192448
1426063360
2499805184
4647288832
1694498816
2768240640
4915724288
3305111552
5452595200
6526337024
558429634560
292141662208
171882577920
1143492176773120
598134409396224
351843804774400
956301312
1493172224
2566914048
4714397696
1761607680
2835349504
4982833152
3372220416
5519704064
6593445888
1108252557312
4503608368300032
567086678016
309388640256
140771999088640
281509487443968
206309425152
141012517257216
281750005612544
4504699289993216
2269392150724608
1161084429926400
633318848593920
422212616060928
1895825408
2969567232
5117050880
3506438144
5653921792
6727663616
2207898402816
1116976709632
584400764928
343882596352
4521192098627584
2286984470986752
1196268936232960
703687726989312
3774873600
5922357248
6996099072
4407190093824
2216756772864
1134425014272
619028938752
412870508544
9024791994433536
4538784553107456
2322169111511040
1266637948846080
844425483780096
7532969984
8805773475840
4416316899328
2234473512960
1169321623552
688285286400
18031991786045440
9042384717348864
4573969462067200
2392538392559616
1407375974072320
8815437152256
4434570510336
2269906993152
1239114842112
826797981696
18049585045831680
9077570163179520
4644339279986688
2533276954656768
1688852024524800
8834764505088
4471077732352
1125972938063872
2340773953536
1378701279232
1130302265098240
18084771565404160
9147941054840832
4785078915825664
2814754078851072
17669512232960
140814814543872
4504707745710080
158338281111552
70454660300800
35339007688704
281629612310528
316676545445888
141046742777856
281784231133184
52810934648832
422246841581568
1130366689607680
571814782697472
4512464456646656
158398410653696
5066618317045760
316796804530176
422487359750144
5075345690591232
503316480
771751936
1308622848
2382364672
4529848320
905969664
1442840576
2516582400
4664066048
1711276032
2785017856
4932501504
3321888768
5469372416
6543114240
1108202225664
567036346368
309338308608
70403204579328
562984413822976
206259093504
70643722747904
563224931991552
2269392100392960
1161084379594752
633318798262272
422212565729280
973078528
1509949440
2583691264
4731174912
1778384896
2852126720
4999610368
3388997632
5536481280
6610223104
2207780962304
1116859269120
584283324416
343765155840
4521191981187072
2286984353546240
1196268818792448
703687609548800
1912602624
2986344448
5133828096
3523215360
5670699008
6744440832
4406938435584
2216505114624
17609667903488
9007216736600064
1134173356032
618777280512
281543998177280
563018974887936
412618850304
282025034514432
563500011225088
19791511289856
9009398579986432
9024791742775296
4538784301449216
2322168859852800
1266637697187840
844425232121856
3791650816
5939134464
7012876288
8805253382144
4415796805632
2233953419264
1168801529856
687765192704
18031991265951744
9042384197255168
4573968941973504
2392537872465920
1407375453978624
7549747200
8814380187648
4433513545728
2268850028544
1238057877504
825741017088
18049583988867072
9077569106214912
4644338223022080
2533275897692160
1688850967560192
8832633798656
4468947025920
2338643247104
1376570572800
18084769434697728
9147938924134400
4785076785119232
2814751948144640
8869141020672
4539813986304
2478229684224
1653595963392
18155140326359040
9288678559973376
5066553909313536
3377704049049600
35261715054592
70446087143424
2252358192988160
105561739755520
35339024465920
281629629087744
19808422723584
9009415491420160
9024808654209024
316676562223104
140909320601600
70678015377408
563259224621056
633353090891776
282093485555712
563568462266368
105621869297664
844493683163136
2260733379215360
316796821307392
10133236634091520
633593609060352
844974719500288
9026990497595392
1006632960
1543503872
2617245696
4764729344
1811939328
2885681152
5033164800
3422552064
5570035712
6643777536
4406837772288
2216404451328
1134072692736
618676617216
140806409158656
1125968827645952
412518187008
141287445495808
1126449863983104
9024791642112000
4538784200785920
2322168759189504
1266637596524544
844425131458560
1946157056
3019898880
5167382528
3556769792
5704253440
6777995264
8805018501120
4415561924608
2233718538240
1168566648832
687530311680
18031991031070720
9042383962374144
4573968707092480
2392537637584896
1407375219097600
3825205248
5972688896
7046430720
8813876871168
4433010229248
35219335806976
18014433473200128
2268346712064
1237554561024
563087996354560
1126037949775872
825237700608
564050069028864
1127000022450176
39583022579712
18018797159972864
18049583485550592
9077568602898432
4644337719705600
2533275394375680
1688850464243712
7583301632
8831593611264
4467906838528
2337603059712
1375530385408
18084768394510336
9147937883947008
4785075744931840
2814750907957248
8867027091456
4537700057088
2476115755008
1651482034176
18155138212429824
9288676446044160
5066551795384320
3377701935120384
8937894051840
4677286494208
2753141145600
18295877848268800
9570153570238464
5629503896289280
70523430109184
140892174286848
18708944650240
4504716385976320
4521209060392960
211123479511040
70678048931840
563259258175488
39616845447168
18018830982840320
18049617308418048
633353124446208
281818641203200
141356030754816
1126518449242112
1266706181783552
564186971111424
1127136924532736
211243738595328
1688987366326272
633593642614784
20266473268183040
1267187218120704
4522291392151552
1689949439000576
18053980995190784
2013265920
3087007744
5234491392
3623878656
5771362304
6845104128
8813675544576
4432808902656
2268145385472
1237353234432
281612818317312
2251937655291904
825036374016
282574890991616
2252899727966208
18049583284224000
9077568401571840
4644337518379008
2533275193049088
1688850262917120
3892314112
6039797760
7113539584
8831123849216
4467437076480
2337133297664
1375060623360
18084767924748288
9147937414184960
4785075275169792
2814750438195200
7650410496
8866020458496
70438671613952
4536693424128
2475109122048
1126175992709120
2252075899551744
1650475401216
1128100138057728
2254000044900352
79166045159424
18155137205796864
9288675439411200
5066550788751360
3377700928487424
8935813677056
4675206119424
2751060770816
18295875767894016
9570151489863680
5629501815914496
9075400114176
4952231510016
3302964068352
18577352892088320
10133103590768640
6755403870240768
4504707863150592
141046860218368
281784348573696
37417889300480
9009432771952640
9042418120785920
422246959022080
141356097863680
1126518516350976
79233690894336
1266706248892416
563637282406400
282712061509632
2253036898484224
2533412363567104
1128373942222848
2254273849065472
422487477190656
3377974732652544
1267187285229568
2534374436241408
9044582784303104
3379898878001152
4026531840
6174015488
7247757312
8865617805312
4536290770944
2474706468864
563225636634624
4503875310583808
1650072748032
565149781983232
4505799455932416
18155136803143680
9288675036758016
5066550386098176
3377700525834240
7784628224
8934874152960
4674266595328
2750121246720
18295874828369920
9570150550339584
5629500876390400
17628961701888
140877343227904
9073386848256
4950218244096
2252351985418240
4504151799103488
3300950802432
2256200276115456
4508000089800704
18577350878822400
10133101577502720
6755401856974848
9350412238848
5502121541632
19140302979727360
11259003631828992
19808657604608
9009415726301184
9024808889090048
282093720436736
563568697147392
74835778600960
18018865543905280
18084836241571840
844493918044160
282712195727360
2253037032701952
2533412497784832
1127274564812800
565424123019264
4506073796968448
158604820742144
5066824727134208
2256747884445696
4508547698130944
844974954381312
6755949465305088
2534374570459136
9026990732476416
5068748872482816
18089165568606208
6759797756002304
8053063680
9072581541888
4949412937728
1126451273269248
9007750621167616
3300145496064
1130299563966464
9011598911864832
18577350073516032
10133100772196352
6755401051668480
9348533190656
5500242493440
19140301100679168
11259001752780800
35257923403776
281754686455808
9900436488192
4504703970836480
9008303598206976
6601901604864
4512400552230912
9016000179601408
20266203155005440
13510803713949696
141296370974720
39617315209216
18018831452602368
18049617778180096
564187440873472
1127137394294784
149671557201920
1688987836088320
565424391454720
4506074065403904
5066824995569664
2254549129625600
1130848246038528
9012147593936896
317209641484288
10133649454268416
4513495768891392
9017095396261888
1689949908762624
13511898930610176
5068749140918272
18053981464952832
10137497744965632
13519595512004608
9898825875456
2252902546538496
18015501242335232
6600290992128
2260599127932928
18023197823729664
20266201544392704
13510802103336960
11000484986880
22518003505561600
71477919481856
564059128725504
633328361275392
282592741949440
79234630418432
1128374881746944
2254274788589568
3377975672176640
1130848782909440
9012148130807808
10133649991139328
4509098259251200
2261696492077056
18024295187873792
634419282968576
20267298908536832
3379899817525248
27023797861220352
10137498281836544
20274995489931264
4505805093076992
13200581984256
27021604206673920
142955838963712
1128118257451008
1266656722550784
565185483898880
2256749763493888
4508549577179136
6755951344353280
2261697565818880
18024296261615616
159431333511168
20267299982278656
9018196518502400
1268838565937152
6759799635050496
20274996563673088
285911677927424
2256236514902016
2533313445101568
1130370967797760
4513499526987776
9017099154358272
13511902688706560
318862667022336
2537677131874304
13519599270100992
128849018880
197568495616
335007449088
609885356032
1159641169920
2259152797696
4458176053248
8856222564352
231928233984
369367187456
644245094400
1194000908288
2293512536064
4492535791616
8890582302720
438086664192
712964571136
1262720385024
2362232012800
4561255268352
8959301779456
850403524608
1400159338496
2499670966272
4698694221824
9096740732928
1675037245440
2774548873216
4973572128768
9371618639872
3324304687104
5523327942656
9921374453760
6622839570432
11020886081536
13219909337088
52802327937024
249108103168
386547056640
661424963584
1211180777472
2310692405248
4509715660800
8907762171904
455266533376
730144440320
1279900254208
2379411881984
4578435137536
8976481648640
867583393792
1417339207680
2516850835456
4715874091008
9113920602112
1692217114624
2791728742400
4990751997952
9388798509056
3341484556288
5540507811840
9938554322944
6640019439616
11038065950720
13237089206272
88003879895040
489626271744
764504178688
1314259992576
2413771620352
4612794875904
9010841387008
901943132160
1451698946048
2551210573824
4750233829376
9148280340480
1726576852992
2826088480768
5025111736320
9423158247424
3375844294656
5574867550208
9972914061312
6674379177984
11072425689088
13271448944640
158406983811072
105630425677824
970662608896
1520418422784
2619930050560
4818953306112
9216999817216
1795296329728
2894807957504
5093831213056
9491877724160
3444563771392
5643587026944
10041633538048
6743098654720
11141145165824
13340168421376
299213191643136
176067889332224
1932735283200
3032246910976
5231270166528
9629316677632
3582002724864
5781025980416
10179072491520
6880537608192
11278584119296
13477607374848
580825607307264
316942816641024
211389700374528
3856880631808
6055903887360
10453950398464
7155415515136
11553462026240
13752485281792
1144050438635520
598692671258624
352402066636800
7705171329024
12103217840128
14302241095680
2270500101292032
1162192380493824
634426799161344
423320566628352
15401752723456
4523399426605056
2289191798964224
1198476264210432
705895054966784
9029198077231104
4543190635905024
2326575194308608
1271044031643648
848831566577664
18040795378483200
9051188309786624
4582773054504960
2401341984997376
1416179566510080
257698037760
395136991232
670014898176
1219770712064
2319282339840
4518305595392
8916352106496
463856467968
738734374912
1288490188800
2388001816576
4587025072128
8985071583232
876173328384
1425929142272
2525440770048
4724464025600
9122510536704
1700807049216
2800318676992
4999341932544
9397388443648
3350074490880
5549097746432
9947144257536
6648609374208
11046655885312
13245679140864
158381214007296
105604655874048
498216206336
773094113280
1322849927168
2422361554944
4621384810496
9019431321600
910533066752
1460288880640
2559800508416
4758823763968
9156870275072
1735166787584
2834678415360
5033701670912
9431748182016
3384434229248
5583457484800
9981503995904
6682969112576
11081015623680
13280038879232
299153062100992
176007759790080
979252543488
1529008357376
2628519985152
4827543240704
9225589751808
1803886264320
2903397892096
5102421147648
9500467658752
3453153705984
5652176961536
10050223472640
6751688589312
11149735100416
13348758355968
580696758288384
316813967622144
211260851355648
1941325217792
3040836845568
5239860101120
9637906612224
3590592659456
5789615915008
10187662426112
6889127542784
11287174053888
13486197309440
1143784150663168
598426383286272
352135778664448
3865470566400
6064493821952
10462540333056
7164005449728
11562051960832
13761075216384
2269958935412736
1161651214614528
633885633282048
422779400749056
7713761263616
12111807774720
14310831030272
4522308504911872
2288100877271040
1197385342517248
704804133273600
15410342658048
9027007643910144
4541000202584064
2324384760987648
1268853598322688
846641133256704
18036405921906688
9046798853210112
4578383597928448
2396952528420864
1411790109933568
18058396154462208
9086381271810048
4653150388617216
2542088063287296
1697663133155328
515396075520
790273982464
1340029796352
2439541424128
4638564679680
9036611190784
927712935936
1477468749824
2576980377600
4776003633152
9174050144256
1752346656768
2851858284544
5050881540096
9448928051200
3401614098432
5600637353984
9998683865088
6700148981760
11098195492864
13297218748416
580645218680832
316762428014592
211209311748096
996432412672
1546188226560
2645699854336
4844723109888
9242769620992
1821066133504
2920577761280
5119601016832
9517647527936
3470333575168
5669356830720
10067403341824
6768868458496
11166914969600
13365938225152
1143663891578880
598306124201984
352015519580160
1958505086976
3058016714752
5257039970304
9655086481408
3607772528640
5806795784192
10204842295296
6906307411968
11304353923072
13503377178624
2269701237374976
1161393516576768
633627935244288
422521702711296
3882650435584
6081673691136
10479720202240
7181185318912
11579231830016
13778255085568
4521775928967168
2287568301326336
1196852766572544
704271557328896
7730941132800
12128987643904
14328010899456
9025925312151552
4539917870825472
2323302429229056
1267771266564096
845558801498112
15427522527232
18034224078520320
9044617009823744
4576201754542080
2394770685034496
1409608266547200
18054015287820288
9082000405168128
4648769521975296
2537707196645376
1693282266513408
18093597706420224
9156767195856896
4793905056841728
2823580219867136
1030792151040
1580547964928
2680059592704
4879082848256
9277129359360
1855425871872
2954937499648
5153960755200
9552007266304
3504693313536
5703716569088
10101763080192
6803228196864
11201274707968
13400297963520
2269598158159872
1161290437361664
633524856029184
422418623496192
1992864825344
3092376453120
5291399708672
9689446219776
3642132267008
5841155522560
10239202033664
6940667150336
11338713661440
13537736916992
4521535410798592
2287327783157760
1196612248403968
704031039160320
3917010173952
6116033429504
10514079940608
7215545057280
11613591568384
13812614823936
9025409916076032
4539402474749952
2322787033153536
1267255870488576
845043405422592
7765300871168
12163347382272
14362370637824
18033158926630912
9043551857934336
4575136602652672
2393705533145088
1408543114657792
15461882265600
18051850624303104
9079835741650944
4646604858458112
2535542533128192
1691117602996224
18089234019647488
9152403509084160
4789541370068992
2819216533094400
18164000810336256
9297539043950592
5075414393290752
3386564533026816
2061584302080
3161095929856
5360119185408
9758165696512
3710851743744
5909874999296
10307921510400
7009386627072
11407433138176
13606456393728
9025203757645824
4539196316319744
2322580874723328
1267049712058368
844837246992384
3985729650688
6184752906240
10582799417344
7284264534016
11682311045120
13881334300672
18032677890293760
9043070821597184
4574655566315520
2393224496807936
1408062078320640
7834020347904
12232066859008
14431090114560
18050819832152064
9078804949499904
4645574066307072
2534511740977152
1690086810845184
15530601742336
18087103715868672
9150273205305344
4787411066290176
2817086229315584
18159671483301888
9293209716916224
5071085066256384
3382235205992448
18304807018168320
9579082740137984
5638433066188800
4123168604160
6322191859712
10720238370816
7421703487488
11819749998592
14018773254144
18050407515291648
9078392632639488
4645161749446656
2534099424116736
1689674493984768
7971459301376
12369505812480
14568529068032
18086141643194368
9149311132631040
4786448993615872
2816124156641280
15668040695808
18157609898999808
9291148132614144
5069023481954304
3380173621690368
18300546410610688
9574822132580352
5634172458631168
18586419433832448
10142170132512768
6764470411984896
8246337208320
12644383719424
14843406974976
18156785265278976
9290323498893312
5068198848233472
3379348987969536
15942918602752
18298622265262080
9572897987231744
5632248313282560
18582296265228288
10138046963908608
6760347243380736
19149644265160704
11268344917262336
16492674416640
18580646997786624
10136397696466944
6758697975939072
19145795974463488
11264496626565120
20276093927817216
13520694486761472
20272795392933888
13517395951878144
22528993253130240
27034791903756288
263882790666240
404620279021568
686095255732224
1249045209153536
2374945115996160
4626744929681408
9130344557051904
18137543811792896
474989023199232
756463999909888
1319413953331200
2445313860173824
4697113673859072
9200713301229568
18207912555970560
897201488265216
1460151441686528
2586051348529152
4837851162214400
9341450789584896
18348650044325888
1741626418397184
2867526325239808
5119326138925056
9622925766295552
18630125021036544
3430476278661120
5682276092346368
10185875719716864
19193074974457856
6808175999188992
11311775626559488
20318974881300480
13563575440244736
22570774694985728
27074374322356224
510173395288064
791648371998720
1354598325420032
2480498232262656
4732298045947904
9235897673318400
18243096928059392
932385860354048
1495335813775360
2621235720617984
4873035534303232
9376635161673728
18383834416414720
1776810790486016
2902710697328640
5154510511013888
9658110138384384
18665309393125376
3465660650749952
5717460464435200
10221060091805696
19228259346546688
6843360371277824
11346959998648320
20354159253389312
13598759812333568
22605959067074560
27109558694445056
1002754604531712
1565704557953024
2691604464795648
4943404278480896
9447003905851392
18454203160592384
1847179534663680
2973079441506304
5224879255191552
9728478882562048
18735678137303040
3536029394927616
5787829208612864
10291428835983360
19298628090724352
6913729115455488
11417328742825984
20424527997566976
13669128556511232
22676327811252224
27179927438622720
1987917023019008
3113816929861632
5365616743546880
9869216370917376
18876415625658368
3676766883282944
5928566696968192
10432166324338688
19439365579079680
7054466603810816
11558066231181312
20565265485922304
13809866044866560
22817065299607552
27320664926978048
3958241859993600
6210041673678848
10713641301049344
19720840555790336
7335941580521472
11839541207891968
20846740462632960
14091341021577216
23098540276318208
27602139903688704
7898891533942784
12402491161313280
21409690416054272
14654290974998528
23661490229739520
28165089857110016
15780190881841152
24787390136582144
29290989763952640
31542789577637888
527765581332480
809240558043136
1372190511464448
2498090418307072
4749890231992320
9253489859362816
18260689114103808
949978046398464
1512927999819776
2638827906662400
4890627720347648
9394227347718144
18401426602459136
1794402976530432
2920302883373056
5172102697058304
9675702324428800
18682901579169792
3483252836794368
5735052650479616
10238652277850112
19245851532591104
6860952557322240
11364552184692736
20371751439433728
13616351998377984
22623551253118976
27127150880489472
1020346790576128
1583296743997440
2709196650840064
4960996464525312
9464596091895808
18471795346636800
1864771720708096
2990671627550720
5242471441235968
9746071068606464
18753270323347456
3553621580972032
5805421394657280
10309021022027776
19316220276768768
6931321301499904
11434920928870400
20442120183611392
13686720742555648
22693919997296640
27197519624667136
2005509209063424
3131409115906048
5383208929591296
9886808556961792
18894007811702784
3694359069327360
5946158883012608
10449758510383104
19456957765124096
7072058789855232
11575658417225728
20582857671966720
13827458230910976
22834657485651968
27338257113022464
3975834046038016
6227633859723264
10731233487093760
19738432741834752
7353533766565888
11857133393936384
20864332648677376
14108933207621632
23116132462362624
27619732089733120
7916483719987200
12420083347357696
21427282602098688
14671883161042944
23679082415783936
28182682043154432
15797783067885568
24804982322626560
29308581949997056
31560381763682304
1055531162664960
1618481116086272
2744381022928896
4996180836614144
9499780463984640
18506979718725632
1899956092796928
3025855999639552
5277655813324800
9781255440695296
18788454695436288
3588805953060864
5840605766746112
10344205394116608
19351404648857600
6966505673588736
11470105300959232
20477304555700224
13721905114644480
22729104369385472
27232703996755968
2040693581152256
3166593487994880
5418393301680128
9921992929050624
18929192183791616
3729543441416192
5981343255101440
10484942882471936
19492142137212928
7107243161944064
11610842789314560
20618042044055552
13862642602999808
22869841857740800
27373441485111296
4011018418126848
6262818231812096
10766417859182592
19773617113923584
7388718138654720
11892317766025216
20899517020766208
14144117579710464
23151316834451456
27654916461821952
7951668092076032
12455267719446528
21462466974187520
14707067533131776
23714266787872768
28217866415243264
15832967439974400
24840166694715392
29343766322085888
31595566135771136
2111062325329920
3236962232172544
5488762045857792
9992361673228288
18999560927969280
3799912185593856
6051711999279104
10555311626649600
19562510881390592
7177611906121728
11681211533492224
20688410788233216
13933011347177472
22940210601918464
27443810229288960
4081387162304512
6333186975989760
10836786603360256
19843985858101248
7459086882832384
11962686510202880
20969885764943872
14214486323888128
23221685578629120
27725285205999616
8022036836253696
12525636463624192
21532835718365184
14777436277309440
23784635532050432
28288235159420928
15903336184152064
24910535438893056
29414135066263552
31665934879948800
4222124650659840
6473924464345088
10977524091715584
19984723346456576
7599824371187712
12103423998558208
21110623253299200
14355223812243456
23362423066984448
27866022694354944
8162774324609024
12666373951979520
21673573206720512
14918173765664768
23925373020405760
28428972647776256
16044073672507392
25051272927248384
29554872554618880
31806672368304128
8444249301319680
12947848928690176
21955048183431168
15199648742375424
24206847997116416
28710447624486912
16325548649218048
25332747903959040
29836347531329536
32088147345014784
16888498602639360
25895697857380352
30399297484750848
32651097298436096
33776997205278720
