historical_path	current_path	action	reason
KYOENC4.md	docs/KYOENC4.md	move	current certificate specification
SOURCE_SHA256SUMS.txt	research/archive/source-snapshot-2026-09/SOURCE_SHA256SUMS.txt	move	historical source snapshot checksum
artifacts/10x10-4stone-shard-000.csv	research/experiments/solver-benchmarks/output/10x10-4stone-shard-000.csv	move	solver input/output/audit
artifacts/10x10-4stone-shard-001.csv	research/experiments/solver-benchmarks/output/10x10-4stone-shard-001.csv	move	solver input/output/audit
artifacts/10x10-4stone-shard-002.csv	research/experiments/solver-benchmarks/output/10x10-4stone-shard-002.csv	move	solver input/output/audit
artifacts/10x10-4stone-shard-003.csv	research/experiments/solver-benchmarks/output/10x10-4stone-shard-003.csv	move	solver input/output/audit
artifacts/10x10-5stone-shard-000.csv	research/experiments/solver-benchmarks/output/10x10-5stone-shard-000.csv	move	solver input/output/audit
artifacts/10x10-5stone-shard-001.csv	research/experiments/solver-benchmarks/output/10x10-5stone-shard-001.csv	move	solver input/output/audit
artifacts/10x10-5stone-shard-002.csv	research/experiments/solver-benchmarks/output/10x10-5stone-shard-002.csv	move	solver input/output/audit
artifacts/10x10-random-safe-4stone-sample.csv	research/experiments/solver-benchmarks/output/10x10-random-safe-4stone-sample.csv	move	solver input/output/audit
artifacts/10x10-random-safe-5stone-out.csv	research/experiments/solver-benchmarks/output/10x10-random-safe-5stone-out.csv	move	solver input/output/audit
artifacts/10x10-random-safe-5stone-sample.csv	research/experiments/solver-benchmarks/output/10x10-random-safe-5stone-sample.csv	move	solver input/output/audit
artifacts/10x10-smoke5.csv	research/experiments/solver-benchmarks/output/10x10-smoke5.csv	move	solver input/output/audit
artifacts/6x6-random-safe-4stone-out.csv	research/experiments/solver-benchmarks/output/6x6-random-safe-4stone-out.csv	move	solver input/output/audit
artifacts/6x6-random-safe-4stone-sample.csv	research/experiments/solver-benchmarks/output/6x6-random-safe-4stone-sample.csv	move	solver input/output/audit
artifacts/6x6-random-safe-5stone-out.csv	research/experiments/solver-benchmarks/output/6x6-random-safe-5stone-out.csv	move	solver input/output/audit
artifacts/6x6-random-safe-5stone-sample.csv	research/experiments/solver-benchmarks/output/6x6-random-safe-5stone-sample.csv	move	solver input/output/audit
artifacts/6x6-random-safe-6stone-out.csv	research/experiments/solver-benchmarks/output/6x6-random-safe-6stone-out.csv	move	solver input/output/audit
artifacts/6x6-random-safe-6stone-sample.csv	research/experiments/solver-benchmarks/output/6x6-random-safe-6stone-sample.csv	move	solver input/output/audit
artifacts/6x6-smoke5.csv	research/experiments/solver-benchmarks/output/6x6-smoke5.csv	move	solver input/output/audit
artifacts/7x7-random-safe-4stone-out.csv	research/experiments/solver-benchmarks/output/7x7-random-safe-4stone-out.csv	move	solver input/output/audit
artifacts/7x7-random-safe-4stone-sample.csv	research/experiments/solver-benchmarks/output/7x7-random-safe-4stone-sample.csv	move	solver input/output/audit
artifacts/7x7-random-safe-5stone-out.csv	research/experiments/solver-benchmarks/output/7x7-random-safe-5stone-out.csv	move	solver input/output/audit
artifacts/7x7-random-safe-5stone-sample.csv	research/experiments/solver-benchmarks/output/7x7-random-safe-5stone-sample.csv	move	solver input/output/audit
artifacts/7x7-random-safe-6stone-out.csv	research/experiments/solver-benchmarks/output/7x7-random-safe-6stone-out.csv	move	solver input/output/audit
artifacts/7x7-random-safe-6stone-sample.csv	research/experiments/solver-benchmarks/output/7x7-random-safe-6stone-sample.csv	move	solver input/output/audit
artifacts/8x8-depth-audit-children.in.csv	research/experiments/solver-benchmarks/output/8x8-depth-audit-children.in.csv	move	solver input/output/audit
artifacts/8x8-depth-audit-children.out.csv	research/experiments/solver-benchmarks/output/8x8-depth-audit-children.out.csv	move	solver input/output/audit
artifacts/8x8-depth-audit-consistency.json	research/experiments/solver-benchmarks/output/8x8-depth-audit-consistency.json	move	solver input/output/audit
artifacts/8x8-depth-audit-parents.json	research/experiments/solver-benchmarks/output/8x8-depth-audit-parents.json	move	solver input/output/audit
artifacts/8x8-factorial-population.csv	research/experiments/solver-benchmarks/output/8x8-factorial-population.csv	move	solver input/output/audit
artifacts/8x8-factorial-population.log	research/experiments/solver-benchmarks/output/8x8-factorial-population.log	move	solver input/output/audit
artifacts/8x8-five-stone-loss-geometry.csv	research/experiments/solver-benchmarks/output/8x8-five-stone-loss-geometry.csv	move	solver input/output/audit
artifacts/8x8-five-stone-loss-geometry.json	research/experiments/solver-benchmarks/output/8x8-five-stone-loss-geometry.json	move	solver input/output/audit
artifacts/8x8-loss-rate-comparison.json	research/experiments/solver-benchmarks/output/8x8-loss-rate-comparison.json	move	solver input/output/audit
artifacts/8x8-o-9x9-comparison.csv	research/experiments/solver-benchmarks/output/8x8-o-9x9-comparison.csv	move	solver input/output/audit
artifacts/8x8-o-analysis-summary.json	research/experiments/solver-benchmarks/output/8x8-o-analysis-summary.json	move	solver input/output/audit
artifacts/8x8-o-base-rate-audit.json	research/experiments/solver-benchmarks/output/8x8-o-base-rate-audit.json	move	solver input/output/audit
artifacts/8x8-o-census-outcomes.csv	research/experiments/solver-benchmarks/output/8x8-o-census-outcomes.csv	move	solver input/output/audit
artifacts/8x8-o-flip-classes.csv	research/experiments/solver-benchmarks/output/8x8-o-flip-classes.csv	move	solver input/output/audit
artifacts/8x8-o-parent-outcomes.csv	research/experiments/solver-benchmarks/output/8x8-o-parent-outcomes.csv	move	solver input/output/audit
artifacts/8x8-o-posthoc-structure.json	research/experiments/solver-benchmarks/output/8x8-o-posthoc-structure.json	move	solver input/output/audit
artifacts/8x8-o-primary-summary.json	research/experiments/solver-benchmarks/output/8x8-o-primary-summary.json	move	solver input/output/audit
artifacts/8x8-o-required-roots.csv	research/experiments/solver-benchmarks/output/8x8-o-required-roots.csv	move	solver input/output/audit
artifacts/8x8-o-shared-child-audit.json	research/experiments/solver-benchmarks/output/8x8-o-shared-child-audit.json	move	solver input/output/audit
artifacts/8x8-o-solve-manifest.json	research/experiments/solver-benchmarks/output/8x8-o-solve-manifest.json	move	solver input/output/audit
artifacts/8x8-o-solve/shard-000.err.log	research/experiments/solver-benchmarks/output/8x8-o-solve/shard-000.err.log	move	solver input/output/audit
artifacts/8x8-o-solve/shard-000.exit.txt	research/experiments/solver-benchmarks/output/8x8-o-solve/shard-000.exit.txt	move	solver input/output/audit
artifacts/8x8-o-solve/shard-000.in.csv	research/experiments/solver-benchmarks/output/8x8-o-solve/shard-000.in.csv	move	solver input/output/audit
artifacts/8x8-o-solve/shard-000.out.csv	research/experiments/solver-benchmarks/output/8x8-o-solve/shard-000.out.csv	move	solver input/output/audit
artifacts/8x8-o-solve/shard-001.in.csv	research/experiments/solver-benchmarks/output/8x8-o-solve/shard-001.in.csv	move	solver input/output/audit
artifacts/8x8-o-solve/shard-001.out.csv	research/experiments/solver-benchmarks/output/8x8-o-solve/shard-001.out.csv	move	solver input/output/audit
artifacts/8x8-o-solve/shard-002.in.csv	research/experiments/solver-benchmarks/output/8x8-o-solve/shard-002.in.csv	move	solver input/output/audit
artifacts/8x8-o-solve/shard-002.out.csv	research/experiments/solver-benchmarks/output/8x8-o-solve/shard-002.out.csv	move	solver input/output/audit
artifacts/8x8-o-solve/shard-003.in.csv	research/experiments/solver-benchmarks/output/8x8-o-solve/shard-003.in.csv	move	solver input/output/audit
artifacts/8x8-o-solve/shard-003.out.csv	research/experiments/solver-benchmarks/output/8x8-o-solve/shard-003.out.csv	move	solver input/output/audit
artifacts/8x8-o-solve/shard-004.in.csv	research/experiments/solver-benchmarks/output/8x8-o-solve/shard-004.in.csv	move	solver input/output/audit
artifacts/8x8-o-solve/shard-004.out.csv	research/experiments/solver-benchmarks/output/8x8-o-solve/shard-004.out.csv	move	solver input/output/audit
artifacts/8x8-o-solve/shard-005.in.csv	research/experiments/solver-benchmarks/output/8x8-o-solve/shard-005.in.csv	move	solver input/output/audit
artifacts/8x8-o-solve/shard-005.out.csv	research/experiments/solver-benchmarks/output/8x8-o-solve/shard-005.out.csv	move	solver input/output/audit
artifacts/8x8-o-solve/shard-006.in.csv	research/experiments/solver-benchmarks/output/8x8-o-solve/shard-006.in.csv	move	solver input/output/audit
artifacts/8x8-o-solve/shard-006.out.csv	research/experiments/solver-benchmarks/output/8x8-o-solve/shard-006.out.csv	move	solver input/output/audit
artifacts/8x8-o-solve/shard-007.in.csv	research/experiments/solver-benchmarks/output/8x8-o-solve/shard-007.in.csv	move	solver input/output/audit
artifacts/8x8-o-solve/shard-007.out.csv	research/experiments/solver-benchmarks/output/8x8-o-solve/shard-007.out.csv	move	solver input/output/audit
artifacts/8x8-o-solve/shard-008.in.csv	research/experiments/solver-benchmarks/output/8x8-o-solve/shard-008.in.csv	move	solver input/output/audit
artifacts/8x8-o-solve/shard-008.out.csv	research/experiments/solver-benchmarks/output/8x8-o-solve/shard-008.out.csv	move	solver input/output/audit
artifacts/8x8-o-solve/shard-009.in.csv	research/experiments/solver-benchmarks/output/8x8-o-solve/shard-009.in.csv	move	solver input/output/audit
artifacts/8x8-o-solve/shard-009.out.csv	research/experiments/solver-benchmarks/output/8x8-o-solve/shard-009.out.csv	move	solver input/output/audit
artifacts/8x8-o-solve/shard-010.in.csv	research/experiments/solver-benchmarks/output/8x8-o-solve/shard-010.in.csv	move	solver input/output/audit
artifacts/8x8-o-solve/shard-010.out.csv	research/experiments/solver-benchmarks/output/8x8-o-solve/shard-010.out.csv	move	solver input/output/audit
artifacts/8x8-o-solve/shard-011.in.csv	research/experiments/solver-benchmarks/output/8x8-o-solve/shard-011.in.csv	move	solver input/output/audit
artifacts/8x8-o-solve/shard-011.out.csv	research/experiments/solver-benchmarks/output/8x8-o-solve/shard-011.out.csv	move	solver input/output/audit
artifacts/8x8-o-strata.csv	research/experiments/solver-benchmarks/output/8x8-o-strata.csv	move	solver input/output/audit
artifacts/8x8-o-stratum-manifest.json	research/experiments/solver-benchmarks/output/8x8-o-stratum-manifest.json	move	solver input/output/audit
artifacts/8x8-random-depth-profile.json	research/experiments/solver-benchmarks/output/8x8-random-depth-profile.json	move	solver input/output/audit
artifacts/8x8-random-safe-3stone-out.csv	research/experiments/solver-benchmarks/output/8x8-random-safe-3stone-out.csv	move	solver input/output/audit
artifacts/8x8-random-safe-3stone-sample.csv	research/experiments/solver-benchmarks/output/8x8-random-safe-3stone-sample.csv	move	solver input/output/audit
artifacts/8x8-random-safe-4stone-out.csv	research/experiments/solver-benchmarks/output/8x8-random-safe-4stone-out.csv	move	solver input/output/audit
artifacts/8x8-random-safe-4stone-sample.csv	research/experiments/solver-benchmarks/output/8x8-random-safe-4stone-sample.csv	move	solver input/output/audit
artifacts/8x8-random-safe-5stone-out.csv	research/experiments/solver-benchmarks/output/8x8-random-safe-5stone-out.csv	move	solver input/output/audit
artifacts/8x8-random-safe-5stone-sample.csv	research/experiments/solver-benchmarks/output/8x8-random-safe-5stone-sample.csv	move	solver input/output/audit
artifacts/8x8-random-safe-6stone-out.csv	research/experiments/solver-benchmarks/output/8x8-random-safe-6stone-out.csv	move	solver input/output/audit
artifacts/8x8-random-safe-6stone-sample.csv	research/experiments/solver-benchmarks/output/8x8-random-safe-6stone-sample.csv	move	solver input/output/audit
artifacts/8x8-solver-validation-input.csv	research/experiments/solver-benchmarks/output/8x8-solver-validation-input.csv	move	solver input/output/audit
artifacts/8x8-solver-validation-late.csv	research/experiments/solver-benchmarks/output/8x8-solver-validation-late.csv	move	solver input/output/audit
artifacts/9x9-confirmatory-1024.csv	research/experiments/solver-benchmarks/output/9x9-confirmatory-1024.csv	move	solver input/output/audit
artifacts/9x9-confirmatory-1024.meta.csv	research/experiments/solver-benchmarks/output/9x9-confirmatory-1024.meta.csv	move	solver input/output/audit
artifacts/9x9-factorial-holdout-preoutcome-audit.json	research/experiments/solver-benchmarks/output/9x9-factorial-holdout-preoutcome-audit.json	move	solver input/output/audit
artifacts/9x9-factorial-holdout.csv	research/experiments/solver-benchmarks/output/9x9-factorial-holdout.csv	move	solver input/output/audit
artifacts/9x9-factorial-holdout.manifest.csv	research/experiments/solver-benchmarks/output/9x9-factorial-holdout.manifest.csv	move	solver input/output/audit
artifacts/9x9-factorial-population.csv	research/experiments/solver-benchmarks/output/9x9-factorial-population.csv	move	solver input/output/audit
artifacts/9x9-random-safe-4stone-out.csv	research/experiments/solver-benchmarks/output/9x9-random-safe-4stone-out.csv	move	solver input/output/audit
artifacts/9x9-random-safe-4stone-sample.csv	research/experiments/solver-benchmarks/output/9x9-random-safe-4stone-sample.csv	move	solver input/output/audit
artifacts/9x9-random-safe-5stone-out.csv	research/experiments/solver-benchmarks/output/9x9-random-safe-5stone-out.csv	move	solver input/output/audit
artifacts/9x9-random-safe-5stone-sample.csv	research/experiments/solver-benchmarks/output/9x9-random-safe-5stone-sample.csv	move	solver input/output/audit
artifacts/9x9-random-safe-6stone-out.csv	research/experiments/solver-benchmarks/output/9x9-random-safe-6stone-out.csv	move	solver input/output/audit
artifacts/9x9-random-safe-6stone-sample.csv	research/experiments/solver-benchmarks/output/9x9-random-safe-6stone-sample.csv	move	solver input/output/audit
artifacts/9x9-topT-contamination-audit.json	research/experiments/solver-benchmarks/output/9x9-topT-contamination-audit.json	move	solver input/output/audit
artifacts/SHA256SUMS-8x8-freeze.txt	research/experiments/solver-benchmarks/output/SHA256SUMS-8x8-freeze.txt	move	solver input/output/audit
artifacts/SHA256SUMS-8x8-result.txt	research/experiments/solver-benchmarks/output/SHA256SUMS-8x8-result.txt	move	solver input/output/audit
artifacts/cross-board-depth-profile-6789.json	research/experiments/solver-benchmarks/output/cross-board-depth-profile-6789.json	move	solver input/output/audit
artifacts/cross-board-depth-profile.json	research/experiments/solver-benchmarks/output/cross-board-depth-profile.json	move	solver input/output/audit
artifacts/exclusion-canonical-parents.csv	research/experiments/solver-benchmarks/output/exclusion-canonical-parents.csv	move	solver input/output/audit
artifacts/exclusion-manifest.json	research/experiments/solver-benchmarks/output/exclusion-manifest.json	move	solver input/output/audit
artifacts/solve/o-missing-join-plan.json	research/experiments/solver-benchmarks/output/solve/o-missing-join-plan.json	move	solver input/output/audit
artifacts/solve/o-missing-unique-children.csv	research/experiments/solver-benchmarks/output/solve/o-missing-unique-children.csv	move	solver input/output/audit
artifacts/solve/o-missing-unique-children.err.log	research/experiments/solver-benchmarks/output/solve/o-missing-unique-children.err.log	move	solver input/output/audit
artifacts/solve/o-missing-unique-children.out.csv	research/experiments/solver-benchmarks/output/solve/o-missing-unique-children.out.csv	move	solver input/output/audit
artifacts/solve/progress.json	research/experiments/solver-benchmarks/output/solve/progress.json	move	solver input/output/audit
artifacts/solver_inputs/E_at_O0.csv	research/experiments/solver-benchmarks/output/solver_inputs/E_at_O0.csv	move	solver input/output/audit
artifacts/solver_inputs/E_at_O1.csv	research/experiments/solver-benchmarks/output/solver_inputs/E_at_O1.csv	move	solver input/output/audit
artifacts/solver_inputs/O_at_E0.csv	research/experiments/solver-benchmarks/output/solver_inputs/O_at_E0.csv	move	solver input/output/audit
artifacts/solver_inputs/O_at_E1.csv	research/experiments/solver-benchmarks/output/solver_inputs/O_at_E1.csv	move	solver input/output/audit
artifacts/val-bf-stderr.txt	research/experiments/solver-benchmarks/output/val-bf-stderr.txt	move	solver input/output/audit
artifacts/val-bruteforce.csv	research/experiments/solver-benchmarks/output/val-bruteforce.csv	move	solver input/output/audit
artifacts/val-d4-body.csv	research/experiments/solver-benchmarks/output/val-d4-body.csv	move	solver input/output/audit
artifacts/val-d4-out.csv	research/experiments/solver-benchmarks/output/val-d4-out.csv	move	solver input/output/audit
artifacts/val-d4.csv	research/experiments/solver-benchmarks/output/val-d4.csv	move	solver input/output/audit
artifacts/val-early-body.csv	research/experiments/solver-benchmarks/output/val-early-body.csv	move	solver input/output/audit
artifacts/val-early-out.csv	research/experiments/solver-benchmarks/output/val-early-out.csv	move	solver input/output/audit
artifacts/val-early.csv	research/experiments/solver-benchmarks/output/val-early.csv	move	solver input/output/audit
artifacts/val-solver-out-a.csv	research/experiments/solver-benchmarks/output/val-solver-out-a.csv	move	solver input/output/audit
artifacts/val-solver-out-b.csv	research/experiments/solver-benchmarks/output/val-solver-out-b.csv	move	solver input/output/audit
artifacts/val-solver-out-c22.csv	research/experiments/solver-benchmarks/output/val-solver-out-c22.csv	move	solver input/output/audit
artifacts/val-solver-out-c26.csv	research/experiments/solver-benchmarks/output/val-solver-out-c26.csv	move	solver input/output/audit
docs/10X10_AB_STAGED_V3_ROOT_ORDER_PREREG.md	research/experiments/solver-benchmarks/reports/10X10_AB_STAGED_V3_ROOT_ORDER_PREREG.md	move	preregistration/result/audit of a finite solver experiment
docs/10X10_AB_STAGED_V3_ROOT_ORDER_RESULT.md	research/experiments/solver-benchmarks/reports/10X10_AB_STAGED_V3_ROOT_ORDER_RESULT.md	move	preregistration/result/audit of a finite solver experiment
docs/10X10_BELOW_ROOT_CHILD_TRACE_PHASE2.md	research/experiments/solver-benchmarks/reports/10X10_BELOW_ROOT_CHILD_TRACE_PHASE2.md	move	preregistration/result/audit of a finite solver experiment
docs/10X10_BELOW_ROOT_FIXED4_MEASUREMENT.md	research/experiments/solver-benchmarks/reports/10X10_BELOW_ROOT_FIXED4_MEASUREMENT.md	move	preregistration/result/audit of a finite solver experiment
docs/10X10_BELOW_ROOT_INSTRUMENTATION_AMENDMENT_1.md	research/experiments/solver-benchmarks/reports/10X10_BELOW_ROOT_INSTRUMENTATION_AMENDMENT_1.md	move	preregistration/result/audit of a finite solver experiment
docs/10X10_BELOW_ROOT_INSTRUMENTATION_AMENDMENT_2.md	research/experiments/solver-benchmarks/reports/10X10_BELOW_ROOT_INSTRUMENTATION_AMENDMENT_2.md	move	preregistration/result/audit of a finite solver experiment
docs/10X10_BELOW_ROOT_INSTRUMENTATION_AMENDMENT_3.md	research/experiments/solver-benchmarks/reports/10X10_BELOW_ROOT_INSTRUMENTATION_AMENDMENT_3.md	move	preregistration/result/audit of a finite solver experiment
docs/10X10_BELOW_ROOT_INSTRUMENTATION_IMPLEMENTATION.md	research/experiments/solver-benchmarks/reports/10X10_BELOW_ROOT_INSTRUMENTATION_IMPLEMENTATION.md	move	preregistration/result/audit of a finite solver experiment
docs/10X10_BELOW_ROOT_INSTRUMENTATION_PLAN.md	research/experiments/solver-benchmarks/reports/10X10_BELOW_ROOT_INSTRUMENTATION_PLAN.md	move	preregistration/result/audit of a finite solver experiment
docs/10X10_BELOW_ROOT_INSTRUMENTATION_STATIC_AUDIT.md	research/experiments/solver-benchmarks/reports/10X10_BELOW_ROOT_INSTRUMENTATION_STATIC_AUDIT.md	move	preregistration/result/audit of a finite solver experiment
docs/10X10_BELOW_ROOT_MEMO_INSTRUMENTATION_PREREG.md	research/experiments/solver-benchmarks/reports/10X10_BELOW_ROOT_MEMO_INSTRUMENTATION_PREREG.md	move	preregistration/result/audit of a finite solver experiment
docs/10X10_BLIND_BATCH0_SELECTION_BIAS_AUDIT.md	research/experiments/solver-benchmarks/reports/10X10_BLIND_BATCH0_SELECTION_BIAS_AUDIT.md	move	preregistration/result/audit of a finite solver experiment
docs/10X10_BLIND_PROBE_ORDER_BIAS_AUDIT.md	research/experiments/solver-benchmarks/reports/10X10_BLIND_PROBE_ORDER_BIAS_AUDIT.md	move	preregistration/result/audit of a finite solver experiment
docs/10X10_CACHED_LOSS_PREFIX_CAUSAL_ABLATION.md	research/experiments/solver-benchmarks/reports/10X10_CACHED_LOSS_PREFIX_CAUSAL_ABLATION.md	move	preregistration/result/audit of a finite solver experiment
docs/10X10_CACHED_LOSS_PREFIX_PROVENANCE_AMENDMENT.md	research/experiments/solver-benchmarks/reports/10X10_CACHED_LOSS_PREFIX_PROVENANCE_AMENDMENT.md	move	preregistration/result/audit of a finite solver experiment
docs/10X10_CACHED_LOSS_PREFIX_PROVENANCE_COUNTERFACTUAL_AMENDMENT.md	research/experiments/solver-benchmarks/reports/10X10_CACHED_LOSS_PREFIX_PROVENANCE_COUNTERFACTUAL_AMENDMENT.md	move	preregistration/result/audit of a finite solver experiment
docs/10X10_CACHED_LOSS_PREFIX_PROVENANCE_IMPLEMENTATION_REFINEMENT.md	research/experiments/solver-benchmarks/reports/10X10_CACHED_LOSS_PREFIX_PROVENANCE_IMPLEMENTATION_REFINEMENT.md	move	preregistration/result/audit of a finite solver experiment
docs/10X10_CACHED_LOSS_PREFIX_PROVENANCE_MEMORY_CORRECTION.md	research/experiments/solver-benchmarks/reports/10X10_CACHED_LOSS_PREFIX_PROVENANCE_MEMORY_CORRECTION.md	move	preregistration/result/audit of a finite solver experiment
docs/10X10_CACHED_LOSS_PREFIX_PROVENANCE_PREREG.md	research/experiments/solver-benchmarks/reports/10X10_CACHED_LOSS_PREFIX_PROVENANCE_PREREG.md	move	preregistration/result/audit of a finite solver experiment
docs/10X10_CACHE_AWARE_BELOW_ROOT_CAPACITY_RERUN_PREREG.md	research/experiments/solver-benchmarks/reports/10X10_CACHE_AWARE_BELOW_ROOT_CAPACITY_RERUN_PREREG.md	move	preregistration/result/audit of a finite solver experiment
docs/10X10_CACHE_AWARE_BELOW_ROOT_CAPACITY_RERUN_RESULT.md	research/experiments/solver-benchmarks/reports/10X10_CACHE_AWARE_BELOW_ROOT_CAPACITY_RERUN_RESULT.md	move	preregistration/result/audit of a finite solver experiment
docs/10X10_CACHE_AWARE_BELOW_ROOT_CONFIRMATION_V2_PREREG.md	research/experiments/solver-benchmarks/reports/10X10_CACHE_AWARE_BELOW_ROOT_CONFIRMATION_V2_PREREG.md	move	preregistration/result/audit of a finite solver experiment
docs/10X10_CACHE_AWARE_BELOW_ROOT_CONFIRMATION_V2_RESULT.md	research/experiments/solver-benchmarks/reports/10X10_CACHE_AWARE_BELOW_ROOT_CONFIRMATION_V2_RESULT.md	move	preregistration/result/audit of a finite solver experiment
docs/10X10_CACHE_AWARE_BUCKET_ORDER_OPT_PREREG.md	research/experiments/solver-benchmarks/reports/10X10_CACHE_AWARE_BUCKET_ORDER_OPT_PREREG.md	move	preregistration/result/audit of a finite solver experiment
docs/10X10_CACHE_AWARE_BUCKET_ORDER_OPT_RESULT.md	research/experiments/solver-benchmarks/reports/10X10_CACHE_AWARE_BUCKET_ORDER_OPT_RESULT.md	move	preregistration/result/audit of a finite solver experiment
docs/10X10_CACHE_AWARE_LOSS_FIRST_ONLY_PREREG.md	research/experiments/solver-benchmarks/reports/10X10_CACHE_AWARE_LOSS_FIRST_ONLY_PREREG.md	move	preregistration/result/audit of a finite solver experiment
docs/10X10_CACHE_AWARE_LOSS_FIRST_ONLY_RESULT.md	research/experiments/solver-benchmarks/reports/10X10_CACHE_AWARE_LOSS_FIRST_ONLY_RESULT.md	move	preregistration/result/audit of a finite solver experiment
docs/10X10_CACHE_AWARE_NOHIT_FASTPATH_PREREG.md	research/experiments/solver-benchmarks/reports/10X10_CACHE_AWARE_NOHIT_FASTPATH_PREREG.md	move	preregistration/result/audit of a finite solver experiment
docs/10X10_CACHE_AWARE_VS_BLIND_BELOW_ROOT_PREREG.md	research/experiments/solver-benchmarks/reports/10X10_CACHE_AWARE_VS_BLIND_BELOW_ROOT_PREREG.md	move	preregistration/result/audit of a finite solver experiment
docs/10X10_CACHE_AWARE_VS_BLIND_BELOW_ROOT_RESULT.md	research/experiments/solver-benchmarks/reports/10X10_CACHE_AWARE_VS_BLIND_BELOW_ROOT_RESULT.md	move	preregistration/result/audit of a finite solver experiment
docs/10X10_CORRECTED_PROBE_DIRECTION_EXPLORATORY.md	research/experiments/solver-benchmarks/reports/10X10_CORRECTED_PROBE_DIRECTION_EXPLORATORY.md	move	preregistration/result/audit of a finite solver experiment
docs/10X10_CORRECTED_PROBE_VS_SOLVER_ORDER.md	research/experiments/solver-benchmarks/reports/10X10_CORRECTED_PROBE_VS_SOLVER_ORDER.md	move	preregistration/result/audit of a finite solver experiment
docs/10X10_D9_DECISION_LEVERAGE_DECOMPOSITION.md	research/experiments/solver-benchmarks/reports/10X10_D9_DECISION_LEVERAGE_DECOMPOSITION.md	move	preregistration/result/audit of a finite solver experiment
docs/10X10_D9_READ_MASK_ACCESS_PATH_INVARIANT.md	research/experiments/solver-benchmarks/reports/10X10_D9_READ_MASK_ACCESS_PATH_INVARIANT.md	move	preregistration/result/audit of a finite solver experiment
docs/10X10_D9_READ_MASK_IMPLEMENTATION_INVARIANT.md	research/experiments/solver-benchmarks/reports/10X10_D9_READ_MASK_IMPLEMENTATION_INVARIANT.md	move	preregistration/result/audit of a finite solver experiment
docs/10X10_D9_READ_MASK_RECOMPUTE_CAUSALITY.md	research/experiments/solver-benchmarks/reports/10X10_D9_READ_MASK_RECOMPUTE_CAUSALITY.md	move	preregistration/result/audit of a finite solver experiment
docs/10X10_D9_READ_MASK_REWRITE_SEMANTICS_CORRECTION.md	research/experiments/solver-benchmarks/reports/10X10_D9_READ_MASK_REWRITE_SEMANTICS_CORRECTION.md	move	preregistration/result/audit of a finite solver experiment
docs/10X10_DEPTH8_TO_9_FIRST_BOUNDARY_MATCHED_CONTROL.md	research/experiments/solver-benchmarks/reports/10X10_DEPTH8_TO_9_FIRST_BOUNDARY_MATCHED_CONTROL.md	move	preregistration/result/audit of a finite solver experiment
docs/10X10_DEPTH8_TO_9_LOSS_MEMO_CAUSAL_ABLATION.md	research/experiments/solver-benchmarks/reports/10X10_DEPTH8_TO_9_LOSS_MEMO_CAUSAL_ABLATION.md	move	preregistration/result/audit of a finite solver experiment
docs/10X10_DEPTH8_TO_9_VALUE_LABEL_MATCHED_CONTROL.md	research/experiments/solver-benchmarks/reports/10X10_DEPTH8_TO_9_VALUE_LABEL_MATCHED_CONTROL.md	move	preregistration/result/audit of a finite solver experiment
docs/10X10_FIVE_STONE_SUBSETS_AND_PROOF.md	research/experiments/solver-benchmarks/reports/10X10_FIVE_STONE_SUBSETS_AND_PROOF.md	move	preregistration/result/audit of a finite solver experiment
docs/10X10_FOUR_STONE_SUBSETS_AND_PROOF.md	research/experiments/solver-benchmarks/reports/10X10_FOUR_STONE_SUBSETS_AND_PROOF.md	move	preregistration/result/audit of a finite solver experiment
docs/10X10_FRESH_PARENT_HOLDOUT_V2_PREREG.md	research/experiments/solver-benchmarks/reports/10X10_FRESH_PARENT_HOLDOUT_V2_PREREG.md	move	preregistration/result/audit of a finite solver experiment
docs/10X10_FULL_BLIND_BATCH_TIEBREAK_AUDIT.md	research/experiments/solver-benchmarks/reports/10X10_FULL_BLIND_BATCH_TIEBREAK_AUDIT.md	move	preregistration/result/audit of a finite solver experiment
docs/10X10_F_E_EARLY_R_EXTERNAL_RETROSPECTIVE.md	research/experiments/solver-benchmarks/reports/10X10_F_E_EARLY_R_EXTERNAL_RETROSPECTIVE.md	move	preregistration/result/audit of a finite solver experiment
docs/10X10_F_E_R_EXTERNAL_HOLDOUT_MEMO_REVALIDATION.md	research/experiments/solver-benchmarks/reports/10X10_F_E_R_EXTERNAL_HOLDOUT_MEMO_REVALIDATION.md	move	preregistration/result/audit of a finite solver experiment
docs/10X10_F_E_R_EXTERNAL_HOLDOUT_PREREG.md	research/experiments/solver-benchmarks/reports/10X10_F_E_R_EXTERNAL_HOLDOUT_PREREG.md	move	preregistration/result/audit of a finite solver experiment
docs/10X10_F_E_R_EXTERNAL_HOLDOUT_RESULT.md	research/experiments/solver-benchmarks/reports/10X10_F_E_R_EXTERNAL_HOLDOUT_RESULT.md	move	preregistration/result/audit of a finite solver experiment
docs/10X10_F_E_R_OUTSIDE_4STONE_HOLDOUT_PREREG.md	research/experiments/solver-benchmarks/reports/10X10_F_E_R_OUTSIDE_4STONE_HOLDOUT_PREREG.md	move	preregistration/result/audit of a finite solver experiment
docs/10X10_HOLDOUT_CONFIRMATION_RESULT.md	research/experiments/solver-benchmarks/reports/10X10_HOLDOUT_CONFIRMATION_RESULT.md	move	preregistration/result/audit of a finite solver experiment
docs/10X10_HOLDOUT_EXACT_NULL_CORRECTION.md	research/experiments/solver-benchmarks/reports/10X10_HOLDOUT_EXACT_NULL_CORRECTION.md	move	preregistration/result/audit of a finite solver experiment
docs/10X10_HOLDOUT_PREFLIGHT_AUDIT.md	research/experiments/solver-benchmarks/reports/10X10_HOLDOUT_PREFLIGHT_AUDIT.md	move	preregistration/result/audit of a finite solver experiment
docs/10X10_HOLDOUT_PREKNOWN_LOSS_CHILD_AUDIT.md	research/experiments/solver-benchmarks/reports/10X10_HOLDOUT_PREKNOWN_LOSS_CHILD_AUDIT.md	move	preregistration/result/audit of a finite solver experiment
docs/10X10_HOLDOUT_RANDOMIZATION_NULL_INTERPRETATION.md	research/experiments/solver-benchmarks/reports/10X10_HOLDOUT_RANDOMIZATION_NULL_INTERPRETATION.md	move	preregistration/result/audit of a finite solver experiment
docs/10X10_HOLDOUT_SELECTION_WITNESS_MINIMUM_SENSITIVITY.md	research/experiments/solver-benchmarks/reports/10X10_HOLDOUT_SELECTION_WITNESS_MINIMUM_SENSITIVITY.md	move	preregistration/result/audit of a finite solver experiment
docs/10X10_HOLDOUT_TASKSET_MANIFEST_GAP.md	research/experiments/solver-benchmarks/reports/10X10_HOLDOUT_TASKSET_MANIFEST_GAP.md	move	preregistration/result/audit of a finite solver experiment
docs/10X10_HOLDOUT_V2_TASKSET_AUDIT.md	research/experiments/solver-benchmarks/reports/10X10_HOLDOUT_V2_TASKSET_AUDIT.md	move	preregistration/result/audit of a finite solver experiment
docs/10X10_LEGAL_MEMO_TIEBREAK_NEXT_HOLDOUT_PREREG.md	research/experiments/solver-benchmarks/reports/10X10_LEGAL_MEMO_TIEBREAK_NEXT_HOLDOUT_PREREG.md	move	preregistration/result/audit of a finite solver experiment
docs/10X10_LEGAL_MEMO_TIEBREAK_PREREG.md	research/experiments/solver-benchmarks/reports/10X10_LEGAL_MEMO_TIEBREAK_PREREG.md	move	preregistration/result/audit of a finite solver experiment
docs/10X10_LOSS_FIRST_EQUIVALENCE_NOTE.md	research/experiments/solver-benchmarks/reports/10X10_LOSS_FIRST_EQUIVALENCE_NOTE.md	move	preregistration/result/audit of a finite solver experiment
docs/10X10_LOSS_PROOF_COST_ANALYSIS.md	research/experiments/solver-benchmarks/reports/10X10_LOSS_PROOF_COST_ANALYSIS.md	move	preregistration/result/audit of a finite solver experiment
docs/10X10_MEMO_REUSE_ABLATION_PREREG.md	research/experiments/solver-benchmarks/reports/10X10_MEMO_REUSE_ABLATION_PREREG.md	move	preregistration/result/audit of a finite solver experiment
docs/10X10_PARENT_BENCHMARK_MECHANISM_REFINEMENT.md	research/experiments/solver-benchmarks/reports/10X10_PARENT_BENCHMARK_MECHANISM_REFINEMENT.md	move	preregistration/result/audit of a finite solver experiment
docs/10X10_PROBE_BLIND_VALIDATION.md	research/experiments/solver-benchmarks/reports/10X10_PROBE_BLIND_VALIDATION.md	move	preregistration/result/audit of a finite solver experiment
docs/10X10_PROBE_BLIND_VALIDATION_AUDIT.md	research/experiments/solver-benchmarks/reports/10X10_PROBE_BLIND_VALIDATION_AUDIT.md	move	preregistration/result/audit of a finite solver experiment
docs/10X10_PROBE_BUDGET_ECONOMICS.md	research/experiments/solver-benchmarks/reports/10X10_PROBE_BUDGET_ECONOMICS.md	move	preregistration/result/audit of a finite solver experiment
docs/10X10_PROBE_HOLDOUT_PREREGISTRATION.md	research/experiments/solver-benchmarks/reports/10X10_PROBE_HOLDOUT_PREREGISTRATION.md	move	preregistration/result/audit of a finite solver experiment
docs/10X10_PROBE_HOLDOUT_V2_PREREGISTRATION.md	research/experiments/solver-benchmarks/reports/10X10_PROBE_HOLDOUT_V2_PREREGISTRATION.md	move	preregistration/result/audit of a finite solver experiment
docs/10X10_PROBE_LOPO.md	research/experiments/solver-benchmarks/reports/10X10_PROBE_LOPO.md	move	preregistration/result/audit of a finite solver experiment
docs/10X10_PROBE_MEMO_CUMULATIVE_AUDIT.md	research/experiments/solver-benchmarks/reports/10X10_PROBE_MEMO_CUMULATIVE_AUDIT.md	move	preregistration/result/audit of a finite solver experiment
docs/10X10_PROBE_PREDICTION.md	research/experiments/solver-benchmarks/reports/10X10_PROBE_PREDICTION.md	move	preregistration/result/audit of a finite solver experiment
docs/10X10_PROOF_BENCHMARKS.md	research/experiments/solver-benchmarks/reports/10X10_PROOF_BENCHMARKS.md	move	preregistration/result/audit of a finite solver experiment
docs/10X10_SEARCH_COST_VS_OUTCOME.md	research/experiments/solver-benchmarks/reports/10X10_SEARCH_COST_VS_OUTCOME.md	move	preregistration/result/audit of a finite solver experiment
docs/10X10_SOLVER_DEFAULT_BASELINE_CORRECTION.md	research/experiments/solver-benchmarks/reports/10X10_SOLVER_DEFAULT_BASELINE_CORRECTION.md	move	preregistration/result/audit of a finite solver experiment
docs/10X10_STAGED_V3_HOLDOUT_PREREG.md	research/experiments/solver-benchmarks/reports/10X10_STAGED_V3_HOLDOUT_PREREG.md	move	preregistration/result/audit of a finite solver experiment
docs/10X10_STAGED_V3_HOLDOUT_RESULT.md	research/experiments/solver-benchmarks/reports/10X10_STAGED_V3_HOLDOUT_RESULT.md	move	preregistration/result/audit of a finite solver experiment
docs/10X10_SUBSET_PROBES_AND_SIX_STONE_PROOF.md	research/experiments/solver-benchmarks/reports/10X10_SUBSET_PROBES_AND_SIX_STONE_PROOF.md	move	preregistration/result/audit of a finite solver experiment
docs/10X10_THREE_STONE_SUBSETS.md	research/experiments/solver-benchmarks/reports/10X10_THREE_STONE_SUBSETS.md	move	preregistration/result/audit of a finite solver experiment
docs/10X10_TWO_STONE_69_91.md	research/experiments/solver-benchmarks/reports/10X10_TWO_STONE_69_91.md	move	preregistration/result/audit of a finite solver experiment
docs/10X10_V2_10K_COST_PREREG.md	research/experiments/solver-benchmarks/reports/10X10_V2_10K_COST_PREREG.md	move	preregistration/result/audit of a finite solver experiment
docs/10X10_V2_10K_PARENT_SOLVER_BENCHMARK_PREREG.md	research/experiments/solver-benchmarks/reports/10X10_V2_10K_PARENT_SOLVER_BENCHMARK_PREREG.md	move	preregistration/result/audit of a finite solver experiment
docs/10X10_V2_10K_PARENT_SOLVER_BENCHMARK_REPORT.md	research/experiments/solver-benchmarks/reports/10X10_V2_10K_PARENT_SOLVER_BENCHMARK_REPORT.md	move	preregistration/result/audit of a finite solver experiment
docs/10X10_V2_10K_PROBE_PREREG.md	research/experiments/solver-benchmarks/reports/10X10_V2_10K_PROBE_PREREG.md	move	preregistration/result/audit of a finite solver experiment
docs/10X10_V2_SINGLE_ENTRY_ORACLE_AUDIT.md	research/experiments/solver-benchmarks/reports/10X10_V2_SINGLE_ENTRY_ORACLE_AUDIT.md	move	preregistration/result/audit of a finite solver experiment
docs/10X10_WINNING_WITNESS_LOG.md	research/experiments/solver-benchmarks/reports/10X10_WINNING_WITNESS_LOG.md	move	preregistration/result/audit of a finite solver experiment
docs/8X8_O_STRATUM_NIGHT_FOLLOWUP.md	research/experiments/8x8-replication/reports/8X8_O_STRATUM_NIGHT_FOLLOWUP.md	move	preregistration/result/audit of a finite solver experiment
docs/8X8_O_STRATUM_REPLICATION_FREEZE.md	research/experiments/8x8-replication/reports/8X8_O_STRATUM_REPLICATION_FREEZE.md	move	preregistration/result/audit of a finite solver experiment
docs/8X8_O_STRATUM_REPLICATION_PREREG.md	research/experiments/8x8-replication/reports/8X8_O_STRATUM_REPLICATION_PREREG.md	move	preregistration/result/audit of a finite solver experiment
docs/8X8_O_STRATUM_REPLICATION_RESULT.md	research/experiments/8x8-replication/reports/8X8_O_STRATUM_REPLICATION_RESULT.md	move	preregistration/result/audit of a finite solver experiment
docs/8X8_SOLVER_VALIDATION.md	research/experiments/8x8-replication/reports/8X8_SOLVER_VALIDATION.md	move	preregistration/result/audit of a finite solver experiment
docs/9X9_FACTORIAL_EFFECT_HETEROGENEITY.md	research/experiments/9x9-factorial/reports/9X9_FACTORIAL_EFFECT_HETEROGENEITY.md	move	preregistration/result/audit of a finite solver experiment
docs/9X9_FACTORIAL_ENDPOINT_PRE_RUN_RECEIPT.md	research/experiments/9x9-factorial/reports/9X9_FACTORIAL_ENDPOINT_PRE_RUN_RECEIPT.md	move	preregistration/result/audit of a finite solver experiment
docs/9X9_FACTORIAL_EXACT_PC_RUN_FREEZE.md	research/experiments/9x9-factorial/reports/9X9_FACTORIAL_EXACT_PC_RUN_FREEZE.md	move	preregistration/result/audit of a finite solver experiment
docs/9X9_FACTORIAL_EXACT_PC_RUN_MANIFEST.md	research/experiments/9x9-factorial/reports/9X9_FACTORIAL_EXACT_PC_RUN_MANIFEST.md	move	preregistration/result/audit of a finite solver experiment
docs/9X9_FACTORIAL_EXACT_PC_RUN_RESULT.md	research/experiments/9x9-factorial/reports/9X9_FACTORIAL_EXACT_PC_RUN_RESULT.md	move	preregistration/result/audit of a finite solver experiment
docs/9X9_FACTORIAL_HOLM_REACHABILITY.md	research/experiments/9x9-factorial/reports/9X9_FACTORIAL_HOLM_REACHABILITY.md	move	preregistration/result/audit of a finite solver experiment
docs/9X9_FIXED_RULE_PROVENANCE_AUDIT.md	research/experiments/9x9-factorial/reports/9X9_FIXED_RULE_PROVENANCE_AUDIT.md	move	preregistration/result/audit of a finite solver experiment
docs/9X9_PAIRSUM_METRIC_DEFINITION_CORRECTION.md	research/experiments/9x9-factorial/reports/9X9_PAIRSUM_METRIC_DEFINITION_CORRECTION.md	move	preregistration/result/audit of a finite solver experiment
docs/9X9_PAIR_COMPONENT_FACTORIAL_HOLDOUT_DESIGN.md	research/experiments/9x9-factorial/reports/9X9_PAIR_COMPONENT_FACTORIAL_HOLDOUT_DESIGN.md	move	preregistration/result/audit of a finite solver experiment
docs/9X9_PAIR_COMPONENT_FACTORIAL_MULTIPLICITY_PLAN.md	research/experiments/9x9-factorial/reports/9X9_PAIR_COMPONENT_FACTORIAL_MULTIPLICITY_PLAN.md	move	preregistration/result/audit of a finite solver experiment
docs/9X9_PAIR_COMPONENT_FACTORIAL_PLAN.md	research/experiments/9x9-factorial/reports/9X9_PAIR_COMPONENT_FACTORIAL_PLAN.md	move	preregistration/result/audit of a finite solver experiment
docs/9X9_PAIR_COMPONENT_FACTORIAL_POPULATION_AUDIT.md	research/experiments/9x9-factorial/reports/9X9_PAIR_COMPONENT_FACTORIAL_POPULATION_AUDIT.md	move	preregistration/result/audit of a finite solver experiment
docs/9X9_PAIR_COMPONENT_FACTORIAL_UNION_SOLVE.md	research/experiments/9x9-factorial/reports/9X9_PAIR_COMPONENT_FACTORIAL_UNION_SOLVE.md	move	preregistration/result/audit of a finite solver experiment
docs/9X9_PAIR_GAP_DECOMPOSITION.md	research/experiments/9x9-factorial/reports/9X9_PAIR_GAP_DECOMPOSITION.md	move	preregistration/result/audit of a finite solver experiment
docs/9X9_PAIR_MOBILITY_CONFIRMATORY_IMPLEMENTATION_AUDIT.md	research/experiments/9x9-factorial/reports/9X9_PAIR_MOBILITY_CONFIRMATORY_IMPLEMENTATION_AUDIT.md	move	preregistration/result/audit of a finite solver experiment
docs/9X9_PAIR_MOBILITY_CONFIRMATORY_PLAN.md	research/experiments/9x9-factorial/reports/9X9_PAIR_MOBILITY_CONFIRMATORY_PLAN.md	move	preregistration/result/audit of a finite solver experiment
docs/9X9_PAIR_MOBILITY_EXACT_COMPARE.md	research/experiments/9x9-factorial/reports/9X9_PAIR_MOBILITY_EXACT_COMPARE.md	move	preregistration/result/audit of a finite solver experiment
docs/9X9_PAIR_MOBILITY_FIRST12_EXACT.md	research/experiments/9x9-factorial/reports/9X9_PAIR_MOBILITY_FIRST12_EXACT.md	move	preregistration/result/audit of a finite solver experiment
docs/9X9_PAIR_MOBILITY_SCAN.md	research/experiments/9x9-factorial/reports/9X9_PAIR_MOBILITY_SCAN.md	move	preregistration/result/audit of a finite solver experiment
docs/9X9_TWO_STONE_PROBE_FOLLOWUP_2026-09-05.md	research/experiments/9x9-factorial/reports/9X9_TWO_STONE_PROBE_FOLLOWUP_2026-09-05.md	move	preregistration/result/audit of a finite solver experiment
docs/9X9_TWO_STONE_PROBE_RESEARCH_NOTES.md	research/experiments/9x9-factorial/reports/9X9_TWO_STONE_PROBE_RESEARCH_NOTES.md	move	preregistration/result/audit of a finite solver experiment
docs/BLIND_PROBE_FRESHNESS_AUDIT.md	research/experiments/solver-benchmarks/reports/BLIND_PROBE_FRESHNESS_AUDIT.md	move	preregistration/result/audit of a finite solver experiment
docs/F_E_EXCLUSION_EXTRACTOR_AUDIT.md	research/experiments/solver-benchmarks/reports/F_E_EXCLUSION_EXTRACTOR_AUDIT.md	move	preregistration/result/audit of a finite solver experiment
docs/GITHUB_UPLOAD.md	research/archive/publication-plans/GITHUB_UPLOAD.md	move	old publication plan
docs/KILLER_RESPONSE_DIAGNOSTIC_PREREG.md	research/experiments/solver-benchmarks/reports/KILLER_RESPONSE_DIAGNOSTIC_PREREG.md	move	preregistration/result/audit of a finite solver experiment
docs/LOSS_CHILD_GENERATION_AUDIT_PREREG.md	research/experiments/solver-benchmarks/reports/LOSS_CHILD_GENERATION_AUDIT_PREREG.md	move	preregistration/result/audit of a finite solver experiment
docs/MOVE_ORDERING_AUDIT.md	research/experiments/solver-benchmarks/reports/MOVE_ORDERING_AUDIT.md	move	preregistration/result/audit of a finite solver experiment
docs/THREE_STONE_ISOLATED_PROBE_RULE_V2.md	research/experiments/solver-benchmarks/reports/THREE_STONE_ISOLATED_PROBE_RULE_V2.md	move	preregistration/result/audit of a finite solver experiment
docs/THREE_STONE_PROBE_HOLDOUT_V2_EVAL_AUDIT.md	research/experiments/solver-benchmarks/reports/THREE_STONE_PROBE_HOLDOUT_V2_EVAL_AUDIT.md	move	preregistration/result/audit of a finite solver experiment
docs/THREE_STONE_PROBE_HOLDOUT_V2_LABEL_SEMANTICS_AUDIT.md	research/experiments/solver-benchmarks/reports/THREE_STONE_PROBE_HOLDOUT_V2_LABEL_SEMANTICS_AUDIT.md	move	preregistration/result/audit of a finite solver experiment
docs/THREE_STONE_PROBE_HOLDOUT_V2_PRE_RUN_RECEIPT.md	research/experiments/solver-benchmarks/reports/THREE_STONE_PROBE_HOLDOUT_V2_PRE_RUN_RECEIPT.md	move	preregistration/result/audit of a finite solver experiment
docs/VERIFICATION_REPORT.md	research/experiments/certificate-validation/reports/VERIFICATION_REPORT.md	move	certificate execution report
docs/compose/spec/cycle8-n7-structure-explain.md	research/archive/presentation-specs/cycle8-n7-structure-explain.md	move	past editorial brief
docs/compose/spec/kyouen-10x10-fact-discovery.md	research/archive/presentation-specs/kyouen-10x10-fact-discovery.md	move	past editorial brief
docs/compose/spec/night-cycle4-exact-structure.md	research/archive/presentation-specs/night-cycle4-exact-structure.md	move	past editorial brief
experiments/9x9-factorial-execution-base/dedup_manifest.txt	research/experiments/9x9-factorial-execution-base/dedup_manifest.txt	move	existing experiment
experiments/9x9-pair-mobility-confirmatory/.gitignore	research/experiments/9x9-pair-mobility-confirmatory/.gitignore	move	existing experiment
experiments/9x9-pair-mobility-confirmatory/AUDIT_REPORT.md	research/experiments/9x9-pair-mobility-confirmatory/AUDIT_REPORT.md	move	existing experiment
experiments/9x9-pair-mobility-confirmatory/MANIFEST.md	research/experiments/9x9-pair-mobility-confirmatory/MANIFEST.md	move	existing experiment
experiments/9x9-pair-mobility-confirmatory/results_raw.csv	research/experiments/9x9-pair-mobility-confirmatory/results_raw.csv	move	existing experiment
experiments/9x9-pair-mobility-confirmatory/results_with_meta.csv	research/experiments/9x9-pair-mobility-confirmatory/results_with_meta.csv	move	existing experiment
night-research/8x8-o1-dive.json	research/experiments/structural-discovery/output/8x8-o1-dive.json	move	structural experiment asset
night-research/8x8-structure-audit.json	research/experiments/structural-discovery/output/8x8-structure-audit.json	move	structural experiment asset
night-research/CYCLE10_OCCUPANCY_SELECTION.md	research/log/discovery-cycles/CYCLE10_OCCUPANCY_SELECTION.md	move	discovery chronology
night-research/CYCLE11_ORBIT_NECESSITY.md	research/log/discovery-cycles/CYCLE11_ORBIT_NECESSITY.md	move	discovery chronology
night-research/CYCLE12_K13_LAYER.md	research/log/discovery-cycles/CYCLE12_K13_LAYER.md	move	discovery chronology
night-research/CYCLE12_OMIT_MANDATORY.md	research/log/discovery-cycles/CYCLE12_OMIT_MANDATORY.md	move	discovery chronology
night-research/CYCLE14H_N8_CONSTRAINED.md	research/log/discovery-cycles/CYCLE14H_N8_CONSTRAINED.md	move	discovery chronology
night-research/CYCLE14_CAPACITY_NEIGHBORHOOD.md	research/log/discovery-cycles/CYCLE14_CAPACITY_NEIGHBORHOOD.md	move	discovery chronology
night-research/CYCLE15_CAPACITY_DECOMPOSITION.md	research/log/discovery-cycles/CYCLE15_CAPACITY_DECOMPOSITION.md	move	discovery chronology
night-research/CYCLE15_VERIFY.md	research/log/discovery-cycles/CYCLE15_VERIFY.md	move	discovery chronology
night-research/CYCLE16_CENTER_NOT_SUFFICIENT.md	research/log/discovery-cycles/CYCLE16_CENTER_NOT_SUFFICIENT.md	move	discovery chronology
night-research/CYCLE18_N8_CAPACITY_SAMPLE.md	research/log/discovery-cycles/CYCLE18_N8_CAPACITY_SAMPLE.md	move	discovery chronology
night-research/CYCLE1_RESULTS.md	research/log/discovery-cycles/CYCLE1_RESULTS.md	move	discovery chronology
night-research/CYCLE24_GEOMETRY_RECOVERY_NOTES.md	research/log/discovery-cycles/CYCLE24_GEOMETRY_RECOVERY_NOTES.md	move	discovery chronology
night-research/CYCLE24_N6_CAPACITY_CONTRAST.md	research/log/discovery-cycles/CYCLE24_N6_CAPACITY_CONTRAST.md	move	discovery chronology
night-research/CYCLE25_N5_CAPACITY_CONTRAST.md	research/log/discovery-cycles/CYCLE25_N5_CAPACITY_CONTRAST.md	move	discovery chronology
night-research/CYCLE26_N4_CAPACITY_CONTRAST.md	research/log/discovery-cycles/CYCLE26_N4_CAPACITY_CONTRAST.md	move	discovery chronology
night-research/CYCLE27_CORE_EXTENSION.md	research/log/discovery-cycles/CYCLE27_CORE_EXTENSION.md	move	discovery chronology
night-research/CYCLE28_K13_OPTIONALITY.md	research/log/discovery-cycles/CYCLE28_K13_OPTIONALITY.md	move	discovery chronology
night-research/CYCLE2_RESULTS.md	research/log/discovery-cycles/CYCLE2_RESULTS.md	move	discovery chronology
night-research/CYCLE30B_ORBIT_CONCYCLICITY.md	research/log/discovery-cycles/CYCLE30B_ORBIT_CONCYCLICITY.md	move	discovery chronology
night-research/CYCLE30C_MULTI_ORBIT_CAPACITY.md	research/log/discovery-cycles/CYCLE30C_MULTI_ORBIT_CAPACITY.md	move	discovery chronology
night-research/CYCLE30_SKELETON_GEOMETRY.md	research/log/discovery-cycles/CYCLE30_SKELETON_GEOMETRY.md	move	discovery chronology
night-research/CYCLE31B_ORBIT_CIRCLES_ALL_N.md	research/log/discovery-cycles/CYCLE31B_ORBIT_CIRCLES_ALL_N.md	move	discovery chronology
night-research/CYCLE31_CIRCLE_ORBIT_LEMMA.md	research/log/discovery-cycles/CYCLE31_CIRCLE_ORBIT_LEMMA.md	move	discovery chronology
night-research/CYCLE32_CROSS_SHELL_QUADS.md	research/log/discovery-cycles/CYCLE32_CROSS_SHELL_QUADS.md	move	discovery chronology
night-research/CYCLE33_SPURIOUS_OCC_DECISION.md	research/log/discovery-cycles/CYCLE33_SPURIOUS_OCC_DECISION.md	move	discovery chronology
night-research/CYCLE34_OCCUPANCY_LATTICE_CERTIFICATE.md	research/log/discovery-cycles/CYCLE34_OCCUPANCY_LATTICE_CERTIFICATE.md	move	discovery chronology
night-research/CYCLE35_PHASE_LIFT_CONTRAST.md	research/log/discovery-cycles/CYCLE35_PHASE_LIFT_CONTRAST.md	move	discovery chronology
night-research/CYCLE36B_EMPTY_ORBIT_SAMPLE.md	research/log/discovery-cycles/CYCLE36B_EMPTY_ORBIT_SAMPLE.md	move	discovery chronology
night-research/CYCLE37_CENSUS_OCC_CONTRAST.md	research/log/discovery-cycles/CYCLE37_CENSUS_OCC_CONTRAST.md	move	discovery chronology
night-research/CYCLE38_SELECTION_THEOREM_JA.md	research/log/discovery-cycles/CYCLE38_SELECTION_THEOREM_JA.md	move	discovery chronology
night-research/CYCLE39C_WIDEST_PATH_FAST.md	research/log/discovery-cycles/CYCLE39C_WIDEST_PATH_FAST.md	move	discovery chronology
night-research/CYCLE39_CORRIDOR_N8.md	research/log/discovery-cycles/CYCLE39_CORRIDOR_N8.md	move	discovery chronology
night-research/CYCLE3_RESULTS.md	research/log/discovery-cycles/CYCLE3_RESULTS.md	move	discovery chronology
night-research/CYCLE40B_RESIDUAL_JOINT_LEMMAS.md	research/log/discovery-cycles/CYCLE40B_RESIDUAL_JOINT_LEMMAS.md	move	discovery chronology
night-research/CYCLE40_COMPRESSED_CERTIFICATE.md	research/log/discovery-cycles/CYCLE40_COMPRESSED_CERTIFICATE.md	move	discovery chronology
night-research/CYCLE40_COMPRESSED_INEQUALITIES.md	research/log/discovery-cycles/CYCLE40_COMPRESSED_INEQUALITIES.md	move	discovery chronology
night-research/CYCLE41_PROOF_DEPENDENCIES.md	research/log/discovery-cycles/CYCLE41_PROOF_DEPENDENCIES.md	move	discovery chronology
night-research/CYCLE42_CORRIDOR_UNIFICATION.md	research/log/discovery-cycles/CYCLE42_CORRIDOR_UNIFICATION.md	move	discovery chronology
night-research/CYCLE4_EXACT_STRUCTURE.md	research/log/discovery-cycles/CYCLE4_EXACT_STRUCTURE.md	move	discovery chronology
night-research/CYCLE5_GRUNDY_STRUCTURE.md	research/log/discovery-cycles/CYCLE5_GRUNDY_STRUCTURE.md	move	discovery chronology
night-research/CYCLE6_MAXSAFE_EXCHANGE.md	research/log/discovery-cycles/CYCLE6_MAXSAFE_EXCHANGE.md	move	discovery chronology
night-research/CYCLE7_PAIR_DISTANCE.md	research/log/discovery-cycles/CYCLE7_PAIR_DISTANCE.md	move	discovery chronology
night-research/CYCLE8_11_MAIN_RESULT.md	research/log/discovery-cycles/CYCLE8_11_MAIN_RESULT.md	move	discovery chronology
night-research/CYCLE8_N7_STRUCTURE.md	research/log/discovery-cycles/CYCLE8_N7_STRUCTURE.md	move	discovery chronology
night-research/CYCLE9H_K9_128BIT_DESIGN.md	research/log/discovery-cycles/CYCLE9H_K9_128BIT_DESIGN.md	move	discovery chronology
night-research/CYCLE9_G1_NOTES.md	research/log/discovery-cycles/CYCLE9_G1_NOTES.md	move	discovery chronology
night-research/CYCLE9_G2_NOTES.md	research/log/discovery-cycles/CYCLE9_G2_NOTES.md	move	discovery chronology
night-research/CYCLE9_STATUS.md	research/log/discovery-cycles/CYCLE9_STATUS.md	move	discovery chronology
night-research/DISCOVERY_CHECKPOINT.md	research/log/discovery-cycles/DISCOVERY_CHECKPOINT.md	move	discovery chronology
night-research/DISCOVERY_CORNER_GATE_AND_COMPONENTS.md	research/log/discovery-cycles/DISCOVERY_CORNER_GATE_AND_COMPONENTS.md	move	discovery chronology
night-research/FINAL_SELECTION_THEOREM.md	research/archive/discovery-summaries/FINAL_SELECTION_THEOREM.md	move	superseded synthesis
night-research/H_DENSE_PREREG.md	research/experiments/structural-discovery/reports/H_DENSE_PREREG.md	move	preregistration
night-research/SELECTION_THEOREM_CHECKLIST.md	research/archive/discovery-summaries/SELECTION_THEOREM_CHECKLIST.md	move	superseded synthesis
night-research/ULTRA_COMPLETE_MATRIX.md	research/archive/discovery-summaries/ULTRA_COMPLETE_MATRIX.md	move	superseded synthesis
night-research/adversarial_brief_analysis.json	research/experiments/structural-discovery/output/adversarial_brief_analysis.json	move	structural experiment asset
night-research/adversarial_brief_analysis.py	research/experiments/structural-discovery/scripts/adversarial_brief_analysis.py	move	structural experiment asset
night-research/adversarial_brief_supplement.json	research/experiments/structural-discovery/output/adversarial_brief_supplement.json	move	structural experiment asset
night-research/adversarial_brief_supplement.py	research/experiments/structural-discovery/scripts/adversarial_brief_supplement.py	move	structural experiment asset
night-research/analyze_8x8_o1_dive.py	research/experiments/structural-discovery/scripts/analyze_8x8_o1_dive.py	move	structural experiment asset
night-research/analyze_8x8_structure.py	research/experiments/structural-discovery/scripts/analyze_8x8_structure.py	move	structural experiment asset
night-research/analyze_cycle2_a_l_sample.py	research/experiments/structural-discovery/scripts/analyze_cycle2_a_l_sample.py	move	structural experiment asset
night-research/analyze_cycle2_density.py	research/experiments/structural-discovery/scripts/analyze_cycle2_density.py	move	structural experiment asset
night-research/analyze_cycle2_transfer.py	research/experiments/structural-discovery/scripts/analyze_cycle2_transfer.py	move	structural experiment asset
night-research/analyze_cycle3_state_counts.py	research/experiments/structural-discovery/scripts/analyze_cycle3_state_counts.py	move	structural experiment asset
night-research/analyze_cycle3_transfer.py	research/experiments/structural-discovery/scripts/analyze_cycle3_transfer.py	move	structural experiment asset
night-research/analyze_cycle5_grundy.py	research/experiments/structural-discovery/scripts/analyze_cycle5_grundy.py	move	structural experiment asset
night-research/analyze_h4_k5_anomaly.py	research/experiments/structural-discovery/scripts/analyze_h4_k5_anomaly.py	move	structural experiment asset
night-research/analyze_pair_distance.py	research/experiments/structural-discovery/scripts/analyze_pair_distance.py	move	structural experiment asset
night-research/build_corridor_certificate.py	research/experiments/structural-discovery/scripts/build_corridor_certificate.py	move	structural experiment asset
night-research/cert_parity_check.py	research/experiments/structural-discovery/scripts/cert_parity_check.py	move	structural experiment asset
night-research/cycle10_occupancy_probes.py	research/experiments/structural-discovery/scripts/cycle10_occupancy_probes.py	move	structural experiment asset
night-research/cycle11_verify.py	research/experiments/structural-discovery/scripts/cycle11_verify.py	move	structural experiment asset
night-research/cycle12_omit_02.py	research/experiments/structural-discovery/scripts/cycle12_omit_02.py	move	structural experiment asset
night-research/cycle13_128bit_regression.py	research/experiments/structural-discovery/scripts/cycle13_128bit_regression.py	move	structural experiment asset
night-research/cycle14h_n8_sets.bin	research/experiments/structural-discovery/output/cycle14h_n8_sets.bin	move	structural experiment asset
night-research/cycle2-5x5-vs-9x9-transfer.json	research/experiments/structural-discovery/output/cycle2-5x5-vs-9x9-transfer.json	move	structural experiment asset
night-research/cycle2-a-l-8x8-sample.json	research/experiments/structural-discovery/output/cycle2-a-l-8x8-sample.json	move	structural experiment asset
night-research/cycle2-density-table.json	research/experiments/structural-discovery/output/cycle2-density-table.json	move	structural experiment asset
night-research/cycle3-5x5-vs-9x9-transfer.json	research/experiments/structural-discovery/output/cycle3-5x5-vs-9x9-transfer.json	move	structural experiment asset
night-research/cycle30_skeleton_geometry.py	research/experiments/structural-discovery/scripts/cycle30_skeleton_geometry.py	move	structural experiment asset
night-research/cycle30b_orbit_concyclicity.py	research/experiments/structural-discovery/scripts/cycle30b_orbit_concyclicity.py	move	structural experiment asset
night-research/cycle30c_multi_orbit_capacity.py	research/experiments/structural-discovery/scripts/cycle30c_multi_orbit_capacity.py	move	structural experiment asset
night-research/cycle31_circle_orbit_lemma.py	research/experiments/structural-discovery/scripts/cycle31_circle_orbit_lemma.py	move	structural experiment asset
night-research/cycle31b_orbit_circles_all_n.py	research/experiments/structural-discovery/scripts/cycle31b_orbit_circles_all_n.py	move	structural experiment asset
night-research/cycle32_cross_shell_quads.py	research/experiments/structural-discovery/scripts/cycle32_cross_shell_quads.py	move	structural experiment asset
night-research/cycle33_spurious_occ_decision.py	research/experiments/structural-discovery/scripts/cycle33_spurious_occ_decision.py	move	structural experiment asset
night-research/cycle34_occupancy_lattice_certificate.py	research/experiments/structural-discovery/scripts/cycle34_occupancy_lattice_certificate.py	move	structural experiment asset
night-research/cycle35_phase_lift_contrast.py	research/experiments/structural-discovery/scripts/cycle35_phase_lift_contrast.py	move	structural experiment asset
night-research/cycle36_empty_orbit_lattice.py	research/experiments/structural-discovery/scripts/cycle36_empty_orbit_lattice.py	move	structural experiment asset
night-research/cycle36b_empty_orbit_sample.py	research/experiments/structural-discovery/scripts/cycle36b_empty_orbit_sample.py	move	structural experiment asset
night-research/cycle37_census_occ_contrast.py	research/experiments/structural-discovery/scripts/cycle37_census_occ_contrast.py	move	structural experiment asset
night-research/cycle39_corridor_n8.py	research/experiments/structural-discovery/scripts/cycle39_corridor_n8.py	move	structural experiment asset
night-research/cycle39b_widest_path.py	research/experiments/structural-discovery/scripts/cycle39b_widest_path.py	move	structural experiment asset
night-research/cycle39c_widest_path_fast.py	research/experiments/structural-discovery/scripts/cycle39c_widest_path_fast.py	move	structural experiment asset
night-research/cycle4-cross-board-invariants.json	research/experiments/structural-discovery/output/cycle4-cross-board-invariants.json	move	structural experiment asset
night-research/cycle4-density-table.json	research/experiments/structural-discovery/output/cycle4-density-table.json	move	structural experiment asset
night-research/cycle4-exact-n2.json	research/experiments/structural-discovery/output/cycle4-exact-n2.json	move	structural experiment asset
night-research/cycle4-exact-n3.json	research/experiments/structural-discovery/output/cycle4-exact-n3.json	move	structural experiment asset
night-research/cycle4-exact-n4.json	research/experiments/structural-discovery/output/cycle4-exact-n4.json	move	structural experiment asset
night-research/cycle4-exact-n5.json	research/experiments/structural-discovery/output/cycle4-exact-n5.json	move	structural experiment asset
night-research/cycle4-exact-structure.json	research/experiments/structural-discovery/output/cycle4-exact-structure.json	move	structural experiment asset
night-research/cycle4-invariant-audit.json	research/experiments/structural-discovery/output/cycle4-invariant-audit.json	move	structural experiment asset
night-research/cycle4-n5-orbit-mobility.json	research/experiments/structural-discovery/output/cycle4-n5-orbit-mobility.json	move	structural experiment asset
night-research/cycle4-n5-two-stone-geometry.json	research/experiments/structural-discovery/output/cycle4-n5-two-stone-geometry.json	move	structural experiment asset
night-research/cycle4-n5-two-stone-loss.json	research/experiments/structural-discovery/output/cycle4-n5-two-stone-loss.json	move	structural experiment asset
night-research/cycle40_compressed_inequalities.py	research/experiments/structural-discovery/scripts/cycle40_compressed_inequalities.py	move	structural experiment asset
night-research/cycle40b_residual_joint_lemmas.py	research/experiments/structural-discovery/scripts/cycle40b_residual_joint_lemmas.py	move	structural experiment asset
night-research/cycle5-grundy-deepdive.json	research/experiments/structural-discovery/output/cycle5-grundy-deepdive.json	move	structural experiment asset
night-research/cycle5-grundy-n2.json	research/experiments/structural-discovery/output/cycle5-grundy-n2.json	move	structural experiment asset
night-research/cycle5-grundy-n3.json	research/experiments/structural-discovery/output/cycle5-grundy-n3.json	move	structural experiment asset
night-research/cycle5-grundy-n4.json	research/experiments/structural-discovery/output/cycle5-grundy-n4.json	move	structural experiment asset
night-research/cycle5-grundy-n5.json	research/experiments/structural-discovery/output/cycle5-grundy-n5.json	move	structural experiment asset
night-research/cycle5-grundy-n6-cap14.json	research/experiments/structural-discovery/output/cycle5-grundy-n6-cap14.json	move	structural experiment asset
night-research/cycle5-grundy-structure.json	research/experiments/structural-discovery/output/cycle5-grundy-structure.json	move	structural experiment asset
night-research/cycle6-cert-parity.json	research/experiments/structural-discovery/output/cycle6-cert-parity.json	move	structural experiment asset
night-research/cycle6-maxsafeset-n7-15.json	research/experiments/structural-discovery/output/cycle6-maxsafeset-n7-15.json	move	structural experiment asset
night-research/cycle6-maxsafeset-n8-15.json	research/experiments/structural-discovery/output/cycle6-maxsafeset-n8-15.json	move	structural experiment asset
night-research/cycle6-maxsafeset-n8-16.json	research/experiments/structural-discovery/output/cycle6-maxsafeset-n8-16.json	move	structural experiment asset
night-research/cycle6-maxsafeset-n9-18.json	research/experiments/structural-discovery/output/cycle6-maxsafeset-n9-18.json	move	structural experiment asset
night-research/cycle6-parity-law-verify.json	research/experiments/structural-discovery/output/cycle6-parity-law-verify.json	move	structural experiment asset
night-research/cycle6-saturation-verify.json	research/experiments/structural-discovery/output/cycle6-saturation-verify.json	move	structural experiment asset
night-research/cycle8_a_result.json	research/experiments/structural-discovery/output/cycle8_a_result.json	move	structural experiment asset
night-research/cycle8_a_template.py	research/experiments/structural-discovery/scripts/cycle8_a_template.py	move	structural experiment asset
night-research/cycle8_a_verify.py	research/experiments/structural-discovery/scripts/cycle8_a_verify.py	move	structural experiment asset
night-research/cycle8_b_maxsafe.cpp	research/experiments/structural-discovery/scripts/cycle8_b_maxsafe.cpp	move	structural experiment asset
night-research/cycle8_b_orbit_constraints.py	research/experiments/structural-discovery/scripts/cycle8_b_orbit_constraints.py	move	structural experiment asset
night-research/cycle8_b_result.json	research/experiments/structural-discovery/output/cycle8_b_result.json	move	structural experiment asset
night-research/cycle8_bnb_maxsafe.py	research/experiments/structural-discovery/scripts/cycle8_bnb_maxsafe.py	move	structural experiment asset
night-research/cycle8_c_determining.py	research/experiments/structural-discovery/scripts/cycle8_c_determining.py	move	structural experiment asset
night-research/cycle8_cd_result.json	research/experiments/structural-discovery/output/cycle8_cd_result.json	move	structural experiment asset
night-research/cycle8_d_contrast.py	research/experiments/structural-discovery/scripts/cycle8_d_contrast.py	move	structural experiment asset
night-research/cycle8_e_n8_sample.bin	research/experiments/structural-discovery/output/cycle8_e_n8_sample.bin	move	structural experiment asset
night-research/cycle8_e_n8_sample.py	research/experiments/structural-discovery/scripts/cycle8_e_n8_sample.py	move	structural experiment asset
night-research/cycle8_exists_k.py	research/experiments/structural-discovery/scripts/cycle8_exists_k.py	move	structural experiment asset
night-research/cycle8_g1_22_geometry.py	research/experiments/structural-discovery/scripts/cycle8_g1_22_geometry.py	move	structural experiment asset
night-research/cycle8_g1_result.json	research/experiments/structural-discovery/output/cycle8_g1_result.json	move	structural experiment asset
night-research/cycle8_g2_corridor.py	research/experiments/structural-discovery/scripts/cycle8_g2_corridor.py	move	structural experiment asset
night-research/cycle8_g2_result.json	research/experiments/structural-discovery/output/cycle8_g2_result.json	move	structural experiment asset
night-research/cycle8_g3_n8_sample.cpp	research/experiments/structural-discovery/scripts/cycle8_g3_n8_sample.cpp	move	structural experiment asset
night-research/cycle8_g3_n8_sets.bin	research/experiments/structural-discovery/output/cycle8_g3_n8_sets.bin	move	structural experiment asset
night-research/cycle8_g3_n8_sets2.bin	research/experiments/structural-discovery/output/cycle8_g3_n8_sets2.bin	move	structural experiment asset
night-research/cycle8_h_n8_harvest.py	research/experiments/structural-discovery/scripts/cycle8_h_n8_harvest.py	move	structural experiment asset
night-research/cycle8_lib.py	scripts/research/cycle8_lib.py	move	shared geometry library
night-research/cycle8_review_notes.md	research/log/discovery-cycles/cycle8_review_notes.md	move	discovery chronology
night-research/cycle8_verify_lemmas.py	research/experiments/structural-discovery/scripts/cycle8_verify_lemmas.py	move	structural experiment asset
night-research/cycle9_small_n_min_det.py	research/experiments/structural-discovery/scripts/cycle9_small_n_min_det.py	move	structural experiment asset
night-research/deepen_cycle4_geometry.py	research/experiments/structural-discovery/scripts/deepen_cycle4_geometry.py	move	structural experiment asset
night-research/discover_corridor_auxiliary.py	research/experiments/structural-discovery/scripts/discover_corridor_auxiliary.py	move	structural experiment asset
night-research/discover_full_board_corridor.py	research/experiments/structural-discovery/scripts/discover_full_board_corridor.py	move	structural experiment asset
night-research/discover_static_barrier.py	research/experiments/structural-discovery/scripts/discover_static_barrier.py	move	structural experiment asset
night-research/enum7.json	research/experiments/structural-discovery/output/enum7.json	move	structural experiment asset
night-research/enum7_count.json	research/experiments/structural-discovery/output/enum7_count.json	move	structural experiment asset
night-research/exact_structure_cycle4.py	research/experiments/structural-discovery/scripts/exact_structure_cycle4.py	move	structural experiment asset
night-research/first-moves-5x5-cargo.log	research/experiments/structural-discovery/output/first-moves-5x5-cargo.log	move	structural experiment asset
night-research/first-moves-9x9-rerun.out.log	research/experiments/structural-discovery/output/first-moves-9x9-rerun.out.log	move	structural experiment asset
night-research/first-moves-9x9.csv	research/experiments/structural-discovery/output/first-moves-9x9.csv	move	structural experiment asset
night-research/first-moves-9x9.log	research/experiments/structural-discovery/output/first-moves-9x9.log	move	structural experiment asset
night-research/grundy_cycle5.cpp	research/experiments/structural-discovery/scripts/grundy_cycle5.cpp	move	structural experiment asset
night-research/grundy_cycle5.py	research/experiments/structural-discovery/scripts/grundy_cycle5.py	move	structural experiment asset
night-research/h4-k5-anomaly.json	research/experiments/structural-discovery/output/h4-k5-anomaly.json	move	structural experiment asset
night-research/h4-pair-witness.json	research/experiments/structural-discovery/output/h4-pair-witness.json	move	structural experiment asset
night-research/kyouen-1x1.cert	research/experiments/structural-discovery/output/kyouen-1x1.cert	move	structural experiment asset
night-research/kyouen-2x2.cert	research/experiments/structural-discovery/output/kyouen-2x2.cert	move	structural experiment asset
night-research/kyouen-3x3.cert	research/experiments/structural-discovery/output/kyouen-3x3.cert	move	structural experiment asset
night-research/kyouen-4x4.cert	research/experiments/structural-discovery/output/kyouen-4x4.cert	move	structural experiment asset
night-research/kyouen-5x5.cert	research/experiments/structural-discovery/output/kyouen-5x5.cert	move	structural experiment asset
night-research/kyouen-6x6.cert	research/experiments/structural-discovery/output/kyouen-6x6.cert	move	structural experiment asset
night-research/kyouen-7x7.cert	research/experiments/structural-discovery/output/kyouen-7x7.cert	move	structural experiment asset
night-research/list_maximal_size.cpp	research/experiments/structural-discovery/scripts/list_maximal_size.cpp	move	structural experiment asset
night-research/max8_16.err.txt	research/experiments/structural-discovery/output/max8_16.err.txt	move	structural experiment asset
night-research/maximal_spectrum_enum.cpp	research/experiments/structural-discovery/scripts/maximal_spectrum_enum.cpp	move	structural experiment asset
night-research/maxsafe_enum.cpp	research/experiments/structural-discovery/scripts/maxsafe_enum.cpp	move	structural experiment asset
night-research/maxsafe_n6_K11.bin	research/experiments/structural-discovery/output/maxsafe_n6_K11.bin	move	structural experiment asset
night-research/maxsafe_n7_K14.bin	research/experiments/structural-discovery/output/maxsafe_n7_K14.bin	move	structural experiment asset
night-research/maxsafeset.cpp	research/experiments/structural-discovery/scripts/maxsafeset.cpp	move	structural experiment asset
night-research/nine_by_nine_o1_structure.py	research/experiments/structural-discovery/scripts/nine_by_nine_o1_structure.py	move	structural experiment asset
night-research/rebuild_cycle4_aggregate.py	research/experiments/structural-discovery/scripts/rebuild_cycle4_aggregate.py	move	structural experiment asset
night-research/run_first_moves_9x9.py	research/experiments/structural-discovery/scripts/run_first_moves_9x9.py	move	structural experiment asset
night-research/rust-classify-first-n3.csv	research/experiments/structural-discovery/output/rust-classify-first-n3.csv	move	structural experiment asset
night-research/rust-classify-first-n4.csv	research/experiments/structural-discovery/output/rust-classify-first-n4.csv	move	structural experiment asset
night-research/rust-classify-first-n5.csv	research/experiments/structural-discovery/output/rust-classify-first-n5.csv	move	structural experiment asset
night-research/saturation_cycle6.cpp	research/experiments/structural-discovery/scripts/saturation_cycle6.cpp	move	structural experiment asset
night-research/saturation_n7_shallow.cpp	research/experiments/structural-discovery/scripts/saturation_n7_shallow.cpp	move	structural experiment asset
night-research/solver-10.out.txt	research/experiments/structural-discovery/output/solver-10.out.txt	move	structural experiment asset
night-research/solver-20.err.txt	research/experiments/structural-discovery/output/solver-20.err.txt	move	structural experiment asset
night-research/summarize_cell_freq_n7.py	research/experiments/structural-discovery/scripts/summarize_cell_freq_n7.py	move	structural experiment asset
night-research/summarize_cycle4_exact.py	research/experiments/structural-discovery/scripts/summarize_cycle4_exact.py	move	structural experiment asset
night-research/test_h1_terminal_parity.py	research/experiments/structural-discovery/scripts/test_h1_terminal_parity.py	move	structural experiment asset
night-research/test_h4_pair_witness.py	research/experiments/structural-discovery/scripts/test_h4_pair_witness.py	move	structural experiment asset
night-research/verify_corridor_discovery.py	research/experiments/structural-discovery/scripts/verify_corridor_discovery.py	move	structural experiment asset
night-research/verify_n7_rigidity.py	research/experiments/structural-discovery/scripts/verify_n7_rigidity.py	move	structural experiment asset
night-research/verify_parity_law.py	research/experiments/structural-discovery/scripts/verify_parity_law.py	move	structural experiment asset
night-research/verify_saturation.py	research/experiments/structural-discovery/scripts/verify_saturation.py	move	structural experiment asset
notes/depth5-memo-warming-causal-probe.md	research/log/search-order/depth5-memo-warming-causal-probe.md	move	causal investigation notes
notes/depth5-memo-warming-pathway-split.md	research/log/search-order/depth5-memo-warming-pathway-split.md	move	causal investigation notes
research/curve-packing-fixed-width.md	research/experiments/fixed-width/reports/curve-packing-fixed-width.md	move	dated proof/result source
research/experiments.jsonl	research/experiments/original-claims/reports/experiments.jsonl	move	dated proof/result source
research/exploration/DISCOVERY_SUMMARY.md	research/log/fact-discovery/DISCOVERY_SUMMARY.md	move	discovery chronology
research/exploration/DISCOVERY_SUMMARY_10X10.md	research/log/fact-discovery/DISCOVERY_SUMMARY_10X10.md	move	discovery chronology
research/exploration/REVIEW_10X10_FACT_DISCOVERY.md	research/log/fact-discovery/REVIEW_10X10_FACT_DISCOVERY.md	move	discovery chronology
research/exploration/REVIEW_10X10_FACT_DISCOVERY_V2.md	research/log/fact-discovery/REVIEW_10X10_FACT_DISCOVERY_V2.md	move	discovery chronology
research/exploration/SESSION_LOG.md	research/log/fact-discovery/SESSION_LOG.md	move	discovery chronology
research/exploration/exploration_report.json	research/experiments/fact-discovery/output/exploration_report.json	move	fact-discovery experiment asset
research/exploration/exploration_report_12.json	research/experiments/fact-discovery/output/exploration_report_12.json	move	fact-discovery experiment asset
research/exploration/exploration_report_13.json	research/experiments/fact-discovery/output/exploration_report_13.json	move	fact-discovery experiment asset
research/exploration/exploration_report_14.json	research/experiments/fact-discovery/output/exploration_report_14.json	move	fact-discovery experiment asset
research/exploration/exploration_report_2.json	research/experiments/fact-discovery/output/exploration_report_2.json	move	fact-discovery experiment asset
research/exploration/exploration_report_3.json	research/experiments/fact-discovery/output/exploration_report_3.json	move	fact-discovery experiment asset
research/exploration/exploration_report_4.json	research/experiments/fact-discovery/output/exploration_report_4.json	move	fact-discovery experiment asset
research/exploration/exploration_report_5.json	research/experiments/fact-discovery/output/exploration_report_5.json	move	fact-discovery experiment asset
research/exploration/exploration_report_6.json	research/experiments/fact-discovery/output/exploration_report_6.json	move	fact-discovery experiment asset
research/exploration/exploration_report_7.json	research/experiments/fact-discovery/output/exploration_report_7.json	move	fact-discovery experiment asset
research/exploration/exploration_report_8.json	research/experiments/fact-discovery/output/exploration_report_8.json	move	fact-discovery experiment asset
research/exploration/exploration_report_9.json	research/experiments/fact-discovery/output/exploration_report_9.json	move	fact-discovery experiment asset
research/exploration/fact_10x10_12pt_circles.json	research/experiments/fact-discovery/output/fact_10x10_12pt_circles.json	move	fact-discovery experiment asset
research/exploration/fact_10x10_circle_line_spectrum.json	research/experiments/fact-discovery/output/fact_10x10_circle_line_spectrum.json	move	fact-discovery experiment asset
research/exploration/fact_10x10_geometry.err	research/experiments/fact-discovery/output/fact_10x10_geometry.err	move	fact-discovery experiment asset
research/exploration/fact_10x10_geometry.json	research/experiments/fact-discovery/output/fact_10x10_geometry.json	move	fact-discovery experiment asset
research/exploration/fact_10x10_hypergraph.json	research/experiments/fact-discovery/output/fact_10x10_hypergraph.json	move	fact-discovery experiment asset
research/exploration/fact_10x10_k4.err	research/experiments/fact-discovery/output/fact_10x10_k4.err	move	fact-discovery experiment asset
research/exploration/fact_10x10_k4.json	research/experiments/fact-discovery/output/fact_10x10_k4.json	move	fact-discovery experiment asset
research/exploration/fact_10x10_k5.json	research/experiments/fact-discovery/output/fact_10x10_k5.json	move	fact-discovery experiment asset
research/exploration/fact_10x10_k6.json	research/experiments/fact-discovery/output/fact_10x10_k6.json	move	fact-discovery experiment asset
research/exploration/fact_10x10_maximal_sample.json	research/experiments/fact-discovery/output/fact_10x10_maximal_sample.json	move	fact-discovery experiment asset
research/exploration/fact_10x10_maximal_shrink12.json	research/experiments/fact-discovery/output/fact_10x10_maximal_shrink12.json	move	fact-discovery experiment asset
research/exploration/fact_10x10_maximal_target.json	research/experiments/fact-discovery/output/fact_10x10_maximal_target.json	move	fact-discovery experiment asset
research/exploration/fact_10x10_r_pairs_sigma_d.json	research/experiments/fact-discovery/output/fact_10x10_r_pairs_sigma_d.json	move	fact-discovery experiment asset
research/exploration/fact_10x10_shrink.err	research/experiments/fact-discovery/output/fact_10x10_shrink.err	move	fact-discovery experiment asset
research/exploration/fact_10x10_shrink.json	research/experiments/fact-discovery/output/fact_10x10_shrink.json	move	fact-discovery experiment asset
research/exploration/fact_10x10_size10_geometry.json	research/experiments/fact-discovery/output/fact_10x10_size10_geometry.json	move	fact-discovery experiment asset
research/exploration/fact_10x10_triple9_geometry.json	research/experiments/fact-discovery/output/fact_10x10_triple9_geometry.json	move	fact-discovery experiment asset
research/exploration/fact_10x10_two_stone_orbits.csv	research/experiments/fact-discovery/output/fact_10x10_two_stone_orbits.csv	move	fact-discovery experiment asset
research/exploration/fact_10x10_two_stone_orbits.json	research/experiments/fact-discovery/output/fact_10x10_two_stone_orbits.json	move	fact-discovery experiment asset
research/exploration/fact_3stone_orbits.json	research/experiments/fact-discovery/output/fact_3stone_orbits.json	move	fact-discovery experiment asset
research/exploration/fact_9x9_point_degrees.json	research/experiments/fact-discovery/output/fact_9x9_point_degrees.json	move	fact-discovery experiment asset
research/exploration/fact_circle_families_k10_k12.json	research/experiments/fact-discovery/output/fact_circle_families_k10_k12.json	move	fact-discovery experiment asset
research/exploration/fact_circle_spectrum_n6_n7_n11.json	research/experiments/fact-discovery/output/fact_circle_spectrum_n6_n7_n11.json	move	fact-discovery experiment asset
research/exploration/fact_circle_spectrum_n8_n9_n10.json	research/experiments/fact-discovery/output/fact_circle_spectrum_n8_n9_n10.json	move	fact-discovery experiment asset
research/exploration/fact_collinear_run_formula.json	research/experiments/fact-discovery/output/fact_collinear_run_formula.json	move	fact-discovery experiment asset
research/exploration/fact_kmin_by_board.json	research/experiments/fact-discovery/output/fact_kmin_by_board.json	move	fact-discovery experiment asset
research/exploration/fact_kmin_n10_k6_cover.json	research/experiments/fact-discovery/output/fact_kmin_n10_k6_cover.json	move	fact-discovery experiment asset
research/exploration/fact_kmin_n7.err	research/experiments/fact-discovery/output/fact_kmin_n7.err	move	fact-discovery experiment asset
research/exploration/fact_kmin_n7.json	research/experiments/fact-discovery/output/fact_kmin_n7.json	move	fact-discovery experiment asset
research/exploration/fact_kmin_n7_safe.err	research/experiments/fact-discovery/output/fact_kmin_n7_safe.err	move	fact-discovery experiment asset
research/exploration/fact_kmin_n7_safe.json	research/experiments/fact-discovery/output/fact_kmin_n7_safe.json	move	fact-discovery experiment asset
research/exploration/fact_kmin_n8.err	research/experiments/fact-discovery/output/fact_kmin_n8.err	move	fact-discovery experiment asset
research/exploration/fact_kmin_n8.json	research/experiments/fact-discovery/output/fact_kmin_n8.json	move	fact-discovery experiment asset
research/exploration/fact_kmin_n8b.err	research/experiments/fact-discovery/output/fact_kmin_n8b.err	move	fact-discovery experiment asset
research/exploration/fact_kmin_n8b.json	research/experiments/fact-discovery/output/fact_kmin_n8b.json	move	fact-discovery experiment asset
research/exploration/fact_kmin_n8c.err	research/experiments/fact-discovery/output/fact_kmin_n8c.err	move	fact-discovery experiment asset
research/exploration/fact_kmin_n8c.json	research/experiments/fact-discovery/output/fact_kmin_n8c.json	move	fact-discovery experiment asset
research/exploration/fact_kmin_n8d.json	research/experiments/fact-discovery/output/fact_kmin_n8d.json	move	fact-discovery experiment asset
research/exploration/fact_tc_k10.err	research/experiments/fact-discovery/output/fact_tc_k10.err	move	fact-discovery experiment asset
research/exploration/fact_tc_k10.json	research/experiments/fact-discovery/output/fact_tc_k10.json	move	fact-discovery experiment asset
research/exploration/fact_tc_k10_safe.json	research/experiments/fact-discovery/output/fact_tc_k10_safe.json	move	fact-discovery experiment asset
research/exploration/fact_tc_k10b.json	research/experiments/fact-discovery/output/fact_tc_k10b.json	move	fact-discovery experiment asset
research/exploration/fact_tc_k11.json	research/experiments/fact-discovery/output/fact_tc_k11.json	move	fact-discovery experiment asset
research/exploration/fact_tc_k6.json	research/experiments/fact-discovery/output/fact_tc_k6.json	move	fact-discovery experiment asset
research/exploration/fact_tc_k9.json	research/experiments/fact-discovery/output/fact_tc_k9.json	move	fact-discovery experiment asset
research/findings.md	research/archive/hypothesis-ledgers/findings.md	move	superseded claim ledger with original aliases
research/game-structure-20261003-extra.md	research/experiments/game-structure/reports/game-structure-20261003-extra.md	move	dated proof/result source
research/game-structure-20261003-nine.md	research/experiments/game-structure/reports/game-structure-20261003-nine.md	move	dated proof/result source
research/game-structure-20261003.md	research/experiments/game-structure/reports/game-structure-20261003.md	move	dated proof/result source
research/geometry-20261003.md	research/experiments/geometry/reports/geometry-20261003.md	move	dated proof/result source
research/geometry_20261003_extended.md	research/experiments/geometry/reports/geometry_20261003_extended.md	move	dated proof/result source
research/hypotheses.md	research/archive/hypothesis-ledgers/hypotheses.md	move	superseded claim ledger with original aliases
research/hypothesis-bank-2026-09-27.md	research/archive/hypothesis-ledgers/hypothesis-bank-2026-09-27.md	move	superseded claim ledger with original aliases
research/hypothesis-bank-round2-2026-09-27.md	research/archive/hypothesis-ledgers/hypothesis-bank-round2-2026-09-27.md	move	superseded claim ledger with original aliases
research/q-point-fixed-width.md	research/experiments/fixed-width/reports/q-point-fixed-width.md	move	dated proof/result source
research/q-point-rule-variants.md	research/experiments/fixed-width/reports/q-point-rule-variants.md	move	dated proof/result source
research/q2w-boundary-structure.md	research/experiments/fixed-width/reports/q2w-boundary-structure.md	move	dated proof/result source
research/q34-exact-threshold.md	research/experiments/fixed-width/reports/q34-exact-threshold.md	move	dated proof/result source
research/q35-exact-threshold.md	research/experiments/fixed-width/reports/q35-exact-threshold.md	move	dated proof/result source
research/q36-three-row-classification.md	research/experiments/fixed-width/reports/q36-three-row-classification.md	move	dated proof/result source
research/q46-pair-graph-bound.md	research/experiments/fixed-width/reports/q46-pair-graph-bound.md	move	dated proof/result source
research/q48-boundary-nimbers.md	research/experiments/fixed-width/reports/q48-boundary-nimbers.md	move	dated proof/result source
research/q48-exact-threshold.md	research/experiments/fixed-width/reports/q48-exact-threshold.md	move	dated proof/result source
research/q48-nearby-q6-bounds.md	research/experiments/fixed-width/reports/q48-nearby-q6-bounds.md	move	dated proof/result source
research/q48-nearby-q7-threshold.md	research/experiments/fixed-width/reports/q48-nearby-q7-threshold.md	move	dated proof/result source
research/q48-odd-q-reflection.md	research/experiments/fixed-width/reports/q48-odd-q-reflection.md	move	dated proof/result source
research/q48-pell-circle-family.md	research/experiments/fixed-width/reports/q48-pell-circle-family.md	move	dated proof/result source
research/q48-q6-exact-threshold.md	research/experiments/fixed-width/reports/q48-q6-exact-threshold.md	move	dated proof/result source
research/q5-w3-stabilization.md	research/experiments/fixed-width/reports/q5-w3-stabilization.md	move	dated proof/result source
research/saturation-20261003-extra.md	research/experiments/saturation/reports/saturation-20261003-extra.md	move	dated proof/result source
research/saturation-20261003.md	research/experiments/saturation/reports/saturation-20261003.md	move	dated proof/result source
research/theory-audit-20261003.md	research/experiments/geometry/reports/theory-audit-20261003.md	move	dated proof/result source
research/theory_audit_20261003_extra.md	research/experiments/geometry/reports/theory_audit_20261003_extra.md	move	dated proof/result source
research/verification/CONTINUATION-kyouen-hypotheses.md	research/archive/claim-audit-history/CONTINUATION-kyouen-hypotheses.md	move	superseded plan or synthesis
research/verification/HANDOFF-2026-10-01-round61.md	research/archive/claim-audit-history/HANDOFF-2026-10-01-round61.md	move	superseded plan or synthesis
research/verification/HANDOVER.md	research/archive/claim-audit-history/HANDOVER.md	move	superseded plan or synthesis
research/verification/N11-DFPN-21ORBITS.md	research/experiments/n11-search-methods/reports/N11-DFPN-21ORBITS.md	move	dated result/proof primary source
research/verification/N11-DFPN-4WAY.md	research/experiments/n11-search-methods/reports/N11-DFPN-4WAY.md	move	dated result/proof primary source
research/verification/N11-DFPN-CENTER20-ADAPTIVE.md	research/experiments/n11-search-methods/reports/N11-DFPN-CENTER20-ADAPTIVE.md	move	dated result/proof primary source
research/verification/N11-DFPN-CENTER20-HYBRID-SWEEP.md	research/experiments/n11-search-methods/reports/N11-DFPN-CENTER20-HYBRID-SWEEP.md	move	dated result/proof primary source
research/verification/N11-DFPN-CENTER20-LAYERED.md	research/experiments/n11-search-methods/reports/N11-DFPN-CENTER20-LAYERED.md	move	dated result/proof primary source
research/verification/N11-DFPN-CENTER20-SWEEP.md	research/experiments/n11-search-methods/reports/N11-DFPN-CENTER20-SWEEP.md	move	dated result/proof primary source
research/verification/N11-DFPN-CENTER20.md	research/experiments/n11-search-methods/reports/N11-DFPN-CENTER20.md	move	dated result/proof primary source
research/verification/N11-DFPN-CHILDREN.md	research/experiments/n11-search-methods/reports/N11-DFPN-CHILDREN.md	move	dated result/proof primary source
research/verification/N11-DFPN-COORDINATOR.md	research/experiments/n11-search-methods/reports/N11-DFPN-COORDINATOR.md	move	dated result/proof primary source
research/verification/N11-DFPN-COVER-OPTIMUM.md	research/experiments/n11-search-methods/reports/N11-DFPN-COVER-OPTIMUM.md	move	dated result/proof primary source
research/verification/N11-DFPN-EDGE-CLASSES.md	research/experiments/n11-search-methods/reports/N11-DFPN-EDGE-CLASSES.md	move	dated result/proof primary source
research/verification/N11-DFPN-EXACT-FRONTIER.md	research/experiments/n11-search-methods/reports/N11-DFPN-EXACT-FRONTIER.md	move	dated result/proof primary source
research/verification/N11-DFPN-EXACT-ORDER-AB.md	research/experiments/n11-search-methods/reports/N11-DFPN-EXACT-ORDER-AB.md	move	dated result/proof primary source
research/verification/N11-DFPN-FRONTIER-LAYERS.md	research/experiments/n11-search-methods/reports/N11-DFPN-FRONTIER-LAYERS.md	move	dated result/proof primary source
research/verification/N11-DFPN-HYBRID-CHILDREN.md	research/experiments/n11-search-methods/reports/N11-DFPN-HYBRID-CHILDREN.md	move	dated result/proof primary source
research/verification/N11-DFPN-HYBRID.md	research/experiments/n11-search-methods/reports/N11-DFPN-HYBRID.md	move	dated result/proof primary source
research/verification/N11-DFPN-L72-ADAPTIVE.md	research/experiments/n11-search-methods/reports/N11-DFPN-L72-ADAPTIVE.md	move	dated result/proof primary source
research/verification/N11-DFPN-LAYER-SUMMARY.md	research/archive/claim-audit-history/N11-DFPN-LAYER-SUMMARY.md	move	superseded plan or synthesis
research/verification/N11-DFPN-LONGRUN.md	research/experiments/n11-search-methods/reports/N11-DFPN-LONGRUN.md	move	dated result/proof primary source
research/verification/N11-DFPN-LOSS-EDGE-COVER.md	research/experiments/n11-search-methods/reports/N11-DFPN-LOSS-EDGE-COVER.md	move	dated result/proof primary source
research/verification/N11-DFPN-NIGHT-REPORT-2026-09-30.md	research/log/claim-audit/N11-DFPN-NIGHT-REPORT-2026-09-30.md	move	chronological audit record
research/verification/N11-DFPN-NIGHT-REPORT.md	research/log/claim-audit/N11-DFPN-NIGHT-REPORT.md	move	chronological audit record
research/verification/N11-DFPN-QUANT-BRANCH.md	research/experiments/n11-search-methods/reports/N11-DFPN-QUANT-BRANCH.md	move	dated result/proof primary source
research/verification/N11-DFPN-QUANT-FIRSTQ.md	research/experiments/n11-search-methods/reports/N11-DFPN-QUANT-FIRSTQ.md	move	dated result/proof primary source
research/verification/N11-DFPN-QUANT-SOLVER.md	research/experiments/n11-search-methods/reports/N11-DFPN-QUANT-SOLVER.md	move	dated result/proof primary source
research/verification/N11-DFPN-S5-BENCH.md	research/experiments/n11-search-methods/reports/N11-DFPN-S5-BENCH.md	move	dated result/proof primary source
research/verification/N11-DFPN-S5-CACHE.md	research/experiments/n11-search-methods/reports/N11-DFPN-S5-CACHE.md	move	dated result/proof primary source
research/verification/N11-DFPN-S5-CHILD-DISTRIBUTION.md	research/experiments/n11-search-methods/reports/N11-DFPN-S5-CHILD-DISTRIBUTION.md	move	dated result/proof primary source
research/verification/N11-DFPN-S7-LAYER.md	research/experiments/n11-search-methods/reports/N11-DFPN-S7-LAYER.md	move	dated result/proof primary source
research/verification/N11-DFPN-S8-LAYER.md	research/experiments/n11-search-methods/reports/N11-DFPN-S8-LAYER.md	move	dated result/proof primary source
research/verification/N11-DFPN-TIEBREAK-AB.md	research/experiments/n11-search-methods/reports/N11-DFPN-TIEBREAK-AB.md	move	dated result/proof primary source
research/verification/N11-DFPN-TIMESERIES.md	research/log/claim-audit/N11-DFPN-TIMESERIES.md	move	chronological audit record
research/verification/N11-DFPN-TTAUDIT.md	research/experiments/n11-search-methods/reports/N11-DFPN-TTAUDIT.md	move	dated result/proof primary source
research/verification/N11-DFPN-VALIDATION.md	research/experiments/n11-search-methods/reports/N11-DFPN-VALIDATION.md	move	dated result/proof primary source
research/verification/N11-PIPELINE.md	research/experiments/n11-search-methods/reports/N11-PIPELINE.md	move	dated result/proof primary source
research/verification/N11-PROBE-4WAY.md	research/experiments/n11-search-methods/reports/N11-PROBE-4WAY.md	move	dated result/proof primary source
research/verification/N11-PROBE-CENTER60.md	research/experiments/n11-search-methods/reports/N11-PROBE-CENTER60.md	move	dated result/proof primary source
research/verification/N11-QA-RESPONSE.md	research/experiments/n11-search-methods/reports/N11-QA-RESPONSE.md	move	dated result/proof primary source
research/verification/N11-RESULT.md	research/experiments/n11-search-methods/reports/N11-RESULT.md	move	dated result/proof primary source
research/verification/N11-STATE-SPACE.md	research/experiments/n11-search-methods/reports/N11-STATE-SPACE.md	move	dated result/proof primary source
research/verification/N11-VERDICT.md	research/experiments/n11-search-methods/reports/N11-VERDICT.md	move	dated result/proof primary source
research/verification/N11-WORKLOG.md	research/log/claim-audit/N11-WORKLOG.md	move	chronological audit record
research/verification/N6_TSTAR_WFT_RESULT.md	research/experiments/original-claims/reports/N6_TSTAR_WFT_RESULT.md	move	dated result/proof primary source
research/verification/PROGRESS-INTEGRATION-2026-09-28.md	research/log/claim-audit/PROGRESS-INTEGRATION-2026-09-28.md	move	chronological audit record
research/verification/PROTOCOL.md	research/archive/claim-audit-history/PROTOCOL.md	move	superseded plan or synthesis
research/verification/ROUND3-PROTOCOL.md	research/archive/claim-audit-history/ROUND3-PROTOCOL.md	move	superseded plan or synthesis
research/verification/ROUND3-WRITEOUT.md	research/archive/claim-audit-history/ROUND3-WRITEOUT.md	move	superseded plan or synthesis
research/verification/ROUND4-B141-VERIFICATION.md	research/experiments/original-claims/reports/ROUND4-B141-VERIFICATION.md	move	dated result/proof primary source
research/verification/ROUND4-PROTOCOL.md	research/archive/claim-audit-history/ROUND4-PROTOCOL.md	move	superseded plan or synthesis
research/verification/ROUND5-PROTOCOL.md	research/archive/claim-audit-history/ROUND5-PROTOCOL.md	move	superseded plan or synthesis
research/verification/SUMMARY.md	research/archive/claim-audit-history/SUMMARY.md	move	superseded plan or synthesis
research/verification/WSL-BUILD.md	research/experiments/original-claims/reports/WSL-BUILD.md	move	dated result/proof primary source
research/verification/_fixhdr.py	research/experiments/original-claims/output/_fixhdr.py	move	experiment output/input/log
research/verification/batch-01.md	research/log/claim-audit/batch-01.md	move	chronological audit record
research/verification/batch-02.md	research/log/claim-audit/batch-02.md	move	chronological audit record
research/verification/batch-03.md	research/log/claim-audit/batch-03.md	move	chronological audit record
research/verification/batch-04.md	research/log/claim-audit/batch-04.md	move	chronological audit record
research/verification/batch-05.md	research/log/claim-audit/batch-05.md	move	chronological audit record
research/verification/batch-06.md	research/log/claim-audit/batch-06.md	move	chronological audit record
research/verification/batch-07.md	research/log/claim-audit/batch-07.md	move	chronological audit record
research/verification/batch-08.md	research/log/claim-audit/batch-08.md	move	chronological audit record
research/verification/batch-09.md	research/log/claim-audit/batch-09.md	move	chronological audit record
research/verification/batch-10.md	research/log/claim-audit/batch-10.md	move	chronological audit record
research/verification/batch01_extra.json	research/experiments/original-claims/output/batch01_extra.json	move	experiment output/input/log
research/verification/batch01_jgraph.json	research/experiments/original-claims/output/batch01_jgraph.json	move	experiment output/input/log
research/verification/batch03_results.json	research/experiments/original-claims/output/batch03_results.json	move	experiment output/input/log
research/verification/batch04_geom.json	research/experiments/original-claims/output/batch04_geom.json	move	experiment output/input/log
research/verification/batch04_graph.json	research/experiments/original-claims/output/batch04_graph.json	move	experiment output/input/log
research/verification/batch05_compute.json	research/experiments/original-claims/output/batch05_compute.json	move	experiment output/input/log
research/verification/batch05_inventory.json	research/experiments/original-claims/output/batch05_inventory.json	move	experiment output/input/log
research/verification/batch06_components.json	research/experiments/original-claims/output/batch06_components.json	move	experiment output/input/log
research/verification/batch06_followups.json	research/experiments/original-claims/output/batch06_followups.json	move	experiment output/input/log
research/verification/batch06_followups2.json	research/experiments/original-claims/output/batch06_followups2.json	move	experiment output/input/log
research/verification/batch06_quads_cache.json	research/experiments/original-claims/output/batch06_quads_cache.json	move	experiment output/input/log
research/verification/batch06_shape_rigidity.json	research/experiments/original-claims/output/batch06_shape_rigidity.json	move	experiment output/input/log
research/verification/batch08_results2.json	research/experiments/original-claims/output/batch08_results2.json	move	experiment output/input/log
research/verification/batch08_results3.json	research/experiments/original-claims/output/batch08_results3.json	move	experiment output/input/log
research/verification/batch09_outcome_mining.json	research/experiments/original-claims/output/batch09_outcome_mining.json	move	experiment output/input/log
research/verification/batch09_pairs_n4.json	research/experiments/original-claims/output/batch09_pairs_n4.json	move	experiment output/input/log
research/verification/batch09_random_greedy.json	research/experiments/original-claims/output/batch09_random_greedy.json	move	experiment output/input/log
research/verification/batch09_rectangles.json	research/experiments/original-claims/output/batch09_rectangles.json	move	experiment output/input/log
research/verification/batch10_extra.json	research/experiments/original-claims/output/batch10_extra.json	move	experiment output/input/log
research/verification/batch10_variants.json	research/experiments/original-claims/output/batch10_variants.json	move	experiment output/input/log
research/verification/ceil_n4.json	research/experiments/original-claims/output/ceil_n4.json	move	experiment output/input/log
research/verification/ceil_n5.json	research/experiments/original-claims/output/ceil_n5.json	move	experiment output/input/log
research/verification/ceil_n6.json	research/experiments/original-claims/output/ceil_n6.json	move	experiment output/input/log
research/verification/curve_packing_fixed_width.json	research/experiments/fixed-width/output/curve_packing_fixed_width.json	move	experiment output/input/log
research/verification/data/circle_b131_b138.json	research/experiments/original-claims/output/data/circle_b131_b138.json	move	experiment output/input/log
research/verification/data/fast_n6.json	research/experiments/original-claims/output/data/fast_n6.json	move	experiment output/input/log
research/verification/data/grundy_n6.json	research/experiments/original-claims/output/data/grundy_n6.json	move	experiment output/input/log
research/verification/data/n11_d4.json	research/experiments/n11-search-methods/output/data/n11_d4.json	move	experiment output/input/log
research/verification/data/n11_d4_final.json	research/experiments/n11-search-methods/output/data/n11_d4_final.json	move	experiment output/input/log
research/verification/data/n11_d4_n6.json	research/experiments/n11-search-methods/output/data/n11_d4_n6.json	move	experiment output/input/log
research/verification/data/n11_d4_n7.json	research/experiments/n11-search-methods/output/data/n11_d4_n7.json	move	experiment output/input/log
research/verification/data/n6_orig.json	research/experiments/original-claims/output/data/n6_orig.json	move	experiment output/input/log
research/verification/data/n6_stream.json	research/experiments/original-claims/output/data/n6_stream.json	move	experiment output/input/log
research/verification/data/n6_stream_enum.json	research/experiments/original-claims/output/data/n6_stream_enum.json	move	experiment output/input/log
research/verification/data/n6_stream_enum.log	research/experiments/original-claims/output/data/n6_stream_enum.log	move	experiment output/input/log
research/verification/data/n6_stream_solve.log	research/experiments/original-claims/output/data/n6_stream_solve.log	move	experiment output/input/log
research/verification/data/n6_tstar_wft_exact.json	research/experiments/original-claims/output/data/n6_tstar_wft_exact.json	move	experiment output/input/log
research/verification/data/n7_stream.json	research/experiments/original-claims/output/data/n7_stream.json	move	experiment output/input/log
research/verification/data/n7_stream_enum.log	research/experiments/original-claims/output/data/n7_stream_enum.log	move	experiment output/input/log
research/verification/data/n7_stream_solve.log	research/experiments/original-claims/output/data/n7_stream_solve.log	move	experiment output/input/log
research/verification/data/n8_stream_enum.json	research/experiments/original-claims/output/data/n8_stream_enum.json	move	experiment output/input/log
research/verification/data/n8_stream_enum.log	research/experiments/original-claims/output/data/n8_stream_enum.log	move	experiment output/input/log
research/verification/data/r3_max_n6_k11.json	research/experiments/original-claims/output/data/r3_max_n6_k11.json	move	experiment output/input/log
research/verification/data/round5_forbidden_w5_m11.txt	research/experiments/original-claims/output/data/round5_forbidden_w5_m11.txt	move	experiment output/input/log
research/verification/data/round5_forbidden_w5_m12.txt	research/experiments/original-claims/output/data/round5_forbidden_w5_m12.txt	move	experiment output/input/log
research/verification/data/round5_forbidden_w5_m13.txt	research/experiments/original-claims/output/data/round5_forbidden_w5_m13.txt	move	experiment output/input/log
research/verification/data/round5_outcomes_cache.json	research/experiments/original-claims/output/data/round5_outcomes_cache.json	move	experiment output/input/log
research/verification/data/s8_exact.json	research/experiments/original-claims/output/data/s8_exact.json	move	experiment output/input/log
research/verification/data/x4_orig.json	research/experiments/original-claims/output/data/x4_orig.json	move	experiment output/input/log
research/verification/data/x4_stream.json	research/experiments/original-claims/output/data/x4_stream.json	move	experiment output/input/log
research/verification/data/x5_orig.json	research/experiments/original-claims/output/data/x5_orig.json	move	experiment output/input/log
research/verification/data/x5_stream.json	research/experiments/original-claims/output/data/x5_stream.json	move	experiment output/input/log
research/verification/data/xcheck_n6.json	research/experiments/original-claims/output/data/xcheck_n6.json	move	experiment output/input/log
research/verification/data/xcheck_n6.log	research/experiments/original-claims/output/data/xcheck_n6.log	move	experiment output/input/log
research/verification/game_structure_20261003_boards.json	research/experiments/game-structure/output/game_structure_20261003_boards.json	move	experiment output/input/log
research/verification/game_structure_20261003_complexes.json	research/experiments/game-structure/output/game_structure_20261003_complexes.json	move	experiment output/input/log
research/verification/game_structure_20261003_eight.json	research/experiments/game-structure/output/game_structure_20261003_eight.json	move	experiment output/input/log
research/verification/game_structure_20261003_nine_audit.json	research/experiments/game-structure/output/game_structure_20261003_nine_audit.json	move	experiment output/input/log
research/verification/game_structure_20261003_nine_center.json	research/experiments/game-structure/output/game_structure_20261003_nine_center.json	move	experiment output/input/log
research/verification/game_structure_20261003_nine_corner.json	research/experiments/game-structure/output/game_structure_20261003_nine_corner.json	move	experiment output/input/log
research/verification/game_structure_20261003_residuals.json	research/experiments/game-structure/output/game_structure_20261003_residuals.json	move	experiment output/input/log
research/verification/geometry_20261003_extended.json	research/experiments/geometry/output/geometry_20261003_extended.json	move	experiment output/input/log
research/verification/geometry_20261003_scale.json	research/experiments/geometry/output/geometry_20261003_scale.json	move	experiment output/input/log
research/verification/geometry_20261003_strip.json	research/experiments/geometry/output/geometry_20261003_strip.json	move	experiment output/input/log
research/verification/geometry_q6_exclusion_review.json	research/experiments/fixed-width/output/geometry_q6_exclusion_review.json	move	independent oracle for fixed-width q6 support exclusions
research/verification/knowledge-open-freshness-main-2026-10-04.json	research/archive/audits/knowledge-open-freshness-main-2026-10-04.json	move	historical hash audit
research/verification/knowledge-open-freshness-main-2026-10-04.md	research/experiments/original-claims/reports/knowledge-open-freshness-main-2026-10-04.md	move	dated result/proof primary source
research/verification/progress-integration-2026-09-28-audit.json	research/archive/audits/progress-integration-2026-09-28-audit.json	move	historical hash audit
research/verification/q2w_boundary_structure.json	research/experiments/fixed-width/output/q2w_boundary_structure.json	move	experiment output/input/log
research/verification/q34_audit.json	research/experiments/fixed-width/output/q34_audit.json	move	experiment output/input/log
research/verification/q34_exact_threshold.json	research/experiments/fixed-width/output/q34_exact_threshold.json	move	experiment output/input/log
research/verification/q34_exceptional_audit.json	research/experiments/fixed-width/output/q34_exceptional_audit.json	move	experiment output/input/log
research/verification/q34_exceptional_grundy.json	research/experiments/fixed-width/output/q34_exceptional_grundy.json	move	experiment output/input/log
research/verification/q35_audit.json	research/experiments/fixed-width/output/q35_audit.json	move	experiment output/input/log
research/verification/q35_boundary_census.json	research/experiments/fixed-width/output/q35_boundary_census.json	move	experiment output/input/log
research/verification/q35_exact_threshold.json	research/experiments/fixed-width/output/q35_exact_threshold.json	move	experiment output/input/log
research/verification/q35_full_grundy.json	research/experiments/fixed-width/output/q35_full_grundy.json	move	experiment output/input/log
research/verification/q36_audit.json	research/experiments/fixed-width/output/q36_audit.json	move	experiment output/input/log
research/verification/q36_full_grundy.json	research/experiments/fixed-width/output/q36_full_grundy.json	move	experiment output/input/log
research/verification/q46_pair_counterexamples.json	research/experiments/fixed-width/output/q46_pair_counterexamples.json	move	experiment output/input/log
research/verification/q46_pair_independent_bound.json	research/experiments/fixed-width/output/q46_pair_independent_bound.json	move	experiment output/input/log
research/verification/q46_pair_independent_star.json	research/experiments/fixed-width/output/q46_pair_independent_star.json	move	experiment output/input/log
research/verification/q46_pair_star_audit.json	research/experiments/fixed-width/output/q46_pair_star_audit.json	move	experiment output/input/log
research/verification/q46_pair_upper_bound.json	research/experiments/fixed-width/output/q46_pair_upper_bound.json	move	experiment output/input/log
research/verification/q48_boundary_nimbers.json	research/experiments/fixed-width/output/q48_boundary_nimbers.json	move	experiment output/input/log
research/verification/q48_exact_threshold.json	research/experiments/fixed-width/output/q48_exact_threshold.json	move	experiment output/input/log
research/verification/q48_nearby_q6_bounds.json	research/experiments/fixed-width/output/q48_nearby_q6_bounds.json	move	experiment output/input/log
research/verification/q48_nearby_q7_threshold.json	research/experiments/fixed-width/output/q48_nearby_q7_threshold.json	move	experiment output/input/log
research/verification/q48_odd_q_reflection.json	research/experiments/fixed-width/output/q48_odd_q_reflection.json	move	experiment output/input/log
research/verification/q48_pell_family.json	research/experiments/fixed-width/output/q48_pell_family.json	move	experiment output/input/log
research/verification/q48_q6_finite_exclusions.json	research/experiments/fixed-width/output/q48_q6_finite_exclusions.json	move	experiment output/input/log
research/verification/q5_w3_stabilization.json	research/experiments/fixed-width/output/q5_w3_stabilization.json	move	experiment output/input/log
research/verification/q6_w3_exact_threshold.json	research/experiments/fixed-width/output/q6_w3_exact_threshold.json	move	experiment output/input/log
research/verification/q_point_fixed_width.json	research/experiments/fixed-width/output/q_point_fixed_width.json	move	experiment output/input/log
research/verification/round10-circle-denominator.md	research/experiments/original-claims/reports/round10-circle-denominator.md	move	dated result/proof primary source
research/verification/round10-small-saturation.md	research/experiments/original-claims/reports/round10-small-saturation.md	move	dated result/proof primary source
research/verification/round10_circle_denominator.json	research/experiments/original-claims/output/round10_circle_denominator.json	move	experiment output/input/log
research/verification/round10_small_saturation.json	research/experiments/original-claims/output/round10_small_saturation.json	move	experiment output/input/log
research/verification/round11-circle-records.md	research/experiments/original-claims/reports/round11-circle-records.md	move	dated result/proof primary source
research/verification/round11-residue-orbits.md	research/experiments/original-claims/reports/round11-residue-orbits.md	move	dated result/proof primary source
research/verification/round11_circle_records.json	research/experiments/original-claims/output/round11_circle_records.json	move	experiment output/input/log
research/verification/round12-b454-counterexample.md	research/experiments/original-claims/reports/round12-b454-counterexample.md	move	dated result/proof primary source
research/verification/round12-q11-counts.md	research/experiments/original-claims/reports/round12-q11-counts.md	move	dated result/proof primary source
research/verification/round12_circle_bbox_verification.json	research/experiments/original-claims/output/round12_circle_bbox_verification.json	move	experiment output/input/log
research/verification/round12_circle_bbox_w161_power2.json	research/experiments/original-claims/output/round12_circle_bbox_w161_power2.json	move	experiment output/input/log
research/verification/round12_circle_bbox_w32.json	research/experiments/original-claims/output/round12_circle_bbox_w32.json	move	experiment output/input/log
research/verification/round12_circle_bbox_w64.json	research/experiments/original-claims/output/round12_circle_bbox_w64.json	move	experiment output/input/log
research/verification/round12_circle_candidates.json	research/experiments/original-claims/output/round12_circle_candidates.json	move	experiment output/input/log
research/verification/round12_q11_counts.json	research/experiments/original-claims/output/round12_q11_counts.json	move	experiment output/input/log
research/verification/round13-four-point-circles.md	research/experiments/original-claims/reports/round13-four-point-circles.md	move	dated result/proof primary source
research/verification/round13-poisson-limit.md	research/experiments/original-claims/reports/round13-poisson-limit.md	move	dated result/proof primary source
research/verification/round13_asymptotic_checks.json	research/experiments/original-claims/output/round13_asymptotic_checks.json	move	experiment output/input/log
research/verification/round14-rare-bundles.md	research/experiments/original-claims/reports/round14-rare-bundles.md	move	dated result/proof primary source
research/verification/round14-safety-correction.md	research/experiments/original-claims/reports/round14-safety-correction.md	move	dated result/proof primary source
research/verification/round14_safety_correction.json	research/experiments/original-claims/output/round14_safety_correction.json	move	experiment output/input/log
research/verification/round15-standard-chord.md	research/experiments/original-claims/reports/round15-standard-chord.md	move	dated result/proof primary source
research/verification/round15-trapezoid-denominators.md	research/experiments/original-claims/reports/round15-trapezoid-denominators.md	move	dated result/proof primary source
research/verification/round15_standard_chord.json	research/experiments/original-claims/output/round15_standard_chord.json	move	experiment output/input/log
research/verification/round16-dilation-exterior.md	research/experiments/original-claims/reports/round16-dilation-exterior.md	move	dated result/proof primary source
research/verification/round16-first-appearance.md	research/experiments/original-claims/reports/round16-first-appearance.md	move	dated result/proof primary source
research/verification/round16_first_appearance.json	research/experiments/original-claims/output/round16_first_appearance.json	move	experiment output/input/log
research/verification/round17-b089-bounded-degree.md	research/experiments/original-claims/reports/round17-b089-bounded-degree.md	move	dated result/proof primary source
research/verification/round17-original-scope-audit.md	research/experiments/original-claims/reports/round17-original-scope-audit.md	move	dated result/proof primary source
research/verification/round17_b089_curves.json	research/experiments/original-claims/output/round17_b089_curves.json	move	experiment output/input/log
research/verification/round18-competition-stars.md	research/experiments/original-claims/reports/round18-competition-stars.md	move	dated result/proof primary source
research/verification/round18-equal-passes.md	research/experiments/original-claims/reports/round18-equal-passes.md	move	dated result/proof primary source
research/verification/round18-pair-synergy.md	research/experiments/original-claims/reports/round18-pair-synergy.md	move	dated result/proof primary source
research/verification/round18_local_geometry.json	research/experiments/original-claims/output/round18_local_geometry.json	move	experiment output/input/log
research/verification/round19-b063-stone-hierarchy.md	research/experiments/original-claims/reports/round19-b063-stone-hierarchy.md	move	dated result/proof primary source
research/verification/round19-rule-removal-audit.md	research/experiments/original-claims/reports/round19-rule-removal-audit.md	move	dated result/proof primary source
research/verification/round19_b063_hierarchy.json	research/experiments/original-claims/output/round19_b063_hierarchy.json	move	experiment output/input/log
research/verification/round19_rule_certificates.json	research/experiments/original-claims/output/round19_rule_certificates.json	move	experiment output/input/log
research/verification/round19_rule_pair_lower.json	research/experiments/original-claims/output/round19_rule_pair_lower.json	move	experiment output/input/log
research/verification/round2-SUMMARY.md	research/archive/claim-audit-history/round2-SUMMARY.md	move	superseded plan or synthesis
research/verification/round2-batch-b301.md	research/experiments/original-claims/reports/round2-batch-b301.md	move	dated result/proof primary source
research/verification/round2-batch-b321.md	research/experiments/original-claims/reports/round2-batch-b321.md	move	dated result/proof primary source
research/verification/round2-batch-b351.md	research/experiments/original-claims/reports/round2-batch-b351.md	move	dated result/proof primary source
research/verification/round2-batch-b381.md	research/experiments/original-claims/reports/round2-batch-b381.md	move	dated result/proof primary source
research/verification/round2-batch-b411.md	research/experiments/original-claims/reports/round2-batch-b411.md	move	dated result/proof primary source
research/verification/round2-batch-b441.md	research/experiments/original-claims/reports/round2-batch-b441.md	move	dated result/proof primary source
research/verification/round2-batch-b471.md	research/experiments/original-claims/reports/round2-batch-b471.md	move	dated result/proof primary source
research/verification/round2-batch-b501.md	research/experiments/original-claims/reports/round2-batch-b501.md	move	dated result/proof primary source
research/verification/round2-batch-b531.md	research/experiments/original-claims/reports/round2-batch-b531.md	move	dated result/proof primary source
research/verification/round2-batch-b561.md	research/experiments/original-claims/reports/round2-batch-b561.md	move	dated result/proof primary source
research/verification/round2-batch-b591.md	research/experiments/original-claims/reports/round2-batch-b591.md	move	dated result/proof primary source
research/verification/round20-b255-maximum-preserving-flip.md	research/experiments/original-claims/reports/round20-b255-maximum-preserving-flip.md	move	dated result/proof primary source
research/verification/round20_b224_geometry.json	research/experiments/original-claims/output/round20_b224_geometry.json	move	experiment output/input/log
research/verification/round20_b224_input.txt	research/experiments/original-claims/output/round20_b224_input.txt	move	experiment output/input/log
research/verification/round20_b224_orbit_search.json	research/experiments/original-claims/output/round20_b224_orbit_search.json	move	experiment output/input/log
research/verification/round20_b224_search.json	research/experiments/original-claims/output/round20_b224_search.json	move	experiment output/input/log
research/verification/round20_b255_n5.json	research/experiments/original-claims/output/round20_b255_n5.json	move	experiment output/input/log
research/verification/round20_b255_verified.json	research/experiments/original-claims/output/round20_b255_verified.json	move	experiment output/input/log
research/verification/round21-b224-ten-curves.md	research/experiments/original-claims/reports/round21-b224-ten-curves.md	move	dated result/proof primary source
research/verification/round21_b224_initial_ids.txt	research/experiments/original-claims/output/round21_b224_initial_ids.txt	move	experiment output/input/log
research/verification/round21_b224_resume_ids.txt	research/experiments/original-claims/output/round21_b224_resume_ids.txt	move	experiment output/input/log
research/verification/round21_b224_search.json	research/experiments/original-claims/output/round21_b224_search.json	move	experiment output/input/log
research/verification/round21_b224_search_final.json	research/experiments/original-claims/output/round21_b224_search_final.json	move	experiment output/input/log
research/verification/round21_b224_verified.json	research/experiments/original-claims/output/round21_b224_verified.json	move	experiment output/input/log
research/verification/round21_b224_witness.json	research/experiments/original-claims/output/round21_b224_witness.json	move	experiment output/input/log
research/verification/round22-b228-circle-thresholds.md	research/experiments/original-claims/reports/round22-b228-circle-thresholds.md	move	dated result/proof primary source
research/verification/round22-b252-one-circle-versus-scattered.md	research/experiments/original-claims/reports/round22-b252-one-circle-versus-scattered.md	move	dated result/proof primary source
research/verification/round22_b228_verified.json	research/experiments/original-claims/output/round22_b228_verified.json	move	experiment output/input/log
research/verification/round22_b252_n4_all_cases.json	research/experiments/original-claims/output/round22_b252_n4_all_cases.json	move	experiment output/input/log
research/verification/round22_b252_n4_all_geometry.json	research/experiments/original-claims/output/round22_b252_n4_all_geometry.json	move	experiment output/input/log
research/verification/round22_b252_n4_all_input.txt	research/experiments/original-claims/output/round22_b252_n4_all_input.txt	move	experiment output/input/log
research/verification/round22_b252_n4_all_scan.json	research/experiments/original-claims/output/round22_b252_n4_all_scan.json	move	experiment output/input/log
research/verification/round22_b252_n5_all_cases.json	research/experiments/original-claims/output/round22_b252_n5_all_cases.json	move	experiment output/input/log
research/verification/round22_b252_n5_all_geometry.json	research/experiments/original-claims/output/round22_b252_n5_all_geometry.json	move	experiment output/input/log
research/verification/round22_b252_n5_all_input.txt	research/experiments/original-claims/output/round22_b252_n5_all_input.txt	move	experiment output/input/log
research/verification/round22_b252_n5_all_scan.json	research/experiments/original-claims/output/round22_b252_n5_all_scan.json	move	experiment output/input/log
research/verification/round22_b252_n6_all_cases.json	research/experiments/original-claims/output/round22_b252_n6_all_cases.json	move	experiment output/input/log
research/verification/round22_b252_n6_all_geometry.json	research/experiments/original-claims/output/round22_b252_n6_all_geometry.json	move	experiment output/input/log
research/verification/round22_b252_n6_all_input.txt	research/experiments/original-claims/output/round22_b252_n6_all_input.txt	move	experiment output/input/log
research/verification/round22_b252_n6_all_scan.json	research/experiments/original-claims/output/round22_b252_n6_all_scan.json	move	experiment output/input/log
research/verification/round22_b252_n7_cases.json	research/experiments/original-claims/output/round22_b252_n7_cases.json	move	experiment output/input/log
research/verification/round22_b252_n7_geometry.json	research/experiments/original-claims/output/round22_b252_n7_geometry.json	move	experiment output/input/log
research/verification/round22_b252_n7_input.txt	research/experiments/original-claims/output/round22_b252_n7_input.txt	move	experiment output/input/log
research/verification/round22_b252_n7_scan.json	research/experiments/original-claims/output/round22_b252_n7_scan.json	move	experiment output/input/log
research/verification/round22_b252_scattered_cases.json	research/experiments/original-claims/output/round22_b252_scattered_cases.json	move	experiment output/input/log
research/verification/round22_b252_scattered_input.txt	research/experiments/original-claims/output/round22_b252_scattered_input.txt	move	experiment output/input/log
research/verification/round22_b252_scattered_scan.json	research/experiments/original-claims/output/round22_b252_scattered_scan.json	move	experiment output/input/log
research/verification/round22_b252_verified.json	research/experiments/original-claims/output/round22_b252_verified.json	move	experiment output/input/log
research/verification/round22_manifest.json	research/experiments/original-claims/output/round22_manifest.json	move	experiment output/input/log
research/verification/round22_rule_inputs_metadata.json	research/experiments/original-claims/output/round22_rule_inputs_metadata.json	move	experiment output/input/log
research/verification/round22_rules_cases.json	research/experiments/original-claims/output/round22_rules_cases.json	move	experiment output/input/log
research/verification/round22_rules_input.txt	research/experiments/original-claims/output/round22_rules_input.txt	move	experiment output/input/log
research/verification/round22_rules_scan.json	research/experiments/original-claims/output/round22_rules_scan.json	move	experiment output/input/log
research/verification/round23-b251-six-by-six-exclusion.md	research/experiments/original-claims/reports/round23-b251-six-by-six-exclusion.md	move	dated result/proof primary source
research/verification/round23-b256-symmetric-minimum.md	research/experiments/original-claims/reports/round23-b256-symmetric-minimum.md	move	dated result/proof primary source
research/verification/round23_b251_n6_audited.json	research/experiments/original-claims/output/round23_b251_n6_audited.json	move	experiment output/input/log
research/verification/round23_b251_n6_geometry.json	research/experiments/original-claims/output/round23_b251_n6_geometry.json	move	experiment output/input/log
research/verification/round23_b251_n6_incremental.json	research/experiments/original-claims/output/round23_b251_n6_incremental.json	move	experiment output/input/log
research/verification/round23_b251_n6_input.txt	research/experiments/original-claims/output/round23_b251_n6_input.txt	move	experiment output/input/log
research/verification/round23_b251_n6_scan.json	research/experiments/original-claims/output/round23_b251_n6_scan.json	move	experiment output/input/log
research/verification/round23_minimum_family_verified.json	research/experiments/original-claims/output/round23_minimum_family_verified.json	move	experiment output/input/log
research/verification/round24-circular-cubic-multiple-cover.md	research/experiments/original-claims/reports/round24-circular-cubic-multiple-cover.md	move	dated result/proof primary source
research/verification/round24_circular_cubic_verified.json	research/experiments/original-claims/output/round24_circular_cubic_verified.json	move	experiment output/input/log
research/verification/round25-forced-length-holes.md	research/experiments/original-claims/reports/round25-forced-length-holes.md	move	dated result/proof primary source
research/verification/round25_forced_n2.json	research/experiments/original-claims/output/round25_forced_n2.json	move	experiment output/input/log
research/verification/round25_forced_n2_input.txt	research/experiments/original-claims/output/round25_forced_n2_input.txt	move	experiment output/input/log
research/verification/round25_forced_n3.json	research/experiments/original-claims/output/round25_forced_n3.json	move	experiment output/input/log
research/verification/round25_forced_n3_input.txt	research/experiments/original-claims/output/round25_forced_n3_input.txt	move	experiment output/input/log
research/verification/round25_forced_n4.json	research/experiments/original-claims/output/round25_forced_n4.json	move	experiment output/input/log
research/verification/round25_forced_n4_input.txt	research/experiments/original-claims/output/round25_forced_n4_input.txt	move	experiment output/input/log
research/verification/round25_forced_n5.json	research/experiments/original-claims/output/round25_forced_n5.json	move	experiment output/input/log
research/verification/round25_forced_n5_input.txt	research/experiments/original-claims/output/round25_forced_n5_input.txt	move	experiment output/input/log
research/verification/round25_forced_n6.json	research/experiments/original-claims/output/round25_forced_n6.json	move	experiment output/input/log
research/verification/round25_forced_verified.json	research/experiments/original-claims/output/round25_forced_verified.json	move	experiment output/input/log
research/verification/round26-original-scope-index.md	research/experiments/original-claims/reports/round26-original-scope-index.md	move	dated result/proof primary source
research/verification/round26_original_scope_index.json	research/experiments/original-claims/output/round26_original_scope_index.json	move	experiment output/input/log
research/verification/round27-fixed-response-audit.md	research/experiments/original-claims/reports/round27-fixed-response-audit.md	move	dated result/proof primary source
research/verification/round27_pairing_audited.json	research/experiments/original-claims/output/round27_pairing_audited.json	move	experiment output/input/log
research/verification/round27_pairing_failures.bin	research/experiments/original-claims/output/round27_pairing_failures.bin	move	experiment output/input/log
research/verification/round27_pairing_verified.json	research/experiments/original-claims/output/round27_pairing_verified.json	move	experiment output/input/log
research/verification/round27_response_graphs.json	research/experiments/original-claims/output/round27_response_graphs.json	move	experiment output/input/log
research/verification/round28-seven-board-original-verdicts.md	research/experiments/original-claims/reports/round28-seven-board-original-verdicts.md	move	dated result/proof primary source
research/verification/round28_n4_enum.json	research/experiments/original-claims/output/round28_n4_enum.json	move	experiment output/input/log
research/verification/round28_n4_independent.json	research/experiments/original-claims/output/round28_n4_independent.json	move	experiment output/input/log
research/verification/round28_n4_layers.json	research/experiments/original-claims/output/round28_n4_layers.json	move	experiment output/input/log
research/verification/round28_n4_quads.txt	research/experiments/original-claims/output/round28_n4_quads.txt	move	experiment output/input/log
research/verification/round28_n7_audited.json	research/experiments/original-claims/output/round28_n7_audited.json	move	experiment output/input/log
research/verification/round28_n7_enum.json	research/experiments/original-claims/output/round28_n7_enum.json	move	experiment output/input/log
research/verification/round28_n7_independent.json	research/experiments/original-claims/output/round28_n7_independent.json	move	experiment output/input/log
research/verification/round28_n7_layers.json	research/experiments/original-claims/output/round28_n7_layers.json	move	experiment output/input/log
research/verification/round28_n7_quads.txt	research/experiments/original-claims/output/round28_n7_quads.txt	move	experiment output/input/log
research/verification/round29-fault-witness-audit.md	research/experiments/original-claims/reports/round29-fault-witness-audit.md	move	dated result/proof primary source
research/verification/round29_fault_witnesses.json	research/experiments/original-claims/output/round29_fault_witnesses.json	move	experiment output/input/log
research/verification/round2_b301.json	research/experiments/original-claims/output/round2_b301.json	move	experiment output/input/log
research/verification/round2_b321.json	research/experiments/original-claims/output/round2_b321.json	move	experiment output/input/log
research/verification/round2_b351.json	research/experiments/original-claims/output/round2_b351.json	move	experiment output/input/log
research/verification/round2_b381.json	research/experiments/original-claims/output/round2_b381.json	move	experiment output/input/log
research/verification/round2_b411.json	research/experiments/original-claims/output/round2_b411.json	move	experiment output/input/log
research/verification/round2_b431_lp_exact.json	research/experiments/original-claims/output/round2_b431_lp_exact.json	move	experiment output/input/log
research/verification/round2_b441.json	research/experiments/original-claims/output/round2_b441.json	move	experiment output/input/log
research/verification/round2_b471.json	research/experiments/original-claims/output/round2_b471.json	move	experiment output/input/log
research/verification/round2_b501.json	research/experiments/original-claims/output/round2_b501.json	move	experiment output/input/log
research/verification/round2_b531.json	research/experiments/original-claims/output/round2_b531.json	move	experiment output/input/log
research/verification/round2_b561.json	research/experiments/original-claims/output/round2_b561.json	move	experiment output/input/log
research/verification/round2_b591.json	research/experiments/original-claims/output/round2_b591.json	move	experiment output/input/log
research/verification/round3-SUMMARY.md	research/archive/claim-audit-history/round3-SUMMARY.md	move	superseded plan or synthesis
research/verification/round3-batch-b050-b366.md	research/experiments/original-claims/reports/round3-batch-b050-b366.md	move	dated result/proof primary source
research/verification/round3-batch-b092-b127.md	research/experiments/original-claims/reports/round3-batch-b092-b127.md	move	dated result/proof primary source
research/verification/round3-batch-b168-b227.md	research/experiments/original-claims/reports/round3-batch-b168-b227.md	move	dated result/proof primary source
research/verification/round3-batch-b228-b280.md	research/experiments/original-claims/reports/round3-batch-b228-b280.md	move	dated result/proof primary source
research/verification/round3-batch-b291-b360.md	research/experiments/original-claims/reports/round3-batch-b291-b360.md	move	dated result/proof primary source
research/verification/round3-batch-b371-b380.md	research/experiments/original-claims/reports/round3-batch-b371-b380.md	move	dated result/proof primary source
research/verification/round3-batch-b429-b530.md	research/experiments/original-claims/reports/round3-batch-b429-b530.md	move	dated result/proof primary source
research/verification/round3-batch-b431-b434-push2.md	research/experiments/original-claims/reports/round3-batch-b431-b434-push2.md	move	dated result/proof primary source
research/verification/round3-batch-b431-b434.md	research/experiments/original-claims/reports/round3-batch-b431-b434.md	move	dated result/proof primary source
research/verification/round3-batch-b451-b457.md	research/experiments/original-claims/reports/round3-batch-b451-b457.md	move	dated result/proof primary source
research/verification/round3-batch-b475-b476-push2.md	research/experiments/original-claims/reports/round3-batch-b475-b476-push2.md	move	dated result/proof primary source
research/verification/round3-batch-b501-b502-push2.md	research/experiments/original-claims/reports/round3-batch-b501-b502-push2.md	move	dated result/proof primary source
research/verification/round3-batch-b501-b502.md	research/experiments/original-claims/reports/round3-batch-b501-b502.md	move	dated result/proof primary source
research/verification/round3-batch-b502-n6.md	research/experiments/original-claims/reports/round3-batch-b502-n6.md	move	dated result/proof primary source
research/verification/round3-batch-b542-b560.md	research/experiments/original-claims/reports/round3-batch-b542-b560.md	move	dated result/proof primary source
research/verification/round3-batch-b591-b592.md	research/experiments/original-claims/reports/round3-batch-b591-b592.md	move	dated result/proof primary source
research/verification/round3-batch-chunk8.md	research/experiments/original-claims/reports/round3-batch-chunk8.md	move	dated result/proof primary source
research/verification/round3-batch-grp1.md	research/experiments/original-claims/reports/round3-batch-grp1.md	move	dated result/proof primary source
research/verification/round3-batch-grp2.md	research/experiments/original-claims/reports/round3-batch-grp2.md	move	dated result/proof primary source
research/verification/round3-batch-grp3-b.md	research/experiments/original-claims/reports/round3-batch-grp3-b.md	move	dated result/proof primary source
research/verification/round3-batch-grp3.md	research/experiments/original-claims/reports/round3-batch-grp3.md	move	dated result/proof primary source
research/verification/round3-batch-grp4.md	research/experiments/original-claims/reports/round3-batch-grp4.md	move	dated result/proof primary source
research/verification/round3-batch-grp5.md	research/experiments/original-claims/reports/round3-batch-grp5.md	move	dated result/proof primary source
research/verification/round3-batch-grp6.md	research/experiments/original-claims/reports/round3-batch-grp6.md	move	dated result/proof primary source
research/verification/round3-batch-grp7.md	research/experiments/original-claims/reports/round3-batch-grp7.md	move	dated result/proof primary source
research/verification/round3-batch-grp8.md	research/experiments/original-claims/reports/round3-batch-grp8.md	move	dated result/proof primary source
research/verification/round3-batch-grp9.md	research/experiments/original-claims/reports/round3-batch-grp9.md	move	dated result/proof primary source
research/verification/round3-batch-push2.md	research/experiments/original-claims/reports/round3-batch-push2.md	move	dated result/proof primary source
research/verification/round3-status-raw.txt	research/experiments/original-claims/output/round3-status-raw.txt	move	experiment output/input/log
research/verification/round30-ceiling-orbit-finite-audit.md	research/experiments/original-claims/reports/round30-ceiling-orbit-finite-audit.md	move	dated result/proof primary source
research/verification/round30_ceiling_audited.json	research/experiments/original-claims/output/round30_ceiling_audited.json	move	experiment output/input/log
research/verification/round30_n4_ceiling.json	research/experiments/original-claims/output/round30_n4_ceiling.json	move	experiment output/input/log
research/verification/round30_n7_ceiling.json	research/experiments/original-claims/output/round30_n7_ceiling.json	move	experiment output/input/log
research/verification/round31-b047-odd-cycle-counterexample.md	research/experiments/original-claims/reports/round31-b047-odd-cycle-counterexample.md	move	dated result/proof primary source
research/verification/round31_b047_odd_cycle.json	research/experiments/original-claims/output/round31_b047_odd_cycle.json	move	experiment output/input/log
research/verification/round32-b251-seven-board-exclusion.md	research/experiments/original-claims/reports/round32-b251-seven-board-exclusion.md	move	dated result/proof primary source
research/verification/round32_b251_n7_audited.json	research/experiments/original-claims/output/round32_b251_n7_audited.json	move	experiment output/input/log
research/verification/round32_b251_n7_budget_probe.json	research/experiments/original-claims/output/round32_b251_n7_budget_probe.json	move	experiment output/input/log
research/verification/round32_b251_n7_curves.json	research/experiments/original-claims/output/round32_b251_n7_curves.json	move	experiment output/input/log
research/verification/round32_b251_n7_geometry.json	research/experiments/original-claims/output/round32_b251_n7_geometry.json	move	experiment output/input/log
research/verification/round32_b251_n7_input.txt	research/experiments/original-claims/output/round32_b251_n7_input.txt	move	experiment output/input/log
research/verification/round32_b251_n7_scan.json	research/experiments/original-claims/output/round32_b251_n7_scan.json	move	experiment output/input/log
research/verification/round32_standard_pn_verified.json	research/experiments/original-claims/output/round32_standard_pn_verified.json	move	experiment output/input/log
research/verification/round33-b343-single-triple-switch.md	research/experiments/original-claims/reports/round33-b343-single-triple-switch.md	move	dated result/proof primary source
research/verification/round33_b343_n3_single.json	research/experiments/original-claims/output/round33_b343_n3_single.json	move	experiment output/input/log
research/verification/round33_b343_n4_single.json	research/experiments/original-claims/output/round33_b343_n4_single.json	move	experiment output/input/log
research/verification/round33_b343_n4_sole.json	research/experiments/original-claims/output/round33_b343_n4_sole.json	move	experiment output/input/log
research/verification/round33_b343_n5_sole.json	research/experiments/original-claims/output/round33_b343_n5_sole.json	move	experiment output/input/log
research/verification/round33_b343_n6_sole.json	research/experiments/original-claims/output/round33_b343_n6_sole.json	move	experiment output/input/log
research/verification/round33_b343_verified.json	research/experiments/original-claims/output/round33_b343_verified.json	move	experiment output/input/log
research/verification/round34-b067-induced-seven-cycle.md	research/experiments/original-claims/reports/round34-b067-induced-seven-cycle.md	move	dated result/proof primary source
research/verification/round34-b068-cospectral-opposite-games.md	research/experiments/original-claims/reports/round34-b068-cospectral-opposite-games.md	move	dated result/proof primary source
research/verification/round34_b067_verified.json	research/experiments/original-claims/output/round34_b067_verified.json	move	experiment output/input/log
research/verification/round34_b068_n5_search.json	research/experiments/original-claims/output/round34_b068_n5_search.json	move	experiment output/input/log
research/verification/round34_b068_n6_search.json	research/experiments/original-claims/output/round34_b068_n6_search.json	move	experiment output/input/log
research/verification/round34_b068_verified.json	research/experiments/original-claims/output/round34_b068_verified.json	move	experiment output/input/log
research/verification/round35-empty-intersection-minimum.md	research/experiments/original-claims/reports/round35-empty-intersection-minimum.md	move	dated result/proof primary source
research/verification/round35_empty_intersection_search.json	research/experiments/original-claims/output/round35_empty_intersection_search.json	move	experiment output/input/log
research/verification/round35_minimum_family_verified.json	research/experiments/original-claims/output/round35_minimum_family_verified.json	move	experiment output/input/log
research/verification/round36-random-original-witness-audit.md	research/experiments/original-claims/reports/round36-random-original-witness-audit.md	move	dated result/proof primary source
research/verification/round36_random_witnesses_verified.json	research/experiments/original-claims/output/round36_random_witnesses_verified.json	move	experiment output/input/log
research/verification/round37-residual-original-witness-audit.md	research/experiments/original-claims/reports/round37-residual-original-witness-audit.md	move	dated result/proof primary source
research/verification/round37_residual_witnesses_verified.json	research/experiments/original-claims/output/round37_residual_witnesses_verified.json	move	experiment output/input/log
research/verification/round38-b345-sole-triple-clique-counterexample.md	research/experiments/original-claims/reports/round38-b345-sole-triple-clique-counterexample.md	move	dated result/proof primary source
research/verification/round38_b345_n4_search.json	research/experiments/original-claims/output/round38_b345_n4_search.json	move	experiment output/input/log
research/verification/round38_b345_n5_search.json	research/experiments/original-claims/output/round38_b345_n5_search.json	move	experiment output/input/log
research/verification/round38_b345_n6_search.json	research/experiments/original-claims/output/round38_b345_n6_search.json	move	experiment output/input/log
research/verification/round38_b345_verified.json	research/experiments/original-claims/output/round38_b345_verified.json	move	experiment output/input/log
research/verification/round39-b065-seven-board-exclusion.md	research/experiments/original-claims/reports/round39-b065-seven-board-exclusion.md	move	dated result/proof primary source
research/verification/round39_empty_pair_audited.json	research/experiments/original-claims/output/round39_empty_pair_audited.json	move	experiment output/input/log
research/verification/round39_empty_pair_n4_curves.json	research/experiments/original-claims/output/round39_empty_pair_n4_curves.json	move	experiment output/input/log
research/verification/round39_empty_pair_n4_search.json	research/experiments/original-claims/output/round39_empty_pair_n4_search.json	move	experiment output/input/log
research/verification/round39_empty_pair_n5_curves.json	research/experiments/original-claims/output/round39_empty_pair_n5_curves.json	move	experiment output/input/log
research/verification/round39_empty_pair_n5_search.json	research/experiments/original-claims/output/round39_empty_pair_n5_search.json	move	experiment output/input/log
research/verification/round39_empty_pair_n6_curves.json	research/experiments/original-claims/output/round39_empty_pair_n6_curves.json	move	experiment output/input/log
research/verification/round39_empty_pair_n6_search.json	research/experiments/original-claims/output/round39_empty_pair_n6_search.json	move	experiment output/input/log
research/verification/round39_empty_pair_n7_curves.json	research/experiments/original-claims/output/round39_empty_pair_n7_curves.json	move	experiment output/input/log
research/verification/round39_empty_pair_n7_search.json	research/experiments/original-claims/output/round39_empty_pair_n7_search.json	move	experiment output/input/log
research/verification/round39_n4_input.txt	research/experiments/original-claims/output/round39_n4_input.txt	move	experiment output/input/log
research/verification/round39_n5_enum.json	research/experiments/original-claims/output/round39_n5_enum.json	move	experiment output/input/log
research/verification/round39_n5_input.txt	research/experiments/original-claims/output/round39_n5_input.txt	move	experiment output/input/log
research/verification/round39_n6_enum.json	research/experiments/original-claims/output/round39_n6_enum.json	move	experiment output/input/log
research/verification/round39_n6_input.txt	research/experiments/original-claims/output/round39_n6_input.txt	move	experiment output/input/log
research/verification/round39_n7_input.txt	research/experiments/original-claims/output/round39_n7_input.txt	move	experiment output/input/log
research/verification/round3_M8_pool.bin	research/experiments/original-claims/output/round3_M8_pool.bin	move	experiment output/input/log
research/verification/round3_b431_ilp.json	research/experiments/original-claims/output/round3_b431_ilp.json	move	experiment output/input/log
research/verification/round3_b451_analysis_run.log	research/experiments/original-claims/output/round3_b451_analysis_run.log	move	experiment output/input/log
research/verification/round3_b451_b457_derived.json	research/experiments/original-claims/output/round3_b451_b457_derived.json	move	experiment output/input/log
research/verification/round3_b451_census.json	research/experiments/original-claims/output/round3_b451_census.json	move	experiment output/input/log
research/verification/round3_b451_census_run.log	research/experiments/original-claims/output/round3_b451_census_run.log	move	experiment output/input/log
research/verification/round3_b475_mn.json	research/experiments/original-claims/output/round3_b475_mn.json	move	experiment output/input/log
research/verification/round3_b501_pgrand_n5.json	research/experiments/original-claims/output/round3_b501_pgrand_n5.json	move	experiment output/input/log
research/verification/round3_b501_pgrand_n5b.json	research/experiments/original-claims/output/round3_b501_pgrand_n5b.json	move	experiment output/input/log
research/verification/round3_b502_pgrand_n6.json	research/experiments/original-claims/output/round3_b502_pgrand_n6.json	move	experiment output/input/log
research/verification/round3_b591_b592.json	research/experiments/original-claims/output/round3_b591_b592.json	move	experiment output/input/log
research/verification/round3_chunk2_sat.log	research/experiments/original-claims/output/round3_chunk2_sat.log	move	experiment output/input/log
research/verification/round3_chunk2_saturation.json	research/experiments/original-claims/output/round3_chunk2_saturation.json	move	experiment output/input/log
research/verification/round3_chunk4_A1.json	research/experiments/original-claims/output/round3_chunk4_A1.json	move	experiment output/input/log
research/verification/round3_chunk4_selfcheck.json	research/experiments/original-claims/output/round3_chunk4_selfcheck.json	move	experiment output/input/log
research/verification/round3_chunk5_sharp.json	research/experiments/original-claims/output/round3_chunk5_sharp.json	move	experiment output/input/log
research/verification/round3_chunk5_sharp_n5.json	research/experiments/original-claims/output/round3_chunk5_sharp_n5.json	move	experiment output/input/log
research/verification/round3_chunk5_verify.json	research/experiments/original-claims/output/round3_chunk5_verify.json	move	experiment output/input/log
research/verification/round3_chunk5_verify_n5.json	research/experiments/original-claims/output/round3_chunk5_verify_n5.json	move	experiment output/input/log
research/verification/round3_chunk6_cover.json	research/experiments/original-claims/output/round3_chunk6_cover.json	move	experiment output/input/log
research/verification/round3_chunk6_residual.json	research/experiments/original-claims/output/round3_chunk6_residual.json	move	experiment output/input/log
research/verification/round3_chunk6_wft.json	research/experiments/original-claims/output/round3_chunk6_wft.json	move	experiment output/input/log
research/verification/round3_chunk8_tworow.json	research/experiments/original-claims/output/round3_chunk8_tworow.json	move	experiment output/input/log
research/verification/round3_master.json	research/experiments/original-claims/output/round3_master.json	move	experiment output/input/log
research/verification/round3_unresolved.json	research/experiments/original-claims/output/round3_unresolved.json	move	experiment output/input/log
research/verification/round4-SUMMARY.md	research/archive/claim-audit-history/round4-SUMMARY.md	move	superseded plan or synthesis
research/verification/round4-ap-construction.md	research/experiments/original-claims/reports/round4-ap-construction.md	move	dated result/proof primary source
research/verification/round4-b092b-notes.md	research/experiments/original-claims/reports/round4-b092b-notes.md	move	dated result/proof primary source
research/verification/round4-batch-b002-b091.md	research/experiments/original-claims/reports/round4-batch-b002-b091.md	move	dated result/proof primary source
research/verification/round4-batch-b092-b127.md	research/experiments/original-claims/reports/round4-batch-b092-b127.md	move	dated result/proof primary source
research/verification/round4-batch-b168-b227.md	research/experiments/original-claims/reports/round4-batch-b168-b227.md	move	dated result/proof primary source
research/verification/round4-batch-b228-b290.md	research/experiments/original-claims/reports/round4-batch-b228-b290.md	move	dated result/proof primary source
research/verification/round4-batch-b291-b360.md	research/experiments/original-claims/reports/round4-batch-b291-b360.md	move	dated result/proof primary source
research/verification/round4-batch-b371-b380.md	research/experiments/original-claims/reports/round4-batch-b371-b380.md	move	dated result/proof primary source
research/verification/round4-batch-b400-b600.md	research/experiments/original-claims/reports/round4-batch-b400-b600.md	move	dated result/proof primary source
research/verification/round4-batch-b501-b502.md	research/experiments/original-claims/reports/round4-batch-b501-b502.md	move	dated result/proof primary source
research/verification/round4-batch-b536-b600.md	research/experiments/original-claims/reports/round4-batch-b536-b600.md	move	dated result/proof primary source
research/verification/round4-batch-b591-b599.md	research/experiments/original-claims/reports/round4-batch-b591-b599.md	move	dated result/proof primary source
research/verification/round4-circle-windows.md	research/experiments/original-claims/reports/round4-circle-windows.md	move	dated result/proof primary source
research/verification/round4-collinear-asymptotic.md	research/experiments/original-claims/reports/round4-collinear-asymptotic.md	move	dated result/proof primary source
research/verification/round4-fixed-width.md	research/experiments/original-claims/reports/round4-fixed-width.md	move	dated result/proof primary source
research/verification/round4-n8-feasibility.md	research/experiments/original-claims/reports/round4-n8-feasibility.md	move	dated result/proof primary source
research/verification/round4-two-row-order-strategy.md	research/experiments/original-claims/reports/round4-two-row-order-strategy.md	move	dated result/proof primary source
research/verification/round40-b349-minimum-four-edge-classification.md	research/experiments/original-claims/reports/round40-b349-minimum-four-edge-classification.md	move	dated result/proof primary source
research/verification/round40_classification_verified.json	research/experiments/original-claims/output/round40_classification_verified.json	move	experiment output/input/log
research/verification/round40_n4_four_types.json	research/experiments/original-claims/output/round40_n4_four_types.json	move	experiment output/input/log
research/verification/round40_n5_four_types.json	research/experiments/original-claims/output/round40_n5_four_types.json	move	experiment output/input/log
research/verification/round40_n6_four_types.json	research/experiments/original-claims/output/round40_n6_four_types.json	move	experiment output/input/log
research/verification/round40_n7_four_types.json	research/experiments/original-claims/output/round40_n7_four_types.json	move	experiment output/input/log
research/verification/round41-b065-pair-empty-grundy-five.md	research/experiments/original-claims/reports/round41-b065-pair-empty-grundy-five.md	move	dated result/proof primary source
research/verification/round41_b065_verified.json	research/experiments/original-claims/output/round41_b065_verified.json	move	experiment output/input/log
research/verification/round41_n8_bounded.json	research/experiments/original-claims/output/round41_n8_bounded.json	move	experiment output/input/log
research/verification/round42-exact-residual-family-audit.md	research/experiments/original-claims/reports/round42-exact-residual-family-audit.md	move	dated result/proof primary source
research/verification/round42_families_verified.json	research/experiments/original-claims/output/round42_families_verified.json	move	experiment output/input/log
research/verification/round43-b350-value-preserving-move-switch.md	research/experiments/original-claims/reports/round43-b350-value-preserving-move-switch.md	move	dated result/proof primary source
research/verification/round43_b350_verified.json	research/experiments/original-claims/output/round43_b350_verified.json	move	experiment output/input/log
research/verification/round44-three-stone-cliques-and-tree-minima.md	research/experiments/original-claims/reports/round44-three-stone-cliques-and-tree-minima.md	move	dated result/proof primary source
research/verification/round44_tree_clique_verified.json	research/experiments/original-claims/output/round44_tree_clique_verified.json	move	experiment output/input/log
research/verification/round45-cover-gap-and-sharp-overlap.md	research/experiments/original-claims/reports/round45-cover-gap-and-sharp-overlap.md	move	dated result/proof primary source
research/verification/round45_cover_verified.json	research/experiments/original-claims/output/round45_cover_verified.json	move	experiment output/input/log
research/verification/round46-small-saturation-and-window-reduction.md	research/experiments/original-claims/reports/round46-small-saturation-and-window-reduction.md	move	dated result/proof primary source
research/verification/round46_cadical_atmost8.json	research/experiments/original-claims/output/round46_cadical_atmost8.json	move	experiment output/input/log
research/verification/round46_n8_k5.json	research/experiments/original-claims/output/round46_n8_k5.json	move	experiment output/input/log
research/verification/round46_n8_k6.json	research/experiments/original-claims/output/round46_n8_k6.json	move	experiment output/input/log
research/verification/round46_n8_k7_tight_check.json	research/experiments/original-claims/output/round46_n8_k7_tight_check.json	move	experiment output/input/log
research/verification/round46_n8_to_n9_embeddings_probe.json	research/experiments/original-claims/output/round46_n8_to_n9_embeddings_probe.json	move	experiment output/input/log
research/verification/round46_n9_k5.json	research/experiments/original-claims/output/round46_n9_k5.json	move	experiment output/input/log
research/verification/round46_n9_k6.json	research/experiments/original-claims/output/round46_n9_k6.json	move	experiment output/input/log
research/verification/round46_n9_k7.json	research/experiments/original-claims/output/round46_n9_k7.json	move	experiment output/input/log
research/verification/round46_n9_k8.json	research/experiments/original-claims/output/round46_n9_k8.json	move	experiment output/input/log
research/verification/round46_n9_k8_symmetry.json	research/experiments/original-claims/output/round46_n9_k8_symmetry.json	move	experiment output/input/log
research/verification/round46_n9_k8_tight.json	research/experiments/original-claims/output/round46_n9_k8_tight.json	move	experiment output/input/log
research/verification/round46_sat_atmost8.json	research/experiments/original-claims/output/round46_sat_atmost8.json	move	experiment output/input/log
research/verification/round46_saturation_verified.json	research/experiments/original-claims/output/round46_saturation_verified.json	move	experiment output/input/log
research/verification/round47-private-cover-and-global-minima.md	research/experiments/original-claims/reports/round47-private-cover-and-global-minima.md	move	dated result/proof primary source
research/verification/round47_cover_verified.json	research/experiments/original-claims/output/round47_cover_verified.json	move	experiment output/input/log
research/verification/round47_layer_hashes.json	research/experiments/original-claims/output/round47_layer_hashes.json	move	experiment output/input/log
research/verification/round47_n4_min_cover.json	research/experiments/original-claims/output/round47_n4_min_cover.json	move	experiment output/input/log
research/verification/round47_n5_min_cover.json	research/experiments/original-claims/output/round47_n5_min_cover.json	move	experiment output/input/log
research/verification/round47_n6_k5_exclusion.json	research/experiments/original-claims/output/round47_n6_k5_exclusion.json	move	experiment output/input/log
research/verification/round47_n6_min_cover.json	research/experiments/original-claims/output/round47_n6_min_cover.json	move	experiment output/input/log
research/verification/round47_n7_k5_exclusion.json	research/experiments/original-claims/output/round47_n7_k5_exclusion.json	move	experiment output/input/log
research/verification/round47_n7_min_cover.json	research/experiments/original-claims/output/round47_n7_min_cover.json	move	experiment output/input/log
research/verification/round48-six-stone-cover-incidence.md	research/experiments/original-claims/reports/round48-six-stone-cover-incidence.md	move	dated result/proof primary source
research/verification/round48_incidence_verified.json	research/experiments/original-claims/output/round48_incidence_verified.json	move	experiment output/input/log
research/verification/round48_n10_embedded_extensions.json	research/experiments/original-claims/output/round48_n10_embedded_extensions.json	move	experiment output/input/log
research/verification/round48_n10_k6.json	research/experiments/original-claims/output/round48_n10_k6.json	move	experiment output/input/log
research/verification/round48_n10_k6_max_incidence.json	research/experiments/original-claims/output/round48_n10_k6_max_incidence.json	move	experiment output/input/log
research/verification/round48_n4_k6_max_incidence_check.json	research/experiments/original-claims/output/round48_n4_k6_max_incidence_check.json	move	experiment output/input/log
research/verification/round49-ten-stone-maximal-counterexample.md	research/experiments/original-claims/reports/round49-ten-stone-maximal-counterexample.md	move	dated result/proof primary source
research/verification/round49_n10_embedded_nine.json	research/experiments/original-claims/output/round49_n10_embedded_nine.json	move	experiment output/input/log
research/verification/round49_n10_k7.json	research/experiments/original-claims/output/round49_n10_k7.json	move	experiment output/input/log
research/verification/round49_s10_verified.json	research/experiments/original-claims/output/round49_s10_verified.json	move	experiment output/input/log
research/verification/round4_ap_greedy.json	research/experiments/original-claims/output/round4_ap_greedy.json	move	experiment output/input/log
research/verification/round4_ap_witness_audit.json	research/experiments/original-claims/output/round4_ap_witness_audit.json	move	experiment output/input/log
research/verification/round4_b002.raw	research/experiments/original-claims/output/round4_b002.raw	move	experiment output/input/log
research/verification/round4_b092.json	research/experiments/original-claims/output/round4_b092.json	move	experiment output/input/log
research/verification/round4_b092b.json	research/experiments/original-claims/output/round4_b092b.json	move	experiment output/input/log
research/verification/round4_b228d.txt	research/experiments/original-claims/output/round4_b228d.txt	move	experiment output/input/log
research/verification/round4_b228e.txt	research/experiments/original-claims/output/round4_b228e.txt	move	experiment output/input/log
research/verification/round4_b237/analyze_orbits2.py	research/experiments/original-claims/output/round4_b237/analyze_orbits2.py	move	experiment output/input/log
research/verification/round4_b237/analyze_pairs.py	research/experiments/original-claims/output/round4_b237/analyze_pairs.py	move	experiment output/input/log
research/verification/round4_b237/del.jsonl	research/experiments/original-claims/output/round4_b237/del.jsonl	move	experiment output/input/log
research/verification/round4_b237/del2.jsonl	research/experiments/original-claims/output/round4_b237/del2.jsonl	move	experiment output/input/log
research/verification/round4_b237/dis.jsonl	research/experiments/original-claims/output/round4_b237/dis.jsonl	move	experiment output/input/log
research/verification/round4_b237/err.log	research/experiments/original-claims/output/round4_b237/err.log	move	experiment output/input/log
research/verification/round4_b237/ext.jsonl	research/experiments/original-claims/output/round4_b237/ext.jsonl	move	experiment output/input/log
research/verification/round4_b237/greedy.jsonl	research/experiments/original-claims/output/round4_b237/greedy.jsonl	move	experiment output/input/log
research/verification/round4_b237/insp_pairs.py	research/experiments/original-claims/output/round4_b237/insp_pairs.py	move	experiment output/input/log
research/verification/round4_b237/mc.jsonl	research/experiments/original-claims/output/round4_b237/mc.jsonl	move	experiment output/input/log
research/verification/round4_b237/mc_summary.txt	research/experiments/original-claims/output/round4_b237/mc_summary.txt	move	experiment output/input/log
research/verification/round4_b237/q5.jsonl	research/experiments/original-claims/output/round4_b237/q5.jsonl	move	experiment output/input/log
research/verification/round4_b237/sub.jsonl	research/experiments/original-claims/output/round4_b237/sub.jsonl	move	experiment output/input/log
research/verification/round4_b237/summarize.py	research/experiments/original-claims/output/round4_b237/summarize.py	move	experiment output/input/log
research/verification/round4_b291c.json	research/experiments/original-claims/output/round4_b291c.json	move	experiment output/input/log
research/verification/round4_b291d.json	research/experiments/original-claims/output/round4_b291d.json	move	experiment output/input/log
research/verification/round4_b291e.json	research/experiments/original-claims/output/round4_b291e.json	move	experiment output/input/log
research/verification/round4_b291e2.json	research/experiments/original-claims/output/round4_b291e2.json	move	experiment output/input/log
research/verification/round4_b371.bin	research/experiments/original-claims/output/round4_b371.bin	move	experiment output/input/log
research/verification/round4_b371.json	research/experiments/original-claims/output/round4_b371.json	move	experiment output/input/log
research/verification/round4_b474_b477.json	research/experiments/original-claims/output/round4_b474_b477.json	move	experiment output/input/log
research/verification/round4_b478b500.json	research/experiments/original-claims/output/round4_b478b500.json	move	experiment output/input/log
research/verification/round4_b501_prand.json	research/experiments/original-claims/output/round4_b501_prand.json	move	experiment output/input/log
research/verification/round4_b501_prand_n7.json	research/experiments/original-claims/output/round4_b501_prand_n7.json	move	experiment output/input/log
research/verification/round4_b543_rect.json	research/experiments/original-claims/output/round4_b543_rect.json	move	experiment output/input/log
research/verification/round4_b543_rect_v.json	research/experiments/original-claims/output/round4_b543_rect_v.json	move	experiment output/input/log
research/verification/round4_b591_dmax.json	research/experiments/original-claims/output/round4_b591_dmax.json	move	experiment output/input/log
research/verification/round4_b591b.json	research/experiments/original-claims/output/round4_b591b.json	move	experiment output/input/log
research/verification/round4_circle_windows.json	research/experiments/original-claims/output/round4_circle_windows.json	move	experiment output/input/log
research/verification/round4_collinear_asymptotic.json	research/experiments/original-claims/output/round4_collinear_asymptotic.json	move	experiment output/input/log
research/verification/round4_firstmoves.json	research/experiments/original-claims/output/round4_firstmoves.json	move	experiment output/input/log
research/verification/round4_fixed_width.json	research/experiments/original-claims/output/round4_fixed_width.json	move	experiment output/input/log
research/verification/round4_n7_layers.json	research/experiments/original-claims/output/round4_n7_layers.json	move	experiment output/input/log
research/verification/round4_status.json	research/experiments/original-claims/output/round4_status.json	move	experiment output/input/log
research/verification/round4_tstar_n45.json	research/experiments/original-claims/output/round4_tstar_n45.json	move	experiment output/input/log
research/verification/round4_tstar_n67.json	research/experiments/original-claims/output/round4_tstar_n67.json	move	experiment output/input/log
research/verification/round4_two_row_order_strategy.json	research/experiments/original-claims/output/round4_two_row_order_strategy.json	move	experiment output/input/log
research/verification/round5-FINAL-SUMMARY.md	research/archive/claim-audit-history/round5-FINAL-SUMMARY.md	move	superseded plan or synthesis
research/verification/round5-SUMMARY.md	research/archive/claim-audit-history/round5-SUMMARY.md	move	superseded plan or synthesis
research/verification/round5-b141-corrections.md	research/experiments/original-claims/reports/round5-b141-corrections.md	move	dated result/proof primary source
research/verification/round5-batch-b001-b100-final.md	research/experiments/original-claims/reports/round5-batch-b001-b100-final.md	move	dated result/proof primary source
research/verification/round5-batch-b001-b100-followup.md	research/experiments/original-claims/reports/round5-batch-b001-b100-followup.md	move	dated result/proof primary source
research/verification/round5-batch-b001-b100-push3.md	research/experiments/original-claims/reports/round5-batch-b001-b100-push3.md	move	dated result/proof primary source
research/verification/round5-batch-b001-b100.md	research/experiments/original-claims/reports/round5-batch-b001-b100.md	move	dated result/proof primary source
research/verification/round5-batch-b001-b200-weak.md	research/experiments/original-claims/reports/round5-batch-b001-b200-weak.md	move	dated result/proof primary source
research/verification/round5-batch-b020-b090-followup.md	research/experiments/original-claims/reports/round5-batch-b020-b090-followup.md	move	dated result/proof primary source
research/verification/round5-batch-b020-b090.md	research/experiments/original-claims/reports/round5-batch-b020-b090.md	move	dated result/proof primary source
research/verification/round5-batch-b101-b150.md	research/experiments/original-claims/reports/round5-batch-b101-b150.md	move	dated result/proof primary source
research/verification/round5-batch-b101-b200-followup.md	research/experiments/original-claims/reports/round5-batch-b101-b200-followup.md	move	dated result/proof primary source
research/verification/round5-batch-b101-b200-weak.md	research/experiments/original-claims/reports/round5-batch-b101-b200-weak.md	move	dated result/proof primary source
research/verification/round5-batch-b101-b200.md	research/experiments/original-claims/reports/round5-batch-b101-b200.md	move	dated result/proof primary source
research/verification/round5-batch-b120-b160-followup.md	research/experiments/original-claims/reports/round5-batch-b120-b160-followup.md	move	dated result/proof primary source
research/verification/round5-batch-b120-b160.md	research/experiments/original-claims/reports/round5-batch-b120-b160.md	move	dated result/proof primary source
research/verification/round5-batch-b142-docs.md	research/experiments/original-claims/reports/round5-batch-b142-docs.md	move	dated result/proof primary source
research/verification/round5-batch-b151-b200.md	research/experiments/original-claims/reports/round5-batch-b151-b200.md	move	dated result/proof primary source
research/verification/round5-batch-b177-b200.md	research/experiments/original-claims/reports/round5-batch-b177-b200.md	move	dated result/proof primary source
research/verification/round5-batch-b201-b230-followup.md	research/experiments/original-claims/reports/round5-batch-b201-b230-followup.md	move	dated result/proof primary source
research/verification/round5-batch-b201-b230.md	research/experiments/original-claims/reports/round5-batch-b201-b230.md	move	dated result/proof primary source
research/verification/round5-batch-b201-b300-weak.md	research/experiments/original-claims/reports/round5-batch-b201-b300-weak.md	move	dated result/proof primary source
research/verification/round5-batch-b201-b500-final.md	research/experiments/original-claims/reports/round5-batch-b201-b500-final.md	move	dated result/proof primary source
research/verification/round5-batch-b231-b250-followup.md	research/experiments/original-claims/reports/round5-batch-b231-b250-followup.md	move	dated result/proof primary source
research/verification/round5-batch-b231-b250-push3.md	research/experiments/original-claims/reports/round5-batch-b231-b250-push3.md	move	dated result/proof primary source
research/verification/round5-batch-b231-b250.md	research/experiments/original-claims/reports/round5-batch-b231-b250.md	move	dated result/proof primary source
research/verification/round5-batch-b251-b270-weak.md	research/experiments/original-claims/reports/round5-batch-b251-b270-weak.md	move	dated result/proof primary source
research/verification/round5-batch-b251-b270.md	research/experiments/original-claims/reports/round5-batch-b251-b270.md	move	dated result/proof primary source
research/verification/round5-batch-b251-b300-followup.md	research/experiments/original-claims/reports/round5-batch-b251-b300-followup.md	move	dated result/proof primary source
research/verification/round5-batch-b251-b300.md	research/experiments/original-claims/reports/round5-batch-b251-b300.md	move	dated result/proof primary source
research/verification/round5-batch-b271-b290-followup.md	research/experiments/original-claims/reports/round5-batch-b271-b290-followup.md	move	dated result/proof primary source
research/verification/round5-batch-b271-b290.md	research/experiments/original-claims/reports/round5-batch-b271-b290.md	move	dated result/proof primary source
research/verification/round5-batch-b301-b400-followup.md	research/experiments/original-claims/reports/round5-batch-b301-b400-followup.md	move	dated result/proof primary source
research/verification/round5-batch-b301-b400.md	research/experiments/original-claims/reports/round5-batch-b301-b400.md	move	dated result/proof primary source
research/verification/round5-batch-b325-b350-weak.md	research/experiments/original-claims/reports/round5-batch-b325-b350-weak.md	move	dated result/proof primary source
research/verification/round5-batch-b325-b350.md	research/experiments/original-claims/reports/round5-batch-b325-b350.md	move	dated result/proof primary source
research/verification/round5-batch-b351-b400-followup.md	research/experiments/original-claims/reports/round5-batch-b351-b400-followup.md	move	dated result/proof primary source
research/verification/round5-batch-b351-b400.md	research/experiments/original-claims/reports/round5-batch-b351-b400.md	move	dated result/proof primary source
research/verification/round5-batch-b401-b600-followup.md	research/experiments/original-claims/reports/round5-batch-b401-b600-followup.md	move	dated result/proof primary source
research/verification/round5-batch-b401-b600.md	research/experiments/original-claims/reports/round5-batch-b401-b600.md	move	dated result/proof primary source
research/verification/round5-batch-b482-b500-followup.md	research/experiments/original-claims/reports/round5-batch-b482-b500-followup.md	move	dated result/proof primary source
research/verification/round5-batch-b482-b500.md	research/experiments/original-claims/reports/round5-batch-b482-b500.md	move	dated result/proof primary source
research/verification/round5-batch-b501-b600-weak.md	research/experiments/original-claims/reports/round5-batch-b501-b600-weak.md	move	dated result/proof primary source
research/verification/round5-batch-b551-b600-followup.md	research/experiments/original-claims/reports/round5-batch-b551-b600-followup.md	move	dated result/proof primary source
research/verification/round5-batch-b551-b600.md	research/experiments/original-claims/reports/round5-batch-b551-b600.md	move	dated result/proof primary source
research/verification/round5-batch-final-43.md	research/experiments/original-claims/reports/round5-batch-final-43.md	move	dated result/proof primary source
research/verification/round5-batch-geom-stats-followup.md	research/experiments/original-claims/reports/round5-batch-geom-stats-followup.md	move	dated result/proof primary source
research/verification/round5-batch-geom-stats.md	research/experiments/original-claims/reports/round5-batch-geom-stats.md	move	dated result/proof primary source
research/verification/round5-batch-jn-followup.md	research/experiments/original-claims/reports/round5-batch-jn-followup.md	move	dated result/proof primary source
research/verification/round5-batch-jn.md	research/experiments/original-claims/reports/round5-batch-jn.md	move	dated result/proof primary source
research/verification/round5-batch-last21.md	research/experiments/original-claims/reports/round5-batch-last21.md	move	dated result/proof primary source
research/verification/round5-batch-n8.md	research/experiments/original-claims/reports/round5-batch-n8.md	move	dated result/proof primary source
research/verification/round5-batch-pgrand-followup.md	research/experiments/original-claims/reports/round5-batch-pgrand-followup.md	move	dated result/proof primary source
research/verification/round5-batch-pgrand.md	research/experiments/original-claims/reports/round5-batch-pgrand.md	move	dated result/proof primary source
research/verification/round5-batch-weak-promote.md	research/experiments/original-claims/reports/round5-batch-weak-promote.md	move	dated result/proof primary source
research/verification/round5-census-log.md	research/log/claim-audit/round5-census-log.md	move	chronological audit record
research/verification/round5-cover-union.md	research/experiments/original-claims/reports/round5-cover-union.md	move	dated result/proof primary source
research/verification/round5-quadratic-cover.md	research/experiments/original-claims/reports/round5-quadratic-cover.md	move	dated result/proof primary source
research/verification/round5-row-thresholds.md	research/experiments/original-claims/reports/round5-row-thresholds.md	move	dated result/proof primary source
research/verification/round5-workplan.md	research/archive/claim-audit-history/round5-workplan.md	move	superseded plan or synthesis
research/verification/round50-nine-board-private-point-family.md	research/experiments/original-claims/reports/round50-nine-board-private-point-family.md	move	dated result/proof primary source
research/verification/round50_n9_private_family.json	research/experiments/original-claims/output/round50_n9_private_family.json	move	experiment output/input/log
research/verification/round50_private_verified.json	research/experiments/original-claims/output/round50_private_verified.json	move	experiment output/input/log
research/verification/round51-ten-board-seven-stone-exclusion.md	research/experiments/original-claims/reports/round51-ten-board-seven-stone-exclusion.md	move	dated result/proof primary source
research/verification/round51_n10_k7_window.json	research/experiments/original-claims/output/round51_n10_k7_window.json	move	experiment output/input/log
research/verification/round52-general-saturation-exponent-lower-bound.md	research/experiments/original-claims/reports/round52-general-saturation-exponent-lower-bound.md	move	dated result/proof primary source
research/verification/round52_saturation_bound_verified.json	research/experiments/original-claims/output/round52_saturation_bound_verified.json	move	experiment output/input/log
research/verification/round53_n10_k8_root0.json	research/experiments/original-claims/output/round53_n10_k8_root0.json	move	experiment output/input/log
research/verification/round53_n10_k8_root1.json	research/experiments/original-claims/output/round53_n10_k8_root1.json	move	experiment output/input/log
research/verification/round53_n10_k8_root2.json	research/experiments/original-claims/output/round53_n10_k8_root2.json	move	experiment output/input/log
research/verification/round53_n10_k8_root3.json	research/experiments/original-claims/output/round53_n10_k8_root3.json	move	experiment output/input/log
research/verification/round53_n10_k8_root4.json	research/experiments/original-claims/output/round53_n10_k8_root4.json	move	experiment output/input/log
research/verification/round54-small-board-saturation-jump.md	research/experiments/original-claims/reports/round54-small-board-saturation-jump.md	move	dated result/proof primary source
research/verification/round54_saturation_jump_verified.json	research/experiments/original-claims/output/round54_saturation_jump_verified.json	move	experiment output/input/log
research/verification/round55-eighteen-stone-original-counterexample.md	research/experiments/original-claims/reports/round55-eighteen-stone-original-counterexample.md	move	dated result/proof primary source
research/verification/round55_eighteen_verified.json	research/experiments/original-claims/output/round55_eighteen_verified.json	move	experiment output/input/log
research/verification/round55_n9_atleast18.json	research/experiments/original-claims/output/round55_n9_atleast18.json	move	experiment output/input/log
research/verification/round56-ten-board-eight-stone-exclusion.md	research/experiments/original-claims/reports/round56-ten-board-eight-stone-exclusion.md	move	dated result/proof primary source
research/verification/round56_complete_verified.json	research/experiments/original-claims/output/round56_complete_verified.json	move	experiment output/input/log
research/verification/round56_n10_k8_root0_step1.json	research/experiments/original-claims/output/round56_n10_k8_root0_step1.json	move	experiment output/input/log
research/verification/round56_n10_k8_root1_step1.json	research/experiments/original-claims/output/round56_n10_k8_root1_step1.json	move	experiment output/input/log
research/verification/round56_n10_k8_root2_step1.json	research/experiments/original-claims/output/round56_n10_k8_root2_step1.json	move	experiment output/input/log
research/verification/round56_n10_k8_root3_step1.json	research/experiments/original-claims/output/round56_n10_k8_root3_step1.json	move	experiment output/input/log
research/verification/round56_n10_k8_root4_step1.json	research/experiments/original-claims/output/round56_n10_k8_root4_step1.json	move	experiment output/input/log
research/verification/round56_resume_verified.json	research/experiments/original-claims/output/round56_resume_verified.json	move	experiment output/input/log
research/verification/round57-nineteen-stone-ten-board-bound.md	research/experiments/original-claims/reports/round57-nineteen-stone-ten-board-bound.md	move	dated result/proof primary source
research/verification/round57_n10_neighborhood.json	research/experiments/original-claims/output/round57_n10_neighborhood.json	move	experiment output/input/log
research/verification/round57_nineteen_verified.json	research/experiments/original-claims/output/round57_nineteen_verified.json	move	experiment output/input/log
research/verification/round58-original-maximum-extension-obstruction.md	research/experiments/original-claims/reports/round58-original-maximum-extension-obstruction.md	move	dated result/proof primary source
research/verification/round58_embedding_verified.json	research/experiments/original-claims/output/round58_embedding_verified.json	move	experiment output/input/log
research/verification/round59-60-final-ten-board-search.md	research/experiments/original-claims/reports/round59-60-final-ten-board-search.md	move	dated result/proof primary source
research/verification/round59_n10_atmost9.json	research/experiments/original-claims/output/round59_n10_atmost9.json	move	experiment output/input/log
research/verification/round5_b001_b032.json	research/experiments/original-claims/output/round5_b001_b032.json	move	experiment output/input/log
research/verification/round5_b001_b045.json	research/experiments/original-claims/output/round5_b001_b045.json	move	experiment output/input/log
research/verification/round5_b001_b077.json	research/experiments/original-claims/output/round5_b001_b077.json	move	experiment output/input/log
research/verification/round5_b001_b079.json	research/experiments/original-claims/output/round5_b001_b079.json	move	experiment output/input/log
research/verification/round5_b001_push3.json	research/experiments/original-claims/output/round5_b001_push3.json	move	experiment output/input/log
research/verification/round5_b020_b090.json	research/experiments/original-claims/output/round5_b020_b090.json	move	experiment output/input/log
research/verification/round5_b020_b090_resid.json	research/experiments/original-claims/output/round5_b020_b090_resid.json	move	experiment output/input/log
research/verification/round5_b020b_b059perk.json	research/experiments/original-claims/output/round5_b020b_b059perk.json	move	experiment output/input/log
research/verification/round5_b020b_construct.json	research/experiments/original-claims/output/round5_b020b_construct.json	move	experiment output/input/log
research/verification/round5_b020b_construct2.json	research/experiments/original-claims/output/round5_b020b_construct2.json	move	experiment output/input/log
research/verification/round5_b020b_extra.json	research/experiments/original-claims/output/round5_b020b_extra.json	move	experiment output/input/log
research/verification/round5_b101_b138.json	research/experiments/original-claims/output/round5_b101_b138.json	move	experiment output/input/log
research/verification/round5_b101_circlesize.json	research/experiments/original-claims/output/round5_b101_circlesize.json	move	experiment output/input/log
research/verification/round5_b101_followup.json	research/experiments/original-claims/output/round5_b101_followup.json	move	experiment output/input/log
research/verification/round5_b101_followup.md	research/experiments/original-claims/reports/round5_b101_followup.md	move	dated result/proof primary source
research/verification/round5_b101_followup_b123.json	research/experiments/original-claims/output/round5_b101_followup_b123.json	move	experiment output/input/log
research/verification/round5_b101_followup_q.json	research/experiments/original-claims/output/round5_b101_followup_q.json	move	experiment output/input/log
research/verification/round5_b101_n5.json	research/experiments/original-claims/output/round5_b101_n5.json	move	experiment output/input/log
research/verification/round5_b101_quick.json	research/experiments/original-claims/output/round5_b101_quick.json	move	experiment output/input/log
research/verification/round5_b101a_b149.json	research/experiments/original-claims/output/round5_b101a_b149.json	move	experiment output/input/log
research/verification/round5_b101a_circles.json	research/experiments/original-claims/output/round5_b101a_circles.json	move	experiment output/input/log
research/verification/round5_b101a_ident_inv.json	research/experiments/original-claims/output/round5_b101a_ident_inv.json	move	experiment output/input/log
research/verification/round5_b120_b160.json	research/experiments/original-claims/output/round5_b120_b160.json	move	experiment output/input/log
research/verification/round5_b120_b160_followup.json	research/experiments/original-claims/output/round5_b120_b160_followup.json	move	experiment output/input/log
research/verification/round5_b142_data.json	research/experiments/original-claims/output/round5_b142_data.json	move	experiment output/input/log
research/verification/round5_b151_compute.json	research/experiments/original-claims/output/round5_b151_compute.json	move	experiment output/input/log
research/verification/round5_b151_homology.json	research/experiments/original-claims/output/round5_b151_homology.json	move	experiment output/input/log
research/verification/round5_b177_b200.json	research/experiments/original-claims/output/round5_b177_b200.json	move	experiment output/input/log
research/verification/round5_b177_b200b.json	research/experiments/original-claims/output/round5_b177_b200b.json	move	experiment output/input/log
research/verification/round5_b177_b200c.json	research/experiments/original-claims/output/round5_b177_b200c.json	move	experiment output/input/log
research/verification/round5_b177_b200d.json	research/experiments/original-claims/output/round5_b177_b200d.json	move	experiment output/input/log
research/verification/round5_b177_b200e.json	research/experiments/original-claims/output/round5_b177_b200e.json	move	experiment output/input/log
research/verification/round5_b201_del1_n5.jsonl	research/experiments/original-claims/output/round5_b201_del1_n5.jsonl	move	experiment output/input/log
research/verification/round5_b201_del1_n5n6.jsonl	research/experiments/original-claims/output/round5_b201_del1_n5n6.jsonl	move	experiment output/input/log
research/verification/round5_b201_del1ext_n3.json	research/experiments/original-claims/output/round5_b201_del1ext_n3.json	move	experiment output/input/log
research/verification/round5_b201_del1ext_n4.json	research/experiments/original-claims/output/round5_b201_del1ext_n4.json	move	experiment output/input/log
research/verification/round5_b201_del2_n5.jsonl	research/experiments/original-claims/output/round5_b201_del2_n5.jsonl	move	experiment output/input/log
research/verification/round5_b201_maxcov_n5.json	research/experiments/original-claims/output/round5_b201_maxcov_n5.json	move	experiment output/input/log
research/verification/round5_b201_mediate_n4.json	research/experiments/original-claims/output/round5_b201_mediate_n4.json	move	experiment output/input/log
research/verification/round5_b201_misere_n4.json	research/experiments/original-claims/output/round5_b201_misere_n4.json	move	experiment output/input/log
research/verification/round5_b201_misere_n5.json	research/experiments/original-claims/output/round5_b201_misere_n5.json	move	experiment output/input/log
research/verification/round5_b201_passwit_n4.json	research/experiments/original-claims/output/round5_b201_passwit_n4.json	move	experiment output/input/log
research/verification/round5_b201_passwit_n5.json	research/experiments/original-claims/output/round5_b201_passwit_n5.json	move	experiment output/input/log
research/verification/round5_b201_rect3.json	research/experiments/original-claims/output/round5_b201_rect3.json	move	experiment output/input/log
research/verification/round5_b201_rectvar.json	research/experiments/original-claims/output/round5_b201_rectvar.json	move	experiment output/input/log
research/verification/round5_b201_stage_n4.json	research/experiments/original-claims/output/round5_b201_stage_n4.json	move	experiment output/input/log
research/verification/round5_b201_tol_n4_thr5.json	research/experiments/original-claims/output/round5_b201_tol_n4_thr5.json	move	experiment output/input/log
research/verification/round5_b201fu_b216_k4xm.json	research/experiments/original-claims/output/round5_b201fu_b216_k4xm.json	move	experiment output/input/log
research/verification/round5_b201fu_b218_area.json	research/experiments/original-claims/output/round5_b201fu_b218_area.json	move	experiment output/input/log
research/verification/round5_b201fu_b222_line.json	research/experiments/original-claims/output/round5_b201fu_b222_line.json	move	experiment output/input/log
research/verification/round5_b201fu_del1rect_2x5.json	research/experiments/original-claims/output/round5_b201fu_del1rect_2x5.json	move	experiment output/input/log
research/verification/round5_b201fu_del1rect_2x6.json	research/experiments/original-claims/output/round5_b201fu_del1rect_2x6.json	move	experiment output/input/log
research/verification/round5_b201fu_del1rect_2x7.json	research/experiments/original-claims/output/round5_b201fu_del1rect_2x7.json	move	experiment output/input/log
research/verification/round5_b201fu_del1rect_2x8.json	research/experiments/original-claims/output/round5_b201fu_del1rect_2x8.json	move	experiment output/input/log
research/verification/round5_b201fu_del1rect_3x5.json	research/experiments/original-claims/output/round5_b201fu_del1rect_3x5.json	move	experiment output/input/log
research/verification/round5_b201fu_del1rect_3x6.json	research/experiments/original-claims/output/round5_b201fu_del1rect_3x6.json	move	experiment output/input/log
research/verification/round5_b201fu_maxcovrect_2x6.json	research/experiments/original-claims/output/round5_b201fu_maxcovrect_2x6.json	move	experiment output/input/log
research/verification/round5_b201fu_maxcovrect_3x5.json	research/experiments/original-claims/output/round5_b201fu_maxcovrect_3x5.json	move	experiment output/input/log
research/verification/round5_b201fu_misererect_2x6.json	research/experiments/original-claims/output/round5_b201fu_misererect_2x6.json	move	experiment output/input/log
research/verification/round5_b201fu_misererect_3x5.json	research/experiments/original-claims/output/round5_b201fu_misererect_3x5.json	move	experiment output/input/log
research/verification/round5_b201fu_pairKrect_2x6.json	research/experiments/original-claims/output/round5_b201fu_pairKrect_2x6.json	move	experiment output/input/log
research/verification/round5_b201fu_subfam3_3x4.json	research/experiments/original-claims/output/round5_b201fu_subfam3_3x4.json	move	experiment output/input/log
research/verification/round5_b201fu_subfam3_n4.json	research/experiments/original-claims/output/round5_b201fu_subfam3_n4.json	move	experiment output/input/log
research/verification/round5_b201fu_tolsym_n4_thr5.json	research/experiments/original-claims/output/round5_b201fu_tolsym_n4_thr5.json	move	experiment output/input/log
research/verification/round5_b201fu_wchangerect_2x6.json	research/experiments/original-claims/output/round5_b201fu_wchangerect_2x6.json	move	experiment output/input/log
research/verification/round5_b201fu_wchangerect_3x5.json	research/experiments/original-claims/output/round5_b201fu_wchangerect_3x5.json	move	experiment output/input/log
research/verification/round5_b231_followup.json	research/experiments/original-claims/output/round5_b231_followup.json	move	experiment output/input/log
research/verification/round5_b231_followup2.json	research/experiments/original-claims/output/round5_b231_followup2.json	move	experiment output/input/log
research/verification/round5_b231_n4.json	research/experiments/original-claims/output/round5_b231_n4.json	move	experiment output/input/log
research/verification/round5_b231_n4b.json	research/experiments/original-claims/output/round5_b231_n4b.json	move	experiment output/input/log
research/verification/round5_b231_n5.json	research/experiments/original-claims/output/round5_b231_n5.json	move	experiment output/input/log
research/verification/round5_b231_n5_grundy.json	research/experiments/original-claims/output/round5_b231_n5_grundy.json	move	experiment output/input/log
research/verification/round5_b231_push3.json	research/experiments/original-claims/output/round5_b231_push3.json	move	experiment output/input/log
research/verification/round5_b251_embed.json	research/experiments/original-claims/output/round5_b251_embed.json	move	experiment output/input/log
research/verification/round5_b251_n6_orbit.json	research/experiments/original-claims/output/round5_b251_n6_orbit.json	move	experiment output/input/log
research/verification/round5_b251_solver.json	research/experiments/original-claims/output/round5_b251_solver.json	move	experiment output/input/log
research/verification/round5_b251_thermo_lp.json	research/experiments/original-claims/output/round5_b251_thermo_lp.json	move	experiment output/input/log
research/verification/round5_b251a_b255_witness.json	research/experiments/original-claims/output/round5_b251a_b255_witness.json	move	experiment output/input/log
research/verification/round5_b251a_families4.json	research/experiments/original-claims/output/round5_b251a_families4.json	move	experiment output/input/log
research/verification/round5_b251a_sens4.json	research/experiments/original-claims/output/round5_b251a_sens4.json	move	experiment output/input/log
research/verification/round5_b251a_triples4sample.json	research/experiments/original-claims/output/round5_b251a_triples4sample.json	move	experiment output/input/log
research/verification/round5_b251a_weak_b254.json	research/experiments/original-claims/output/round5_b251a_weak_b254.json	move	experiment output/input/log
research/verification/round5_b251a_weak_b261.json	research/experiments/original-claims/output/round5_b251a_weak_b261.json	move	experiment output/input/log
research/verification/round5_b251a_weak_b263.json	research/experiments/original-claims/output/round5_b251a_weak_b263.json	move	experiment output/input/log
research/verification/round5_b251a_weak_pairs4.json	research/experiments/original-claims/output/round5_b251a_weak_pairs4.json	move	experiment output/input/log
research/verification/round5_b251a_weak_singles5.json	research/experiments/original-claims/output/round5_b251a_weak_singles5.json	move	experiment output/input/log
research/verification/round5_b271_fu_b290n5.json	research/experiments/original-claims/output/round5_b271_fu_b290n5.json	move	experiment output/input/log
research/verification/round5_b271_fu_geom.json	research/experiments/original-claims/output/round5_b271_fu_geom.json	move	experiment output/input/log
research/verification/round5_b271_fu_lp.json	research/experiments/original-claims/output/round5_b271_fu_lp.json	move	experiment output/input/log
research/verification/round5_b271_fu_mcmc.json	research/experiments/original-claims/output/round5_b271_fu_mcmc.json	move	experiment output/input/log
research/verification/round5_b271_fu_thermo.json	research/experiments/original-claims/output/round5_b271_fu_thermo.json	move	experiment output/input/log
research/verification/round5_b271_s1.json	research/experiments/original-claims/output/round5_b271_s1.json	move	experiment output/input/log
research/verification/round5_b271_s2geom.json	research/experiments/original-claims/output/round5_b271_s2geom.json	move	experiment output/input/log
research/verification/round5_b271_s2lp.json	research/experiments/original-claims/output/round5_b271_s2lp.json	move	experiment output/input/log
research/verification/round5_b271_s2lp_n6.json	research/experiments/original-claims/output/round5_b271_s2lp_n6.json	move	experiment output/input/log
research/verification/round5_b276_order.json	research/experiments/original-claims/output/round5_b276_order.json	move	experiment output/input/log
research/verification/round5_b278_mixing.json	research/experiments/original-claims/output/round5_b278_mixing.json	move	experiment output/input/log
research/verification/round5_b283_split.json	research/experiments/original-claims/output/round5_b283_split.json	move	experiment output/input/log
research/verification/round5_b286_coord.json	research/experiments/original-claims/output/round5_b286_coord.json	move	experiment output/input/log
research/verification/round5_b288_frac_lp.json	research/experiments/original-claims/output/round5_b288_frac_lp.json	move	experiment output/input/log
research/verification/round5_b301_b370f.json	research/experiments/original-claims/output/round5_b301_b370f.json	move	experiment output/input/log
research/verification/round5_b301_followup.json	research/experiments/original-claims/output/round5_b301_followup.json	move	experiment output/input/log
research/verification/round5_b301_j5.txt	research/experiments/original-claims/output/round5_b301_j5.txt	move	experiment output/input/log
research/verification/round5_b301_j6.txt	research/experiments/original-claims/output/round5_b301_j6.txt	move	experiment output/input/log
research/verification/round5_b301_summary.json	research/experiments/original-claims/output/round5_b301_summary.json	move	experiment output/input/log
research/verification/round5_b325_wftrect.json	research/experiments/original-claims/output/round5_b325_wftrect.json	move	experiment output/input/log
research/verification/round5_b351_b379_witness.json	research/experiments/original-claims/output/round5_b351_b379_witness.json	move	experiment output/input/log
research/verification/round5_b351_followup.json	research/experiments/original-claims/output/round5_b351_followup.json	move	experiment output/input/log
research/verification/round5_b351_multi.json	research/experiments/original-claims/output/round5_b351_multi.json	move	experiment output/input/log
research/verification/round5_b401_b482.json	research/experiments/original-claims/output/round5_b401_b482.json	move	experiment output/input/log
research/verification/round5_b401_del3.json	research/experiments/original-claims/output/round5_b401_del3.json	move	experiment output/input/log
research/verification/round5_b401_fu_amp.json	research/experiments/original-claims/output/round5_b401_fu_amp.json	move	experiment output/input/log
research/verification/round5_b401_fu_delta_k.json	research/experiments/original-claims/output/round5_b401_fu_delta_k.json	move	experiment output/input/log
research/verification/round5_b401_fu_dg.json	research/experiments/original-claims/output/round5_b401_fu_dg.json	move	experiment output/input/log
research/verification/round5_b401_fu_logconc5.json	research/experiments/original-claims/output/round5_b401_fu_logconc5.json	move	experiment output/input/log
research/verification/round5_b401_fu_path.json	research/experiments/original-claims/output/round5_b401_fu_path.json	move	experiment output/input/log
research/verification/round5_b401_logconc.json	research/experiments/original-claims/output/round5_b401_logconc.json	move	experiment output/input/log
research/verification/round5_b401_prand_stats.json	research/experiments/original-claims/output/round5_b401_prand_stats.json	move	experiment output/input/log
research/verification/round5_b401_quads3.json	research/experiments/original-claims/output/round5_b401_quads3.json	move	experiment output/input/log
research/verification/round5_b482b500.json	research/experiments/original-claims/output/round5_b482b500.json	move	experiment output/input/log
research/verification/round5_b482b500_b490rich.json	research/experiments/original-claims/output/round5_b482b500_b490rich.json	move	experiment output/input/log
research/verification/round5_b482b500_b495wit.json	research/experiments/original-claims/output/round5_b482b500_b495wit.json	move	experiment output/input/log
research/verification/round5_b482b500_followup.json	research/experiments/original-claims/output/round5_b482b500_followup.json	move	experiment output/input/log
research/verification/round5_b482b500_verify.json	research/experiments/original-claims/output/round5_b482b500_verify.json	move	experiment output/input/log
research/verification/round5_b551_b600.json	research/experiments/original-claims/output/round5_b551_b600.json	move	experiment output/input/log
research/verification/round5_b551_b600_followup.json	research/experiments/original-claims/output/round5_b551_b600_followup.json	move	experiment output/input/log
research/verification/round5_census_out_3rd.txt	research/experiments/original-claims/output/round5_census_out_3rd.txt	move	experiment output/input/log
research/verification/round5_cover_union.json	research/experiments/original-claims/output/round5_cover_union.json	move	experiment output/input/log
research/verification/round5_crt_bug.md	research/experiments/original-claims/reports/round5_crt_bug.md	move	dated result/proof primary source
research/verification/round5_geom_stats.json	research/experiments/original-claims/output/round5_geom_stats.json	move	experiment output/input/log
research/verification/round5_geom_stats_extra.json	research/experiments/original-claims/output/round5_geom_stats_extra.json	move	experiment output/input/log
research/verification/round5_jn_b317.json	research/experiments/original-claims/output/round5_jn_b317.json	move	experiment output/input/log
research/verification/round5_jn_followup.json	research/experiments/original-claims/output/round5_jn_followup.json	move	experiment output/input/log
research/verification/round5_jn_followup2.json	research/experiments/original-claims/output/round5_jn_followup2.json	move	experiment output/input/log
research/verification/round5_jn_summary.json	research/experiments/original-claims/output/round5_jn_summary.json	move	experiment output/input/log
research/verification/round5_n8_memory_experiment.md	research/experiments/original-claims/reports/round5_n8_memory_experiment.md	move	dated result/proof primary source
research/verification/round5_n8_progress.md	research/log/claim-audit/round5_n8_progress.md	move	chronological audit record
research/verification/round5_pgrand.json	research/experiments/original-claims/output/round5_pgrand.json	move	experiment output/input/log
research/verification/round5_pgrand_followup.json	research/experiments/original-claims/output/round5_pgrand_followup.json	move	experiment output/input/log
research/verification/round5_prand_n8.json	research/experiments/original-claims/output/round5_prand_n8.json	move	experiment output/input/log
research/verification/round5_quadratic_cover.json	research/experiments/original-claims/output/round5_quadratic_cover.json	move	experiment output/input/log
research/verification/round5_row_thresholds.json	research/experiments/original-claims/output/round5_row_thresholds.json	move	experiment output/input/log
research/verification/round6-ap-parabola.md	research/experiments/original-claims/reports/round6-ap-parabola.md	move	dated result/proof primary source
research/verification/round6-rational-orchard.md	research/experiments/original-claims/reports/round6-rational-orchard.md	move	dated result/proof primary source
research/verification/round60_final_verified.json	research/experiments/original-claims/output/round60_final_verified.json	move	experiment output/input/log
research/verification/round60_n10_deep_neighborhood.json	research/experiments/original-claims/output/round60_n10_deep_neighborhood.json	move	experiment output/input/log
research/verification/round61-full-split-prime-safe-construction.md	research/experiments/original-claims/reports/round61-full-split-prime-safe-construction.md	move	dated result/proof primary source
research/verification/round61_split_prime_verified.json	research/experiments/original-claims/output/round61_split_prime_verified.json	move	experiment output/input/log
research/verification/round6_ap_parabola_a2_span39.json	research/experiments/original-claims/output/round6_ap_parabola_a2_span39.json	move	experiment output/input/log
research/verification/round6_rational_orchard.json	research/experiments/original-claims/output/round6_rational_orchard.json	move	experiment output/input/log
research/verification/round7-ap-three-rows.md	research/experiments/original-claims/reports/round7-ap-three-rows.md	move	dated result/proof primary source
research/verification/round7-ellipse-cover.md	research/experiments/original-claims/reports/round7-ellipse-cover.md	move	dated result/proof primary source
research/verification/round7-parabola-cover.md	research/experiments/original-claims/reports/round7-parabola-cover.md	move	dated result/proof primary source
research/verification/round7_ap_parabola_a2_span128.json	research/experiments/original-claims/output/round7_ap_parabola_a2_span128.json	move	experiment output/input/log
research/verification/round7_ap_parabola_a2_span200.json	research/experiments/original-claims/output/round7_ap_parabola_a2_span200.json	move	experiment output/input/log
research/verification/round7_ap_parabola_a2_span39.json	research/experiments/original-claims/output/round7_ap_parabola_a2_span39.json	move	experiment output/input/log
research/verification/round7_ellipse_cover.json	research/experiments/original-claims/output/round7_ellipse_cover.json	move	experiment output/input/log
research/verification/round7_parabola_cover.json	research/experiments/original-claims/output/round7_parabola_cover.json	move	experiment output/input/log
research/verification/round8-ap-quadratic-prime.md	research/experiments/original-claims/reports/round8-ap-quadratic-prime.md	move	dated result/proof primary source
research/verification/round8_ap_prime.json	research/experiments/original-claims/output/round8_ap_prime.json	move	experiment output/input/log
research/verification/round9-external-rays.md	research/experiments/original-claims/reports/round9-external-rays.md	move	dated result/proof primary source
research/verification/round9-n7-n8-overlap.md	research/experiments/original-claims/reports/round9-n7-n8-overlap.md	move	dated result/proof primary source
research/verification/round9-n7-outer-patterns.md	research/experiments/original-claims/reports/round9-n7-outer-patterns.md	move	dated result/proof primary source
research/verification/round9_external_rays.json	research/experiments/original-claims/output/round9_external_rays.json	move	experiment output/input/log
research/verification/round9_n7_n8_overlap.json	research/experiments/original-claims/output/round9_n7_n8_overlap.json	move	experiment output/input/log
research/verification/round9_n7_n8_phase.json	research/experiments/original-claims/output/round9_n7_n8_phase.json	move	experiment output/input/log
research/verification/round9_n7_outer_patterns.json	research/experiments/original-claims/output/round9_n7_outer_patterns.json	move	experiment output/input/log
research/verification/scripts/_b482_head.py	research/experiments/original-claims/scripts/_b482_head.py	move	reproduction code or output
research/verification/scripts/_b482_mid.py	research/experiments/original-claims/scripts/_b482_mid.py	move	reproduction code or output
research/verification/scripts/_b482_summary.py	research/experiments/original-claims/scripts/_b482_summary.py	move	reproduction code or output
research/verification/scripts/_b482_tail.py	research/experiments/original-claims/scripts/_b482_tail.py	move	reproduction code or output
research/verification/scripts/_check_final43.py	research/experiments/original-claims/scripts/_check_final43.py	move	reproduction code or output
research/verification/scripts/_jn_dump.py	research/experiments/original-claims/scripts/_jn_dump.py	move	reproduction code or output
research/verification/scripts/_jn_dump2.py	research/experiments/original-claims/scripts/_jn_dump2.py	move	reproduction code or output
research/verification/scripts/_lptest.cpp	research/experiments/original-claims/scripts/_lptest.cpp	move	reproduction code or output
research/verification/scripts/b087_extend.cpp	research/experiments/original-claims/scripts/b087_extend.cpp	move	reproduction code or output
research/verification/scripts/b087_extend_n7.cpp	research/experiments/original-claims/scripts/b087_extend_n7.cpp	move	reproduction code or output
research/verification/scripts/b242_n6.cpp	research/experiments/original-claims/scripts/b242_n6.cpp	move	reproduction code or output
research/verification/scripts/batch01_extra.py	research/experiments/original-claims/scripts/batch01_extra.py	move	reproduction code or output
research/verification/scripts/batch01_jgraph.py	research/experiments/original-claims/scripts/batch01_jgraph.py	move	reproduction code or output
research/verification/scripts/batch02_grundy_tstar.py	research/experiments/original-claims/scripts/batch02_grundy_tstar.py	move	reproduction code or output
research/verification/scripts/batch02_n6_tstar.py	research/experiments/original-claims/scripts/batch02_n6_tstar.py	move	reproduction code or output
research/verification/scripts/batch02_out.json	research/experiments/original-claims/output/batch02_out.json	move	reproduction code or output
research/verification/scripts/batch03_extract.py	research/experiments/original-claims/scripts/batch03_extract.py	move	reproduction code or output
research/verification/scripts/batch03_facts.py	research/experiments/original-claims/scripts/batch03_facts.py	move	reproduction code or output
research/verification/scripts/batch03_tests.py	research/experiments/original-claims/scripts/batch03_tests.py	move	reproduction code or output
research/verification/scripts/batch04_followup.py	research/experiments/original-claims/scripts/batch04_followup.py	move	reproduction code or output
research/verification/scripts/batch04_geom.py	research/experiments/original-claims/scripts/batch04_geom.py	move	reproduction code or output
research/verification/scripts/batch04_graph.py	research/experiments/original-claims/scripts/batch04_graph.py	move	reproduction code or output
research/verification/scripts/batch05_inventory.py	research/experiments/original-claims/scripts/batch05_inventory.py	move	reproduction code or output
research/verification/scripts/batch06_components.py	research/experiments/original-claims/scripts/batch06_components.py	move	reproduction code or output
research/verification/scripts/batch06_followups.py	research/experiments/original-claims/scripts/batch06_followups.py	move	reproduction code or output
research/verification/scripts/batch06_followups2.py	research/experiments/original-claims/scripts/batch06_followups2.py	move	reproduction code or output
research/verification/scripts/batch06_shape_rigidity.py	research/experiments/original-claims/scripts/batch06_shape_rigidity.py	move	reproduction code or output
research/verification/scripts/batch08_b155_b164.py	research/experiments/original-claims/scripts/batch08_b155_b164.py	move	reproduction code or output
research/verification/scripts/batch08_followup.py	research/experiments/original-claims/scripts/batch08_followup.py	move	reproduction code or output
research/verification/scripts/batch08_quick.py	research/experiments/original-claims/scripts/batch08_quick.py	move	reproduction code or output
research/verification/scripts/batch08_verify.py	research/experiments/original-claims/scripts/batch08_verify.py	move	reproduction code or output
research/verification/scripts/batch09_outcome_mining.py	research/experiments/original-claims/scripts/batch09_outcome_mining.py	move	reproduction code or output
research/verification/scripts/batch09_pairs_n4.py	research/experiments/original-claims/scripts/batch09_pairs_n4.py	move	reproduction code or output
research/verification/scripts/batch09_point_deletion.py	research/experiments/original-claims/scripts/batch09_point_deletion.py	move	reproduction code or output
research/verification/scripts/batch09_random_greedy.py	research/experiments/original-claims/scripts/batch09_random_greedy.py	move	reproduction code or output
research/verification/scripts/batch09_rectangles.py	research/experiments/original-claims/scripts/batch09_rectangles.py	move	reproduction code or output
research/verification/scripts/batch10_core.py	research/experiments/original-claims/scripts/batch10_core.py	move	reproduction code or output
research/verification/scripts/batch10_extra.py	research/experiments/original-claims/scripts/batch10_extra.py	move	reproduction code or output
research/verification/scripts/batch10_print_variants.py	research/experiments/original-claims/scripts/batch10_print_variants.py	move	reproduction code or output
research/verification/scripts/batch10_remove_quads.py	research/experiments/original-claims/scripts/batch10_remove_quads.py	move	reproduction code or output
research/verification/scripts/batch10_sharp_pairs.py	research/experiments/original-claims/scripts/batch10_sharp_pairs.py	move	reproduction code or output
research/verification/scripts/batch10_variants.py	research/experiments/original-claims/scripts/batch10_variants.py	move	reproduction code or output
research/verification/scripts/check_fixed_width_20261003.py	research/experiments/fixed-width/scripts/check_fixed_width_20261003.py	move	reproduction code or output
research/verification/scripts/check_game_structure_20261003.py	research/experiments/game-structure/scripts/check_game_structure_20261003.py	move	reproduction code or output
research/verification/scripts/check_geometry_20261003.py	research/experiments/geometry/scripts/check_geometry_20261003.py	move	reproduction code or output
research/verification/scripts/check_saturation_20261003.py	research/experiments/saturation/scripts/check_saturation_20261003.py	move	reproduction code or output
research/verification/scripts/circle_b131.py	research/experiments/original-claims/scripts/circle_b131.py	move	reproduction code or output
research/verification/scripts/compute_batch03_cache.py	research/experiments/original-claims/scripts/compute_batch03_cache.py	move	reproduction code or output
research/verification/scripts/crt_threshold_audit.py	research/experiments/original-claims/scripts/crt_threshold_audit.py	move	reproduction code or output
research/verification/scripts/csr_invariant_check.py	research/experiments/original-claims/scripts/csr_invariant_check.py	move	reproduction code or output
research/verification/scripts/curve_packing_fixed_width.py	research/experiments/fixed-width/scripts/curve_packing_fixed_width.py	move	reproduction code or output
research/verification/scripts/dbg_b371.cpp	research/experiments/original-claims/scripts/dbg_b371.cpp	move	reproduction code or output
research/verification/scripts/dbg_b371_bound.cpp	research/experiments/original-claims/scripts/dbg_b371_bound.cpp	move	reproduction code or output
research/verification/scripts/deform_graph_b121.py	research/experiments/original-claims/scripts/deform_graph_b121.py	move	reproduction code or output
research/verification/scripts/dfpn_abort_cause.sh	research/experiments/n11-search-methods/scripts/dfpn_abort_cause.sh	move	reproduction code or output
research/verification/scripts/dfpn_branch_stats.sh	research/experiments/n11-search-methods/scripts/dfpn_branch_stats.sh	move	reproduction code or output
research/verification/scripts/dfpn_cache_robustness.sh	research/experiments/n11-search-methods/scripts/dfpn_cache_robustness.sh	move	reproduction code or output
research/verification/scripts/dfpn_capture_first_query.sh	research/experiments/n11-search-methods/scripts/dfpn_capture_first_query.sh	move	reproduction code or output
research/verification/scripts/dfpn_center20.sh	research/experiments/n11-search-methods/scripts/dfpn_center20.sh	move	reproduction code or output
research/verification/scripts/dfpn_center20_adaptive_sweep.sh	research/experiments/n11-search-methods/scripts/dfpn_center20_adaptive_sweep.sh	move	reproduction code or output
research/verification/scripts/dfpn_center20_hybrid_sweep.sh	research/experiments/n11-search-methods/scripts/dfpn_center20_hybrid_sweep.sh	move	reproduction code or output
research/verification/scripts/dfpn_center20_layered_sweep.sh	research/experiments/n11-search-methods/scripts/dfpn_center20_layered_sweep.sh	move	reproduction code or output
research/verification/scripts/dfpn_center20_sweep.sh	research/experiments/n11-search-methods/scripts/dfpn_center20_sweep.sh	move	reproduction code or output
research/verification/scripts/dfpn_children_parse.py	research/experiments/n11-search-methods/scripts/dfpn_children_parse.py	move	reproduction code or output
research/verification/scripts/dfpn_coord_pilot.sh	research/experiments/n11-search-methods/scripts/dfpn_coord_pilot.sh	move	reproduction code or output
research/verification/scripts/dfpn_cover.py	research/experiments/n11-search-methods/scripts/dfpn_cover.py	move	reproduction code or output
research/verification/scripts/dfpn_cover_ilp.py	research/experiments/n11-search-methods/scripts/dfpn_cover_ilp.py	move	reproduction code or output
research/verification/scripts/dfpn_cover_ilp_forced.py	research/experiments/n11-search-methods/scripts/dfpn_cover_ilp_forced.py	move	reproduction code or output
research/verification/scripts/dfpn_cover_optimum.py	research/experiments/n11-search-methods/scripts/dfpn_cover_optimum.py	move	reproduction code or output
research/verification/scripts/dfpn_cover_probe.sh	research/experiments/n11-search-methods/scripts/dfpn_cover_probe.sh	move	reproduction code or output
research/verification/scripts/dfpn_cover_verify.py	research/experiments/n11-search-methods/scripts/dfpn_cover_verify.py	move	reproduction code or output
research/verification/scripts/dfpn_cover_witness.py	research/experiments/n11-search-methods/scripts/dfpn_cover_witness.py	move	reproduction code or output
research/verification/scripts/dfpn_docscan.py	research/experiments/n11-search-methods/scripts/dfpn_docscan.py	move	reproduction code or output
research/verification/scripts/dfpn_dump4.sh	research/experiments/n11-search-methods/scripts/dfpn_dump4.sh	move	reproduction code or output
research/verification/scripts/dfpn_dump4b.sh	research/experiments/n11-search-methods/scripts/dfpn_dump4b.sh	move	reproduction code or output
research/verification/scripts/dfpn_dumpcsv.sh	research/experiments/n11-search-methods/scripts/dfpn_dumpcsv.sh	move	reproduction code or output
research/verification/scripts/dfpn_dumpcsv2.sh	research/experiments/n11-search-methods/scripts/dfpn_dumpcsv2.sh	move	reproduction code or output
research/verification/scripts/dfpn_edge_classes.py	research/experiments/n11-search-methods/scripts/dfpn_edge_classes.py	move	reproduction code or output
research/verification/scripts/dfpn_evict.sh	research/experiments/n11-search-methods/scripts/dfpn_evict.sh	move	reproduction code or output
research/verification/scripts/dfpn_evict_compare.py	research/experiments/n11-search-methods/scripts/dfpn_evict_compare.py	move	reproduction code or output
research/verification/scripts/dfpn_exact_publish_probe.sh	research/experiments/n11-search-methods/scripts/dfpn_exact_publish_probe.sh	move	reproduction code or output
research/verification/scripts/dfpn_exact_rec_analyse.py	research/experiments/n11-search-methods/scripts/dfpn_exact_rec_analyse.py	move	reproduction code or output
research/verification/scripts/dfpn_hybrid_children_probe.sh	research/experiments/n11-search-methods/scripts/dfpn_hybrid_children_probe.sh	move	reproduction code or output
research/verification/scripts/dfpn_hybrid_probe.sh	research/experiments/n11-search-methods/scripts/dfpn_hybrid_probe.sh	move	reproduction code or output
research/verification/scripts/dfpn_l72_adaptive_probe.sh	research/experiments/n11-search-methods/scripts/dfpn_l72_adaptive_probe.sh	move	reproduction code or output
research/verification/scripts/dfpn_l72_confirm.sh	research/experiments/n11-search-methods/scripts/dfpn_l72_confirm.sh	move	reproduction code or output
research/verification/scripts/dfpn_layer_bench.sh	research/experiments/n11-search-methods/scripts/dfpn_layer_bench.sh	move	reproduction code or output
research/verification/scripts/dfpn_layer_gate_test.sh	research/experiments/n11-search-methods/scripts/dfpn_layer_gate_test.sh	move	reproduction code or output
research/verification/scripts/dfpn_layer_walk.sh	research/experiments/n11-search-methods/scripts/dfpn_layer_walk.sh	move	reproduction code or output
research/verification/scripts/dfpn_legal_bound.py	research/experiments/n11-search-methods/scripts/dfpn_legal_bound.py	move	reproduction code or output
research/verification/scripts/dfpn_longrun.sh	research/experiments/n11-search-methods/scripts/dfpn_longrun.sh	move	reproduction code or output
research/verification/scripts/dfpn_order_report.py	research/experiments/n11-search-methods/scripts/dfpn_order_report.py	move	reproduction code or output
research/verification/scripts/dfpn_order_soundness.sh	research/experiments/n11-search-methods/scripts/dfpn_order_soundness.sh	move	reproduction code or output
research/verification/scripts/dfpn_probe4.sh	research/experiments/n11-search-methods/scripts/dfpn_probe4.sh	move	reproduction code or output
research/verification/scripts/dfpn_quant_memo_compare.sh	research/experiments/n11-search-methods/scripts/dfpn_quant_memo_compare.sh	move	reproduction code or output
research/verification/scripts/dfpn_quant_soundness.sh	research/experiments/n11-search-methods/scripts/dfpn_quant_soundness.sh	move	reproduction code or output
research/verification/scripts/dfpn_record_scan.sh	research/experiments/n11-search-methods/scripts/dfpn_record_scan.sh	move	reproduction code or output
research/verification/scripts/dfpn_regress.sh	research/experiments/n11-search-methods/scripts/dfpn_regress.sh	move	reproduction code or output
research/verification/scripts/dfpn_regress2.sh	research/experiments/n11-search-methods/scripts/dfpn_regress2.sh	move	reproduction code or output
research/verification/scripts/dfpn_regress_adaptive.sh	research/experiments/n11-search-methods/scripts/dfpn_regress_adaptive.sh	move	reproduction code or output
research/verification/scripts/dfpn_regress_hybrid.sh	research/experiments/n11-search-methods/scripts/dfpn_regress_hybrid.sh	move	reproduction code or output
research/verification/scripts/dfpn_regress_tiebreak.sh	research/experiments/n11-search-methods/scripts/dfpn_regress_tiebreak.sh	move	reproduction code or output
research/verification/scripts/dfpn_replay_determinism.sh	research/experiments/n11-search-methods/scripts/dfpn_replay_determinism.sh	move	reproduction code or output
research/verification/scripts/dfpn_replay_verify.py	research/experiments/n11-search-methods/scripts/dfpn_replay_verify.py	move	reproduction code or output
research/verification/scripts/dfpn_rootonly_children_probe.sh	research/experiments/n11-search-methods/scripts/dfpn_rootonly_children_probe.sh	move	reproduction code or output
research/verification/scripts/dfpn_s4_direct_ab.sh	research/experiments/n11-search-methods/scripts/dfpn_s4_direct_ab.sh	move	reproduction code or output
research/verification/scripts/dfpn_s5_bench_report.py	research/experiments/n11-search-methods/scripts/dfpn_s5_bench_report.py	move	reproduction code or output
research/verification/scripts/dfpn_s5_cache.py	research/experiments/n11-search-methods/scripts/dfpn_s5_cache.py	move	reproduction code or output
research/verification/scripts/dfpn_s5_cache_test.sh	research/experiments/n11-search-methods/scripts/dfpn_s5_cache_test.sh	move	reproduction code or output
research/verification/scripts/dfpn_s5_child_replay.sh	research/experiments/n11-search-methods/scripts/dfpn_s5_child_replay.sh	move	reproduction code or output
research/verification/scripts/dfpn_s5_children_export.sh	research/experiments/n11-search-methods/scripts/dfpn_s5_children_export.sh	move	reproduction code or output
research/verification/scripts/dfpn_s5_dist_report.py	research/experiments/n11-search-methods/scripts/dfpn_s5_dist_report.py	move	reproduction code or output
research/verification/scripts/dfpn_s7_bench.sh	research/experiments/n11-search-methods/scripts/dfpn_s7_bench.sh	move	reproduction code or output
research/verification/scripts/dfpn_s8_bench.sh	research/experiments/n11-search-methods/scripts/dfpn_s8_bench.sh	move	reproduction code or output
research/verification/scripts/dfpn_screen21.sh	research/experiments/n11-search-methods/scripts/dfpn_screen21.sh	move	reproduction code or output
research/verification/scripts/dfpn_screen_dump.sh	research/experiments/n11-search-methods/scripts/dfpn_screen_dump.sh	move	reproduction code or output
research/verification/scripts/dfpn_sweep_parse.py	research/experiments/n11-search-methods/scripts/dfpn_sweep_parse.py	move	reproduction code or output
research/verification/scripts/dfpn_ts4.sh	research/experiments/n11-search-methods/scripts/dfpn_ts4.sh	move	reproduction code or output
research/verification/scripts/dfpn_ts_dump.sh	research/experiments/n11-search-methods/scripts/dfpn_ts_dump.sh	move	reproduction code or output
research/verification/scripts/dfpn_ttcap.sh	research/experiments/n11-search-methods/scripts/dfpn_ttcap.sh	move	reproduction code or output
research/verification/scripts/dfpn_xcheck.sh	research/experiments/n11-search-methods/scripts/dfpn_xcheck.sh	move	reproduction code or output
research/verification/scripts/dfpn_xcheck_compare.py	research/experiments/n11-search-methods/scripts/dfpn_xcheck_compare.py	move	reproduction code or output
research/verification/scripts/dp_scan.cpp	research/experiments/original-claims/scripts/dp_scan.cpp	move	reproduction code or output
research/verification/scripts/extract_json.py	research/experiments/original-claims/scripts/extract_json.py	move	reproduction code or output
research/verification/scripts/fast_check.sh	research/experiments/original-claims/scripts/fast_check.sh	move	reproduction code or output
research/verification/scripts/fixjson.py	research/experiments/original-claims/scripts/fixjson.py	move	reproduction code or output
research/verification/scripts/fu_misere5.sh	research/experiments/original-claims/scripts/fu_misere5.sh	move	reproduction code or output
research/verification/scripts/fu_rect3_11.sh	research/experiments/original-claims/scripts/fu_rect3_11.sh	move	reproduction code or output
research/verification/scripts/full_census.py	research/experiments/original-claims/scripts/full_census.py	move	reproduction code or output
research/verification/scripts/game_structure_20261003.cpp	research/experiments/game-structure/scripts/game_structure_20261003.cpp	move	reproduction code or output
research/verification/scripts/game_structure_20261003_check.cpp	research/experiments/game-structure/scripts/game_structure_20261003_check.cpp	move	reproduction code or output
research/verification/scripts/game_structure_20261003_complexes.cpp	research/experiments/game-structure/scripts/game_structure_20261003_complexes.cpp	move	reproduction code or output
research/verification/scripts/game_structure_20261003_complexes_check.cpp	research/experiments/game-structure/scripts/game_structure_20261003_complexes_check.cpp	move	reproduction code or output
research/verification/scripts/game_structure_20261003_eight.cpp	research/experiments/game-structure/scripts/game_structure_20261003_eight.cpp	move	reproduction code or output
research/verification/scripts/game_structure_20261003_eight_check.cpp	research/experiments/game-structure/scripts/game_structure_20261003_eight_check.cpp	move	reproduction code or output
research/verification/scripts/game_structure_20261003_eight_reproduce.py	research/experiments/game-structure/scripts/game_structure_20261003_eight_reproduce.py	move	reproduction code or output
research/verification/scripts/game_structure_20261003_nine.cpp	research/experiments/game-structure/scripts/game_structure_20261003_nine.cpp	move	reproduction code or output
research/verification/scripts/game_structure_20261003_nine_audit.py	research/experiments/game-structure/scripts/game_structure_20261003_nine_audit.py	move	reproduction code or output
research/verification/scripts/game_structure_20261003_nine_audit_domains.cpp	research/experiments/game-structure/scripts/game_structure_20261003_nine_audit_domains.cpp	move	reproduction code or output
research/verification/scripts/game_structure_20261003_nine_reproduce.py	research/experiments/game-structure/scripts/game_structure_20261003_nine_reproduce.py	move	reproduction code or output
research/verification/scripts/game_structure_20261003_nine_validate.py	research/experiments/game-structure/scripts/game_structure_20261003_nine_validate.py	move	reproduction code or output
research/verification/scripts/game_structure_20261003_reproduce.py	research/experiments/game-structure/scripts/game_structure_20261003_reproduce.py	move	reproduction code or output
research/verification/scripts/geometry_20261003_extended.py	research/experiments/geometry/scripts/geometry_20261003_extended.py	move	reproduction code or output
research/verification/scripts/geometry_20261003_scale.py	research/experiments/geometry/scripts/geometry_20261003_scale.py	move	reproduction code or output
research/verification/scripts/geometry_20261003_strip.py	research/experiments/geometry/scripts/geometry_20261003_strip.py	move	reproduction code or output
research/verification/scripts/geometry_q6_exclusion_review.cpp	research/experiments/fixed-width/scripts/geometry_q6_exclusion_review.cpp	move	independent oracle for fixed-width q6 support exclusions
research/verification/scripts/inspect_bins.sh	research/experiments/original-claims/scripts/inspect_bins.sh	move	reproduction code or output
research/verification/scripts/kc_core.h	scripts/research/kc_core.h	move	shared implementation
research/verification/scripts/kc_core121.h	scripts/research/kc_core121.h	move	shared implementation
research/verification/scripts/kc_geomcheck.cpp	research/experiments/original-claims/scripts/kc_geomcheck.cpp	move	reproduction code or output
research/verification/scripts/kc_maximal.cpp	research/experiments/original-claims/scripts/kc_maximal.cpp	move	reproduction code or output
research/verification/scripts/kc_maximal_par.cpp	research/experiments/original-claims/scripts/kc_maximal_par.cpp	move	reproduction code or output
research/verification/scripts/kc_selfcheck.cpp	research/experiments/original-claims/scripts/kc_selfcheck.cpp	move	reproduction code or output
research/verification/scripts/kyouen_core.py	scripts/research/kyouen_core.py	move	shared implementation
research/verification/scripts/launch_n8.sh	research/experiments/original-claims/scripts/launch_n8.sh	move	reproduction code or output
research/verification/scripts/launch_solve.sh	research/experiments/original-claims/scripts/launch_solve.sh	move	reproduction code or output
research/verification/scripts/make_round4_json.py	research/experiments/original-claims/scripts/make_round4_json.py	move	reproduction code or output
research/verification/scripts/mark_ok.sh	research/experiments/original-claims/scripts/mark_ok.sh	move	reproduction code or output
research/verification/scripts/n11_d4.cpp	research/experiments/n11-search-methods/scripts/n11_d4.cpp	move	reproduction code or output
research/verification/scripts/n11_d4.sh	research/experiments/n11-search-methods/scripts/n11_d4.sh	move	reproduction code or output
research/verification/scripts/n11_d4_check.py	research/experiments/n11-search-methods/scripts/n11_d4_check.py	move	reproduction code or output
research/verification/scripts/n11_d4_run.sh	research/experiments/n11-search-methods/scripts/n11_d4_run.sh	move	reproduction code or output
research/verification/scripts/n11_dump4.sh	research/experiments/n11-search-methods/scripts/n11_dump4.sh	move	reproduction code or output
research/verification/scripts/n11_enum121.cpp	research/experiments/n11-search-methods/scripts/n11_enum121.cpp	move	reproduction code or output
research/verification/scripts/n11_enum121.sh	research/experiments/n11-search-methods/scripts/n11_enum121.sh	move	reproduction code or output
research/verification/scripts/n11_fix_mojibake.py	research/experiments/n11-search-methods/scripts/n11_fix_mojibake.py	move	reproduction code or output
research/verification/scripts/n11_grundy.cpp	research/experiments/n11-search-methods/scripts/n11_grundy.cpp	move	reproduction code or output
research/verification/scripts/n11_grundy.sh	research/experiments/n11-search-methods/scripts/n11_grundy.sh	move	reproduction code or output
research/verification/scripts/n11_grundy_xcheck.sh	research/experiments/n11-search-methods/scripts/n11_grundy_xcheck.sh	move	reproduction code or output
research/verification/scripts/n11_level2_truth.py	research/experiments/n11-search-methods/scripts/n11_level2_truth.py	move	reproduction code or output
research/verification/scripts/n11_lvl2.cpp	research/experiments/n11-search-methods/scripts/n11_lvl2.cpp	move	reproduction code or output
research/verification/scripts/n11_lvl2.sh	research/experiments/n11-search-methods/scripts/n11_lvl2.sh	move	reproduction code or output
research/verification/scripts/n11_lvl2_check.py	research/experiments/n11-search-methods/scripts/n11_lvl2_check.py	move	reproduction code or output
research/verification/scripts/n11_lvl2ck.sh	research/experiments/n11-search-methods/scripts/n11_lvl2ck.sh	move	reproduction code or output
research/verification/scripts/n11_mergecheck.cpp	research/experiments/n11-search-methods/scripts/n11_mergecheck.cpp	move	reproduction code or output
research/verification/scripts/n11_oom_analysis.py	research/experiments/n11-search-methods/scripts/n11_oom_analysis.py	move	reproduction code or output
research/verification/scripts/n11_pipe.cpp	research/experiments/n11-search-methods/scripts/n11_pipe.cpp	move	reproduction code or output
research/verification/scripts/n11_pipe.sh	research/experiments/n11-search-methods/scripts/n11_pipe.sh	move	reproduction code or output
research/verification/scripts/n11_pipe_build.sh	research/experiments/n11-search-methods/scripts/n11_pipe_build.sh	move	reproduction code or output
research/verification/scripts/n11_pipe_xcheck.sh	research/experiments/n11-search-methods/scripts/n11_pipe_xcheck.sh	move	reproduction code or output
research/verification/scripts/n11_probe.cpp	research/experiments/n11-search-methods/scripts/n11_probe.cpp	move	reproduction code or output
research/verification/scripts/n11_probe.sh	research/experiments/n11-search-methods/scripts/n11_probe.sh	move	reproduction code or output
research/verification/scripts/n11_probe4.sh	research/experiments/n11-search-methods/scripts/n11_probe4.sh	move	reproduction code or output
research/verification/scripts/n11_project.py	research/experiments/n11-search-methods/scripts/n11_project.py	move	reproduction code or output
research/verification/scripts/n11_reproduce.sh	research/experiments/n11-search-methods/scripts/n11_reproduce.sh	move	reproduction code or output
research/verification/scripts/n11_run121.sh	research/experiments/n11-search-methods/scripts/n11_run121.sh	move	reproduction code or output
research/verification/scripts/n11_solve.sh	research/experiments/n11-search-methods/scripts/n11_solve.sh	move	reproduction code or output
research/verification/scripts/n11_symmetry.py	research/experiments/n11-search-methods/scripts/n11_symmetry.py	move	reproduction code or output
research/verification/scripts/n11_track.py	research/experiments/n11-search-methods/scripts/n11_track.py	move	reproduction code or output
research/verification/scripts/n11_verdict.py	research/experiments/n11-search-methods/scripts/n11_verdict.py	move	reproduction code or output
research/verification/scripts/n11_verify_spill.py	research/experiments/n11-search-methods/scripts/n11_verify_spill.py	move	reproduction code or output
research/verification/scripts/n11_xcheck.sh	research/experiments/n11-search-methods/scripts/n11_xcheck.sh	move	reproduction code or output
research/verification/scripts/orbits21.py	research/experiments/n11-search-methods/scripts/orbits21.py	move	reproduction code or output
research/verification/scripts/patch_n8_json.py	research/experiments/original-claims/scripts/patch_n8_json.py	move	reproduction code or output
research/verification/scripts/prand8_probe.cpp	research/experiments/original-claims/scripts/prand8_probe.cpp	move	reproduction code or output
research/verification/scripts/prand8_projection.py	research/experiments/original-claims/scripts/prand8_projection.py	move	reproduction code or output
research/verification/scripts/prand_hotspots.py	research/experiments/original-claims/scripts/prand_hotspots.py	move	reproduction code or output
research/verification/scripts/prand_n7_memory.py	research/experiments/original-claims/scripts/prand_n7_memory.py	move	reproduction code or output
research/verification/scripts/q2w_boundary_structure.py	research/experiments/fixed-width/scripts/q2w_boundary_structure.py	move	reproduction code or output
research/verification/scripts/q34_exceptional_audit.cpp	research/experiments/fixed-width/scripts/q34_exceptional_audit.cpp	move	reproduction code or output
research/verification/scripts/q34_exceptional_grundy.cpp	research/experiments/fixed-width/scripts/q34_exceptional_grundy.cpp	move	reproduction code or output
research/verification/scripts/q34_independent_audit.cpp	research/experiments/fixed-width/scripts/q34_independent_audit.cpp	move	reproduction code or output
research/verification/scripts/q34_support_exclusion.cpp	research/experiments/fixed-width/scripts/q34_support_exclusion.cpp	move	reproduction code or output
research/verification/scripts/q35_boundary_census.cpp	research/experiments/fixed-width/scripts/q35_boundary_census.cpp	move	reproduction code or output
research/verification/scripts/q35_full_grundy.cpp	research/experiments/fixed-width/scripts/q35_full_grundy.cpp	move	reproduction code or output
research/verification/scripts/q35_independent_audit.cpp	research/experiments/fixed-width/scripts/q35_independent_audit.cpp	move	reproduction code or output
research/verification/scripts/q35_support_exclusion.cpp	research/experiments/fixed-width/scripts/q35_support_exclusion.cpp	move	reproduction code or output
research/verification/scripts/q36_full_grundy.cpp	research/experiments/fixed-width/scripts/q36_full_grundy.cpp	move	reproduction code or output
research/verification/scripts/q36_independent_audit.cpp	research/experiments/fixed-width/scripts/q36_independent_audit.cpp	move	reproduction code or output
research/verification/scripts/q46_pair_counterexamples.py	research/experiments/fixed-width/scripts/q46_pair_counterexamples.py	move	reproduction code or output
research/verification/scripts/q46_pair_independent_bound.cpp	research/experiments/fixed-width/scripts/q46_pair_independent_bound.cpp	move	reproduction code or output
research/verification/scripts/q46_pair_independent_star.cpp	research/experiments/fixed-width/scripts/q46_pair_independent_star.cpp	move	reproduction code or output
research/verification/scripts/q46_pair_star_audit.py	research/experiments/fixed-width/scripts/q46_pair_star_audit.py	move	reproduction code or output
research/verification/scripts/q46_pair_upper_bound.cpp	research/experiments/fixed-width/scripts/q46_pair_upper_bound.cpp	move	reproduction code or output
research/verification/scripts/q48_boundary_nimbers.py	research/experiments/fixed-width/scripts/q48_boundary_nimbers.py	move	reproduction code or output
research/verification/scripts/q48_exact_threshold.py	research/experiments/fixed-width/scripts/q48_exact_threshold.py	move	reproduction code or output
research/verification/scripts/q48_nearby_q6_bounds.py	research/experiments/fixed-width/scripts/q48_nearby_q6_bounds.py	move	reproduction code or output
research/verification/scripts/q48_nearby_q7_threshold.py	research/experiments/fixed-width/scripts/q48_nearby_q7_threshold.py	move	reproduction code or output
research/verification/scripts/q48_odd_q_reflection.py	research/experiments/fixed-width/scripts/q48_odd_q_reflection.py	move	reproduction code or output
research/verification/scripts/q48_pell_family.py	research/experiments/fixed-width/scripts/q48_pell_family.py	move	reproduction code or output
research/verification/scripts/q48_q6_exclusion.cpp	research/experiments/fixed-width/scripts/q48_q6_exclusion.cpp	move	reproduction code or output
research/verification/scripts/q5_w3_stabilization.cpp	research/experiments/fixed-width/scripts/q5_w3_stabilization.cpp	move	reproduction code or output
research/verification/scripts/q6_w3_exact_threshold.cpp	research/experiments/fixed-width/scripts/q6_w3_exact_threshold.cpp	move	reproduction code or output
research/verification/scripts/q_point_fixed_width.py	research/experiments/fixed-width/scripts/q_point_fixed_width.py	move	reproduction code or output
research/verification/scripts/r4_grep3.py	research/experiments/original-claims/scripts/r4_grep3.py	move	reproduction code or output
research/verification/scripts/r4_show.py	research/experiments/original-claims/scripts/r4_show.py	move	reproduction code or output
research/verification/scripts/read_maximal_bin.py	research/experiments/original-claims/scripts/read_maximal_bin.py	move	reproduction code or output
research/verification/scripts/residual_core.py	scripts/research/residual_core.py	move	shared implementation
research/verification/scripts/round10_circle_denominator.py	research/experiments/original-claims/scripts/round10_circle_denominator.py	move	reproduction code or output
research/verification/scripts/round10_small_saturation.py	research/experiments/original-claims/scripts/round10_small_saturation.py	move	reproduction code or output
research/verification/scripts/round11_circle_records.py	research/experiments/original-claims/scripts/round11_circle_records.py	move	reproduction code or output
research/verification/scripts/round12_circle_bbox.cpp	research/experiments/original-claims/scripts/round12_circle_bbox.cpp	move	reproduction code or output
research/verification/scripts/round12_circle_candidates.py	research/experiments/original-claims/scripts/round12_circle_candidates.py	move	reproduction code or output
research/verification/scripts/round12_q11_counts.py	research/experiments/original-claims/scripts/round12_q11_counts.py	move	reproduction code or output
research/verification/scripts/round12_verify_bbox.py	research/experiments/original-claims/scripts/round12_verify_bbox.py	move	reproduction code or output
research/verification/scripts/round13_asymptotic_checks.py	research/experiments/original-claims/scripts/round13_asymptotic_checks.py	move	reproduction code or output
research/verification/scripts/round14_safety_correction.py	research/experiments/original-claims/scripts/round14_safety_correction.py	move	reproduction code or output
research/verification/scripts/round15_standard_chord.py	research/experiments/original-claims/scripts/round15_standard_chord.py	move	reproduction code or output
research/verification/scripts/round16_first_appearance.py	research/experiments/original-claims/scripts/round16_first_appearance.py	move	reproduction code or output
research/verification/scripts/round17_b089_curves.py	research/experiments/original-claims/scripts/round17_b089_curves.py	move	reproduction code or output
research/verification/scripts/round18_local_geometry.py	research/experiments/original-claims/scripts/round18_local_geometry.py	move	reproduction code or output
research/verification/scripts/round19_b063_hierarchy.py	research/experiments/original-claims/scripts/round19_b063_hierarchy.py	move	reproduction code or output
research/verification/scripts/round19_rule_certificates.py	research/experiments/original-claims/scripts/round19_rule_certificates.py	move	reproduction code or output
research/verification/scripts/round19_rule_pair_lower.py	research/experiments/original-claims/scripts/round19_rule_pair_lower.py	move	reproduction code or output
research/verification/scripts/round20_b224_circles.cpp	research/experiments/original-claims/scripts/round20_b224_circles.cpp	move	reproduction code or output
research/verification/scripts/round20_b224_input.py	research/experiments/original-claims/scripts/round20_b224_input.py	move	reproduction code or output
research/verification/scripts/round20_b255_n5.py	research/experiments/original-claims/scripts/round20_b255_n5.py	move	reproduction code or output
research/verification/scripts/round20_b255_verify.py	research/experiments/original-claims/scripts/round20_b255_verify.py	move	reproduction code or output
research/verification/scripts/round21_b224_search.cpp	research/experiments/original-claims/scripts/round21_b224_search.cpp	move	reproduction code or output
research/verification/scripts/round21_b224_verify.py	research/experiments/original-claims/scripts/round21_b224_verify.py	move	reproduction code or output
research/verification/scripts/round22_b228_verify.py	research/experiments/original-claims/scripts/round22_b228_verify.py	move	reproduction code or output
research/verification/scripts/round22_b252_n6_input.py	research/experiments/original-claims/scripts/round22_b252_n6_input.py	move	reproduction code or output
research/verification/scripts/round22_b252_scattered_input.py	research/experiments/original-claims/scripts/round22_b252_scattered_input.py	move	reproduction code or output
research/verification/scripts/round22_b252_verify.py	research/experiments/original-claims/scripts/round22_b252_verify.py	move	reproduction code or output
research/verification/scripts/round22_rule_input.py	research/experiments/original-claims/scripts/round22_rule_input.py	move	reproduction code or output
research/verification/scripts/round22_rule_scan.cpp	research/experiments/original-claims/scripts/round22_rule_scan.cpp	move	reproduction code or output
research/verification/scripts/round23_b251_audit.py	research/experiments/original-claims/scripts/round23_b251_audit.py	move	reproduction code or output
research/verification/scripts/round23_b251_incremental.cpp	research/experiments/original-claims/scripts/round23_b251_incremental.cpp	move	reproduction code or output
research/verification/scripts/round23_b251_input.py	research/experiments/original-claims/scripts/round23_b251_input.py	move	reproduction code or output
research/verification/scripts/round23_b251_single_scan.cpp	research/experiments/original-claims/scripts/round23_b251_single_scan.cpp	move	reproduction code or output
research/verification/scripts/round23_minimum_family.py	research/experiments/original-claims/scripts/round23_minimum_family.py	move	reproduction code or output
research/verification/scripts/round24_circular_cubic.py	research/experiments/original-claims/scripts/round24_circular_cubic.py	move	reproduction code or output
research/verification/scripts/round25_forced_lengths.cpp	research/experiments/original-claims/scripts/round25_forced_lengths.cpp	move	reproduction code or output
research/verification/scripts/round25_forced_verify.py	research/experiments/original-claims/scripts/round25_forced_verify.py	move	reproduction code or output
research/verification/scripts/round26_scope_index.py	research/experiments/original-claims/scripts/round26_scope_index.py	move	reproduction code or output
research/verification/scripts/round27_pairing_verify.cpp	research/experiments/original-claims/scripts/round27_pairing_verify.cpp	move	reproduction code or output
research/verification/scripts/round27_response_graphs.py	research/experiments/original-claims/scripts/round27_response_graphs.py	move	reproduction code or output
research/verification/scripts/round28_audit.py	research/experiments/original-claims/scripts/round28_audit.py	move	reproduction code or output
research/verification/scripts/round28_low_layers.cpp	research/experiments/original-claims/scripts/round28_low_layers.cpp	move	reproduction code or output
research/verification/scripts/round28_recursive_verify.cpp	research/experiments/original-claims/scripts/round28_recursive_verify.cpp	move	reproduction code or output
research/verification/scripts/round28_run.sh	research/experiments/original-claims/scripts/round28_run.sh	move	reproduction code or output
research/verification/scripts/round29_fault_witnesses.py	research/experiments/original-claims/scripts/round29_fault_witnesses.py	move	reproduction code or output
research/verification/scripts/round2_b301_followup.py	research/experiments/original-claims/scripts/round2_b301_followup.py	move	reproduction code or output
research/verification/scripts/round2_b301_game.py	research/experiments/original-claims/scripts/round2_b301_game.py	move	reproduction code or output
research/verification/scripts/round2_b301_graph.py	research/experiments/original-claims/scripts/round2_b301_graph.py	move	reproduction code or output
research/verification/scripts/round2_b321_holes.py	research/experiments/original-claims/scripts/round2_b321_holes.py	move	reproduction code or output
research/verification/scripts/round2_b324_ceil.py	research/experiments/original-claims/scripts/round2_b324_ceil.py	move	reproduction code or output
research/verification/scripts/round2_b325_followup.py	research/experiments/original-claims/scripts/round2_b325_followup.py	move	reproduction code or output
research/verification/scripts/round2_b330_indep.py	research/experiments/original-claims/scripts/round2_b330_indep.py	move	reproduction code or output
research/verification/scripts/round2_b331_wft.py	research/experiments/original-claims/scripts/round2_b331_wft.py	move	reproduction code or output
research/verification/scripts/round2_b341_res3.py	research/experiments/original-claims/scripts/round2_b341_res3.py	move	reproduction code or output
research/verification/scripts/round2_b351_delta.py	research/experiments/original-claims/scripts/round2_b351_delta.py	move	reproduction code or output
research/verification/scripts/round2_b351_enum.py	research/experiments/original-claims/scripts/round2_b351_enum.py	move	reproduction code or output
research/verification/scripts/round2_b351_n8.py	research/experiments/original-claims/scripts/round2_b351_n8.py	move	reproduction code or output
research/verification/scripts/round2_b351_n8_light.py	research/experiments/original-claims/scripts/round2_b351_n8_light.py	move	reproduction code or output
research/verification/scripts/round2_b351_rho.py	research/experiments/original-claims/scripts/round2_b351_rho.py	move	reproduction code or output
research/verification/scripts/round2_b381_saturation.py	research/experiments/original-claims/scripts/round2_b381_saturation.py	move	reproduction code or output
research/verification/scripts/round2_b382_embed.py	research/experiments/original-claims/scripts/round2_b382_embed.py	move	reproduction code or output
research/verification/scripts/round2_b389_extra.py	research/experiments/original-claims/scripts/round2_b389_extra.py	move	reproduction code or output
research/verification/scripts/round2_b391_rows.py	research/experiments/original-claims/scripts/round2_b391_rows.py	move	reproduction code or output
research/verification/scripts/round2_b401_identify.py	research/experiments/original-claims/scripts/round2_b401_identify.py	move	reproduction code or output
research/verification/scripts/round2_b411_followup.py	research/experiments/original-claims/scripts/round2_b411_followup.py	move	reproduction code or output
research/verification/scripts/round2_b411_followup2.py	research/experiments/original-claims/scripts/round2_b411_followup2.py	move	reproduction code or output
research/verification/scripts/round2_b411_paths.py	research/experiments/original-claims/scripts/round2_b411_paths.py	move	reproduction code or output
research/verification/scripts/round2_b411_strict.py	research/experiments/original-claims/scripts/round2_b411_strict.py	move	reproduction code or output
research/verification/scripts/round2_b421_components.py	research/experiments/original-claims/scripts/round2_b421_components.py	move	reproduction code or output
research/verification/scripts/round2_b421_strict.py	research/experiments/original-claims/scripts/round2_b421_strict.py	move	reproduction code or output
research/verification/scripts/round2_b422_cycle.py	research/experiments/original-claims/scripts/round2_b422_cycle.py	move	reproduction code or output
research/verification/scripts/round2_b431_cover.py	research/experiments/original-claims/scripts/round2_b431_cover.py	move	reproduction code or output
research/verification/scripts/round2_b431_lp_exact.py	research/experiments/original-claims/scripts/round2_b431_lp_exact.py	move	reproduction code or output
research/verification/scripts/round2_b441_circles.py	research/experiments/original-claims/scripts/round2_b441_circles.py	move	reproduction code or output
research/verification/scripts/round2_b441_detail.py	research/experiments/original-claims/scripts/round2_b441_detail.py	move	reproduction code or output
research/verification/scripts/round2_b441_families.py	research/experiments/original-claims/scripts/round2_b441_families.py	move	reproduction code or output
research/verification/scripts/round2_b441_window.py	research/experiments/original-claims/scripts/round2_b441_window.py	move	reproduction code or output
research/verification/scripts/round2_b471_circles.py	research/experiments/original-claims/scripts/round2_b471_circles.py	move	reproduction code or output
research/verification/scripts/round2_b471_counting.py	research/experiments/original-claims/scripts/round2_b471_counting.py	move	reproduction code or output
research/verification/scripts/round2_b471_greedy.py	research/experiments/original-claims/scripts/round2_b471_greedy.py	move	reproduction code or output
research/verification/scripts/round2_b471_poisson.py	research/experiments/original-claims/scripts/round2_b471_poisson.py	move	reproduction code or output
research/verification/scripts/round2_b471_stats.py	research/experiments/original-claims/scripts/round2_b471_stats.py	move	reproduction code or output
research/verification/scripts/round2_b501_del.py	research/experiments/original-claims/scripts/round2_b501_del.py	move	reproduction code or output
research/verification/scripts/round2_b501_quads.py	research/experiments/original-claims/scripts/round2_b501_quads.py	move	reproduction code or output
research/verification/scripts/round2_b501_quads2.py	research/experiments/original-claims/scripts/round2_b501_quads2.py	move	reproduction code or output
research/verification/scripts/round2_b501_rand.py	research/experiments/original-claims/scripts/round2_b501_rand.py	move	reproduction code or output
research/verification/scripts/round2_b531_lines.py	research/experiments/original-claims/scripts/round2_b531_lines.py	move	reproduction code or output
research/verification/scripts/round2_b538_synergy.py	research/experiments/original-claims/scripts/round2_b538_synergy.py	move	reproduction code or output
research/verification/scripts/round2_b541_pairsum.py	research/experiments/original-claims/scripts/round2_b541_pairsum.py	move	reproduction code or output
research/verification/scripts/round2_b542_followup.py	research/experiments/original-claims/scripts/round2_b542_followup.py	move	reproduction code or output
research/verification/scripts/round2_b551_3row.py	research/experiments/original-claims/scripts/round2_b551_3row.py	move	reproduction code or output
research/verification/scripts/round2_b561_b575_b579.py	research/experiments/original-claims/scripts/round2_b561_b575_b579.py	move	reproduction code or output
research/verification/scripts/round2_b561_detail.py	research/experiments/original-claims/scripts/round2_b561_detail.py	move	reproduction code or output
research/verification/scripts/round2_b561_exchange.py	research/experiments/original-claims/scripts/round2_b561_exchange.py	move	reproduction code or output
research/verification/scripts/round2_b561_fvec.py	research/experiments/original-claims/scripts/round2_b561_fvec.py	move	reproduction code or output
research/verification/scripts/round2_b561_homology.py	research/experiments/original-claims/scripts/round2_b561_homology.py	move	reproduction code or output
research/verification/scripts/round2_b561_homology_scan.py	research/experiments/original-claims/scripts/round2_b561_homology_scan.py	move	reproduction code or output
research/verification/scripts/round2_b561_residual.py	research/experiments/original-claims/scripts/round2_b561_residual.py	move	reproduction code or output
research/verification/scripts/round2_b591_b600_game.py	research/experiments/original-claims/scripts/round2_b591_b600_game.py	move	reproduction code or output
research/verification/scripts/round2_b591_dmax.py	research/experiments/original-claims/scripts/round2_b591_dmax.py	move	reproduction code or output
research/verification/scripts/round2_b591_followup.py	research/experiments/original-claims/scripts/round2_b591_followup.py	move	reproduction code or output
research/verification/scripts/round2_b594_phases.py	research/experiments/original-claims/scripts/round2_b594_phases.py	move	reproduction code or output
research/verification/scripts/round2_inspect.py	research/experiments/original-claims/scripts/round2_inspect.py	move	reproduction code or output
research/verification/scripts/round30_ceiling_orbits.cpp	research/experiments/original-claims/scripts/round30_ceiling_orbits.cpp	move	reproduction code or output
research/verification/scripts/round30_ceiling_verify.py	research/experiments/original-claims/scripts/round30_ceiling_verify.py	move	reproduction code or output
research/verification/scripts/round31_b047_odd_cycle.py	research/experiments/original-claims/scripts/round31_b047_odd_cycle.py	move	reproduction code or output
research/verification/scripts/round32_b251_accelerated.cpp	research/experiments/original-claims/scripts/round32_b251_accelerated.cpp	move	reproduction code or output
research/verification/scripts/round32_b251_audit.py	research/experiments/original-claims/scripts/round32_b251_audit.py	move	reproduction code or output
research/verification/scripts/round32_b251_budget_probe.cpp	research/experiments/original-claims/scripts/round32_b251_budget_probe.cpp	move	reproduction code or output
research/verification/scripts/round32_b251_curves.cpp	research/experiments/original-claims/scripts/round32_b251_curves.cpp	move	reproduction code or output
research/verification/scripts/round32_b251_input.py	research/experiments/original-claims/scripts/round32_b251_input.py	move	reproduction code or output
research/verification/scripts/round32_standard_pn.cpp	research/experiments/original-claims/scripts/round32_standard_pn.cpp	move	reproduction code or output
research/verification/scripts/round32_standard_pn_verify.cpp	research/experiments/original-claims/scripts/round32_standard_pn_verify.cpp	move	reproduction code or output
research/verification/scripts/round32_standard_table.h	research/experiments/original-claims/scripts/round32_standard_table.h	move	reproduction code or output
research/verification/scripts/round33_b343_search.cpp	research/experiments/original-claims/scripts/round33_b343_search.cpp	move	reproduction code or output
research/verification/scripts/round33_b343_verify.py	research/experiments/original-claims/scripts/round33_b343_verify.py	move	reproduction code or output
research/verification/scripts/round34_b067_verify.py	research/experiments/original-claims/scripts/round34_b067_verify.py	move	reproduction code or output
research/verification/scripts/round34_b068_search.cpp	research/experiments/original-claims/scripts/round34_b068_search.cpp	move	reproduction code or output
research/verification/scripts/round34_b068_verify.py	research/experiments/original-claims/scripts/round34_b068_verify.py	move	reproduction code or output
research/verification/scripts/round35_empty_intersection_search.cpp	research/experiments/original-claims/scripts/round35_empty_intersection_search.cpp	move	reproduction code or output
research/verification/scripts/round35_minimum_family_verify.py	research/experiments/original-claims/scripts/round35_minimum_family_verify.py	move	reproduction code or output
research/verification/scripts/round36_random_witness_audit.py	research/experiments/original-claims/scripts/round36_random_witness_audit.py	move	reproduction code or output
research/verification/scripts/round37_residual_witness_audit.py	research/experiments/original-claims/scripts/round37_residual_witness_audit.py	move	reproduction code or output
research/verification/scripts/round38_b345_search.cpp	research/experiments/original-claims/scripts/round38_b345_search.cpp	move	reproduction code or output
research/verification/scripts/round38_b345_verify.py	research/experiments/original-claims/scripts/round38_b345_verify.py	move	reproduction code or output
research/verification/scripts/round39_audit.py	research/experiments/original-claims/scripts/round39_audit.py	move	reproduction code or output
research/verification/scripts/round39_curve_census.cpp	research/experiments/original-claims/scripts/round39_curve_census.cpp	move	reproduction code or output
research/verification/scripts/round39_empty_pair_search.cpp	research/experiments/original-claims/scripts/round39_empty_pair_search.cpp	move	reproduction code or output
research/verification/scripts/round39_geometry_inputs.py	research/experiments/original-claims/scripts/round39_geometry_inputs.py	move	reproduction code or output
research/verification/scripts/round3_assign.py	research/experiments/original-claims/scripts/round3_assign.py	move	reproduction code or output
research/verification/scripts/round3_b371_analysis.py	research/experiments/original-claims/scripts/round3_b371_analysis.py	move	reproduction code or output
research/verification/scripts/round3_b431_ilp.py	research/experiments/original-claims/scripts/round3_b431_ilp.py	move	reproduction code or output
research/verification/scripts/round3_b451_analysis.py	research/experiments/original-claims/scripts/round3_b451_analysis.py	move	reproduction code or output
research/verification/scripts/round3_b451_census.py	research/experiments/original-claims/scripts/round3_b451_census.py	move	reproduction code or output
research/verification/scripts/round3_b475_mn.py	research/experiments/original-claims/scripts/round3_b475_mn.py	move	reproduction code or output
research/verification/scripts/round3_b475_mn_asymptotic.py	research/experiments/original-claims/scripts/round3_b475_mn_asymptotic.py	move	reproduction code or output
research/verification/scripts/round3_b501_pgrand_n5.py	research/experiments/original-claims/scripts/round3_b501_pgrand_n5.py	move	reproduction code or output
research/verification/scripts/round3_b501_pgrand_n5b.py	research/experiments/original-claims/scripts/round3_b501_pgrand_n5b.py	move	reproduction code or output
research/verification/scripts/round3_b502_extract.py	research/experiments/original-claims/scripts/round3_b502_extract.py	move	reproduction code or output
research/verification/scripts/round3_b502_pgrand_n6.py	research/experiments/original-claims/scripts/round3_b502_pgrand_n6.py	move	reproduction code or output
research/verification/scripts/round3_b502_report.py	research/experiments/original-claims/scripts/round3_b502_report.py	move	reproduction code or output
research/verification/scripts/round3_b591_b592.py	research/experiments/original-claims/scripts/round3_b591_b592.py	move	reproduction code or output
research/verification/scripts/round3_b591_b592_exact.py	research/experiments/original-claims/scripts/round3_b591_b592_exact.py	move	reproduction code or output
research/verification/scripts/round3_b591_b592_final.py	research/experiments/original-claims/scripts/round3_b591_b592_final.py	move	reproduction code or output
research/verification/scripts/round3_b591_b592_m8.py	research/experiments/original-claims/scripts/round3_b591_b592_m8.py	move	reproduction code or output
research/verification/scripts/round3_b591_b592_pool.py	research/experiments/original-claims/scripts/round3_b591_b592_pool.py	move	reproduction code or output
research/verification/scripts/round3_b591_core.py	research/experiments/original-claims/scripts/round3_b591_core.py	move	reproduction code or output
research/verification/scripts/round3_chunk2_deform.py	research/archive/incomplete-scripts/round3_chunk2_deform.py	move	incomplete code: syntax error already present at starting main; historical source
research/verification/scripts/round3_chunk2_extract.py	research/experiments/original-claims/scripts/round3_chunk2_extract.py	move	reproduction code or output
research/verification/scripts/round3_chunk2_geom.py	research/experiments/original-claims/scripts/round3_chunk2_geom.py	move	reproduction code or output
research/verification/scripts/round3_chunk2_saturation.py	research/experiments/original-claims/scripts/round3_chunk2_saturation.py	move	reproduction code or output
research/verification/scripts/round3_chunk2_scover.py	research/experiments/original-claims/scripts/round3_chunk2_scover.py	move	reproduction code or output
research/verification/scripts/round3_chunk2_selftest.py	research/experiments/original-claims/scripts/round3_chunk2_selftest.py	move	reproduction code or output
research/verification/scripts/round3_chunk2_shape.py	research/experiments/original-claims/scripts/round3_chunk2_shape.py	move	reproduction code or output
research/verification/scripts/round3_chunk3_core.py	research/experiments/original-claims/scripts/round3_chunk3_core.py	move	reproduction code or output
research/verification/scripts/round3_chunk4_A.py	research/experiments/original-claims/scripts/round3_chunk4_A.py	move	reproduction code or output
research/verification/scripts/round3_chunk4_A1.py	research/experiments/original-claims/scripts/round3_chunk4_A1.py	move	reproduction code or output
research/verification/scripts/round3_chunk4_A2.py	research/experiments/original-claims/scripts/round3_chunk4_A2.py	move	reproduction code or output
research/verification/scripts/round3_chunk4_core.py	research/experiments/original-claims/scripts/round3_chunk4_core.py	move	reproduction code or output
research/verification/scripts/round3_chunk4_relax.py	research/experiments/original-claims/scripts/round3_chunk4_relax.py	move	reproduction code or output
research/verification/scripts/round3_chunk4_selfcheck.py	research/experiments/original-claims/scripts/round3_chunk4_selfcheck.py	move	reproduction code or output
research/verification/scripts/round3_chunk4_u.py	research/experiments/original-claims/scripts/round3_chunk4_u.py	move	reproduction code or output
research/verification/scripts/round3_chunk5_b300.py	research/experiments/original-claims/scripts/round3_chunk5_b300.py	move	reproduction code or output
research/verification/scripts/round3_chunk5_jn.py	research/experiments/original-claims/scripts/round3_chunk5_jn.py	move	reproduction code or output
research/verification/scripts/round3_chunk5_partition.py	research/experiments/original-claims/scripts/round3_chunk5_partition.py	move	reproduction code or output
research/verification/scripts/round3_chunk5_sharp.py	research/experiments/original-claims/scripts/round3_chunk5_sharp.py	move	reproduction code or output
research/verification/scripts/round3_chunk5_verify.py	research/experiments/original-claims/scripts/round3_chunk5_verify.py	move	reproduction code or output
research/verification/scripts/round3_chunk6_cover.py	research/experiments/original-claims/scripts/round3_chunk6_cover.py	move	reproduction code or output
research/verification/scripts/round3_chunk6_residual.py	research/experiments/original-claims/scripts/round3_chunk6_residual.py	move	reproduction code or output
research/verification/scripts/round3_chunk6_rho.py	research/experiments/original-claims/scripts/round3_chunk6_rho.py	move	reproduction code or output
research/verification/scripts/round3_chunk6_wft.py	research/experiments/original-claims/scripts/round3_chunk6_wft.py	move	reproduction code or output
research/verification/scripts/round3_chunk7_del.py	research/experiments/original-claims/scripts/round3_chunk7_del.py	move	reproduction code or output
research/verification/scripts/round3_chunk7_geocirc.py	research/experiments/original-claims/scripts/round3_chunk7_geocirc.py	move	reproduction code or output
research/verification/scripts/round3_chunk7_geom.py	research/experiments/original-claims/scripts/round3_chunk7_geom.py	move	reproduction code or output
research/verification/scripts/round3_chunk7_greedy.py	research/experiments/original-claims/scripts/round3_chunk7_greedy.py	move	reproduction code or output
research/verification/scripts/round3_chunk7_lp.py	research/experiments/original-claims/scripts/round3_chunk7_lp.py	move	reproduction code or output
research/verification/scripts/round3_chunk7_stats.py	research/experiments/original-claims/scripts/round3_chunk7_stats.py	move	reproduction code or output
research/verification/scripts/round3_chunk8_a_quads.py	research/experiments/original-claims/scripts/round3_chunk8_a_quads.py	move	reproduction code or output
research/verification/scripts/round3_chunk8_b521.py	research/experiments/original-claims/scripts/round3_chunk8_b521.py	move	reproduction code or output
research/verification/scripts/round3_chunk8_c_tworow.py	research/experiments/original-claims/scripts/round3_chunk8_c_tworow.py	move	reproduction code or output
research/verification/scripts/round3_chunk8_collect.py	research/experiments/original-claims/scripts/round3_chunk8_collect.py	move	reproduction code or output
research/verification/scripts/round3_chunk8_d_3row.py	research/experiments/original-claims/scripts/round3_chunk8_d_3row.py	move	reproduction code or output
research/verification/scripts/round3_chunk8_e_quads2.py	research/archive/incomplete-scripts/round3_chunk8_e_quads2.py	move	incomplete code: syntax error already present at starting main; historical source
research/verification/scripts/round3_chunk8_lib.py	research/experiments/original-claims/scripts/round3_chunk8_lib.py	move	reproduction code or output
research/verification/scripts/round3_collect_labels.py	research/experiments/original-claims/scripts/round3_collect_labels.py	move	reproduction code or output
research/verification/scripts/round3_coverage.py	research/experiments/original-claims/scripts/round3_coverage.py	move	reproduction code or output
research/verification/scripts/round3_diff.py	research/experiments/original-claims/scripts/round3_diff.py	move	reproduction code or output
research/verification/scripts/round3_dupcheck.py	research/experiments/original-claims/scripts/round3_dupcheck.py	move	reproduction code or output
research/verification/scripts/round3_inspect_json.py	research/experiments/original-claims/scripts/round3_inspect_json.py	move	reproduction code or output
research/verification/scripts/round3_map_artifacts.py	research/experiments/original-claims/scripts/round3_map_artifacts.py	move	reproduction code or output
research/verification/scripts/round3_master.py	research/experiments/original-claims/scripts/round3_master.py	move	reproduction code or output
research/verification/scripts/round3_partition.py	research/experiments/original-claims/scripts/round3_partition.py	move	reproduction code or output
research/verification/scripts/round3_push2.py	research/experiments/original-claims/scripts/round3_push2.py	move	reproduction code or output
research/verification/scripts/round3_remaining.py	research/experiments/original-claims/scripts/round3_remaining.py	move	reproduction code or output
research/verification/scripts/round3_scan.py	research/experiments/original-claims/scripts/round3_scan.py	move	reproduction code or output
research/verification/scripts/round3_scan2.py	research/experiments/original-claims/scripts/round3_scan2.py	move	reproduction code or output
research/verification/scripts/round3_show.py	research/experiments/original-claims/scripts/round3_show.py	move	reproduction code or output
research/verification/scripts/round3_show2.py	research/experiments/original-claims/scripts/round3_show2.py	move	reproduction code or output
research/verification/scripts/round3_status.py	research/experiments/original-claims/scripts/round3_status.py	move	reproduction code or output
research/verification/scripts/round3_summary.py	research/experiments/original-claims/scripts/round3_summary.py	move	reproduction code or output
research/verification/scripts/round3_todo.py	research/experiments/original-claims/scripts/round3_todo.py	move	reproduction code or output
research/verification/scripts/round3_trace.py	research/experiments/original-claims/scripts/round3_trace.py	move	reproduction code or output
research/verification/scripts/round40_classification.py	research/experiments/original-claims/scripts/round40_classification.py	move	reproduction code or output
research/verification/scripts/round40_four_edge_types.cpp	research/experiments/original-claims/scripts/round40_four_edge_types.cpp	move	reproduction code or output
research/verification/scripts/round41_audit.py	research/experiments/original-claims/scripts/round41_audit.py	move	reproduction code or output
research/verification/scripts/round41_empty_pair_bounded.cpp	research/experiments/original-claims/scripts/round41_empty_pair_bounded.cpp	move	reproduction code or output
research/verification/scripts/round42_families_audit.py	research/experiments/original-claims/scripts/round42_families_audit.py	move	reproduction code or output
research/verification/scripts/round43_b350_minimum.py	research/experiments/original-claims/scripts/round43_b350_minimum.py	move	reproduction code or output
research/verification/scripts/round44_tree_and_clique.py	research/experiments/original-claims/scripts/round44_tree_and_clique.py	move	reproduction code or output
research/verification/scripts/round45_cover_sharpness.py	research/experiments/original-claims/scripts/round45_cover_sharpness.py	move	reproduction code or output
research/verification/scripts/round46_audit.py	research/experiments/original-claims/scripts/round46_audit.py	move	reproduction code or output
research/verification/scripts/round46_cadical.py	research/experiments/original-claims/scripts/round46_cadical.py	move	reproduction code or output
research/verification/scripts/round46_kmin_symmetry.cpp	research/experiments/original-claims/scripts/round46_kmin_symmetry.cpp	move	reproduction code or output
research/verification/scripts/round46_kmin_tight.cpp	research/experiments/original-claims/scripts/round46_kmin_tight.cpp	move	reproduction code or output
research/verification/scripts/round46_sat.py	research/experiments/original-claims/scripts/round46_sat.py	move	reproduction code or output
research/verification/scripts/round47_cover_audit.py	research/experiments/original-claims/scripts/round47_cover_audit.py	move	reproduction code or output
research/verification/scripts/round47_minimal_cover_census.cpp	research/experiments/original-claims/scripts/round47_minimal_cover_census.cpp	move	reproduction code or output
research/verification/scripts/round48_49_audit.py	research/experiments/original-claims/scripts/round48_49_audit.py	move	reproduction code or output
research/verification/scripts/round48_max_incidence.cpp	research/experiments/original-claims/scripts/round48_max_incidence.cpp	move	reproduction code or output
research/verification/scripts/round48_n10_embedded.cpp	research/experiments/original-claims/scripts/round48_n10_embedded.cpp	move	reproduction code or output
research/verification/scripts/round4_ap_greedy.py	research/experiments/original-claims/scripts/round4_ap_greedy.py	move	reproduction code or output
research/verification/scripts/round4_ap_witness_audit.py	research/experiments/original-claims/scripts/round4_ap_witness_audit.py	move	reproduction code or output
research/verification/scripts/round4_b002.cpp	research/experiments/original-claims/scripts/round4_b002.cpp	move	reproduction code or output
research/verification/scripts/round4_b092.cpp	research/experiments/original-claims/scripts/round4_b092.cpp	move	reproduction code or output
research/verification/scripts/round4_b092b.cpp	research/experiments/original-claims/scripts/round4_b092b.cpp	move	reproduction code or output
research/verification/scripts/round4_b168.cpp	research/experiments/original-claims/scripts/round4_b168.cpp	move	reproduction code or output
research/verification/scripts/round4_b168_run.sh	research/experiments/original-claims/scripts/round4_b168_run.sh	move	reproduction code or output
research/verification/scripts/round4_b228.cpp	research/experiments/original-claims/scripts/round4_b228.cpp	move	reproduction code or output
research/verification/scripts/round4_b228c.cpp	research/experiments/original-claims/scripts/round4_b228c.cpp	move	reproduction code or output
research/verification/scripts/round4_b228d.cpp	research/experiments/original-claims/scripts/round4_b228d.cpp	move	reproduction code or output
research/verification/scripts/round4_b228e.cpp	research/experiments/original-claims/scripts/round4_b228e.cpp	move	reproduction code or output
research/verification/scripts/round4_b237_run.sh	research/experiments/original-claims/scripts/round4_b237_run.sh	move	reproduction code or output
research/verification/scripts/round4_b237_run2.sh	research/experiments/original-claims/scripts/round4_b237_run2.sh	move	reproduction code or output
research/verification/scripts/round4_b291.cpp	research/experiments/original-claims/scripts/round4_b291.cpp	move	reproduction code or output
research/verification/scripts/round4_b291c.cpp	research/experiments/original-claims/scripts/round4_b291c.cpp	move	reproduction code or output
research/verification/scripts/round4_b291d.cpp	research/experiments/original-claims/scripts/round4_b291d.cpp	move	reproduction code or output
research/verification/scripts/round4_b291e.cpp	research/experiments/original-claims/scripts/round4_b291e.cpp	move	reproduction code or output
research/verification/scripts/round4_b371.cpp	research/experiments/original-claims/scripts/round4_b371.cpp	move	reproduction code or output
research/verification/scripts/round4_b371_witness.py	research/experiments/original-claims/scripts/round4_b371_witness.py	move	reproduction code or output
research/verification/scripts/round4_b400.cpp	research/experiments/original-claims/scripts/round4_b400.cpp	move	reproduction code or output
research/verification/scripts/round4_b474_b477.py	research/experiments/original-claims/scripts/round4_b474_b477.py	move	reproduction code or output
research/verification/scripts/round4_b478b500.cpp	research/experiments/original-claims/scripts/round4_b478b500.cpp	move	reproduction code or output
research/verification/scripts/round4_b501_prand.cpp	research/experiments/original-claims/scripts/round4_b501_prand.cpp	move	reproduction code or output
research/verification/scripts/round4_b543_rect.cpp	research/experiments/original-claims/scripts/round4_b543_rect.cpp	move	reproduction code or output
research/verification/scripts/round4_b543_rect_build.sh	research/experiments/original-claims/scripts/round4_b543_rect_build.sh	move	reproduction code or output
research/verification/scripts/round4_b543_rect_run.sh	research/experiments/original-claims/scripts/round4_b543_rect_run.sh	move	reproduction code or output
research/verification/scripts/round4_b591_dmax.cpp	research/experiments/original-claims/scripts/round4_b591_dmax.cpp	move	reproduction code or output
research/verification/scripts/round4_b591b.cpp	research/experiments/original-claims/scripts/round4_b591b.cpp	move	reproduction code or output
research/verification/scripts/round4_b591b_run.sh	research/experiments/original-claims/scripts/round4_b591b_run.sh	move	reproduction code or output
research/verification/scripts/round4_b591b_run2.sh	research/experiments/original-claims/scripts/round4_b591b_run2.sh	move	reproduction code or output
research/verification/scripts/round4_circle_windows.py	research/experiments/original-claims/scripts/round4_circle_windows.py	move	reproduction code or output
research/verification/scripts/round4_collinear_asymptotic.py	research/experiments/original-claims/scripts/round4_collinear_asymptotic.py	move	reproduction code or output
research/verification/scripts/round4_firstmoves.cpp	research/experiments/original-claims/scripts/round4_firstmoves.cpp	move	reproduction code or output
research/verification/scripts/round4_fixed_width.py	research/experiments/original-claims/scripts/round4_fixed_width.py	move	reproduction code or output
research/verification/scripts/round4_n7_layers.cpp	research/experiments/original-claims/scripts/round4_n7_layers.cpp	move	reproduction code or output
research/verification/scripts/round4_prand_inspect.py	research/experiments/original-claims/scripts/round4_prand_inspect.py	move	reproduction code or output
research/verification/scripts/round4_status.py	research/experiments/original-claims/scripts/round4_status.py	move	reproduction code or output
research/verification/scripts/round4_tstar.cpp	research/experiments/original-claims/scripts/round4_tstar.cpp	move	reproduction code or output
research/verification/scripts/round4_two_row_order_strategy.py	research/experiments/original-claims/scripts/round4_two_row_order_strategy.py	move	reproduction code or output
research/verification/scripts/round50_n9_private.cpp	research/experiments/original-claims/scripts/round50_n9_private.cpp	move	reproduction code or output
research/verification/scripts/round50_private_audit.py	research/experiments/original-claims/scripts/round50_private_audit.py	move	reproduction code or output
research/verification/scripts/round51_n10_window.cpp	research/experiments/original-claims/scripts/round51_n10_window.cpp	move	reproduction code or output
research/verification/scripts/round52_saturation_bound.py	research/experiments/original-claims/scripts/round52_saturation_bound.py	move	reproduction code or output
research/verification/scripts/round53_n10_eight_roots.cpp	research/experiments/original-claims/scripts/round53_n10_eight_roots.cpp	move	reproduction code or output
research/verification/scripts/round54_saturation_jump.py	research/experiments/original-claims/scripts/round54_saturation_jump.py	move	reproduction code or output
research/verification/scripts/round55_eighteen_audit.py	research/experiments/original-claims/scripts/round55_eighteen_audit.py	move	reproduction code or output
research/verification/scripts/round55_maximum_sat.py	research/experiments/original-claims/scripts/round55_maximum_sat.py	move	reproduction code or output
research/verification/scripts/round56_complete_chain_audit.py	research/experiments/original-claims/scripts/round56_complete_chain_audit.py	move	reproduction code or output
research/verification/scripts/round56_resumable_kmin.cpp	research/experiments/original-claims/scripts/round56_resumable_kmin.cpp	move	reproduction code or output
research/verification/scripts/round56_resume_audit.py	research/experiments/original-claims/scripts/round56_resume_audit.py	move	reproduction code or output
research/verification/scripts/round56_resume_run.py	research/experiments/original-claims/scripts/round56_resume_run.py	move	reproduction code or output
research/verification/scripts/round57_n10_nineteen_neighborhood.cpp	research/experiments/original-claims/scripts/round57_n10_nineteen_neighborhood.cpp	move	reproduction code or output
research/verification/scripts/round57_nineteen_audit.py	research/experiments/original-claims/scripts/round57_nineteen_audit.py	move	reproduction code or output
research/verification/scripts/round58_maximum_embedding_audit.py	research/experiments/original-claims/scripts/round58_maximum_embedding_audit.py	move	reproduction code or output
research/verification/scripts/round59_n10_nine_sat.py	research/experiments/original-claims/scripts/round59_n10_nine_sat.py	move	reproduction code or output
research/verification/scripts/round5_b001_b024.py	research/experiments/original-claims/scripts/round5_b001_b024.py	move	reproduction code or output
research/verification/scripts/round5_b001_b032.py	research/experiments/original-claims/scripts/round5_b001_b032.py	move	reproduction code or output
research/verification/scripts/round5_b001_b045.py	research/experiments/original-claims/scripts/round5_b001_b045.py	move	reproduction code or output
research/verification/scripts/round5_b001_b077.py	research/experiments/original-claims/scripts/round5_b001_b077.py	move	reproduction code or output
research/verification/scripts/round5_b001_b079.py	research/experiments/original-claims/scripts/round5_b001_b079.py	move	reproduction code or output
research/verification/scripts/round5_b001_followup.py	research/experiments/original-claims/scripts/round5_b001_followup.py	move	reproduction code or output
research/verification/scripts/round5_b001_g2.cpp	research/experiments/original-claims/scripts/round5_b001_g2.cpp	move	reproduction code or output
research/verification/scripts/round5_b001_g2.sh	research/experiments/original-claims/scripts/round5_b001_g2.sh	move	reproduction code or output
research/verification/scripts/round5_b001_push3.py	research/experiments/original-claims/scripts/round5_b001_push3.py	move	reproduction code or output
research/verification/scripts/round5_b001_push3_wave2.py	research/experiments/original-claims/scripts/round5_b001_push3_wave2.py	move	reproduction code or output
research/verification/scripts/round5_b001_push3_wave3.py	research/experiments/original-claims/scripts/round5_b001_push3_wave3.py	move	reproduction code or output
research/verification/scripts/round5_b001_push3_wave4.py	research/experiments/original-claims/scripts/round5_b001_push3_wave4.py	move	reproduction code or output
research/verification/scripts/round5_b001_push3_wave5.py	research/experiments/original-claims/scripts/round5_b001_push3_wave5.py	move	reproduction code or output
research/verification/scripts/round5_b001_push3_wave6.py	research/experiments/original-claims/scripts/round5_b001_push3_wave6.py	move	reproduction code or output
research/verification/scripts/round5_b020_b090.py	research/experiments/original-claims/scripts/round5_b020_b090.py	move	reproduction code or output
research/verification/scripts/round5_b020_resid.py	research/experiments/original-claims/scripts/round5_b020_resid.py	move	reproduction code or output
research/verification/scripts/round5_b020b_b032more.py	research/experiments/original-claims/scripts/round5_b020b_b032more.py	move	reproduction code or output
research/verification/scripts/round5_b020b_b059perk.py	research/experiments/original-claims/scripts/round5_b020b_b059perk.py	move	reproduction code or output
research/verification/scripts/round5_b020b_construct.py	research/experiments/original-claims/scripts/round5_b020b_construct.py	move	reproduction code or output
research/verification/scripts/round5_b020b_construct2.py	research/experiments/original-claims/scripts/round5_b020b_construct2.py	move	reproduction code or output
research/verification/scripts/round5_b020b_extra.py	research/experiments/original-claims/scripts/round5_b020b_extra.py	move	reproduction code or output
research/verification/scripts/round5_b020b_k10aggr.cpp	research/experiments/original-claims/scripts/round5_b020b_k10aggr.cpp	move	reproduction code or output
research/verification/scripts/round5_b020b_k10search.cpp	research/experiments/original-claims/scripts/round5_b020b_k10search.cpp	move	reproduction code or output
research/verification/scripts/round5_b101_b123.py	research/experiments/original-claims/scripts/round5_b101_b123.py	move	reproduction code or output
research/verification/scripts/round5_b101_b138.py	research/experiments/original-claims/scripts/round5_b101_b138.py	move	reproduction code or output
research/verification/scripts/round5_b101_followup.py	research/experiments/original-claims/scripts/round5_b101_followup.py	move	reproduction code or output
research/verification/scripts/round5_b101_followup_q.py	research/experiments/original-claims/scripts/round5_b101_followup_q.py	move	reproduction code or output
research/verification/scripts/round5_b101_multi.py	research/experiments/original-claims/scripts/round5_b101_multi.py	move	reproduction code or output
research/verification/scripts/round5_b101_n5.py	research/experiments/original-claims/scripts/round5_b101_n5.py	move	reproduction code or output
research/verification/scripts/round5_b101_quick.py	research/experiments/original-claims/scripts/round5_b101_quick.py	move	reproduction code or output
research/verification/scripts/round5_b101a_ab.py	research/experiments/original-claims/scripts/round5_b101a_ab.py	move	reproduction code or output
research/verification/scripts/round5_b101a_b149.py	research/experiments/original-claims/scripts/round5_b101a_b149.py	move	reproduction code or output
research/verification/scripts/round5_b101a_circles.py	research/experiments/original-claims/scripts/round5_b101a_circles.py	move	reproduction code or output
research/verification/scripts/round5_b101a_defs.py	research/experiments/original-claims/scripts/round5_b101a_defs.py	move	reproduction code or output
research/verification/scripts/round5_b101a_ident_inv.py	research/experiments/original-claims/scripts/round5_b101a_ident_inv.py	move	reproduction code or output
research/verification/scripts/round5_b101a_peek.py	research/experiments/original-claims/scripts/round5_b101a_peek.py	move	reproduction code or output
research/verification/scripts/round5_b101a_peek2.py	research/experiments/original-claims/scripts/round5_b101a_peek2.py	move	reproduction code or output
research/verification/scripts/round5_b120_b160.py	research/experiments/original-claims/scripts/round5_b120_b160.py	move	reproduction code or output
research/verification/scripts/round5_b120_b160_followup.py	research/experiments/original-claims/scripts/round5_b120_b160_followup.py	move	reproduction code or output
research/verification/scripts/round5_b142_circles.py	research/experiments/original-claims/scripts/round5_b142_circles.py	move	reproduction code or output
research/verification/scripts/round5_b142_count.cpp	research/experiments/original-claims/scripts/round5_b142_count.cpp	move	reproduction code or output
research/verification/scripts/round5_b151_compute.py	research/experiments/original-claims/scripts/round5_b151_compute.py	move	reproduction code or output
research/verification/scripts/round5_b151_fast.py	research/experiments/original-claims/scripts/round5_b151_fast.py	move	reproduction code or output
research/verification/scripts/round5_b151_homology.py	research/experiments/original-claims/scripts/round5_b151_homology.py	move	reproduction code or output
research/verification/scripts/round5_b151_save.py	research/experiments/original-claims/scripts/round5_b151_save.py	move	reproduction code or output
research/verification/scripts/round5_b177_b200.py	research/experiments/original-claims/scripts/round5_b177_b200.py	move	reproduction code or output
research/verification/scripts/round5_b177_b200b.py	research/experiments/original-claims/scripts/round5_b177_b200b.py	move	reproduction code or output
research/verification/scripts/round5_b177_b200c.py	research/experiments/original-claims/scripts/round5_b177_b200c.py	move	reproduction code or output
research/verification/scripts/round5_b177_b200d.py	research/experiments/original-claims/scripts/round5_b177_b200d.py	move	reproduction code or output
research/verification/scripts/round5_b177_b200e.py	research/experiments/original-claims/scripts/round5_b177_b200e.py	move	reproduction code or output
research/verification/scripts/round5_b201_b224_b225.py	research/experiments/original-claims/scripts/round5_b201_b224_b225.py	move	reproduction code or output
research/verification/scripts/round5_b201_core.py	research/experiments/original-claims/scripts/round5_b201_core.py	move	reproduction code or output
research/verification/scripts/round5_b201_del1.cpp	research/experiments/original-claims/scripts/round5_b201_del1.cpp	move	reproduction code or output
research/verification/scripts/round5_b201_del1.sh	research/experiments/original-claims/scripts/round5_b201_del1.sh	move	reproduction code or output
research/verification/scripts/round5_b201_del2.cpp	research/experiments/original-claims/scripts/round5_b201_del2.cpp	move	reproduction code or output
research/verification/scripts/round5_b201_rectvar.py	research/experiments/original-claims/scripts/round5_b201_rectvar.py	move	reproduction code or output
research/verification/scripts/round5_b201fu.py	research/experiments/original-claims/scripts/round5_b201fu.py	move	reproduction code or output
research/verification/scripts/round5_b201fu_extra.py	research/experiments/original-claims/scripts/round5_b201fu_extra.py	move	reproduction code or output
research/verification/scripts/round5_b201fu_subfam3.py	research/experiments/original-claims/scripts/round5_b201fu_subfam3.py	move	reproduction code or output
research/verification/scripts/round5_b231_n4.py	research/experiments/original-claims/scripts/round5_b231_n4.py	move	reproduction code or output
research/verification/scripts/round5_b231_n4b.py	research/experiments/original-claims/scripts/round5_b231_n4b.py	move	reproduction code or output
research/verification/scripts/round5_b231_n5.py	research/experiments/original-claims/scripts/round5_b231_n5.py	move	reproduction code or output
research/verification/scripts/round5_b251_b267.cpp	research/experiments/original-claims/scripts/round5_b251_b267.cpp	move	reproduction code or output
research/verification/scripts/round5_b251_b267_run.sh	research/experiments/original-claims/scripts/round5_b251_b267_run.sh	move	reproduction code or output
research/verification/scripts/round5_b251_b285_n6.py	research/experiments/original-claims/scripts/round5_b251_b285_n6.py	move	reproduction code or output
research/verification/scripts/round5_b251_b285_n6.sh	research/experiments/original-claims/scripts/round5_b251_b285_n6.sh	move	reproduction code or output
research/verification/scripts/round5_b251_check.sh	research/experiments/original-claims/scripts/round5_b251_check.sh	move	reproduction code or output
research/verification/scripts/round5_b251_embed.py	research/experiments/original-claims/scripts/round5_b251_embed.py	move	reproduction code or output
research/verification/scripts/round5_b251_n4.sh	research/experiments/original-claims/scripts/round5_b251_n4.sh	move	reproduction code or output
research/verification/scripts/round5_b251_n5.sh	research/experiments/original-claims/scripts/round5_b251_n5.sh	move	reproduction code or output
research/verification/scripts/round5_b251_n6_bg.sh	research/experiments/original-claims/scripts/round5_b251_n6_bg.sh	move	reproduction code or output
research/verification/scripts/round5_b251_n6_orbit.cpp	research/experiments/original-claims/scripts/round5_b251_n6_orbit.cpp	move	reproduction code or output
research/verification/scripts/round5_b251_n6_orbit.sh	research/experiments/original-claims/scripts/round5_b251_n6_orbit.sh	move	reproduction code or output
research/verification/scripts/round5_b251_run.sh	research/experiments/original-claims/scripts/round5_b251_run.sh	move	reproduction code or output
research/verification/scripts/round5_b251_solver.cpp	research/experiments/original-claims/scripts/round5_b251_solver.cpp	move	reproduction code or output
research/verification/scripts/round5_b251_thermo_lp.py	research/experiments/original-claims/scripts/round5_b251_thermo_lp.py	move	reproduction code or output
research/verification/scripts/round5_b251a.cpp	research/experiments/original-claims/scripts/round5_b251a.cpp	move	reproduction code or output
research/verification/scripts/round5_b251a_bg.sh	research/experiments/original-claims/scripts/round5_b251a_bg.sh	move	reproduction code or output
research/verification/scripts/round5_b251a_families.cpp	research/experiments/original-claims/scripts/round5_b251a_families.cpp	move	reproduction code or output
research/verification/scripts/round5_b251a_run.sh	research/experiments/original-claims/scripts/round5_b251a_run.sh	move	reproduction code or output
research/verification/scripts/round5_b251a_run1.sh	research/experiments/original-claims/scripts/round5_b251a_run1.sh	move	reproduction code or output
research/verification/scripts/round5_b251a_weak.cpp	research/experiments/original-claims/scripts/round5_b251a_weak.cpp	move	reproduction code or output
research/verification/scripts/round5_b251a_weak_b263_n4.py	research/experiments/original-claims/scripts/round5_b251a_weak_b263_n4.py	move	reproduction code or output
research/verification/scripts/round5_b251a_weak_b263_variants.py	research/experiments/original-claims/scripts/round5_b251a_weak_b263_variants.py	move	reproduction code or output
research/verification/scripts/round5_b251a_weak_b263_variants2.py	research/experiments/original-claims/scripts/round5_b251a_weak_b263_variants2.py	move	reproduction code or output
research/verification/scripts/round5_b251a_weak_run_b254.sh	research/experiments/original-claims/scripts/round5_b251a_weak_run_b254.sh	move	reproduction code or output
research/verification/scripts/round5_b251a_weak_run_b263.sh	research/experiments/original-claims/scripts/round5_b251a_weak_run_b263.sh	move	reproduction code or output
research/verification/scripts/round5_b251a_weak_run_b263_b254.sh	research/experiments/original-claims/scripts/round5_b251a_weak_run_b263_b254.sh	move	reproduction code or output
research/verification/scripts/round5_b251a_weak_run_pairs4.sh	research/experiments/original-claims/scripts/round5_b251a_weak_run_pairs4.sh	move	reproduction code or output
research/verification/scripts/round5_b251a_weak_run_singles5.sh	research/experiments/original-claims/scripts/round5_b251a_weak_run_singles5.sh	move	reproduction code or output
research/verification/scripts/round5_b271_b290.py	research/experiments/original-claims/scripts/round5_b271_b290.py	move	reproduction code or output
research/verification/scripts/round5_b271_fu_b290n5.py	research/experiments/original-claims/scripts/round5_b271_fu_b290n5.py	move	reproduction code or output
research/verification/scripts/round5_b271_fu_geom.py	research/experiments/original-claims/scripts/round5_b271_fu_geom.py	move	reproduction code or output
research/verification/scripts/round5_b271_fu_lp.py	research/experiments/original-claims/scripts/round5_b271_fu_lp.py	move	reproduction code or output
research/verification/scripts/round5_b271_fu_mcmc.py	research/experiments/original-claims/scripts/round5_b271_fu_mcmc.py	move	reproduction code or output
research/verification/scripts/round5_b271_fu_thermo.py	research/experiments/original-claims/scripts/round5_b271_fu_thermo.py	move	reproduction code or output
research/verification/scripts/round5_b271_n6lp.py	research/experiments/original-claims/scripts/round5_b271_n6lp.py	move	reproduction code or output
research/verification/scripts/round5_b271_s1.py	research/experiments/original-claims/scripts/round5_b271_s1.py	move	reproduction code or output
research/verification/scripts/round5_b271_s2geom.py	research/experiments/original-claims/scripts/round5_b271_s2geom.py	move	reproduction code or output
research/verification/scripts/round5_b271_s2lp.py	research/experiments/original-claims/scripts/round5_b271_s2lp.py	move	reproduction code or output
research/verification/scripts/round5_b276_order.py	research/experiments/original-claims/scripts/round5_b276_order.py	move	reproduction code or output
research/verification/scripts/round5_b278_mixing.py	research/experiments/original-claims/scripts/round5_b278_mixing.py	move	reproduction code or output
research/verification/scripts/round5_b283_split.py	research/experiments/original-claims/scripts/round5_b283_split.py	move	reproduction code or output
research/verification/scripts/round5_b286_coord.py	research/experiments/original-claims/scripts/round5_b286_coord.py	move	reproduction code or output
research/verification/scripts/round5_b288_frac_lp.py	research/experiments/original-claims/scripts/round5_b288_frac_lp.py	move	reproduction code or output
research/verification/scripts/round5_b301_b370.cpp	research/experiments/original-claims/scripts/round5_b301_b370.cpp	move	reproduction code or output
research/verification/scripts/round5_b301_b370.sh	research/experiments/original-claims/scripts/round5_b301_b370.sh	move	reproduction code or output
research/verification/scripts/round5_b301_b370f.cpp	research/experiments/original-claims/scripts/round5_b301_b370f.cpp	move	reproduction code or output
research/verification/scripts/round5_b301_b370f.sh	research/experiments/original-claims/scripts/round5_b301_b370f.sh	move	reproduction code or output
research/verification/scripts/round5_b301_b376.py	research/experiments/original-claims/scripts/round5_b301_b376.py	move	reproduction code or output
research/verification/scripts/round5_b301_b379.cpp	research/experiments/original-claims/scripts/round5_b301_b379.cpp	move	reproduction code or output
research/verification/scripts/round5_b301_b379.json	research/experiments/original-claims/output/round5_b301_b379.json	move	reproduction code or output
research/verification/scripts/round5_b301_b379.py	research/experiments/original-claims/scripts/round5_b301_b379.py	move	reproduction code or output
research/verification/scripts/round5_b301_b379.sh	research/experiments/original-claims/scripts/round5_b301_b379.sh	move	reproduction code or output
research/verification/scripts/round5_b301_check.sh	research/experiments/original-claims/scripts/round5_b301_check.sh	move	reproduction code or output
research/verification/scripts/round5_b301_followup.py	research/experiments/original-claims/scripts/round5_b301_followup.py	move	reproduction code or output
research/verification/scripts/round5_b301_j6.cpp	research/experiments/original-claims/scripts/round5_b301_j6.cpp	move	reproduction code or output
research/verification/scripts/round5_b301_j6.sh	research/experiments/original-claims/scripts/round5_b301_j6.sh	move	reproduction code or output
research/verification/scripts/round5_b301_j6_run4.sh	research/experiments/original-claims/scripts/round5_b301_j6_run4.sh	move	reproduction code or output
research/verification/scripts/round5_b301_j6_run6.sh	research/experiments/original-claims/scripts/round5_b301_j6_run6.sh	move	reproduction code or output
research/verification/scripts/round5_b325_ceiling.cpp	research/experiments/original-claims/scripts/round5_b325_ceiling.cpp	move	reproduction code or output
research/verification/scripts/round5_b325_ceiling.py	research/experiments/original-claims/scripts/round5_b325_ceiling.py	move	reproduction code or output
research/verification/scripts/round5_b325_emptyg.py	research/experiments/original-claims/scripts/round5_b325_emptyg.py	move	reproduction code or output
research/verification/scripts/round5_b325_inspect.py	research/experiments/original-claims/scripts/round5_b325_inspect.py	move	reproduction code or output
research/verification/scripts/round5_b325_inspect2.py	research/experiments/original-claims/scripts/round5_b325_inspect2.py	move	reproduction code or output
research/verification/scripts/round5_b325_wftrect.py	research/experiments/original-claims/scripts/round5_b325_wftrect.py	move	reproduction code or output
research/verification/scripts/round5_b351_followup.py	research/experiments/original-claims/scripts/round5_b351_followup.py	move	reproduction code or output
research/verification/scripts/round5_b351_multi.py	research/experiments/original-claims/scripts/round5_b351_multi.py	move	reproduction code or output
research/verification/scripts/round5_b401_b482.py	research/experiments/original-claims/scripts/round5_b401_b482.py	move	reproduction code or output
research/verification/scripts/round5_b401_del3.py	research/experiments/original-claims/scripts/round5_b401_del3.py	move	reproduction code or output
research/verification/scripts/round5_b401_fu_amp.py	research/experiments/original-claims/scripts/round5_b401_fu_amp.py	move	reproduction code or output
research/verification/scripts/round5_b401_fu_bundle.py	research/experiments/original-claims/scripts/round5_b401_fu_bundle.py	move	reproduction code or output
research/verification/scripts/round5_b401_fu_bundle2.py	research/experiments/original-claims/scripts/round5_b401_fu_bundle2.py	move	reproduction code or output
research/verification/scripts/round5_b401_fu_delta_k.py	research/experiments/original-claims/scripts/round5_b401_fu_delta_k.py	move	reproduction code or output
research/verification/scripts/round5_b401_fu_dg.py	research/experiments/original-claims/scripts/round5_b401_fu_dg.py	move	reproduction code or output
research/verification/scripts/round5_b401_fu_logconc5.py	research/experiments/original-claims/scripts/round5_b401_fu_logconc5.py	move	reproduction code or output
research/verification/scripts/round5_b401_fu_path.py	research/experiments/original-claims/scripts/round5_b401_fu_path.py	move	reproduction code or output
research/verification/scripts/round5_b401_logconc.py	research/experiments/original-claims/scripts/round5_b401_logconc.py	move	reproduction code or output
research/verification/scripts/round5_b401_prand_stats.py	research/experiments/original-claims/scripts/round5_b401_prand_stats.py	move	reproduction code or output
research/verification/scripts/round5_b401_quads.py	research/experiments/original-claims/scripts/round5_b401_quads.py	move	reproduction code or output
research/verification/scripts/round5_b401_quads3.py	research/experiments/original-claims/scripts/round5_b401_quads3.py	move	reproduction code or output
research/verification/scripts/round5_b482_b500.py	research/experiments/original-claims/scripts/round5_b482_b500.py	move	reproduction code or output
research/verification/scripts/round5_b482b500_b490rich.py	research/experiments/original-claims/scripts/round5_b482b500_b490rich.py	move	reproduction code or output
research/verification/scripts/round5_b482b500_b495wit.py	research/experiments/original-claims/scripts/round5_b482b500_b495wit.py	move	reproduction code or output
research/verification/scripts/round5_b482b500_followup.py	research/experiments/original-claims/scripts/round5_b482b500_followup.py	move	reproduction code or output
research/verification/scripts/round5_b482b500_followup2.py	research/experiments/original-claims/scripts/round5_b482b500_followup2.py	move	reproduction code or output
research/verification/scripts/round5_b482b500_verify.py	research/experiments/original-claims/scripts/round5_b482b500_verify.py	move	reproduction code or output
research/verification/scripts/round5_b501_prand8.cpp	research/experiments/original-claims/scripts/round5_b501_prand8.cpp	move	reproduction code or output
research/verification/scripts/round5_b520_n3.py	research/experiments/original-claims/scripts/round5_b520_n3.py	move	reproduction code or output
research/verification/scripts/round5_b522_triples.cpp	research/experiments/original-claims/scripts/round5_b522_triples.cpp	move	reproduction code or output
research/verification/scripts/round5_b551_b585_b588.py	research/experiments/original-claims/scripts/round5_b551_b585_b588.py	move	reproduction code or output
research/verification/scripts/round5_b551_b600_followup.py	research/experiments/original-claims/scripts/round5_b551_b600_followup.py	move	reproduction code or output
research/verification/scripts/round5_b551_b600_stage1.py	research/experiments/original-claims/scripts/round5_b551_b600_stage1.py	move	reproduction code or output
research/verification/scripts/round5_b551_b600_stage2.py	research/experiments/original-claims/scripts/round5_b551_b600_stage2.py	move	reproduction code or output
research/verification/scripts/round5_b551_b600_stage2a.py	research/experiments/original-claims/scripts/round5_b551_b600_stage2a.py	move	reproduction code or output
research/verification/scripts/round5_b551_detail.py	research/experiments/original-claims/scripts/round5_b551_detail.py	move	reproduction code or output
research/verification/scripts/round5_b551_extract.py	research/experiments/original-claims/scripts/round5_b551_extract.py	move	reproduction code or output
research/verification/scripts/round5_b551_final.py	research/experiments/original-claims/scripts/round5_b551_final.py	move	reproduction code or output
research/verification/scripts/round5_b551_fix.py	research/experiments/original-claims/scripts/round5_b551_fix.py	move	reproduction code or output
research/verification/scripts/round5_b551_inspect.py	research/experiments/original-claims/scripts/round5_b551_inspect.py	move	reproduction code or output
research/verification/scripts/round5_b551_n5scan.py	research/experiments/original-claims/scripts/round5_b551_n5scan.py	move	reproduction code or output
research/verification/scripts/round5_b551_readprev.py	research/experiments/original-claims/scripts/round5_b551_readprev.py	move	reproduction code or output
research/verification/scripts/round5_b551_readprev2.py	research/experiments/original-claims/scripts/round5_b551_readprev2.py	move	reproduction code or output
research/verification/scripts/round5_b551_update.py	research/experiments/original-claims/scripts/round5_b551_update.py	move	reproduction code or output
research/verification/scripts/round5_b551_update3.py	research/experiments/original-claims/scripts/round5_b551_update3.py	move	reproduction code or output
research/verification/scripts/round5_b551_witness.py	research/experiments/original-claims/scripts/round5_b551_witness.py	move	reproduction code or output
research/verification/scripts/round5_b551_write1.py	research/experiments/original-claims/scripts/round5_b551_write1.py	move	reproduction code or output
research/verification/scripts/round5_b551_write2.py	research/experiments/original-claims/scripts/round5_b551_write2.py	move	reproduction code or output
research/verification/scripts/round5_b551_write3.py	research/experiments/original-claims/scripts/round5_b551_write3.py	move	reproduction code or output
research/verification/scripts/round5_b551_write4.py	research/experiments/original-claims/scripts/round5_b551_write4.py	move	reproduction code or output
research/verification/scripts/round5_b551_write7.py	research/experiments/original-claims/scripts/round5_b551_write7.py	move	reproduction code or output
research/verification/scripts/round5_cover_union.py	research/experiments/original-claims/scripts/round5_cover_union.py	move	reproduction code or output
research/verification/scripts/round5_geom_stats.py	research/experiments/original-claims/scripts/round5_geom_stats.py	move	reproduction code or output
research/verification/scripts/round5_geom_stats_diag.py	research/experiments/original-claims/scripts/round5_geom_stats_diag.py	move	reproduction code or output
research/verification/scripts/round5_jn_append_summary.py	research/experiments/original-claims/scripts/round5_jn_append_summary.py	move	reproduction code or output
research/verification/scripts/round5_jn_b317.cpp	research/experiments/original-claims/scripts/round5_jn_b317.cpp	move	reproduction code or output
research/verification/scripts/round5_jn_b317.sh	research/experiments/original-claims/scripts/round5_jn_b317.sh	move	reproduction code or output
research/verification/scripts/round5_jn_followup.py	research/experiments/original-claims/scripts/round5_jn_followup.py	move	reproduction code or output
research/verification/scripts/round5_jn_followup2.py	research/experiments/original-claims/scripts/round5_jn_followup2.py	move	reproduction code or output
research/verification/scripts/round5_pgrand_compute.py	research/experiments/original-claims/scripts/round5_pgrand_compute.py	move	reproduction code or output
research/verification/scripts/round5_pgrand_fast.py	research/experiments/original-claims/scripts/round5_pgrand_fast.py	move	reproduction code or output
research/verification/scripts/round5_pgrand_followup.py	research/experiments/original-claims/scripts/round5_pgrand_followup.py	move	reproduction code or output
research/verification/scripts/round5_pgrand_followup2.py	research/experiments/original-claims/scripts/round5_pgrand_followup2.py	move	reproduction code or output
research/verification/scripts/round5_pgrand_followup3.py	research/experiments/original-claims/scripts/round5_pgrand_followup3.py	move	reproduction code or output
research/verification/scripts/round5_pgrand_write1.py	research/experiments/original-claims/scripts/round5_pgrand_write1.py	move	reproduction code or output
research/verification/scripts/round5_prand_stream.cpp	research/experiments/original-claims/scripts/round5_prand_stream.cpp	move	reproduction code or output
research/verification/scripts/round5_quadratic_cover.py	research/experiments/original-claims/scripts/round5_quadratic_cover.py	move	reproduction code or output
research/verification/scripts/round5_row_hypergraph.cpp	research/experiments/original-claims/scripts/round5_row_hypergraph.cpp	move	reproduction code or output
research/verification/scripts/round5_row_thresholds.py	research/experiments/original-claims/scripts/round5_row_thresholds.py	move	reproduction code or output
research/verification/scripts/round5_row_triples.cpp	research/experiments/original-claims/scripts/round5_row_triples.cpp	move	reproduction code or output
research/verification/scripts/round5_stream_solve.cpp	research/experiments/original-claims/scripts/round5_stream_solve.cpp	move	reproduction code or output
research/verification/scripts/round60_final_search_audit.py	research/experiments/original-claims/scripts/round60_final_search_audit.py	move	reproduction code or output
research/verification/scripts/round60_n10_deep_neighborhood.cpp	research/experiments/original-claims/scripts/round60_n10_deep_neighborhood.cpp	move	reproduction code or output
research/verification/scripts/round61_split_prime_construction.py	research/experiments/original-claims/scripts/round61_split_prime_construction.py	move	reproduction code or output
research/verification/scripts/round6_ap_parabola.py	research/experiments/original-claims/scripts/round6_ap_parabola.py	move	reproduction code or output
research/verification/scripts/round6_rational_orchard.py	research/experiments/original-claims/scripts/round6_rational_orchard.py	move	reproduction code or output
research/verification/scripts/round7_ap_parabola.cpp	research/experiments/original-claims/scripts/round7_ap_parabola.cpp	move	reproduction code or output
research/verification/scripts/round7_ap_parabola_driver.py	research/experiments/original-claims/scripts/round7_ap_parabola_driver.py	move	reproduction code or output
research/verification/scripts/round7_ellipse_cover.py	research/experiments/original-claims/scripts/round7_ellipse_cover.py	move	reproduction code or output
research/verification/scripts/round7_parabola_cover.py	research/experiments/original-claims/scripts/round7_parabola_cover.py	move	reproduction code or output
research/verification/scripts/round8_ap_prime.py	research/experiments/original-claims/scripts/round8_ap_prime.py	move	reproduction code or output
research/verification/scripts/round9_external_rays.py	research/experiments/original-claims/scripts/round9_external_rays.py	move	reproduction code or output
research/verification/scripts/round9_geometry.py	research/experiments/original-claims/scripts/round9_geometry.py	move	reproduction code or output
research/verification/scripts/round9_n7_n8_overlap.py	research/experiments/original-claims/scripts/round9_n7_n8_overlap.py	move	reproduction code or output
research/verification/scripts/round9_n7_n8_phase.py	research/experiments/original-claims/scripts/round9_n7_n8_phase.py	move	reproduction code or output
research/verification/scripts/round9_n7_outer_patterns.py	research/experiments/original-claims/scripts/round9_n7_outer_patterns.py	move	reproduction code or output
research/verification/scripts/run_all.sh	research/experiments/original-claims/scripts/run_all.sh	move	reproduction code or output
research/verification/scripts/run_dp_scan.sh	research/experiments/original-claims/scripts/run_dp_scan.sh	move	reproduction code or output
research/verification/scripts/run_firstmoves.sh	research/experiments/original-claims/scripts/run_firstmoves.sh	move	reproduction code or output
research/verification/scripts/run_n7.sh	research/experiments/original-claims/scripts/run_n7.sh	move	reproduction code or output
research/verification/scripts/run_prand.sh	research/experiments/original-claims/scripts/run_prand.sh	move	reproduction code or output
research/verification/scripts/run_r4b478.sh	research/experiments/original-claims/scripts/run_r4b478.sh	move	reproduction code or output
research/verification/scripts/run_round4_all.sh	research/experiments/original-claims/scripts/run_round4_all.sh	move	reproduction code or output
research/verification/scripts/run_round4_b092.sh	research/experiments/original-claims/scripts/run_round4_b092.sh	move	reproduction code or output
research/verification/scripts/run_round4_b228c.sh	research/experiments/original-claims/scripts/run_round4_b228c.sh	move	reproduction code or output
research/verification/scripts/run_round4_b228c2.sh	research/experiments/original-claims/scripts/run_round4_b228c2.sh	move	reproduction code or output
research/verification/scripts/run_round4_b228c_smoke.sh	research/experiments/original-claims/scripts/run_round4_b228c_smoke.sh	move	reproduction code or output
research/verification/scripts/run_round4_b291b.sh	research/experiments/original-claims/scripts/run_round4_b291b.sh	move	reproduction code or output
research/verification/scripts/run_round4_b291c.sh	research/experiments/original-claims/scripts/run_round4_b291c.sh	move	reproduction code or output
research/verification/scripts/run_round4_b400.sh	research/experiments/original-claims/scripts/run_round4_b400.sh	move	reproduction code or output
research/verification/scripts/run_round4_fast.sh	research/experiments/original-claims/scripts/run_round4_fast.sh	move	reproduction code or output
research/verification/scripts/run_tstar.sh	research/experiments/original-claims/scripts/run_tstar.sh	move	reproduction code or output
research/verification/scripts/saturation_20261003_exact.cpp	research/experiments/saturation/scripts/saturation_20261003_exact.cpp	move	reproduction code or output
research/verification/scripts/saturation_20261003_exact_results.json	research/experiments/saturation/output/saturation_20261003_exact_results.json	move	reproduction code or output
research/verification/scripts/saturation_20261003_extra_exact_results.json	research/experiments/saturation/output/saturation_20261003_extra_exact_results.json	move	reproduction code or output
research/verification/scripts/saturation_20261003_extra_nineteen_neighborhood.cpp	research/experiments/saturation/scripts/saturation_20261003_extra_nineteen_neighborhood.cpp	move	reproduction code or output
research/verification/scripts/saturation_20261003_extra_union_neighborhood.cpp	research/experiments/saturation/scripts/saturation_20261003_extra_union_neighborhood.cpp	move	reproduction code or output
research/verification/scripts/saturation_20261003_extra_verified.json	research/experiments/saturation/output/saturation_20261003_extra_verified.json	move	reproduction code or output
research/verification/scripts/saturation_20261003_extra_verify.py	research/experiments/saturation/scripts/saturation_20261003_extra_verify.py	move	reproduction code or output
research/verification/scripts/saturation_20261003_search.cpp	research/experiments/saturation/scripts/saturation_20261003_search.cpp	move	reproduction code or output
research/verification/scripts/saturation_20261003_verified.json	research/experiments/saturation/output/saturation_20261003_verified.json	move	reproduction code or output
research/verification/scripts/saturation_20261003_verify.py	research/experiments/saturation/scripts/saturation_20261003_verify.py	move	reproduction code or output
research/verification/scripts/scan_dp.py	research/experiments/original-claims/scripts/scan_dp.py	move	reproduction code or output
research/verification/scripts/show_tstar.sh	research/experiments/original-claims/scripts/show_tstar.sh	move	reproduction code or output
research/verification/scripts/swap_repro.cpp	research/experiments/original-claims/scripts/swap_repro.cpp	move	reproduction code or output
research/verification/scripts/theory_audit_20261003_circles.cpp	research/experiments/geometry/scripts/theory_audit_20261003_circles.cpp	move	reproduction code or output
research/verification/scripts/theory_audit_20261003_extra.py	research/experiments/geometry/scripts/theory_audit_20261003_extra.py	move	reproduction code or output
research/verification/scripts/theory_audit_20261003_q6.py	research/experiments/geometry/scripts/theory_audit_20261003_q6.py	move	reproduction code or output
research/verification/scripts/theory_audit_20261003_verify.py	research/experiments/geometry/scripts/theory_audit_20261003_verify.py	move	reproduction code or output
research/verification/scripts/verify_b141_independent.py	research/experiments/original-claims/scripts/verify_b141_independent.py	move	reproduction code or output
research/verification/scripts/verify_crt_n6.py	research/experiments/original-claims/scripts/verify_crt_n6.py	move	reproduction code or output
research/verification/scripts/wsl_audit.sh	research/experiments/original-claims/scripts/wsl_audit.sh	move	reproduction code or output
research/verification/scripts/wsl_b371.sh	research/experiments/original-claims/scripts/wsl_b371.sh	move	reproduction code or output
research/verification/scripts/wsl_b371_n8.sh	research/experiments/original-claims/scripts/wsl_b371_n8.sh	move	reproduction code or output
research/verification/scripts/wsl_b371_selfcheck.sh	research/experiments/original-claims/scripts/wsl_b371_selfcheck.sh	move	reproduction code or output
research/verification/scripts/wsl_bincount.sh	research/experiments/original-claims/scripts/wsl_bincount.sh	move	reproduction code or output
research/verification/scripts/wsl_ceil6.sh	research/experiments/original-claims/scripts/wsl_ceil6.sh	move	reproduction code or output
research/verification/scripts/wsl_check.sh	research/experiments/original-claims/scripts/wsl_check.sh	move	reproduction code or output
research/verification/scripts/wsl_check_cpp.sh	research/experiments/original-claims/scripts/wsl_check_cpp.sh	move	reproduction code or output
research/verification/scripts/wsl_crt_asan.sh	research/experiments/original-claims/scripts/wsl_crt_asan.sh	move	reproduction code or output
research/verification/scripts/wsl_crt_asan2.sh	research/experiments/original-claims/scripts/wsl_crt_asan2.sh	move	reproduction code or output
research/verification/scripts/wsl_crt_dbg.sh	research/experiments/original-claims/scripts/wsl_crt_dbg.sh	move	reproduction code or output
research/verification/scripts/wsl_crt_run.sh	research/experiments/original-claims/scripts/wsl_crt_run.sh	move	reproduction code or output
research/verification/scripts/wsl_crt_trace.sh	research/experiments/original-claims/scripts/wsl_crt_trace.sh	move	reproduction code or output
research/verification/scripts/wsl_crt_xcheck.sh	research/experiments/original-claims/scripts/wsl_crt_xcheck.sh	move	reproduction code or output
research/verification/scripts/wsl_dbg371.sh	research/experiments/original-claims/scripts/wsl_dbg371.sh	move	reproduction code or output
research/verification/scripts/wsl_geomcheck.sh	research/experiments/original-claims/scripts/wsl_geomcheck.sh	move	reproduction code or output
research/verification/scripts/wsl_maximal.sh	research/experiments/original-claims/scripts/wsl_maximal.sh	move	reproduction code or output
research/verification/scripts/wsl_maximal_par.sh	research/experiments/original-claims/scripts/wsl_maximal_par.sh	move	reproduction code or output
research/verification/scripts/wsl_prand.sh	research/experiments/original-claims/scripts/wsl_prand.sh	move	reproduction code or output
research/verification/scripts/wsl_prand7.sh	research/experiments/original-claims/scripts/wsl_prand7.sh	move	reproduction code or output
research/verification/scripts/wsl_prand7b.sh	research/experiments/original-claims/scripts/wsl_prand7b.sh	move	reproduction code or output
research/verification/scripts/wsl_prand7c.sh	research/experiments/original-claims/scripts/wsl_prand7c.sh	move	reproduction code or output
research/verification/scripts/wsl_prand8.sh	research/experiments/original-claims/scripts/wsl_prand8.sh	move	reproduction code or output
research/verification/scripts/wsl_prand_diag.sh	research/experiments/original-claims/scripts/wsl_prand_diag.sh	move	reproduction code or output
research/verification/scripts/wsl_prand_n.sh	research/experiments/original-claims/scripts/wsl_prand_n.sh	move	reproduction code or output
research/verification/scripts/wsl_prand_probe.sh	research/experiments/original-claims/scripts/wsl_prand_probe.sh	move	reproduction code or output
research/verification/scripts/wsl_prand_verify20.sh	research/experiments/original-claims/scripts/wsl_prand_verify20.sh	move	reproduction code or output
research/verification/scripts/wsl_probe8.sh	research/experiments/original-claims/scripts/wsl_probe8.sh	move	reproduction code or output
research/verification/scripts/wsl_probe8b.sh	research/experiments/original-claims/scripts/wsl_probe8b.sh	move	reproduction code or output
research/verification/scripts/wsl_round5_denom.sh	research/experiments/original-claims/scripts/wsl_round5_denom.sh	move	reproduction code or output
research/verification/scripts/wsl_round5_inspect.sh	research/experiments/original-claims/scripts/wsl_round5_inspect.sh	move	reproduction code or output
research/verification/scripts/wsl_round5_step1.sh	research/experiments/original-claims/scripts/wsl_round5_step1.sh	move	reproduction code or output
research/verification/scripts/wsl_round5_step2.sh	research/experiments/original-claims/scripts/wsl_round5_step2.sh	move	reproduction code or output
research/verification/scripts/wsl_round5_step3.sh	research/experiments/original-claims/scripts/wsl_round5_step3.sh	move	reproduction code or output
research/verification/scripts/wsl_round5_trace.sh	research/experiments/original-claims/scripts/wsl_round5_trace.sh	move	reproduction code or output
research/verification/scripts/wsl_stream.sh	research/experiments/original-claims/scripts/wsl_stream.sh	move	reproduction code or output
research/verification/scripts/wsl_stream_solve.sh	research/experiments/original-claims/scripts/wsl_stream_solve.sh	move	reproduction code or output
research/verification/scripts/wsl_swap_repro.sh	research/experiments/original-claims/scripts/wsl_swap_repro.sh	move	reproduction code or output
research/verification/scripts/wsl_verify_n6.sh	research/experiments/original-claims/scripts/wsl_verify_n6.sh	move	reproduction code or output
research/verification/scripts/wsl_xcheck.sh	research/experiments/original-claims/scripts/wsl_xcheck.sh	move	reproduction code or output
research/verification/scripts/wsl_xcheck2.sh	research/experiments/original-claims/scripts/wsl_xcheck2.sh	move	reproduction code or output
research/verification/scripts/xcheck_parse.py	research/experiments/original-claims/scripts/xcheck_parse.py	move	reproduction code or output
research/verification/structural-lemmas-2026-10-02/.gitattributes	research/experiments/structural-lemmas-2026-10-02/.gitattributes	move	independent replication bundle
research/verification/structural-lemmas-2026-10-02/README.md	research/experiments/structural-lemmas-2026-10-02/README.md	move	independent replication bundle
research/verification/structural-lemmas-2026-10-02/checks/abstract_relocation_bound.json	research/experiments/structural-lemmas-2026-10-02/checks/abstract_relocation_bound.json	move	independent replication bundle
research/verification/structural-lemmas-2026-10-02/checks/abstract_relocation_bound.py	research/experiments/structural-lemmas-2026-10-02/checks/abstract_relocation_bound.py	move	independent replication bundle
research/verification/structural-lemmas-2026-10-02/checks/ambiguities_n5.json	research/experiments/structural-lemmas-2026-10-02/checks/ambiguities_n5.json	move	independent replication bundle
research/verification/structural-lemmas-2026-10-02/checks/ambiguity_classes.py	research/experiments/structural-lemmas-2026-10-02/checks/ambiguity_classes.py	move	independent replication bundle
research/verification/structural-lemmas-2026-10-02/checks/early_stop_passes.json	research/experiments/structural-lemmas-2026-10-02/checks/early_stop_passes.json	move	independent replication bundle
research/verification/structural-lemmas-2026-10-02/checks/early_stop_passes.py	research/experiments/structural-lemmas-2026-10-02/checks/early_stop_passes.py	move	independent replication bundle
research/verification/structural-lemmas-2026-10-02/checks/equal_pass_mex.json	research/experiments/structural-lemmas-2026-10-02/checks/equal_pass_mex.json	move	independent replication bundle
research/verification/structural-lemmas-2026-10-02/checks/equal_pass_mex.py	research/experiments/structural-lemmas-2026-10-02/checks/equal_pass_mex.py	move	independent replication bundle
research/verification/structural-lemmas-2026-10-02/checks/independent_geometry.json	research/experiments/structural-lemmas-2026-10-02/checks/independent_geometry.json	move	independent replication bundle
research/verification/structural-lemmas-2026-10-02/checks/independent_geometry.py	research/experiments/structural-lemmas-2026-10-02/checks/independent_geometry.py	move	independent replication bundle
research/verification/structural-lemmas-2026-10-02/checks/independent_lookahead.json	research/experiments/structural-lemmas-2026-10-02/checks/independent_lookahead.json	move	independent replication bundle
research/verification/structural-lemmas-2026-10-02/checks/independent_lookahead.py	research/experiments/structural-lemmas-2026-10-02/checks/independent_lookahead.py	move	independent replication bundle
research/verification/structural-lemmas-2026-10-02/checks/independent_parabola.json	research/experiments/structural-lemmas-2026-10-02/checks/independent_parabola.json	move	independent replication bundle
research/verification/structural-lemmas-2026-10-02/checks/independent_parabola.py	research/experiments/structural-lemmas-2026-10-02/checks/independent_parabola.py	move	independent replication bundle
research/verification/structural-lemmas-2026-10-02/checks/independent_verification.json	research/experiments/structural-lemmas-2026-10-02/checks/independent_verification.json	move	independent replication bundle
research/verification/structural-lemmas-2026-10-02/checks/parabola_half_bound.json	research/experiments/structural-lemmas-2026-10-02/checks/parabola_half_bound.json	move	independent replication bundle
research/verification/structural-lemmas-2026-10-02/checks/parabola_half_bound.py	research/experiments/structural-lemmas-2026-10-02/checks/parabola_half_bound.py	move	independent replication bundle
research/verification/structural-lemmas-2026-10-02/checks/quadratic_modular_barrier.json	research/experiments/structural-lemmas-2026-10-02/checks/quadratic_modular_barrier.json	move	independent replication bundle
research/verification/structural-lemmas-2026-10-02/checks/quadratic_modular_barrier.py	research/experiments/structural-lemmas-2026-10-02/checks/quadratic_modular_barrier.py	move	independent replication bundle
research/verification/structural-lemmas-2026-10-02/checks/relocation_verified.json	research/experiments/structural-lemmas-2026-10-02/checks/relocation_verified.json	move	independent replication bundle
research/verification/structural-lemmas-2026-10-02/checks/run_all.py	research/experiments/structural-lemmas-2026-10-02/checks/run_all.py	move	independent replication bundle
research/verification/structural-lemmas-2026-10-02/checks/verify_lookahead.py	research/experiments/structural-lemmas-2026-10-02/checks/verify_lookahead.py	move	independent replication bundle
research/verification/structural-lemmas-2026-10-02/checks/verify_relocation.py	research/experiments/structural-lemmas-2026-10-02/checks/verify_relocation.py	move	independent replication bundle
research/verification/structural-lemmas-2026-10-02/finite-passes.md	research/experiments/structural-lemmas-2026-10-02/finite-passes.md	move	independent replication bundle
research/verification/structural-lemmas-2026-10-02/quadratic-constructions.md	research/experiments/structural-lemmas-2026-10-02/quadratic-constructions.md	move	independent replication bundle
research/verification/structural-lemmas-2026-10-02/three-ply-equivalence.md	research/experiments/structural-lemmas-2026-10-02/three-ply-equivalence.md	move	independent replication bundle
research/verification/theory_audit_20261003_checks.json	research/experiments/geometry/output/theory_audit_20261003_checks.json	move	experiment output/input/log
research/verification/theory_audit_20261003_circles.json	research/experiments/geometry/output/theory_audit_20261003_circles.json	move	experiment output/input/log
research/verification/theory_audit_20261003_circles_100.json	research/experiments/geometry/output/theory_audit_20261003_circles_100.json	move	experiment output/input/log
research/verification/theory_audit_20261003_extra.json	research/experiments/geometry/output/theory_audit_20261003_extra.json	move	experiment output/input/log
research/verification/theory_audit_20261003_q6.json	research/experiments/geometry/output/theory_audit_20261003_q6.json	move	experiment output/input/log
round5_b520_n3.json	research/experiments/original-claims/output/round5_b520_n3.json	move	round5 machine output
scratch_n45.json	research/experiments/structural-discovery/output/scratch_n45.json	move	unique small-board output
tmp-kb/memo_instr_native	research/experiments/solver-benchmarks/bin/memo_instr_native	move	frozen executable and source checksum
tmp-kb/memo_instr_native.sources.sha256	research/experiments/solver-benchmarks/bin/memo_instr_native.sources.sha256	move	frozen executable and source checksum
tmp-kb/order_ab_native	research/experiments/solver-benchmarks/bin/order_ab_native	move	frozen executable and source checksum
tmp-kb/order_ab_native.sources.sha256	research/experiments/solver-benchmarks/bin/order_ab_native.sources.sha256	move	frozen executable and source checksum
tmp-kb/parent_bench_native	research/experiments/solver-benchmarks/bin/parent_bench_native	move	frozen executable and source checksum
tmp-kb/parent_bench_native.sources.sha256	research/experiments/solver-benchmarks/bin/parent_bench_native.sources.sha256	move	frozen executable and source checksum
tmp-kb/probe_holdout_native	research/experiments/solver-benchmarks/bin/probe_holdout_native	move	frozen executable and source checksum
tmp-kb/probe_holdout_native.sources.sha256	research/experiments/solver-benchmarks/bin/probe_holdout_native.sources.sha256	move	frozen executable and source checksum
artifacts/8x8-o-solve/shard-001.err.log	research/experiments/solver-benchmarks/output/8x8-o-solve/shard-001.err.log	move	solver input/output/audit
artifacts/8x8-o-solve/shard-002.err.log	research/experiments/solver-benchmarks/output/8x8-o-solve/shard-002.err.log	move	solver input/output/audit
artifacts/8x8-o-solve/shard-003.err.log	research/experiments/solver-benchmarks/output/8x8-o-solve/shard-003.err.log	move	solver input/output/audit
artifacts/8x8-o-solve/shard-004.err.log	research/experiments/solver-benchmarks/output/8x8-o-solve/shard-004.err.log	move	solver input/output/audit
artifacts/8x8-o-solve/shard-005.err.log	research/experiments/solver-benchmarks/output/8x8-o-solve/shard-005.err.log	move	solver input/output/audit
artifacts/8x8-o-solve/shard-006.err.log	research/experiments/solver-benchmarks/output/8x8-o-solve/shard-006.err.log	move	solver input/output/audit
artifacts/8x8-o-solve/shard-007.err.log	research/experiments/solver-benchmarks/output/8x8-o-solve/shard-007.err.log	move	solver input/output/audit
artifacts/8x8-o-solve/shard-008.err.log	research/experiments/solver-benchmarks/output/8x8-o-solve/shard-008.err.log	move	solver input/output/audit
artifacts/8x8-o-solve/shard-009.err.log	research/experiments/solver-benchmarks/output/8x8-o-solve/shard-009.err.log	move	solver input/output/audit
artifacts/8x8-o-solve/shard-010.err.log	research/experiments/solver-benchmarks/output/8x8-o-solve/shard-010.err.log	move	solver input/output/audit
artifacts/8x8-o-solve/shard-011.err.log	research/experiments/solver-benchmarks/output/8x8-o-solve/shard-011.err.log	move	solver input/output/audit
artifacts/val-solver-stderr.txt	research/experiments/solver-benchmarks/output/val-solver-stderr.txt	move	solver input/output/audit
artifacts/8x8-o-solve/shard-001.exit.txt	research/experiments/solver-benchmarks/output/8x8-o-solve/shard-001.exit.txt	move	solver input/output/audit
artifacts/8x8-o-solve/shard-002.exit.txt	research/experiments/solver-benchmarks/output/8x8-o-solve/shard-002.exit.txt	move	solver input/output/audit
artifacts/8x8-o-solve/shard-003.exit.txt	research/experiments/solver-benchmarks/output/8x8-o-solve/shard-003.exit.txt	move	solver input/output/audit
artifacts/8x8-o-solve/shard-004.exit.txt	research/experiments/solver-benchmarks/output/8x8-o-solve/shard-004.exit.txt	move	solver input/output/audit
artifacts/8x8-o-solve/shard-005.exit.txt	research/experiments/solver-benchmarks/output/8x8-o-solve/shard-005.exit.txt	move	solver input/output/audit
artifacts/8x8-o-solve/shard-006.exit.txt	research/experiments/solver-benchmarks/output/8x8-o-solve/shard-006.exit.txt	move	solver input/output/audit
artifacts/8x8-o-solve/shard-007.exit.txt	research/experiments/solver-benchmarks/output/8x8-o-solve/shard-007.exit.txt	move	solver input/output/audit
artifacts/8x8-o-solve/shard-008.exit.txt	research/experiments/solver-benchmarks/output/8x8-o-solve/shard-008.exit.txt	move	solver input/output/audit
artifacts/8x8-o-solve/shard-009.exit.txt	research/experiments/solver-benchmarks/output/8x8-o-solve/shard-009.exit.txt	move	solver input/output/audit
artifacts/8x8-o-solve/shard-010.exit.txt	research/experiments/solver-benchmarks/output/8x8-o-solve/shard-010.exit.txt	move	solver input/output/audit
artifacts/8x8-o-solve/shard-011.exit.txt	research/experiments/solver-benchmarks/output/8x8-o-solve/shard-011.exit.txt	move	solver input/output/audit
experiments/9x9-pair-mobility-confirmatory/input.csv	research/experiments/9x9-pair-mobility-confirmatory/input.csv	move	existing experiment
experiments/9x9-pair-mobility-confirmatory/input.meta.csv	research/experiments/9x9-pair-mobility-confirmatory/input.meta.csv	move	existing experiment
experiments/9x9-factorial-execution-base/holdout.csv	research/experiments/9x9-factorial-execution-base/holdout.csv	move	existing experiment
experiments/9x9-factorial-execution-base/holdout.manifest.csv	research/experiments/9x9-factorial-execution-base/holdout.manifest.csv	move	existing experiment
experiments/9x9-factorial-execution-base/solver_inputs/E_at_O0.csv	research/experiments/9x9-factorial-execution-base/solver_inputs/E_at_O0.csv	move	existing experiment
experiments/9x9-factorial-execution-base/solver_inputs/E_at_O1.csv	research/experiments/9x9-factorial-execution-base/solver_inputs/E_at_O1.csv	move	existing experiment
experiments/9x9-factorial-execution-base/solver_inputs/O_at_E0.csv	research/experiments/9x9-factorial-execution-base/solver_inputs/O_at_E0.csv	move	existing experiment
experiments/9x9-factorial-execution-base/solver_inputs/O_at_E1.csv	research/experiments/9x9-factorial-execution-base/solver_inputs/O_at_E1.csv	move	existing experiment
research/exploration/fact_10x10_k5.err	research/experiments/fact-discovery/output/fact_10x10_k5.err	move	fact-discovery experiment asset
research/exploration/fact_10x10_k6.err	research/experiments/fact-discovery/output/fact_10x10_k6.err	move	fact-discovery experiment asset
research/exploration/fact_kmin_n8d.err	research/experiments/fact-discovery/output/fact_kmin_n8d.err	move	fact-discovery experiment asset
research/exploration/fact_tc_k10_safe.err	research/experiments/fact-discovery/output/fact_tc_k10_safe.err	move	fact-discovery experiment asset
research/exploration/fact_tc_k10b.err	research/experiments/fact-discovery/output/fact_tc_k10b.err	move	fact-discovery experiment asset
research/exploration/fact_tc_k11.err	research/experiments/fact-discovery/output/fact_tc_k11.err	move	fact-discovery experiment asset
research/exploration/fact_tc_k6.err	research/experiments/fact-discovery/output/fact_tc_k6.err	move	fact-discovery experiment asset
research/exploration/fact_tc_k9.err	research/experiments/fact-discovery/output/fact_tc_k9.err	move	fact-discovery experiment asset
night-research/cycle9_n8_sample.bin	research/experiments/structural-discovery/output/cycle8_g3_n8_sets.bin	move	byte-identical duplicate of night-research/cycle8_g3_n8_sets.bin
research/verification/scripts/round5_b301_j5.txt	research/experiments/original-claims/output/round5_b301_j5.txt	move	byte-identical duplicate of research/verification/round5_b301_j5.txt
research/verification/scripts/round5_b301_j6.txt	research/experiments/original-claims/output/round5_b301_j6.txt	move	byte-identical duplicate of research/verification/round5_b301_j6.txt
results/10x10/analysis/loss_recall_by_rank.png	research/experiments/solver-benchmarks/output/figures/10x10/analysis/loss_recall_by_rank.png	move	experiment report/figure or historical certificate execution output
results/10x10/analysis/memo_vs_visited.png	research/experiments/solver-benchmarks/output/figures/10x10/analysis/memo_vs_visited.png	move	experiment report/figure or historical certificate execution output
results/10x10/analysis/visited_boxplot.png	research/experiments/solver-benchmarks/output/figures/10x10/analysis/visited_boxplot.png	move	experiment report/figure or historical certificate execution output
results/10x10/analysis/visited_distribution.png	research/experiments/solver-benchmarks/output/figures/10x10/analysis/visited_distribution.png	move	experiment report/figure or historical certificate execution output
results/10x10/analysis/visited_sorted_scatter.png	research/experiments/solver-benchmarks/output/figures/10x10/analysis/visited_sorted_scatter.png	move	experiment report/figure or historical certificate execution output
results/10x10/blind-probe-holdout/budget_head_recall_followup.md	research/experiments/solver-benchmarks/reports/results/10x10/blind-probe-holdout/budget_head_recall_followup.md	move	experiment report/figure or historical certificate execution output
results/10x10/blind-probe-holdout/probe_budget_ablation_prereg.md	research/experiments/solver-benchmarks/reports/results/10x10/blind-probe-holdout/probe_budget_ablation_prereg.md	move	experiment report/figure or historical certificate execution output
results/10x10/cache-aware-below-root-capacity-rerun/analysis.md	research/experiments/solver-benchmarks/reports/results/10x10/cache-aware-below-root-capacity-rerun/analysis.md	move	experiment report/figure or historical certificate execution output
results/10x10/cache-aware-bucket-order-optimization/order_equivalence_proof.md	research/experiments/solver-benchmarks/reports/results/10x10/cache-aware-bucket-order-optimization/order_equivalence_proof.md	move	experiment report/figure or historical certificate execution output
results/10x10/cache-aware-vs-blind/analysis.md	research/experiments/solver-benchmarks/reports/results/10x10/cache-aware-vs-blind/analysis.md	move	experiment report/figure or historical certificate execution output
results/10x10/clean-holdout-v2/staged_ck10_reserve_prereg.md	research/experiments/solver-benchmarks/reports/results/10x10/clean-holdout-v2/staged_ck10_reserve_prereg.md	move	experiment report/figure or historical certificate execution output
results/10x10/clean-holdout-v2/staged_ck10_reserve_prereg_amendment.md	research/experiments/solver-benchmarks/reports/results/10x10/clean-holdout-v2/staged_ck10_reserve_prereg_amendment.md	move	experiment report/figure or historical certificate execution output
results/10x10/clean-holdout-v2/staged_ck10_reserve_retirement.md	research/experiments/solver-benchmarks/reports/results/10x10/clean-holdout-v2/staged_ck10_reserve_retirement.md	move	experiment report/figure or historical certificate execution output
results/10x10/memo-instrumentation/analysis.md	research/experiments/solver-benchmarks/reports/results/10x10/memo-instrumentation/analysis.md	move	experiment report/figure or historical certificate execution output
results/10x10/probe_analysis/loss_concentration.png	research/experiments/solver-benchmarks/output/figures/10x10/probe_analysis/loss_concentration.png	move	experiment report/figure or historical certificate execution output
results/10x10/probe_analysis/loss_concentration_memo.png	research/experiments/solver-benchmarks/output/figures/10x10/probe_analysis/loss_concentration_memo.png	move	experiment report/figure or historical certificate execution output
results/10x10/probe_analysis/memo_vs_final_budget_10000.png	research/experiments/solver-benchmarks/output/figures/10x10/probe_analysis/memo_vs_final_budget_10000.png	move	experiment report/figure or historical certificate execution output
results/10x10/probe_analysis/memo_vs_final_budget_100000.png	research/experiments/solver-benchmarks/output/figures/10x10/probe_analysis/memo_vs_final_budget_100000.png	move	experiment report/figure or historical certificate execution output
results/10x10/probe_analysis/memo_vs_final_budget_1000000.png	research/experiments/solver-benchmarks/output/figures/10x10/probe_analysis/memo_vs_final_budget_1000000.png	move	experiment report/figure or historical certificate execution output
results/10x10/probe_analysis/memo_vs_final_by_stones_budget_10000.png	research/experiments/solver-benchmarks/output/figures/10x10/probe_analysis/memo_vs_final_by_stones_budget_10000.png	move	experiment report/figure or historical certificate execution output
results/10x10/probe_analysis/memo_vs_final_by_stones_budget_100000.png	research/experiments/solver-benchmarks/output/figures/10x10/probe_analysis/memo_vs_final_by_stones_budget_100000.png	move	experiment report/figure or historical certificate execution output
results/10x10/probe_analysis/memo_vs_final_by_stones_budget_1000000.png	research/experiments/solver-benchmarks/output/figures/10x10/probe_analysis/memo_vs_final_by_stones_budget_1000000.png	move	experiment report/figure or historical certificate execution output
results/10x10/probe_analysis/parent_speedup_budget_10000.png	research/experiments/solver-benchmarks/output/figures/10x10/probe_analysis/parent_speedup_budget_10000.png	move	experiment report/figure or historical certificate execution output
results/10x10/probe_analysis/parent_speedup_budget_100000.png	research/experiments/solver-benchmarks/output/figures/10x10/probe_analysis/parent_speedup_budget_100000.png	move	experiment report/figure or historical certificate execution output
results/10x10/probe_analysis/parent_speedup_budget_1000000.png	research/experiments/solver-benchmarks/output/figures/10x10/probe_analysis/parent_speedup_budget_1000000.png	move	experiment report/figure or historical certificate execution output
results/10x10/probe_analysis/spearman_by_budget.png	research/experiments/solver-benchmarks/output/figures/10x10/probe_analysis/spearman_by_budget.png	move	experiment report/figure or historical certificate execution output
results/legacy/8x8_result.txt	research/experiments/certificate-validation/output/legacy/8x8_result.txt	move	experiment report/figure or historical certificate execution output
results/legacy/9x9_center.txt	research/experiments/certificate-validation/output/legacy/9x9_center.txt	move	experiment report/figure or historical certificate execution output
results/legacy/9x9_center_test.txt	research/experiments/certificate-validation/output/legacy/9x9_center_test.txt	move	experiment report/figure or historical certificate execution output
results/legacy/9x9_result.txt	research/experiments/certificate-validation/output/legacy/9x9_result.txt	move	experiment report/figure or historical certificate execution output
results/legacy/9x9_sha256.txt	research/experiments/certificate-validation/output/legacy/9x9_sha256.txt	move	experiment report/figure or historical certificate execution output
results/legacy/9x9_summary.txt	research/experiments/certificate-validation/output/legacy/9x9_summary.txt	move	experiment report/figure or historical certificate execution output
results/legacy/9x9_verify.txt	research/experiments/certificate-validation/output/legacy/9x9_verify.txt	move	experiment report/figure or historical certificate execution output
night-research/cycle5-grundy-n6-cap12.json		delete	empty runtime dump
night-research/cycle6-saturation-n5.json		delete	empty runtime dump
night-research/cycle6-saturation-n6.json		delete	empty runtime dump
night-research/cycle6-saturation-n7-k14.json		delete	empty runtime dump
night-research/cycle6-saturation-n7-shallow.json		delete	empty runtime dump
night-research/cycle6-saturation-n7.json		delete	empty runtime dump
night-research/cycle9_n8_err.txt		delete	empty runtime dump
night-research/first-moves-9x9-rerun.err.log		delete	empty runtime dump
night-research/first-moves-9x9.err.log		delete	empty runtime dump
night-research/solver-20.out.txt		delete	empty runtime dump
research/exploration/fact_3stone.err		delete	empty runtime dump
research/verification/_run_e.log		delete	empty runtime dump
research/verification/data/n7_stream_enum.json		delete	empty runtime dump
research/verification/round4_b237/build.log		delete	empty runtime dump
research/verification/round4_b237/build2.log		delete	empty runtime dump
research/verification/round4_b291.json		delete	empty runtime dump
research/verification/round5_b251a_d4_n5.json		delete	empty runtime dump
research/verification/round5_b251a_pairs5.json		delete	empty runtime dump
research/verification/round5_b251a_singles6.json		delete	empty runtime dump
research/verification/round5_b251a_singles6sample.json		delete	empty runtime dump
research/verification/round5_b251a_triples4fast.json		delete	empty runtime dump
research/verification/round5_b401_fu_delta_k.err		delete	empty runtime dump
research/verification/scripts/_dbg228d2.cpp		delete	one-off debugging/editor scratch retained in Git
research/verification/scripts/_dbg228d3.cpp		delete	one-off debugging/editor scratch retained in Git
research/verification/scripts/_dbg228d4.cpp		delete	one-off debugging/editor scratch retained in Git
research/verification/scripts/_dbg228d5.cpp		delete	one-off debugging/editor scratch retained in Git
research/verification/scripts/_lp_scratch_note.txt		delete	one-off debugging/editor scratch retained in Git
research/verification/scripts/_r5_append1.py		delete	one-off debugging/editor scratch retained in Git
research/verification/scripts/_r5_append2.py		delete	one-off debugging/editor scratch retained in Git
research/verification/scripts/_r5_append3.py		delete	one-off debugging/editor scratch retained in Git
research/verification/scripts/_r5_append4.py		delete	one-off debugging/editor scratch retained in Git
research/verification/scripts/_r5_append5.py		delete	one-off debugging/editor scratch retained in Git
research/verification/scripts/_r5_append6.py		delete	one-off debugging/editor scratch retained in Git
research/verification/scripts/_r5_append7.py		delete	one-off debugging/editor scratch retained in Git
research/verification/scripts/_t.cpp		delete	one-off debugging/editor scratch retained in Git
night-research/cycle9_n8_sample.bin	research/experiments/structural-discovery/output/cycle8_g3_n8_sets.bin	delete	byte-identical duplicate of night-research/cycle8_g3_n8_sets.bin
research/verification/scripts/round5_b301_j5.txt	research/experiments/original-claims/output/round5_b301_j5.txt	delete	byte-identical duplicate of research/verification/round5_b301_j5.txt
research/verification/scripts/round5_b301_j6.txt	research/experiments/original-claims/output/round5_b301_j6.txt	delete	byte-identical duplicate of research/verification/round5_b301_j6.txt
research/verification/scripts/round5_b551_update2.py		delete	obsolete one-off report editing generator; final report retained and Git history preserves generator
research/verification/scripts/round5_b551_write5.py		delete	obsolete one-off report editing generator; final report retained and Git history preserves generator
research/verification/scripts/round5_b551_write6.py		delete	obsolete one-off report editing generator; final report retained and Git history preserves generator
research/verification/scripts/round5_b551_write8.py		delete	obsolete one-off report editing generator; final report retained and Git history preserves generator
research/verification/scripts/round5_jn_append.py		delete	obsolete one-off report editing generator; final report retained and Git history preserves generator
research/verification/scripts/round5_pgrand_write2.py		delete	obsolete one-off report editing generator; final report retained and Git history preserves generator
research/verification/scripts/round5_pgrand_write3.py		delete	obsolete one-off report editing generator; final report retained and Git history preserves generator
