key,legal,live_parents,live_parent_keys,parent_unknown_min,parent_unknown_inverse_sum,if_loss_progress,if_win_classes_eliminated,history_max_unknown_budget,historical_observations,historical_nodes,bin_sample_size,bin_win_count,bin_loss_count,bin_unknown_count,truncated_cost_proxy_nodes
1306114260682670080:0,88,2,"['1297107061427929088:0', '1306043891938492416:0']",101,0.019704912,2,2,0,0,0,765,55,682,28,5041585
10376293541461622788:68727865344,110,2,"['1152921504612089856:536870912', '1297036701273686016:0']",101,0.019516375,2,2,0,0,0,8,0,8,0,5069670
10376293541461622788:77309411328,112,2,"['1152921504612089856:536870912', '1297036692692140032:0']",101,0.019334952,2,2,0,0,0,8,0,8,0,5069670
10376293541461626880:12288,110,2,"['1297036692683751424:4', '10376293541461626880:8192']",104,0.018874644,2,2,0,0,0,8,0,8,0,5069670
10376293541461626880:134217744,111,2,"['10376293541461626880:16', '10376293541461626880:134217728']",105,0.018869604,2,2,0,0,0,8,0,8,0,5069670
10376293541461626880:134225920,112,2,"['10376293541461626880:8192', '10376293541461626880:134217728']",107,0.018605054,2,2,0,0,0,8,0,8,0,5069670
10376293541461626880:150994944,111,2,"['10376293541461626880:16777216', '10376293541461626880:134217728']",106,0.018779757,2,2,0,0,0,8,0,8,0,5069670
10376293541461626880:16777232,110,2,"['10376293541461626880:16', '10376293541461626880:16777216']",105,0.018957772,2,2,0,0,0,8,0,8,0,5069670
10376293541461626880:16785408,111,2,"['10376293541461626880:8192', '10376293541461626880:16777216']",106,0.018693222,2,2,0,0,0,8,0,8,0,5069670
10376293541461626880:18874368,110,2,"['1297036692683751424:32768', '10376293541461626880:16777216']",106,0.018867925,2,2,0,0,0,8,0,8,0,5069670
10376293541461626880:25165824,110,2,"['1297036692683751424:8192', '10376293541461626880:16777216']",104,0.019049347,2,2,0,0,0,8,0,8,0,5069670
10376293541461626880:34359742464,110,2,"['1152921504606851584:536870912', '1297036692683751424:4']",104,0.019049347,2,2,0,0,0,8,0,8,0,5069670
10376293541461626880:40960,110,2,"['10376293541461626880:8192', '10376293541461626880:32768']",105,0.018783069,2,2,0,0,0,8,0,8,0,5069670
10376293541461626880:42949672960,112,2,"['1152921504606851584:536870912', '1297036692683751424:33554432']",104,0.019049347,2,2,0,0,0,8,0,8,0,5069670
10376293541461626880:8208,112,2,"['10376293541461626880:16', '10376293541461626880:8192']",105,0.018783069,2,2,0,0,0,8,0,8,0,5069670
10376293541461626882:16777216,110,2,"['1297036692683751936:0', '10376293541461626880:16777216']",106,0.018867925,2,2,0,0,0,8,0,8,0,5069670
10376293541461626882:8192,110,2,"['1297036692683751936:0', '10376293541461626880:8192']",106,0.018693222,2,2,0,0,0,8,0,8,0,5069670
10376293541461626896:16,110,2,"['1297036692683751488:0', '10376293541461626880:16']",105,0.018869604,2,2,0,0,0,8,0,8,0,5069670
10376293541461626896:8192,111,2,"['1297036692683751488:0', '10376293541461626880:8192']",107,0.018605054,2,2,0,0,0,8,0,8,0,5069670
10376293541461626944:134217728,111,2,"['1297036692683751440:0', '10376293541461626880:134217728']",107,0.018520106,2,2,0,0,0,8,0,8,0,5069670
10376293541461626944:16777216,112,2,"['1297036692683751440:0', '10376293541461626880:16777216']",106,0.018608274,2,2,0,0,0,8,0,8,0,5069670
10376293541461626944:8192,112,2,"['1297036692683751440:0', '10376293541461626880:8192']",108,0.018433571,2,2,0,0,0,8,0,8,0,5069670
10376293541461627008:134217728,111,2,"['1297036692683751432:0', '10376293541461626880:134217728']",106,0.018779757,2,2,0,0,0,8,0,8,0,5069670
10376293541461627008:16,111,2,"['1297036692683751432:0', '10376293541461626880:16']",105,0.018957772,2,2,0,0,0,8,0,8,0,5069670
10376293541461627008:16777216,112,2,"['1297036692683751432:0', '10376293541461626880:16777216']",106,0.018867925,2,2,0,0,0,8,0,8,0,5069670
10376293541461627008:8192,111,2,"['1297036692683751432:0', '10376293541461626880:8192']",106,0.018693222,2,2,0,0,0,8,0,8,0,5069670
10376293541461627392:134217728,110,2,"['1297036692683751426:0', '10376293541461626880:134217728']",107,0.018691589,2,2,0,0,0,8,0,8,0,5069670
10376293541461627392:16,110,2,"['1297036692683751426:0', '10376293541461626880:16']",105,0.018869604,2,2,0,0,0,8,0,8,0,5069670
10376293541461627392:16777216,111,2,"['1297036692683751426:0', '10376293541461626880:16777216']",106,0.018779757,2,2,0,0,0,8,0,8,0,5069670
10376293541461627392:8192,111,2,"['1297036692683751426:0', '10376293541461626880:8192']",107,0.018605054,2,2,0,0,0,8,0,8,0,5069670
10376293541463719940:68719476736,112,2,"['1152921504612089856:536870912', '1297036692683751424:34359738368']",101,0.019160249,2,2,0,0,0,8,0,8,0,5069670
10376293541998497792:134217728,111,2,"['1297036692717305856:0', '10376293541461626880:134217728']",105,0.018869604,2,2,0,0,0,8,0,8,0,5069670
10376293541998497792:16,111,2,"['1297036692717305856:0', '10376293541461626880:16']",105,0.019047619,2,2,0,0,0,8,0,8,0,5069670
10376293541998497792:16777216,112,2,"['1297036692717305856:0', '10376293541461626880:16777216']",105,0.018957772,2,2,0,0,0,8,0,8,0,5069670
10376293543609110528:16777216,112,2,"['1297036692692140032:0', '10376293541461626880:16777216']",106,0.018867925,2,2,0,0,0,8,0,8,0,5069670
10376293543609110528:8192,112,2,"['1297036692692140032:0', '10376293541461626880:8192']",106,0.018693222,2,2,0,0,0,8,0,8,0,5069670
10376293543609122816:68719476736,111,2,"['1152921521787764736:536870912', '1297036692683751424:33554432']",104,0.019139194,2,2,0,0,0,8,0,8,0,5069670
10376293545756594176:134217728,111,2,"['1297036692687945728:0', '10376293541461626880:134217728']",105,0.018869604,2,2,0,0,0,8,0,8,0,5069670
10376293545756594176:16,111,2,"['1297036692687945728:0', '10376293541461626880:16']",105,0.019047619,2,2,0,0,0,8,0,8,0,5069670
10376293545756594176:16777216,112,2,"['1297036692687945728:0', '10376293541461626880:16777216']",105,0.018957772,2,2,0,0,0,8,0,8,0,5069670
10376293545756594176:34359738368,112,2,"['1152921504606851584:536870912', '1297036692687945728:0']",105,0.018957772,2,2,0,0,0,8,0,8,0,5069670
10376293545756594176:8192,112,2,"['1297036692687945728:0', '10376293541461626880:8192']",105,0.018783069,2,2,0,0,0,8,0,8,0,5069670
10376293550051561472:16,111,2,"['1297045488776773632:0', '10376293541461626880:16']",105,0.018783069,2,2,0,0,0,8,0,8,0,5069670
10376293550051561472:32768,110,2,"['1297045488776773632:0', '10376293541461626880:32768']",105,0.018783069,2,2,0,0,0,8,0,8,0,5069670
10376293550051561472:8192,111,2,"['1297045488776773632:0', '10376293541461626880:8192']",108,0.018518519,2,2,0,0,0,8,0,8,0,5069670
10376293558641496064:16777216,110,2,"['1297041090730262528:0', '10376293541461626880:16777216']",104,0.019049347,2,2,0,0,0,8,0,8,0,5069670
10376293558641496064:8192,110,2,"['1297041090730262528:0', '10376293541461626880:8192']",104,0.018874644,2,2,0,0,0,8,0,8,0,5069670
10376295740484882432:16777216,110,2,"['1297036727043489792:0', '10376293541461626880:16777216']",105,0.018957772,2,2,0,0,0,8,0,8,0,5069670
10376297939508137984:16777216,110,2,"['1297036709863620608:0', '10376293541461626880:16777216']",105,0.018957772,2,2,0,0,0,8,0,8,0,5069670
10376297939508137984:8192,110,2,"['1297036709863620608:0', '10376293541461626880:8192']",105,0.018783069,2,2,0,0,0,8,0,8,0,5069670
10376302337554644996:68719476736,110,2,"['1152921504612089856:536870912', '1297036692683751424:8192']",101,0.019516375,2,2,0,0,0,8,0,8,0,5069670
10376302337554649088:16777216,110,2,"['1297036701273686016:0', '10376293541461626880:16777216']",104,0.019049347,2,2,0,0,0,8,0,8,0,5069670
10376302337554649088:34359738368,110,2,"['1152921504606851584:536870912', '1297036701273686016:0']",104,0.019049347,2,2,0,0,0,8,0,8,0,5069670
10376302337554649088:8192,110,2,"['1297036701273686016:0', '10376293541461626880:8192']",104,0.018874644,2,2,0,0,0,8,0,8,0,5069670
10376311133647671296:134217728,111,2,"['1315051091193233408:0', '10376293541461626880:134217728']",107,0.018605054,2,2,0,0,0,8,0,8,0,5069670
10376311133647671296:16777216,110,2,"['1315051091193233408:0', '10376293541461626880:16777216']",106,0.018693222,2,2,0,0,0,8,0,8,0,5069670
10394307939971104772:68719476736,110,2,"['1152921504612089856:536870912', '1297036692683751424:4']",101,0.019516375,2,2,0,0,0,8,0,8,0,5069670
1152921504606851072:34896611328,110,2,"['1152921504607895552:536870920', '1297036692683751426:0']",106,0.018779757,2,2,0,0,0,8,0,8,0,5069670
1152921504606851072:34896613376,110,2,"['1152921504607895552:536870916', '1297036692683751426:0']",107,0.018605054,2,2,0,0,0,8,0,8,0,5069670
1152921504606851072:34900803584,110,2,"['1152921504607895552:536887296', '1297036692683751426:0']",107,0.018520106,2,2,0,0,0,8,0,8,0,5069670
1152921504606851072:536875012,110,2,"['1152921504607895552:536870916', '1297036692683751440:0']",108,0.018433571,2,2,0,0,0,8,0,8,0,5069670
1152921504606851072:536881152,111,2,"['1152921504607895552:536870920', '1297036692683751432:0']",106,0.018867925,2,2,0,0,0,8,0,8,0,5069670
1152921504606851072:536883200,111,2,"['1152921504607895552:536870916', '1297036692683751432:0']",106,0.018693222,2,2,0,0,0,8,0,8,0,5069670
1152921504606851072:671090688,110,2,"['1152921504607895552:536870920', '1297036727043489792:0']",105,0.018957772,2,2,0,0,0,8,0,8,0,5069670
1152921504606851072:675282944,110,2,"['1152921504607895552:536887296', '1297036727043489792:0']",105,0.018698121,2,2,0,0,0,8,0,8,0,5069670
1152921504606851584:536879104,112,2,"['1152921504606851584:536870912', '1297036692683751432:0']",106,0.018867925,2,2,0,0,0,8,0,8,0,5069670
1152921504606851584:671088640,110,2,"['1152921504606851584:536870912', '1297036727043489792:0']",105,0.018957772,2,2,0,0,0,8,0,8,0,5069670
1152921504606851712:536870912,110,2,"['1152921504606851584:536870912', '10376293541461626880:8192']",106,0.018693222,2,2,0,0,0,8,0,8,0,5069670
1152921504606851840:536870912,113,2,"['1152921504606851584:536870912', '10376293541461626880:16777216']",106,0.018867925,2,2,0,0,0,8,0,8,0,5069670
1152921504606867968:536870912,110,2,"['1152921504606851584:536870912', '1297041090730262528:0']",104,0.019049347,2,2,0,0,0,8,0,8,0,5069670
1152921504607895552:34896609288,111,2,"['1152921504607895552:536870920', '1152921504607895552:34896609280']",106,0.018608274,2,2,0,0,0,8,0,8,0,5069670
1152921504607895552:34896613376,111,2,"['1152921504607895552:34896609280', '1297036692683751440:0']",109,0.018348624,2,2,0,0,0,8,0,8,0,5069670
1152921504607895552:34896625664,111,2,"['1152921504607895552:536887296', '1152921504607895552:34896609280']",109,0.018348624,2,2,0,0,0,8,0,8,0,5069670
1152921504607895552:34896642048,110,2,"['1152921504607895552:34896609280', '1297036692683751424:134217728']",100,0.019174312,2,2,0,0,0,8,0,8,0,5069670
1152921504607895552:34898706432,111,2,"['1152921504607895552:34896609280', '1297036692717305856:0']",105,0.018698121,2,2,0,0,0,8,0,8,0,5069670
1152921504607895552:34904997888,111,2,"['1152921504607895552:34896609280', '1297036692683751432:0']",106,0.018608274,2,2,0,0,0,8,0,8,0,5069670
1152921504607895552:37044092928,110,2,"['1152921504607895552:34896609280', '1297036727043489792:0']",105,0.018698121,2,2,0,0,0,8,0,8,0,5069670
1152921504607895552:536870924,110,2,"['1152921504607895552:536870916', '1152921504607895552:536870920']",106,0.018693222,2,2,0,0,0,8,0,8,0,5069670
1152921504607895552:536870932,110,2,"['1152921504607895552:536870916', '1297036692683751424:268435456']",106,0.018693222,2,2,0,0,0,8,0,8,0,5069670
1152921504607895552:536887300,110,2,"['1152921504607895552:536870916', '1152921504607895552:536887296']",108,0.018433571,2,2,0,0,0,8,0,8,0,5069670
1152921504607895552:536891392,111,2,"['1152921504607895552:536887296', '1297036692683751440:0']",109,0.018348624,2,2,0,0,0,8,0,8,0,5069670
1152921504607895552:536903684,110,2,"['1152921504607895552:536870916', '1297036692683751424:134217728']",100,0.019259259,2,2,0,0,0,8,0,8,0,5069670
1152921504607895554:536870916,112,2,"['1152921504606851584:536870912', '1152921504607895552:536870916']",106,0.018693222,2,2,0,0,0,8,0,8,0,5069670
1152921504607895554:536870928,112,2,"['1152921504606851584:536870912', '1297036692683751424:268435456']",106,0.018867925,2,2,0,0,0,8,0,8,0,5069670
1152921504607895556:34896609280,112,2,"['1152921504607895552:34896609280', '10376293541461626880:16777216']",106,0.018608274,2,2,0,0,0,8,0,8,0,5069670
1152921504607895556:536870916,112,2,"['1152921504607895552:536870916', '10376293541461626880:16777216']",106,0.018693222,2,2,0,0,0,8,0,8,0,5069670
1152921504607895556:536870920,112,2,"['1152921504607895552:536870920', '10376293541461626880:16777216']",106,0.018867925,2,2,0,0,0,8,0,8,0,5069670
1152921504607895556:536870928,110,2,"['1297036692683751424:268435456', '10376293541461626880:16777216']",106,0.018867925,2,2,0,0,0,8,0,8,0,5069670
1152921504607895560:34896609280,112,2,"['1152921504607895552:34896609280', '10376293541461626880:8192']",108,0.018433571,2,2,0,0,0,8,0,8,0,5069670
1152921504607895560:536870916,112,2,"['1152921504607895552:536870916', '10376293541461626880:8192']",108,0.018518519,2,2,0,0,0,8,0,8,0,5069670
1152921504607895560:536870920,112,2,"['1152921504607895552:536870920', '10376293541461626880:8192']",106,0.018693222,2,2,0,0,0,8,0,8,0,5069670
1152921504607895560:536887296,112,2,"['1152921504607895552:536887296', '10376293541461626880:8192']",108,0.018433571,2,2,0,0,0,8,0,8,0,5069670
1152921504607895560:570425344,110,2,"['1152921504607895552:570425344', '10376293541461626880:8192']",106,0.018693222,2,2,0,0,0,8,0,8,0,5069670
1152921504607895616:536870920,111,2,"['1152921504607895552:536870920', '1315051091193233408:0']",106,0.018693222,2,2,0,0,0,8,0,8,0,5069670
1152921504607895616:536887296,111,2,"['1152921504607895552:536887296', '1315051091193233408:0']",108,0.018433571,2,2,0,0,0,8,0,8,0,5069670
1152921504607895680:34896609280,111,2,"['1152921504607895552:34896609280', '1297045488776773632:0']",108,0.018433571,2,2,0,0,0,8,0,8,0,5069670
1152921504607895680:536870916,111,2,"['1152921504607895552:536870916', '1297045488776773632:0']",108,0.018518519,2,2,0,0,0,8,0,8,0,5069670
1152921504612089856:536870928,112,2,"['1152921504612089856:536870912', '1297036692683751424:268435456']",101,0.019334952,2,2,0,0,0,8,0,8,0,5069670
1152921504612089856:536887296,112,2,"['1152921504607895552:536887296', '1152921504612089856:536870912']",101,0.019075302,2,2,0,0,0,8,0,8,0,5069670
1152921504612089856:671088640,110,2,"['1152921504612089856:536870912', '1297036692683751424:32768']",101,0.019334952,2,2,0,0,0,8,0,8,0,5069670
1152921504612089858:536870912,113,2,"['1152921504606851584:536870912', '1152921504612089856:536870912']",101,0.019334952,2,2,0,0,0,8,0,8,0,5069670
1152921504612089860:536870912,111,2,"['1152921504612089856:536870912', '10376293541461626880:16777216']",101,0.019334952,2,2,0,0,0,8,0,8,0,5069670
1152921504612089864:536870912,113,2,"['1152921504612089856:536870912', '10376293541461626880:8192']",101,0.019160249,2,2,0,0,0,8,0,8,0,5069670
1152921504612089872:536870912,110,2,"['1152921504612089856:536870912', '10376293541461626880:4']",101,0.019609728,2,2,0,0,0,8,0,8,0,5069670
1152921504612089920:536870912,112,2,"['1152921504612089856:536870912', '1315051091193233408:0']",101,0.019160249,2,2,0,0,0,8,0,8,0,5069670
1152921504612089984:536870912,112,2,"['1152921504612089856:536870912', '1297045488776773632:0']",101,0.019160249,2,2,0,0,0,8,0,8,0,5069670
1152921504612352000:536870912,110,2,"['1152921504612089856:536870912', '1297041090730262528:0']",101,0.019516375,2,2,0,0,0,8,0,8,0,5069670
1152921504614187008:536870912,110,2,"['1152921504612089856:536870912', '1297036692683751936:0']",101,0.019334952,2,2,0,0,0,8,0,8,0,5069670
1152921504616284160:536870916,110,2,"['1152921504607895552:536870916', '1152921504616284160:536870912']",104,0.018874644,2,2,0,0,0,8,0,8,0,5069670
1152921504616284160:536870928,110,2,"['1152921504616284160:536870912', '1297036692683751424:268435456']",104,0.019049347,2,2,0,0,0,8,0,8,0,5069670
1152921504620478464:536870912,111,2,"['1152921504612089856:536870912', '1152921504616284160:536870912']",101,0.019516375,2,2,0,0,0,8,0,8,0,5069670
1152921504641449986:536870912,110,2,"['1152921504606851584:536870912', '10376293541461626880:32768']",105,0.018957772,2,2,0,0,0,8,0,8,0,5069670
1152921504645644288:536870912,110,2,"['1152921504612089856:536870912', '10376293541461626880:32768']",101,0.0194248,2,2,0,0,0,8,0,8,0,5069670
1152921504675004416:34896609280,111,2,"['1152921504607895552:34896609280', '10376293541461626880:16']",105,0.018698121,2,2,0,0,0,8,0,8,0,5069670
1152921504675004416:536870920,111,2,"['1152921504607895552:536870920', '10376293541461626880:16']",105,0.018957772,2,2,0,0,0,8,0,8,0,5069670
1152921504675004416:536887296,111,2,"['1152921504607895552:536887296', '10376293541461626880:16']",105,0.018698121,2,2,0,0,0,8,0,8,0,5069670
1152921504675004418:536870912,110,2,"['1152921504606851584:536870912', '10376293541461626880:16']",105,0.018957772,2,2,0,0,0,8,0,8,0,5069670
1152921504679198720:536870912,112,2,"['1152921504612089856:536870912', '10376293541461626880:16']",101,0.0194248,2,2,0,0,0,8,0,8,0,5069670
1152921504741064708:77309411328,110,2,"['1152921504616284160:536870912', '1297036692687945728:0']",104,0.019139194,2,2,0,0,0,8,0,8,0,5069670
1152921504741064708:85899345920,111,2,"['1152921504612089856:536870912', '1297036692687945728:0']",101,0.0194248,2,2,0,0,0,8,0,8,0,5069670
1152921504741072896:68723671040,111,2,"['1152921521787764736:536870912', '1297036692692140032:0']",105,0.018957772,2,2,0,0,0,8,0,8,0,5069670
1152921504743162368:68719476736,110,2,"['1152921504607895552:34896609280', '1297036692683751424:34359738368']",108,0.018433571,2,2,0,0,0,8,0,8,0,5069670
1152921506754334720:536870916,110,2,"['1152921504616284160:536870912', '1297036692683751440:0']",104,0.018789697,2,2,0,0,0,8,0,8,0,5069670
1152921506754334720:536879104,110,2,"['1152921504616284160:536870912', '1297036692683751432:0']",104,0.019049347,2,2,0,0,0,8,0,8,0,5069670
1152921506754334720:536903680,110,2,"['1152921504616284160:536870912', '1297036692717305856:0']",104,0.019139194,2,2,0,0,0,8,0,8,0,5069670
1152921508901818368:34896609280,111,2,"['1152921504612089856:536870912', '1297036692683751426:0']",101,0.019246784,2,2,0,0,0,8,0,8,0,5069670
1152921508901818368:536870916,112,2,"['1152921504612089856:536870912', '1297036692683751440:0']",101,0.019075302,2,2,0,0,0,8,0,8,0,5069670
1152921508901818368:536879104,112,2,"['1152921504612089856:536870912', '1297036692683751432:0']",101,0.019334952,2,2,0,0,0,8,0,8,0,5069670
1152921508901818368:536903680,112,2,"['1152921504612089856:536870912', '1297036692717305856:0']",101,0.0194248,2,2,0,0,0,8,0,8,0,5069670
1152921508901818368:671088640,111,2,"['1152921504612089856:536870912', '1297036727043489792:0']",101,0.0194248,2,2,0,0,0,8,0,8,0,5069670
1152921521787764736:34896609280,111,2,"['1152921504607895552:34896609280', '1152921521787764736:536870912']",105,0.018698121,2,2,0,0,0,8,0,8,0,5069670
1152921521787764736:536870916,111,2,"['1152921504607895552:536870916', '1152921521787764736:536870912']",105,0.018783069,2,2,0,0,0,8,0,8,0,5069670
1152921521787764738:536870912,111,2,"['1152921504606851584:536870912', '1152921521787764736:536870912']",105,0.018957772,2,2,0,0,0,8,0,8,0,5069670
1152921521787764740:536870912,112,2,"['1152921521787764736:536870912', '10376293541461626880:16777216']",105,0.018957772,2,2,0,0,0,8,0,8,0,5069670
1152921521787764744:536870912,112,2,"['1152921521787764736:536870912', '10376293541461626880:8192']",105,0.018783069,2,2,0,0,0,8,0,8,0,5069670
1152921521787764800:536870912,111,2,"['1152921521787764736:536870912', '1315051091193233408:0']",105,0.018783069,2,2,0,0,0,8,0,8,0,5069670
1152921521791959040:536870912,111,2,"['1152921504612089856:536870912', '1152921521787764736:536870912']",101,0.0194248,2,2,0,0,0,8,0,8,0,5069670
1152921538967633920:34896609280,111,2,"['1152921504607895552:34896609280', '10376293541461626880:134217728']",107,0.018520106,2,2,0,0,0,8,0,8,0,5069670
1152921538967633920:536870920,111,2,"['1152921504607895552:536870920', '10376293541461626880:134217728']",106,0.018779757,2,2,0,0,0,8,0,8,0,5069670
1152921538967633922:536870912,112,2,"['1152921504606851584:536870912', '10376293541461626880:134217728']",106,0.018779757,2,2,0,0,0,8,0,8,0,5069670
1152921538971828224:536870912,111,2,"['1152921504612089856:536870912', '10376293541461626880:134217728']",101,0.019246784,2,2,0,0,0,8,0,8,0,5069670
1152921556147503104:536870912,110,2,"['1152921521787764736:536870912', '10376293541461626880:134217728']",105,0.018869604,2,2,0,0,0,8,0,8,0,5069670
1152925902653362176:34896609280,110,2,"['1152921521787764736:536870912', '1297036692683751426:0']",105,0.018869604,2,2,0,0,0,8,0,8,0,5069670
1152925902653362176:536870916,110,2,"['1152921521787764736:536870912', '1297036692683751440:0']",105,0.018698121,2,2,0,0,0,8,0,8,0,5069670
1152925902653362176:536879104,111,2,"['1152921521787764736:536870912', '1297036692683751432:0']",105,0.018957772,2,2,0,0,0,8,0,8,0,5069670
1152925902653362176:536903680,111,2,"['1152921521787764736:536870912', '1297036692717305856:0']",105,0.019047619,2,2,0,0,0,8,0,8,0,5069670
1152925902653362176:671088640,110,2,"['1152921521787764736:536870912', '1297036727043489792:0']",105,0.019047619,2,2,0,0,0,8,0,8,0,5069670
1152925902787575812:68719476736,111,2,"['1152921504607895552:536887296', '1297036692687945728:0']",105,0.018698121,2,2,0,0,0,8,0,8,0,5069670
1152925902787576320:68719476736,110,2,"['1152921504607895552:536887296', '1297036692683751424:34359738368']",108,0.018433571,2,2,0,0,0,8,0,8,0,5069670
1152925902787584000:68719476736,111,2,"['1152921504607895552:536887296', '1297036692692140032:0']",106,0.018608274,2,2,0,0,0,8,0,8,0,5069670
1152939096792896000:536870912,111,2,"['1152921504606851584:536870912', '1297036692683751488:0']",106,0.018779757,2,2,0,0,0,8,0,8,0,5069670
1152939101087862784:536870912,111,2,"['1152921504612089856:536870912', '1297036692683751488:0']",101,0.019246784,2,2,0,0,0,8,0,8,0,5069670
1161928703995805700:68719476736,111,2,"['1152921504607895552:536870920', '1297036692687945728:0']",105,0.018957772,2,2,0,0,0,8,0,8,0,5069670
1161928703995813888:68719476736,111,2,"['1152921504607895552:536870920', '1297036692692140032:0']",106,0.018867925,2,2,0,0,0,8,0,8,0,5069670
1170935903117377536:34896609280,110,2,"['1152921504607895552:34896609280', '1297036692683751488:0']",107,0.018520106,2,2,0,0,0,8,0,8,0,5069670
1170935903117377536:536870916,110,2,"['1152921504607895552:536870916', '1297036692683751488:0']",107,0.018605054,2,2,0,0,0,8,0,8,0,5069670
1170935903117377536:536870920,110,2,"['1152921504607895552:536870920', '1297036692683751488:0']",106,0.018779757,2,2,0,0,0,8,0,8,0,5069670
1170935903250546692:68719476736,111,2,"['1152921504607895552:536870916', '1297036692687945728:0']",105,0.018783069,2,2,0,0,0,8,0,8,0,5069670
1170935903250547200:68719476736,111,2,"['1152921504607895552:536870916', '1297036692683751424:34359738368']",108,0.018518519,2,2,0,0,0,8,0,8,0,5069670
1170935903250554880:68719476736,111,2,"['1152921504607895552:536870916', '1297036692692140032:0']",106,0.018693222,2,2,0,0,0,8,0,8,0,5069670
1170935903251070976:68719476736,111,2,"['1152921504607895552:536870916', '1297036692683751424:33554432']",104,0.018874644,2,2,0,0,0,8,0,8,0,5069670
1297036692683751424:134218752,110,2,"['1297036692683751424:134217728', '10376293541461626880:16']",100,0.01952381,2,2,0,0,0,8,0,8,0,5069670
1297036692683751424:142606336,111,2,"['1297036692683751424:134217728', '10376293541461626880:8192']",100,0.019259259,2,2,0,0,0,8,0,8,0,5069670
1297036692683751424:167772160,110,2,"['1297036692683751424:33554432', '1297036692683751424:134217728']",100,0.019615385,2,2,0,0,0,8,0,8,0,5069670
1297036692683751424:33555456,111,2,"['1297036692683751424:33554432', '10376293541461626880:16']",104,0.019139194,2,2,0,0,0,8,0,8,0,5069670
1297036692683751424:33792,110,2,"['1297036692683751424:32768', '10376293541461626880:16']",105,0.018957772,2,2,0,0,0,8,0,8,0,5069670
1297036692683751424:34359739392,111,2,"['1297036692683751424:34359738368', '10376293541461626880:16']",105,0.018783069,2,2,0,0,0,8,0,8,0,5069670
1297036692683751424:34368126976,112,2,"['1297036692683751424:34359738368', '10376293541461626880:8192']",108,0.018518519,2,2,0,0,0,8,0,8,0,5069670
1297036692683751424:34628173824,111,2,"['1297036692683751424:268435456', '1297036692683751424:34359738368']",106,0.018693222,2,2,0,0,0,8,0,8,0,5069670
1297036692683751424:36507222016,111,2,"['1297036692683751424:34359738368', '10376293541461626880:134217728']",107,0.018605054,2,2,0,0,0,8,0,8,0,5069670
1297036692683751424:41943040,112,2,"['1297036692683751424:33554432', '10376293541461626880:8192']",104,0.018874644,2,2,0,0,0,8,0,8,0,5069670
1297036692683751424:51539607552,112,2,"['1297036692683751424:34359738368', '10376293541461626880:16777216']",106,0.018693222,2,2,0,0,0,8,0,8,0,5069670
1297036692683751426:268435456,110,2,"['1297036692683751424:268435456', '1297036692683751426:0']",106,0.018779757,2,2,0,0,0,8,0,8,0,5069670
1297036692683751432:32768,110,2,"['1297036692683751424:32768', '1297036692683751432:0']",106,0.018867925,2,2,0,0,0,8,0,8,0,5069670
1297036692683751432:33554432,111,2,"['1297036692683751424:33554432', '1297036692683751432:0']",104,0.019049347,2,2,0,0,0,8,0,8,0,5069670
1297036692683751432:34359738368,111,2,"['1297036692683751424:34359738368', '1297036692683751432:0']",106,0.018693222,2,2,0,0,0,8,0,8,0,5069670
1297036692683751434:0,110,2,"['1297036692683751426:0', '1297036692683751432:0']",106,0.018779757,2,2,0,0,0,8,0,8,0,5069670
1297036692683751440:32768,110,2,"['1297036692683751424:32768', '1297036692683751440:0']",106,0.018608274,2,2,0,0,0,8,0,8,0,5069670
1297036692683751440:33554432,111,2,"['1297036692683751424:33554432', '1297036692683751440:0']",104,0.018789697,2,2,0,0,0,8,0,8,0,5069670
1297036692683751440:34359738368,111,2,"['1297036692683751424:34359738368', '1297036692683751440:0']",108,0.018433571,2,2,0,0,0,8,0,8,0,5069670
1297036692683751488:268435456,110,2,"['1297036692683751424:268435456', '1297036692683751488:0']",106,0.018779757,2,2,0,0,0,8,0,8,0,5069670
1297036692683751488:33554432,110,2,"['1297036692683751424:33554432', '1297036692683751488:0']",104,0.018961179,2,2,0,0,0,8,0,8,0,5069670
1297036692687945728:134217728,110,2,"['1297036692683751424:134217728', '1297036692687945728:0']",100,0.01952381,2,2,0,0,0,8,0,8,0,5069670
1297036692687945728:268435456,111,2,"['1297036692683751424:268435456', '1297036692687945728:0']",105,0.018957772,2,2,0,0,0,8,0,8,0,5069670
1297036692687945728:33554432,111,2,"['1297036692683751424:33554432', '1297036692687945728:0']",104,0.019139194,2,2,0,0,0,8,0,8,0,5069670
1297036692687945730:0,110,2,"['1297036692683751426:0', '1297036692687945728:0']",105,0.018869604,2,2,0,0,0,8,0,8,0,5069670
1297036692687945744:0,111,2,"['1297036692683751440:0', '1297036692687945728:0']",105,0.018698121,2,2,0,0,0,8,0,8,0,5069670
1297036692687945792:0,110,2,"['1297036692683751488:0', '1297036692687945728:0']",105,0.018869604,2,2,0,0,0,8,0,8,0,5069670
1297036692696334336:0,111,2,"['1297036692687945728:0', '1297036692692140032:0']",105,0.018957772,2,2,0,0,0,8,0,8,0,5069670
1297036692717305856:33554432,111,2,"['1297036692683751424:33554432', '1297036692717305856:0']",104,0.019139194,2,2,0,0,0,8,0,8,0,5069670
1297036692717305856:34359738368,111,2,"['1297036692683751424:34359738368', '1297036692717305856:0']",105,0.018783069,2,2,0,0,0,8,0,8,0,5069670
1297036692717305858:0,110,2,"['1297036692683751426:0', '1297036692717305856:0']",105,0.018869604,2,2,0,0,0,8,0,8,0,5069670
1297036692717305864:0,111,2,"['1297036692683751432:0', '1297036692717305856:0']",105,0.018957772,2,2,0,0,0,8,0,8,0,5069670
1297036692717305872:0,111,2,"['1297036692683751440:0', '1297036692717305856:0']",105,0.018698121,2,2,0,0,0,8,0,8,0,5069670
1297036692721500160:0,110,2,"['1297036692687945728:0', '1297036692717305856:0']",105,0.019047619,2,2,0,0,0,8,0,8,0,5069670
1297036692725694464:0,111,2,"['1297036692692140032:0', '1297036692717305856:0']",105,0.018957772,2,2,0,0,0,8,0,8,0,5069670
1297036727043489792:34359738368,110,2,"['1297036692683751424:34359738368', '1297036727043489792:0']",105,0.018783069,2,2,0,0,0,8,0,8,0,5069670
1297045488776773632:134217728,110,2,"['1297036692683751424:134217728', '1297045488776773632:0']",100,0.019259259,2,2,0,0,0,8,0,8,0,5069670
1297045488776773632:268435456,111,2,"['1297036692683751424:268435456', '1297045488776773632:0']",106,0.018693222,2,2,0,0,0,8,0,8,0,5069670
1297045488776773632:33554432,111,2,"['1297036692683751424:33554432', '1297045488776773632:0']",104,0.018874644,2,2,0,0,0,8,0,8,0,5069670
1297045488776773632:34359738368,110,2,"['1297036692683751424:34359738368', '1297045488776773632:0']",108,0.018518519,2,2,0,0,0,8,0,8,0,5069670
1297045488776773632:4,110,2,"['1297036692683751424:4', '1297045488776773632:0']",104,0.018874644,2,2,0,0,0,8,0,8,0,5069670
1297045488780967936:0,111,2,"['1297036692687945728:0', '1297045488776773632:0']",105,0.018783069,2,2,0,0,0,8,0,8,0,5069670
1297045488785162240:0,111,2,"['1297036692692140032:0', '1297045488776773632:0']",106,0.018693222,2,2,0,0,0,8,0,8,0,5069670
1297045488810328064:0,111,2,"['1297036692717305856:0', '1297045488776773632:0']",105,0.018783069,2,2,0,0,0,8,0,8,0,5069670
1315051091193233408:33554432,111,2,"['1297036692683751424:33554432', '1315051091193233408:0']",104,0.018874644,2,2,0,0,0,8,0,8,0,5069670
1315051091193233408:34359738368,111,2,"['1297036692683751424:34359738368', '1315051091193233408:0']",108,0.018518519,2,2,0,0,0,8,0,8,0,5069670
1315051091193233410:0,110,2,"['1297036692683751426:0', '1315051091193233408:0']",107,0.018605054,2,2,0,0,0,8,0,8,0,5069670
1315051091201622016:0,110,2,"['1297036692692140032:0', '1315051091193233408:0']",106,0.018693222,2,2,0,0,0,8,0,8,0,5069670
1315051091226787840:0,111,2,"['1297036692717305856:0', '1315051091193233408:0']",105,0.018783069,2,2,0,0,0,8,0,8,0,5069670
10376293541461622786:77309411328,98,2,"['1152921504607897600:536870912', '1297036692692140032:0']",104,0.019049347,2,2,0,0,0,1241,5,1191,45,5234938
10376293541461626880:262148,97,2,"['1297036692683751424:262144', '10376293541461626880:4']",103,0.019417476,2,2,0,0,0,1241,5,1191,45,5234938
10376293541461626880:278528,96,2,"['1297036692683751424:262144', '10376293541461626880:16384']",103,0.019232547,2,2,0,0,0,1241,5,1191,45,5234938
10376293541461626880:540672,98,2,"['1297036692683751424:131072', '10376293541461626880:16384']",102,0.019327731,2,2,0,0,0,1241,5,1191,45,5234938
10376293541461626880:557056,99,2,"['1297036692683751424:131072', '10376293541461626880:32768']",102,0.019327731,2,2,0,0,0,1241,5,1191,45,5234938
10376293541461626880:589824,90,2,"['1297036692683751424:131072', '10376293541461626880:65536']",101,0.019704912,2,2,0,0,0,1241,5,1191,45,5234938
10376293541461626880:65552,98,2,"['10376293541461626880:16', '10376293541461626880:65536']",101,0.0194248,2,2,0,0,0,1241,5,1191,45,5234938
10376293541461626880:65568,96,2,"['10376293541461626880:32', '10376293541461626880:65536']",101,0.0194248,2,2,0,0,0,1241,5,1191,45,5234938
10376293541461626880:98304,97,2,"['10376293541461626880:32768', '10376293541461626880:65536']",101,0.0194248,2,2,0,0,0,1241,5,1191,45,5234938
10376293541461626881:16,97,2,"['1297036692683752448:0', '10376293541461626880:16']",100,0.01952381,2,2,0,0,0,1241,5,1191,45,5234938
10376293541461626881:16384,99,2,"['1297036692683752448:0', '10376293541461626880:16384']",100,0.01952381,2,2,0,0,0,1241,5,1191,45,5234938
10376293541461626881:16777216,99,2,"['1297036692683752448:0', '10376293541461626880:16777216']",100,0.019433962,2,2,0,0,0,1241,5,1191,45,5234938
10376293541461626881:32,95,2,"['1297036692683752448:0', '10376293541461626880:32']",100,0.01952381,2,2,0,0,0,1241,5,1191,45,5234938
10376293541461626881:4,98,2,"['1297036692683752448:0', '10376293541461626880:4']",100,0.019708738,2,2,0,0,0,1241,5,1191,45,5234938
10376293541461626881:65536,96,2,"['1297036692683752448:0', '10376293541461626880:65536']",100,0.01990099,2,2,0,0,0,1241,5,1191,45,5234938
10376293541461626882:16384,96,2,"['1297036692683751936:0', '10376293541461626880:16384']",105,0.018957772,2,2,0,0,0,1241,5,1191,45,5234938
10376293541461626896:65536,96,2,"['1297036692683751488:0', '10376293541461626880:65536']",101,0.019246784,2,2,0,0,0,1241,5,1191,45,5234938
10376293541461627392:4,95,2,"['1297036692683751426:0', '10376293541461626880:4']",103,0.019054532,2,2,0,0,0,1241,5,1191,45,5234938
10376293541461628928:65536,98,2,"['1297036692685848576:0', '10376293541461626880:65536']",101,0.019609728,2,2,0,0,0,1241,5,1191,45,5234938
10376293541461635072:32,98,2,"['1297036692684275712:0', '10376293541461626880:32']",103,0.019232547,2,2,0,0,0,1241,5,1191,45,5234938
10376293541461889024:16777216,98,2,"['1297036692683767808:0', '10376293541461626880:16777216']",103,0.0191427,2,2,0,0,0,1241,5,1191,45,5234938
10376293541463724032:4,96,2,"['1297036692683753472:0', '10376293541461626880:4']",103,0.019417476,2,2,0,0,0,1241,5,1191,45,5234938
10376293541465821184:16384,98,2,"['1297036696978718720:0', '10376293541461626880:16384']",103,0.019232547,2,2,0,0,0,1241,5,1191,45,5234938
10376293541465821184:16777216,99,2,"['1297036696978718720:0', '10376293541461626880:16777216']",103,0.0191427,2,2,0,0,0,1241,5,1191,45,5234938
10376293541465821184:4,97,2,"['1297036696978718720:0', '10376293541461626880:4']",103,0.019417476,2,2,0,0,0,1241,5,1191,45,5234938
10376293541470015488:16384,94,2,"['1297036694831235072:0', '10376293541461626880:16384']",104,0.019139194,2,2,0,0,0,1241,5,1191,45,5234938
10376293541470015488:65536,95,2,"['1297036694831235072:0', '10376293541461626880:65536']",101,0.019516375,2,2,0,0,0,1241,5,1191,45,5234938
10376293541495181312:65536,92,2,"['1297036693220622336:0', '10376293541461626880:65536']",101,0.019609728,2,2,0,0,0,1241,5,1191,45,5234938
10376293541730062336:16384,96,2,"['1297036692750860288:0', '10376293541461626880:16384']",101,0.0194248,2,2,0,0,0,1241,5,1191,45,5234938
10376293541730062336:32,98,2,"['1297036692750860288:0', '10376293541461626880:32']",101,0.0194248,2,2,0,0,0,1241,5,1191,45,5234938
10376293541730062336:4,94,2,"['1297036692750860288:0', '10376293541461626880:4']",101,0.019609728,2,2,0,0,0,1241,5,1191,45,5234938
10376293541730062336:65536,98,2,"['1297036692750860288:0', '10376293541461626880:65536']",101,0.01980198,2,2,0,0,0,1241,5,1191,45,5234938
10376293550051561472:4,98,2,"['1297045488776773632:0', '10376293541461626880:4']",103,0.018967997,2,2,0,0,0,1241,5,1191,45,5234938
10376293550051561472:65536,96,2,"['1297045488776773632:0', '10376293541461626880:65536']",101,0.019160249,2,2,0,0,0,1241,5,1191,45,5234938
10376293558641496064:16384,95,2,"['1297041090730262528:0', '10376293541461626880:16384']",104,0.019139194,2,2,0,0,0,1241,5,1191,45,5234938
10376293678900580352:16384,99,2,"['1297037242439565312:0', '10376293541461626880:16384']",103,0.019232547,2,2,0,0,0,1241,5,1191,45,5234938
10376293678900580352:32,98,2,"['1297037242439565312:0', '10376293541461626880:32']",103,0.019232547,2,2,0,0,0,1241,5,1191,45,5234938
10376293678900580352:32768,99,2,"['1297037242439565312:0', '10376293541461626880:32768']",103,0.019232547,2,2,0,0,0,1241,5,1191,45,5234938
10376294091217440768:16,99,2,"['1297036830122704896:0', '10376293541461626880:16']",101,0.0194248,2,2,0,0,0,1241,5,1191,45,5234938
10376294091217440768:32,92,2,"['1297036830122704896:0', '10376293541461626880:32']",101,0.0194248,2,2,0,0,0,1241,5,1191,45,5234938
10376294091217440768:32768,95,2,"['1297036830122704896:0', '10376293541461626880:32768']",101,0.0194248,2,2,0,0,0,1241,5,1191,45,5234938
10376294091217440768:65536,99,2,"['1297036830122704896:0', '10376293541461626880:65536']",101,0.01980198,2,2,0,0,0,1241,5,1191,45,5234938
10376302337554644994:68719476736,98,2,"['1152921504607897600:536870912', '1297036692683751424:8192']",104,0.019230769,2,2,0,0,0,1241,5,1191,45,5234938
10376311133647671296:65536,92,2,"['1315051091193233408:0', '10376293541461626880:65536']",101,0.019160249,2,2,0,0,0,1241,5,1191,45,5234938
10376328725833715712:16384,93,2,"['1306043891938492416:0', '10376293541461626880:16384']",102,0.019327731,2,2,0,0,0,1241,5,1191,45,5234938
10376328725833715712:32,98,2,"['1306043891938492416:0', '10376293541461626880:32']",102,0.019327731,2,2,0,0,0,1241,5,1191,45,5234938
10376328725833715712:32768,95,2,"['1306043891938492416:0', '10376293541461626880:32768']",102,0.019327731,2,2,0,0,0,1241,5,1191,45,5234938
10376328725833715712:65536,98,2,"['1306043891938492416:0', '10376293541461626880:65536']",101,0.019704912,2,2,0,0,0,1241,5,1191,45,5234938
10376363910205804544:16384,97,2,"['1301540292311121920:0', '10376293541461626880:16384']",101,0.0194248,2,2,0,0,0,1241,5,1191,45,5234938
10376363910205804544:32,99,2,"['1301540292311121920:0', '10376293541461626880:32']",101,0.0194248,2,2,0,0,0,1241,5,1191,45,5234938
10380797141088997376:32768,95,2,"['1297107061427929088:0', '10376293541461626880:32768']",101,0.0194248,2,2,0,0,0,1241,5,1191,45,5234938
10380797141088997376:65536,98,2,"['1297107061427929088:0', '10376293541461626880:65536']",101,0.01980198,2,2,0,0,0,1241,5,1191,45,5234938
10385300740716367872:65536,99,2,"['1297071877055840256:0', '10376293541461626880:65536']",101,0.019609728,2,2,0,0,0,1241,5,1191,45,5234938
1152921504606851072:34904997888,97,2,"['1152921504607895552:536879104', '1297036692683751426:0']",101,0.019246784,2,2,0,0,0,1241,5,1191,45,5234938
1152921504606851072:536870946,98,2,"['1188950301626859520:536870912', '1297036830122704896:0']",95,0.020427306,2,2,0,0,0,1241,5,1191,45,5234938
1152921504606851072:541081600,95,2,"['1152921504607895552:536887296', '1297036692683767808:0']",103,0.01888305,2,2,0,0,0,1241,5,1191,45,5234938
1152921504606851072:805306370,95,2,"['1188950301626859520:536870912', '1297107061427929088:0']",95,0.020427306,2,2,0,0,0,1241,5,1191,45,5234938
1152921504606851585:536870912,99,2,"['1152921504606851584:536870912', '1297036692683752448:0']",100,0.019433962,2,2,0,0,0,1241,5,1191,45,5234938
1152921504606851588:536870912,97,2,"['1152921504606851584:536870912', '1297036696978718720:0']",103,0.0191427,2,2,0,0,0,1241,5,1191,45,5234938
1152921504606852097:536870912,97,2,"['1152921504606852096:536870912', '1297036692683752448:0']",100,0.019708738,2,2,0,0,0,1241,5,1191,45,5234938
1152921504606852100:536870912,97,2,"['1152921504606852096:536870912', '1297036696978718720:0']",103,0.019417476,2,2,0,0,0,1241,5,1191,45,5234938
1152921504607895552:1644167168,95,2,"['1152921504607895552:570425344', '1297107061427929088:0']",101,0.019334952,2,2,0,0,0,1241,5,1191,45,5234938
1152921504607895552:2717908992,99,2,"['1152921504607895552:570425344', '1297036727043489792:0']",105,0.018957772,2,2,0,0,0,1241,5,1191,45,5234938
1152921504607895552:536871428,97,2,"['1152921504607895552:536870916', '1297036830122704896:0']",101,0.019160249,2,2,0,0,0,1241,5,1191,45,5234938
1152921504607895552:536871432,99,2,"['1152921504607895552:536870920', '1297036830122704896:0']",101,0.019334952,2,2,0,0,0,1241,5,1191,45,5234938
1152921504607895552:536871944,98,2,"['1152921504607895552:536870920', '1297036692750860288:0']",101,0.019334952,2,2,0,0,0,1241,5,1191,45,5234938
1152921504607895552:570425856,96,2,"['1152921504607895552:570425344', '1297036830122704896:0']",101,0.019334952,2,2,0,0,0,1241,5,1191,45,5234938
1152921504607895568:536879104,94,2,"['1152921504607895552:536879104', '10376293541461626880:4']",101,0.019609728,2,2,0,0,0,1241,5,1191,45,5234938
1152921504607895680:536879104,97,2,"['1152921504607895552:536879104', '1297045488776773632:0']",101,0.019160249,2,2,0,0,0,1241,5,1191,45,5234938
1152921504607895808:536887296,97,2,"['1152921504607895552:536887296', '1297036696978718720:0']",103,0.01888305,2,2,0,0,0,1241,5,1191,45,5234938
1152921504607897856:536870912,95,2,"['1152921504607897600:536870912', '1297036696978718720:0']",103,0.019324122,2,2,0,0,0,1241,5,1191,45,5234938
1152921504607899648:536887296,97,2,"['1152921504607895552:536887296', '1297036692683767808:0']",103,0.01888305,2,2,0,0,0,1241,5,1191,45,5234938
1152921504607899649:536870912,98,2,"['1152921504606852096:536870912', '1297036692683752448:0']",100,0.019708738,2,2,0,0,0,1241,5,1191,45,5234938
1152921504607899652:536870912,96,2,"['1297036696978718720:0', '10376293541461626880:16777216']",103,0.0191427,2,2,0,0,0,1241,5,1191,45,5234938
1152921504607901696:536870912,95,2,"['1152921504607897600:536870912', '1297036692683751936:0']",104,0.019049347,2,2,0,0,0,1241,5,1191,45,5234938
1152921504607913984:536870912,97,2,"['1152921504607897600:536870912', '10376293541461626880:16384']",104,0.019139194,2,2,0,0,0,1241,5,1191,45,5234938
1152921504607916032:536870912,95,2,"['1297041090730262528:0', '10376293541461626880:16384']",104,0.019139194,2,2,0,0,0,1241,5,1191,45,5234938
1152921504608026624:536879104,98,2,"['1152921504607895552:536879104', '1306043891938492416:0']",101,0.019704912,2,2,0,0,0,1241,5,1191,45,5234938
1152921504608028672:536870912,93,2,"['1152921504607897600:536870912', '1306043891938492416:0']",102,0.019419306,2,2,0,0,0,1241,5,1191,45,5234938
1152921504608159744:536870912,96,2,"['1152921504607897600:536870912', '1297041090730262528:0']",104,0.019230769,2,2,0,0,0,1241,5,1191,45,5234938
1152921504608421888:536870912,94,2,"['1152921504607897600:536870912', '1297036694831235072:0']",104,0.019230769,2,2,0,0,0,1241,5,1191,45,5234938
1152921504608950272:536870912,98,2,"['1152921504607897600:536870912', '1297036692683751936:0']",104,0.019049347,2,2,0,0,0,1241,5,1191,45,5234938
1152921504616284160:536879104,93,2,"['1152921504607895552:536879104', '1152921504616284160:536870912']",101,0.019516375,2,2,0,0,0,1241,5,1191,45,5234938
1152921504616284176:536870912,94,2,"['1152921504616284160:536870912', '10376293541461626880:4']",103,0.019324122,2,2,0,0,0,1241,5,1191,45,5234938
1152921504741064706:68719480832,95,2,"['1152939096793939968:536870912', '1297036692683753472:0']",103,0.0191427,2,2,0,0,0,1241,5,1191,45,5234938
1152921504741064706:77309411328,95,2,"['1152921504616284160:536870912', '1297036692683753472:0']",103,0.019324122,2,2,0,0,0,1241,5,1191,45,5234938
1152921506754334720:34896609280,97,2,"['1152921504616284160:536870912', '1297036692683751426:0']",104,0.018961179,2,2,0,0,0,1241,5,1191,45,5234938
1152921506754334720:536870928,97,2,"['1152921504616284160:536870912', '1297036692750860288:0']",101,0.019516375,2,2,0,0,0,1241,5,1191,45,5234938
1152921521787765760:536870912,99,2,"['1152921521787764736:536870912', '1297036692683752448:0']",100,0.01952381,2,2,0,0,0,1241,5,1191,45,5234938
1152921573327372289:536870912,96,2,"['1152921504606852096:536870912', '10376293541461626880:65536']",101,0.019609728,2,2,0,0,0,1241,5,1191,45,5234938
1152930300834086914:68719476736,94,2,"['1152921504607895552:536879104', '1297036692683753472:0']",101,0.019609728,2,2,0,0,0,1241,5,1191,45,5234938
1152939096793939968:536879104,93,2,"['1152921504607895552:536879104', '1152939096793939968:536870912']",101,0.019334952,2,2,0,0,0,1241,5,1191,45,5234938
1152939096793939984:536870912,96,2,"['1152939096793939968:536870912', '10376293541461626880:4']",103,0.0191427,2,2,0,0,0,1241,5,1191,45,5234938
1152939096793940096:536870912,99,2,"['1152939096793939968:536870912', '1297045488776773632:0']",106,0.018693222,2,2,0,0,0,1241,5,1191,45,5234938
1152939096793940224:536870912,95,2,"['1152939096793939968:536870912', '1297036696978718720:0']",103,0.0191427,2,2,0,0,0,1241,5,1191,45,5234938
1152939096793944064:536870912,97,2,"['1152939096793939968:536870912', '1297036692683751488:0']",106,0.018779757,2,2,0,0,0,1241,5,1191,45,5234938
1152939096802328576:536870912,98,2,"['1152921504616284160:536870912', '1152939096793939968:536870912']",104,0.019049347,2,2,0,0,0,1241,5,1191,45,5234938
1170935903116333056:34896609280,98,2,"['1152939096793939968:536870912', '1297036692683751426:0']",106,0.018779757,2,2,0,0,0,1241,5,1191,45,5234938
1170935903116333056:536887296,96,2,"['1152939096793939968:536870912', '1297036692683767808:0']",103,0.0191427,2,2,0,0,0,1241,5,1191,45,5234938
1170953495302377472:536870912,99,2,"['1152939096793939968:536870912', '1297036692683751488:0']",106,0.018779757,2,2,0,0,0,1241,5,1191,45,5234938
1188950301626859520:536870944,98,2,"['1188950301626859520:536870912', '1297036692683751424:131072']",95,0.020330237,2,2,0,0,0,1241,5,1191,45,5234938
1188950301626859520:671088640,96,2,"['1188950301626859520:536870912', '1297036692683751424:32768']",95,0.019960278,2,2,0,0,0,1241,5,1191,45,5234938
1188950301626860544:536870912,99,2,"['1188950301626859520:536870912', '1297036692683752448:0']",95,0.020526316,2,2,0,0,0,1241,5,1191,45,5234938
1188950301660413952:536870912,99,2,"['1188950301626859520:536870912', '10376293541461626880:32768']",95,0.020050125,2,2,0,0,0,1241,5,1191,45,5234938
1188950301895294976:536870912,99,2,"['1188950301626859520:536870912', '1301540292311121920:0']",95,0.020427306,2,2,0,0,0,1241,5,1191,45,5234938
1188950370346336256:536870912,97,2,"['1188950301626859520:536870912', '10376293541461626880:65536']",95,0.020427306,2,2,0,0,0,1241,5,1191,45,5234938
1188952500650115072:536870912,99,2,"['1188950301626859520:536870912', '1297036693220622336:0']",95,0.020235054,2,2,0,0,0,1241,5,1191,45,5234938
1188967893812903936:536870912,97,2,"['1152939096793939968:536870912', '1188950301626859520:536870912']",95,0.019960278,2,2,0,0,0,1241,5,1191,45,5234938
1297036692683751424:1081344,98,2,"['1297036692683751424:32768', '10376293541461626880:65536']",101,0.019334952,2,2,0,0,0,1241,5,1191,45,5234938
1297036692683751424:131584,97,2,"['1297036692683751424:131072', '10376293541461626880:32']",102,0.019327731,2,2,0,0,0,1241,5,1191,45,5234938
1297036692683751424:134348800,97,2,"['1297036692683751424:131072', '1297036692683751424:134217728']",100,0.019803922,2,2,0,0,0,1241,5,1191,45,5234938
1297036692683751424:268566528,99,2,"['1297036692683751424:131072', '1297036692683751424:268435456']",102,0.019237884,2,2,0,0,0,1241,5,1191,45,5234938
1297036692683751424:393216,97,2,"['1297036692683751424:131072', '1297036692683751424:262144']",102,0.019512659,2,2,0,0,0,1241,5,1191,45,5234938
1297036692683751424:536879104,98,2,"['1152921504607895552:536879104', '1297036692683751424:8192']",101,0.019516375,2,2,0,0,0,1241,5,1191,45,5234938
1297036692683751440:131072,97,2,"['1297036692683751424:131072', '1297036692683751440:0']",102,0.018978233,2,2,0,0,0,1241,5,1191,45,5234938
1297036692683752450:0,97,2,"['1297036692683751426:0', '1297036692683752448:0']",100,0.019345794,2,2,0,0,0,1241,5,1191,45,5234938
1297036692683752512:0,99,2,"['1297036692683751488:0', '1297036692683752448:0']",100,0.019345794,2,2,0,0,0,1241,5,1191,45,5234938
1297036692683752960:0,98,2,"['1297036692683751936:0', '1297036692683752448:0']",100,0.019433962,2,2,0,0,0,1241,5,1191,45,5234938
1297036692683753474:0,96,2,"['1297036692683751426:0', '1297036692683753472:0']",103,0.019054532,2,2,0,0,0,1241,5,1191,45,5234938
1297036692683767808:134217728,98,2,"['1297036692683751424:134217728', '1297036692683767808:0']",100,0.019708738,2,2,0,0,0,1241,5,1191,45,5234938
1297036692683767872:0,98,2,"['1297036692683751488:0', '1297036692683767808:0']",103,0.019054532,2,2,0,0,0,1241,5,1191,45,5234938
1297036692683768832:0,98,2,"['1297036692683752448:0', '1297036692683767808:0']",100,0.019708738,2,2,0,0,0,1241,5,1191,45,5234938
1297036692683769856:0,97,2,"['1297036692683753472:0', '1297036692683767808:0']",103,0.019417476,2,2,0,0,0,1241,5,1191,45,5234938
1297036692684014592:0,96,2,"['1297036692683752448:0', '1297036692684013568:0']",100,0.019803922,2,2,0,0,0,1241,5,1191,45,5234938
1297036692684029952:0,95,2,"['1297036692683767808:0', '1297036692684013568:0']",102,0.019512659,2,2,0,0,0,1241,5,1191,45,5234938
1297036692684276736:0,97,2,"['1297036692683752448:0', '1297036692684275712:0']",100,0.019708738,2,2,0,0,0,1241,5,1191,45,5234938
1297036692684277760:0,92,2,"['1297036692683753472:0', '1297036692684275712:0']",103,0.019417476,2,2,0,0,0,1241,5,1191,45,5234938
1297036692684292096:0,94,2,"['1297036692683767808:0', '1297036692684275712:0']",103,0.019417476,2,2,0,0,0,1241,5,1191,45,5234938
1297036692684537856:0,96,2,"['1297036692684013568:0', '1297036692684275712:0']",102,0.019512659,2,2,0,0,0,1241,5,1191,45,5234938
1297036692685848576:131072,99,2,"['1297036692683751424:131072', '1297036692685848576:0']",102,0.019512659,2,2,0,0,0,1241,5,1191,45,5234938
1297036692685848576:134217728,97,2,"['1297036692683751424:134217728', '1297036692685848576:0']",100,0.019708738,2,2,0,0,0,1241,5,1191,45,5234938
1297036692685849600:0,97,2,"['1297036692683752448:0', '1297036692685848576:0']",100,0.019708738,2,2,0,0,0,1241,5,1191,45,5234938
1297036692685850624:0,94,2,"['1297036692683753472:0', '1297036692685848576:0']",103,0.019417476,2,2,0,0,0,1241,5,1191,45,5234938
1297036692685864960:0,93,2,"['1297036692683767808:0', '1297036692685848576:0']",103,0.019417476,2,2,0,0,0,1241,5,1191,45,5234938
1297036692686110720:0,98,2,"['1297036692684013568:0', '1297036692685848576:0']",102,0.019512659,2,2,0,0,0,1241,5,1191,45,5234938
1297036692686372864:0,93,2,"['1297036692684275712:0', '1297036692685848576:0']",103,0.019417476,2,2,0,0,0,1241,5,1191,45,5234938
1297036692717305856:536870912,96,2,"['1297036692717305856:0', '10376293541461626880:32768']",105,0.019047619,2,2,0,0,0,1241,5,1191,45,5234938
1297036692750860288:131072,92,2,"['1297036692683751424:131072', '1297036692750860288:0']",101,0.019704912,2,2,0,0,0,1241,5,1191,45,5234938
1297036692750860288:262144,93,2,"['1297036692683751424:262144', '1297036692750860288:0']",101,0.019609728,2,2,0,0,0,1241,5,1191,45,5234938
1297036692750861312:0,92,2,"['1297036692683752448:0', '1297036692750860288:0']",100,0.01990099,2,2,0,0,0,1241,5,1191,45,5234938
1297036692750876672:0,97,2,"['1297036692683767808:0', '1297036692750860288:0']",101,0.019609728,2,2,0,0,0,1241,5,1191,45,5234938
1297036692751122432:0,95,2,"['1297036692684013568:0', '1297036692750860288:0']",101,0.019704912,2,2,0,0,0,1241,5,1191,45,5234938
1297036693220623360:0,98,2,"['1297036692683752448:0', '1297036693220622336:0']",100,0.019708738,2,2,0,0,0,1241,5,1191,45,5234938
1297036693220638720:0,99,2,"['1297036692683767808:0', '1297036693220622336:0']",103,0.019417476,2,2,0,0,0,1241,5,1191,45,5234938
1297036693221146624:0,98,2,"['1297036692684275712:0', '1297036693220622336:0']",103,0.019417476,2,2,0,0,0,1241,5,1191,45,5234938
1297036693287731200:0,98,2,"['1297036692750860288:0', '1297036693220622336:0']",101,0.019609728,2,2,0,0,0,1241,5,1191,45,5234938
1297036694831235072:131072,98,2,"['1297036692683751424:131072', '1297036694831235072:0']",102,0.019419306,2,2,0,0,0,1241,5,1191,45,5234938
1297036694831235584:0,97,2,"['1297036692683751936:0', '1297036694831235072:0']",104,0.019049347,2,2,0,0,0,1241,5,1191,45,5234938
1297036694831236096:0,98,2,"['1297036692683752448:0', '1297036694831235072:0']",100,0.019615385,2,2,0,0,0,1241,5,1191,45,5234938
1297036694898343936:0,99,2,"['1297036692750860288:0', '1297036694831235072:0']",101,0.019516375,2,2,0,0,0,1241,5,1191,45,5234938
1297036696978718720:262144,95,2,"['1297036692683751424:262144', '1297036696978718720:0']",103,0.019417476,2,2,0,0,0,1241,5,1191,45,5234938
1297036696978718720:268435456,98,2,"['1297036692683751424:268435456', '1297036696978718720:0']",103,0.0191427,2,2,0,0,0,1241,5,1191,45,5234938
1297036696978718720:8192,96,2,"['1297036692683751424:8192', '1297036696978718720:0']",103,0.019324122,2,2,0,0,0,1241,5,1191,45,5234938
1297036696978718736:0,98,2,"['1297036692683751440:0', '1297036696978718720:0']",103,0.01888305,2,2,0,0,0,1241,5,1191,45,5234938
1297036696978718784:0,97,2,"['1297036692683751488:0', '1297036696978718720:0']",103,0.019054532,2,2,0,0,0,1241,5,1191,45,5234938
1297036696978719744:0,96,2,"['1297036692683752448:0', '1297036696978718720:0']",100,0.019708738,2,2,0,0,0,1241,5,1191,45,5234938
1297036696978735104:0,95,2,"['1297036692683767808:0', '1297036696978718720:0']",103,0.019417476,2,2,0,0,0,1241,5,1191,45,5234938
1297036696978980864:0,98,2,"['1297036692684013568:0', '1297036696978718720:0']",102,0.019512659,2,2,0,0,0,1241,5,1191,45,5234938
1297036696979243008:0,97,2,"['1297036692684275712:0', '1297036696978718720:0']",103,0.019417476,2,2,0,0,0,1241,5,1191,45,5234938
1297036696987107328:0,96,2,"['1297036692692140032:0', '1297036696978718720:0']",103,0.0191427,2,2,0,0,0,1241,5,1191,45,5234938
1297036697045827584:0,96,2,"['1297036692750860288:0', '1297036696978718720:0']",101,0.019609728,2,2,0,0,0,1241,5,1191,45,5234938
1297036697515589632:0,98,2,"['1297036693220622336:0', '1297036696978718720:0']",103,0.019417476,2,2,0,0,0,1241,5,1191,45,5234938
1297036701273686016:131072,98,2,"['1297036692683751424:131072', '1297036701273686016:0']",102,0.019419306,2,2,0,0,0,1241,5,1191,45,5234938
1297036709863621632:0,97,2,"['1297036692683752448:0', '1297036709863620608:0']",100,0.01952381,2,2,0,0,0,1241,5,1191,45,5234938
1297036709930729472:0,99,2,"['1297036692750860288:0', '1297036709863620608:0']",101,0.0194248,2,2,0,0,0,1241,5,1191,45,5234938
1297036830122704896:131072,95,2,"['1297036692683751424:131072', '1297036830122704896:0']",101,0.019704912,2,2,0,0,0,1241,5,1191,45,5234938
1297036830122704896:268435456,94,2,"['1297036692683751424:268435456', '1297036830122704896:0']",101,0.019334952,2,2,0,0,0,1241,5,1191,45,5234938
1297036830122704896:32768,99,2,"['1297036692683751424:32768', '1297036830122704896:0']",101,0.019334952,2,2,0,0,0,1241,5,1191,45,5234938
1297036830122704896:536870912,94,2,"['1297036830122704896:0', '10376293541461626880:32']",101,0.0194248,2,2,0,0,0,1241,5,1191,45,5234938
1297036830122704896:8192,99,2,"['1297036692683751424:8192', '1297036830122704896:0']",101,0.019516375,2,2,0,0,0,1241,5,1191,45,5234938
1297036830122705920:0,95,2,"['1297036692683752448:0', '1297036830122704896:0']",100,0.01990099,2,2,0,0,0,1241,5,1191,45,5234938
1297036830123229184:0,98,2,"['1297036692684275712:0', '1297036830122704896:0']",101,0.019609728,2,2,0,0,0,1241,5,1191,45,5234938
1297036830124802048:0,99,2,"['1297036692685848576:0', '1297036830122704896:0']",101,0.019609728,2,2,0,0,0,1241,5,1191,45,5234938
1297036830156259328:0,97,2,"['1297036692717305856:0', '1297036830122704896:0']",101,0.0194248,2,2,0,0,0,1241,5,1191,45,5234938
1297036830189813760:0,92,2,"['1297036692750860288:0', '1297036830122704896:0']",101,0.01980198,2,2,0,0,0,1241,5,1191,45,5234938
1297036830659575808:0,99,2,"['1297036693220622336:0', '1297036830122704896:0']",101,0.019609728,2,2,0,0,0,1241,5,1191,45,5234938
1297036832270188544:0,99,2,"['1297036694831235072:0', '1297036830122704896:0']",101,0.019516375,2,2,0,0,0,1241,5,1191,45,5234938
1297036834417672192:0,99,2,"['1297036696978718720:0', '1297036830122704896:0']",101,0.019609728,2,2,0,0,0,1241,5,1191,45,5234938
1297036847302574080:0,95,2,"['1297036709863620608:0', '1297036830122704896:0']",101,0.0194248,2,2,0,0,0,1241,5,1191,45,5234938
1297037242439565312:131072,99,2,"['1297036692683751424:131072', '1297037242439565312:0']",102,0.019512659,2,2,0,0,0,1241,5,1191,45,5234938
1297037242439565312:32768,97,2,"['1297036692683751424:32768', '1297037242439565312:0']",103,0.0191427,2,2,0,0,0,1241,5,1191,45,5234938
1297037242439566336:0,96,2,"['1297036692683752448:0', '1297037242439565312:0']",100,0.019708738,2,2,0,0,0,1241,5,1191,45,5234938
1297037242439567360:0,97,2,"['1297036692683753472:0', '1297037242439565312:0']",103,0.019417476,2,2,0,0,0,1241,5,1191,45,5234938
1297037242440089600:0,97,2,"['1297036692684275712:0', '1297037242439565312:0']",103,0.019417476,2,2,0,0,0,1241,5,1191,45,5234938
1297037242441662464:0,97,2,"['1297036692685848576:0', '1297037242439565312:0']",103,0.019417476,2,2,0,0,0,1241,5,1191,45,5234938
1297037242506674176:0,97,2,"['1297036692750860288:0', '1297037242439565312:0']",101,0.019609728,2,2,0,0,0,1241,5,1191,45,5234938
1297037244587048960:0,97,2,"['1297036694831235072:0', '1297037242439565312:0']",103,0.019324122,2,2,0,0,0,1241,5,1191,45,5234938
1297037276799303680:0,99,2,"['1297036727043489792:0', '1297037242439565312:0']",103,0.019232547,2,2,0,0,0,1241,5,1191,45,5234938
1297037379878518784:0,94,2,"['1297036830122704896:0', '1297037242439565312:0']",101,0.019609728,2,2,0,0,0,1241,5,1191,45,5234938
1297041090730263040:0,99,2,"['1297036692683751936:0', '1297041090730262528:0']",104,0.019049347,2,2,0,0,0,1241,5,1191,45,5234938
1297041090730263552:0,97,2,"['1297036692683752448:0', '1297041090730262528:0']",100,0.019615385,2,2,0,0,0,1241,5,1191,45,5234938
1297041092877746176:0,95,2,"['1297036694831235072:0', '1297041090730262528:0']",104,0.019230769,2,2,0,0,0,1241,5,1191,45,5234938
1297041107910131712:0,99,2,"['1297036709863620608:0', '1297041090730262528:0']",104,0.019139194,2,2,0,0,0,1241,5,1191,45,5234938
1297041228169216000:0,99,2,"['1297036830122704896:0', '1297041090730262528:0']",101,0.019516375,2,2,0,0,0,1241,5,1191,45,5234938
1297045488776775680:0,98,2,"['1297036692683753472:0', '1297045488776773632:0']",103,0.018967997,2,2,0,0,0,1241,5,1191,45,5234938
1297045493071740928:0,99,2,"['1297036696978718720:0', '1297045488776773632:0']",103,0.018967997,2,2,0,0,0,1241,5,1191,45,5234938
1297071877055840256:131072,96,2,"['1297036692683751424:131072', '1297071877055840256:0']",102,0.019512659,2,2,0,0,0,1241,5,1191,45,5234938
1297071877055842304:0,98,2,"['1297036692683753472:0', '1297071877055840256:0']",103,0.019417476,2,2,0,0,0,1241,5,1191,45,5234938
1297071894235709440:0,98,2,"['1297036709863620608:0', '1297071877055840256:0']",103,0.019232547,2,2,0,0,0,1241,5,1191,45,5234938
1297072014494793728:0,96,2,"['1297036830122704896:0', '1297071877055840256:0']",101,0.019609728,2,2,0,0,0,1241,5,1191,45,5234938
1297107061427929088:131072,97,2,"['1297036692683751424:131072', '1297107061427929088:0']",101,0.019704912,2,2,0,0,0,1241,5,1191,45,5234938
1297107061427929088:262144,93,2,"['1297036692683751424:262144', '1297107061427929088:0']",101,0.019609728,2,2,0,0,0,1241,5,1191,45,5234938
1297107061427929088:268435456,96,2,"['1297036692683751424:268435456', '1297107061427929088:0']",101,0.019334952,2,2,0,0,0,1241,5,1191,45,5234938
1297107061427929088:32768,95,2,"['1297036692683751424:32768', '1297107061427929088:0']",101,0.019334952,2,2,0,0,0,1241,5,1191,45,5234938
1297107061427930112:0,95,2,"['1297036692683752448:0', '1297107061427929088:0']",100,0.01990099,2,2,0,0,0,1241,5,1191,45,5234938
1297107061427945472:0,95,2,"['1297036692683767808:0', '1297107061427929088:0']",101,0.019609728,2,2,0,0,0,1241,5,1191,45,5234938
1297107061428453376:0,94,2,"['1297036692684275712:0', '1297107061427929088:0']",101,0.019609728,2,2,0,0,0,1241,5,1191,45,5234938
1297107061461483520:0,97,2,"['1297036692717305856:0', '1297107061427929088:0']",101,0.0194248,2,2,0,0,0,1241,5,1191,45,5234938
1297107061495037952:0,97,2,"['1297036692750860288:0', '1297107061427929088:0']",101,0.01980198,2,2,0,0,0,1241,5,1191,45,5234938
1297107065722896384:0,99,2,"['1297036696978718720:0', '1297107061427929088:0']",101,0.019609728,2,2,0,0,0,1241,5,1191,45,5234938
1297107078607798272:0,97,2,"['1297036709863620608:0', '1297107061427929088:0']",101,0.0194248,2,2,0,0,0,1241,5,1191,45,5234938
1297107095787667456:0,95,2,"['1297036727043489792:0', '1297107061427929088:0']",101,0.0194248,2,2,0,0,0,1241,5,1191,45,5234938
1297111459474440192:0,99,2,"['1297041090730262528:0', '1297107061427929088:0']",101,0.019516375,2,2,0,0,0,1241,5,1191,45,5234938
1297142245800017920:0,99,2,"['1297071877055840256:0', '1297107061427929088:0']",101,0.019609728,2,2,0,0,0,1241,5,1191,45,5234938
1301540292311121920:131072,98,2,"['1297036692683751424:131072', '1301540292311121920:0']",101,0.019704912,2,2,0,0,0,1241,5,1191,45,5234938
1301540292311121920:262144,98,2,"['1297036692683751424:262144', '1301540292311121920:0']",101,0.019609728,2,2,0,0,0,1241,5,1191,45,5234938
1301540292311122944:0,94,2,"['1297036692683752448:0', '1301540292311121920:0']",100,0.01990099,2,2,0,0,0,1241,5,1191,45,5234938
1301540292311646208:0,96,2,"['1297036692684275712:0', '1301540292311121920:0']",101,0.019609728,2,2,0,0,0,1241,5,1191,45,5234938
1301540292378230784:0,97,2,"['1297036692750860288:0', '1301540292311121920:0']",101,0.01980198,2,2,0,0,0,1241,5,1191,45,5234938
1301540292847992832:0,99,2,"['1297036693220622336:0', '1301540292311121920:0']",101,0.019609728,2,2,0,0,0,1241,5,1191,45,5234938
1301540296606089216:0,95,2,"['1297036696978718720:0', '1301540292311121920:0']",101,0.019609728,2,2,0,0,0,1241,5,1191,45,5234938
1301540842066935808:0,98,2,"['1297037242439565312:0', '1301540292311121920:0']",101,0.019609728,2,2,0,0,0,1241,5,1191,45,5234938
1301544690357633024:0,96,2,"['1297041090730262528:0', '1301540292311121920:0']",101,0.019516375,2,2,0,0,0,1241,5,1191,45,5234938
1301575476683210752:0,99,2,"['1297071877055840256:0', '1301540292311121920:0']",101,0.019609728,2,2,0,0,0,1241,5,1191,45,5234938
1301610661055299584:0,96,2,"['1297107061427929088:0', '1301540292311121920:0']",101,0.01980198,2,2,0,0,0,1241,5,1191,45,5234938
1306043891938492928:0,96,2,"['1297036692683751936:0', '1306043891938492416:0']",102,0.019237884,2,2,0,0,0,1241,5,1191,45,5234938
1306043891938493440:0,98,2,"['1297036692683752448:0', '1306043891938492416:0']",100,0.019803922,2,2,0,0,0,1241,5,1191,45,5234938
1306043891938494464:0,97,2,"['1297036692683753472:0', '1306043891938492416:0']",102,0.019512659,2,2,0,0,0,1241,5,1191,45,5234938
1306043891939016704:0,97,2,"['1297036692684275712:0', '1306043891938492416:0']",102,0.019512659,2,2,0,0,0,1241,5,1191,45,5234938
1306043891940589568:0,99,2,"['1297036692685848576:0', '1306043891938492416:0']",102,0.019512659,2,2,0,0,0,1241,5,1191,45,5234938
1306043891972046848:0,96,2,"['1297036692717305856:0', '1306043891938492416:0']",102,0.019327731,2,2,0,0,0,1241,5,1191,45,5234938
1306043892475363328:0,96,2,"['1297036693220622336:0', '1306043891938492416:0']",102,0.019512659,2,2,0,0,0,1241,5,1191,45,5234938
1306043894085976064:0,93,2,"['1297036694831235072:0', '1306043891938492416:0']",102,0.019419306,2,2,0,0,0,1241,5,1191,45,5234938
1306043896233459712:0,96,2,"['1297036696978718720:0', '1306043891938492416:0']",102,0.019512659,2,2,0,0,0,1241,5,1191,45,5234938
1306044029377445888:0,97,2,"['1297036830122704896:0', '1306043891938492416:0']",101,0.019704912,2,2,0,0,0,1241,5,1191,45,5234938
1306044441694306304:0,97,2,"['1297037242439565312:0', '1306043891938492416:0']",102,0.019512659,2,2,0,0,0,1241,5,1191,45,5234938
1306048289985003520:0,94,2,"['1297041090730262528:0', '1306043891938492416:0']",102,0.019419306,2,2,0,0,0,1241,5,1191,45,5234938
1310547491565862912:0,95,2,"['1301540292311121920:0', '1306043891938492416:0']",101,0.019704912,2,2,0,0,0,1241,5,1191,45,5234938
1315051095488200704:0,99,2,"['1297036696978718720:0', '1315051091193233408:0']",103,0.018967997,2,2,0,0,0,1241,5,1191,45,5234938
1315121459937411072:0,99,2,"['1297107061427929088:0', '1315051091193233408:0']",101,0.019160249,2,2,0,0,0,1241,5,1191,45,5234938
1441151880759607296:536879104,98,2,"['1152921504607895552:536879104', '1297036692683751424:262144']",101,0.019609728,2,2,0,0,0,1241,5,1191,45,5234938
1477180677778571264:536870912,96,2,"['1188950301626859520:536870912', '1297036692683751424:262144']",95,0.020235054,2,2,0,0,0,1241,5,1191,45,5234938
10376293541461622785:68719478784,105,2,"['1152921504606852096:536870912', '1297071877055840256:0']",103,0.019417476,2,2,0,0,0,535,0,528,7,5932112
10376293541461622785:68723671040,107,2,"['1152921504606852096:536870912', '1297036709863620608:0']",103,0.019232547,2,2,0,0,0,535,0,528,7,5932112
10376293541461622785:68727865344,107,2,"['1152921504606852096:536870912', '1297036701273686016:0']",103,0.019324122,2,2,0,0,0,535,0,528,7,5932112
10376293541461622785:77309411328,109,2,"['1152921504606852096:536870912', '1297036692692140032:0']",103,0.0191427,2,2,0,0,0,535,0,528,7,5932112
10376293541461622785:85899345920,106,2,"['1152921504606852096:536870912', '1297036692687945728:0']",103,0.019232547,2,2,0,0,0,535,0,528,7,5932112
10376293541461622786:68719478784,103,2,"['1152921504607897600:536870912', '1297071877055840256:0']",103,0.019324122,2,2,0,0,0,535,0,528,7,5932112
10376293541461622786:68723671040,105,2,"['1152921504607897600:536870912', '1297036709863620608:0']",104,0.019139194,2,2,0,0,0,535,0,528,7,5932112
10376293541461622786:68727865344,105,2,"['1152921504607897600:536870912', '1297036701273686016:0']",104,0.019230769,2,2,0,0,0,535,0,528,7,5932112
10376293541461622786:85899345920,107,2,"['1152921504607897600:536870912', '1297036692687945728:0']",104,0.019139194,2,2,0,0,0,535,0,528,7,5932112
10376293541461622788:68723671040,107,2,"['1152921504612089856:536870912', '1297036709863620608:0']",101,0.0194248,2,2,0,0,0,535,0,528,7,5932112
10376293541461622800:68719478784,104,2,"['1152939096793939968:536870912', '1297071877055840256:0']",103,0.0191427,2,2,0,0,0,535,0,528,7,5932112
10376293541461626880:134217732,106,2,"['10376293541461626880:4', '10376293541461626880:134217728']",103,0.019054532,2,2,0,0,0,535,0,528,7,5932112
10376293541461626880:134217760,106,2,"['10376293541461626880:32', '10376293541461626880:134217728']",105,0.018869604,2,2,0,0,0,535,0,528,7,5932112
10376293541461626880:134221824,106,2,"['1297036692683751424:4', '10376293541461626880:134217728']",104,0.018961179,2,2,0,0,0,535,0,528,7,5932112
10376293541461626880:134234112,107,2,"['10376293541461626880:16384', '10376293541461626880:134217728']",105,0.018869604,2,2,0,0,0,535,0,528,7,5932112
10376293541461626880:134250496,107,2,"['10376293541461626880:32768', '10376293541461626880:134217728']",105,0.018869604,2,2,0,0,0,535,0,528,7,5932112
10376293541461626880:134283264,100,2,"['10376293541461626880:65536', '10376293541461626880:134217728']",101,0.019246784,2,2,0,0,0,535,0,528,7,5932112
10376293541461626880:134479872,108,2,"['1297036692683751424:262144', '10376293541461626880:134217728']",103,0.019054532,2,2,0,0,0,535,0,528,7,5932112
10376293541461626880:134742016,103,2,"['1297036692683751424:131072', '10376293541461626880:134217728']",102,0.019149716,2,2,0,0,0,535,0,528,7,5932112
10376293541461626880:136314880,106,2,"['1297036692683751424:32768', '10376293541461626880:134217728']",106,0.018779757,2,2,0,0,0,535,0,528,7,5932112
10376293541461626880:142606336,109,2,"['1297036692683751424:8192', '10376293541461626880:134217728']",104,0.018961179,2,2,0,0,0,535,0,528,7,5932112
10376293541461626880:16388,100,2,"['10376293541461626880:4', '10376293541461626880:16384']",103,0.019232547,2,2,0,0,0,535,0,528,7,5932112
10376293541461626880:16400,103,2,"['10376293541461626880:16', '10376293541461626880:16384']",105,0.019047619,2,2,0,0,0,535,0,528,7,5932112
10376293541461626880:16416,102,2,"['10376293541461626880:32', '10376293541461626880:16384']",105,0.019047619,2,2,0,0,0,535,0,528,7,5932112
10376293541461626880:16777220,108,2,"['10376293541461626880:4', '10376293541461626880:16777216']",103,0.0191427,2,2,0,0,0,535,0,528,7,5932112
10376293541461626880:16777248,109,2,"['10376293541461626880:32', '10376293541461626880:16777216']",105,0.018957772,2,2,0,0,0,535,0,528,7,5932112
10376293541461626880:16781312,109,2,"['1297036692683751424:4', '10376293541461626880:16777216']",104,0.019049347,2,2,0,0,0,535,0,528,7,5932112
10376293541461626880:16793600,106,2,"['10376293541461626880:16384', '10376293541461626880:16777216']",105,0.018957772,2,2,0,0,0,535,0,528,7,5932112
10376293541461626880:16809984,109,2,"['10376293541461626880:32768', '10376293541461626880:16777216']",105,0.018957772,2,2,0,0,0,535,0,528,7,5932112
10376293541461626880:16842752,100,2,"['10376293541461626880:65536', '10376293541461626880:16777216']",101,0.019334952,2,2,0,0,0,535,0,528,7,5932112
10376293541461626880:17039360,108,2,"['1297036692683751424:262144', '10376293541461626880:16777216']",103,0.0191427,2,2,0,0,0,535,0,528,7,5932112
10376293541461626880:17301504,107,2,"['1297036692683751424:131072', '10376293541461626880:16777216']",102,0.019237884,2,2,0,0,0,535,0,528,7,5932112
10376293541461626880:20,108,2,"['10376293541461626880:4', '10376293541461626880:16']",103,0.019232547,2,2,0,0,0,535,0,528,7,5932112
10376293541461626880:20480,105,2,"['1297036692683751424:4', '10376293541461626880:16384']",104,0.019139194,2,2,0,0,0,535,0,528,7,5932112
10376293541461626880:2105344,104,2,"['1297036692683751424:32768', '10376293541461626880:8192']",106,0.018693222,2,2,0,0,0,535,0,528,7,5932112
10376293541461626880:2113536,100,2,"['1297036692683751424:32768', '10376293541461626880:16384']",105,0.018957772,2,2,0,0,0,535,0,528,7,5932112
10376293541461626880:24576,108,2,"['10376293541461626880:8192', '10376293541461626880:16384']",105,0.018783069,2,2,0,0,0,535,0,528,7,5932112
10376293541461626880:262160,108,2,"['1297036692683751424:262144', '10376293541461626880:16']",103,0.019232547,2,2,0,0,0,535,0,528,7,5932112
10376293541461626880:262176,105,2,"['1297036692683751424:262144', '10376293541461626880:32']",103,0.019232547,2,2,0,0,0,535,0,528,7,5932112
10376293541461626880:270336,107,2,"['1297036692683751424:262144', '10376293541461626880:8192']",103,0.018967997,2,2,0,0,0,535,0,528,7,5932112
10376293541461626880:294912,100,2,"['1297036692683751424:262144', '10376293541461626880:32768']",103,0.019232547,2,2,0,0,0,535,0,528,7,5932112
10376293541461626880:327680,100,2,"['1297036692683751424:262144', '10376293541461626880:65536']",101,0.019609728,2,2,0,0,0,535,0,528,7,5932112
10376293541461626880:32772,103,2,"['10376293541461626880:4', '10376293541461626880:32768']",103,0.019232547,2,2,0,0,0,535,0,528,7,5932112
10376293541461626880:32784,107,2,"['10376293541461626880:16', '10376293541461626880:32768']",105,0.019047619,2,2,0,0,0,535,0,528,7,5932112
10376293541461626880:34368126976,102,2,"['1152921504606851584:536870912', '1297036692683751424:8192']",104,0.019049347,2,2,0,0,0,535,0,528,7,5932112
10376293541461626880:36,103,2,"['10376293541461626880:4', '10376293541461626880:32']",103,0.019232547,2,2,0,0,0,535,0,528,7,5932112
10376293541461626880:48,102,2,"['10376293541461626880:16', '10376293541461626880:32']",105,0.019047619,2,2,0,0,0,535,0,528,7,5932112
10376293541461626880:49152,104,2,"['10376293541461626880:16384', '10376293541461626880:32768']",105,0.019047619,2,2,0,0,0,535,0,528,7,5932112
10376293541461626880:532480,105,2,"['1297036692683751424:131072', '10376293541461626880:8192']",102,0.019063181,2,2,0,0,0,535,0,528,7,5932112
10376293541461626880:65540,103,2,"['10376293541461626880:4', '10376293541461626880:65536']",101,0.019609728,2,2,0,0,0,535,0,528,7,5932112
10376293541461626880:69632,104,2,"['1297036692683751424:4', '10376293541461626880:65536']",101,0.019516375,2,2,0,0,0,535,0,528,7,5932112
10376293541461626880:73728,103,2,"['10376293541461626880:8192', '10376293541461626880:65536']",101,0.019160249,2,2,0,0,0,535,0,528,7,5932112
10376293541461626880:8196,108,2,"['10376293541461626880:4', '10376293541461626880:8192']",103,0.018967997,2,2,0,0,0,535,0,528,7,5932112
10376293541461626880:8224,109,2,"['10376293541461626880:32', '10376293541461626880:8192']",105,0.018783069,2,2,0,0,0,535,0,528,7,5932112
10376293541461626880:8606711808,109,2,"['1297036692683751424:33554432', '10376293541461626880:16777216']",104,0.019049347,2,2,0,0,0,535,0,528,7,5932112
10376293541461626881:134217728,104,2,"['1297036692683752448:0', '10376293541461626880:134217728']",100,0.019345794,2,2,0,0,0,535,0,528,7,5932112
10376293541461626881:32768,102,2,"['1297036692683752448:0', '10376293541461626880:32768']",100,0.01952381,2,2,0,0,0,535,0,528,7,5932112
10376293541461626881:8192,100,2,"['1297036692683752448:0', '10376293541461626880:8192']",100,0.019259259,2,2,0,0,0,535,0,528,7,5932112
10376293541461626882:134217728,109,2,"['1297036692683751936:0', '10376293541461626880:134217728']",106,0.018779757,2,2,0,0,0,535,0,528,7,5932112
10376293541461626882:16,106,2,"['1297036692683751936:0', '10376293541461626880:16']",105,0.018957772,2,2,0,0,0,535,0,528,7,5932112
10376293541461626882:32,103,2,"['1297036692683751936:0', '10376293541461626880:32']",105,0.018957772,2,2,0,0,0,535,0,528,7,5932112
10376293541461626882:32768,107,2,"['1297036692683751936:0', '10376293541461626880:32768']",105,0.018957772,2,2,0,0,0,535,0,528,7,5932112
10376293541461626882:4,107,2,"['1297036692683751936:0', '10376293541461626880:4']",103,0.0191427,2,2,0,0,0,535,0,528,7,5932112
10376293541461626882:65536,103,2,"['1297036692683751936:0', '10376293541461626880:65536']",101,0.019334952,2,2,0,0,0,535,0,528,7,5932112
10376293541461626896:134217728,107,2,"['1297036692683751488:0', '10376293541461626880:134217728']",107,0.018691589,2,2,0,0,0,535,0,528,7,5932112
10376293541461626896:16384,106,2,"['1297036692683751488:0', '10376293541461626880:16384']",105,0.018869604,2,2,0,0,0,535,0,528,7,5932112
10376293541461626896:16777216,103,2,"['1297036692683751488:0', '10376293541461626880:16777216']",106,0.018779757,2,2,0,0,0,535,0,528,7,5932112
10376293541461626896:32,107,2,"['1297036692683751488:0', '10376293541461626880:32']",105,0.018869604,2,2,0,0,0,535,0,528,7,5932112
10376293541461626896:32768,108,2,"['1297036692683751488:0', '10376293541461626880:32768']",105,0.018869604,2,2,0,0,0,535,0,528,7,5932112
10376293541461626896:4,105,2,"['1297036692683751488:0', '10376293541461626880:4']",103,0.019054532,2,2,0,0,0,535,0,528,7,5932112
10376293541461626944:16,106,2,"['1297036692683751440:0', '10376293541461626880:16']",105,0.018698121,2,2,0,0,0,535,0,528,7,5932112
10376293541461626944:16384,107,2,"['1297036692683751440:0', '10376293541461626880:16384']",105,0.018698121,2,2,0,0,0,535,0,528,7,5932112
10376293541461626944:32,108,2,"['1297036692683751440:0', '10376293541461626880:32']",105,0.018698121,2,2,0,0,0,535,0,528,7,5932112
10376293541461626944:32768,107,2,"['1297036692683751440:0', '10376293541461626880:32768']",105,0.018698121,2,2,0,0,0,535,0,528,7,5932112
10376293541461626944:4,108,2,"['1297036692683751440:0', '10376293541461626880:4']",103,0.01888305,2,2,0,0,0,535,0,528,7,5932112
10376293541461626944:65536,101,2,"['1297036692683751440:0', '10376293541461626880:65536']",101,0.019075302,2,2,0,0,0,535,0,528,7,5932112
10376293541461627008:16384,107,2,"['1297036692683751432:0', '10376293541461626880:16384']",105,0.018957772,2,2,0,0,0,535,0,528,7,5932112
10376293541461627008:32,103,2,"['1297036692683751432:0', '10376293541461626880:32']",105,0.018957772,2,2,0,0,0,535,0,528,7,5932112
10376293541461627008:32768,104,2,"['1297036692683751432:0', '10376293541461626880:32768']",105,0.018957772,2,2,0,0,0,535,0,528,7,5932112
10376293541461627008:4,109,2,"['1297036692683751432:0', '10376293541461626880:4']",103,0.0191427,2,2,0,0,0,535,0,528,7,5932112
10376293541461627008:65536,106,2,"['1297036692683751432:0', '10376293541461626880:65536']",101,0.019334952,2,2,0,0,0,535,0,528,7,5932112
10376293541461627392:16384,106,2,"['1297036692683751426:0', '10376293541461626880:16384']",105,0.018869604,2,2,0,0,0,535,0,528,7,5932112
10376293541461627392:32,106,2,"['1297036692683751426:0', '10376293541461626880:32']",105,0.018869604,2,2,0,0,0,535,0,528,7,5932112
10376293541461627392:32768,103,2,"['1297036692683751426:0', '10376293541461626880:32768']",105,0.018869604,2,2,0,0,0,535,0,528,7,5932112
10376293541461627392:34359738368,108,2,"['1152921504606851584:536870912', '1297036692683751426:0']",106,0.018779757,2,2,0,0,0,535,0,528,7,5932112
10376293541461627392:65536,104,2,"['1297036692683751426:0', '10376293541461626880:65536']",101,0.019246784,2,2,0,0,0,535,0,528,7,5932112
10376293541461628928:134217728,108,2,"['1297036692685848576:0', '10376293541461626880:134217728']",103,0.019054532,2,2,0,0,0,535,0,528,7,5932112
10376293541461628928:16,108,2,"['1297036692685848576:0', '10376293541461626880:16']",103,0.019232547,2,2,0,0,0,535,0,528,7,5932112
10376293541461628928:16384,104,2,"['1297036692685848576:0', '10376293541461626880:16384']",103,0.019232547,2,2,0,0,0,535,0,528,7,5932112
10376293541461628928:16777216,102,2,"['1297036692685848576:0', '10376293541461626880:16777216']",103,0.0191427,2,2,0,0,0,535,0,528,7,5932112
10376293541461628928:32,105,2,"['1297036692685848576:0', '10376293541461626880:32']",103,0.019232547,2,2,0,0,0,535,0,528,7,5932112
10376293541461628928:32768,103,2,"['1297036692685848576:0', '10376293541461626880:32768']",103,0.019232547,2,2,0,0,0,535,0,528,7,5932112
10376293541461628928:4,101,2,"['1297036692685848576:0', '10376293541461626880:4']",103,0.019417476,2,2,0,0,0,535,0,528,7,5932112
10376293541461628928:8192,104,2,"['1297036692685848576:0', '10376293541461626880:8192']",103,0.018967997,2,2,0,0,0,535,0,528,7,5932112
10376293541461630976:68719478784,106,2,"['1152921504616284160:536870912', '1297071877055840256:0']",103,0.019324122,2,2,0,0,0,535,0,528,7,5932112
10376293541461630976:68723671040,108,2,"['1152921504616284160:536870912', '1297036709863620608:0']",104,0.019139194,2,2,0,0,0,535,0,528,7,5932112
10376293541461630976:68727865344,108,2,"['1152921504616284160:536870912', '1297036701273686016:0']",104,0.019230769,2,2,0,0,0,535,0,528,7,5932112
10376293541461635072:134217728,106,2,"['1297036692684275712:0', '10376293541461626880:134217728']",103,0.019054532,2,2,0,0,0,535,0,528,7,5932112
10376293541461635072:16,102,2,"['1297036692684275712:0', '10376293541461626880:16']",103,0.019232547,2,2,0,0,0,535,0,528,7,5932112
10376293541461635072:16384,103,2,"['1297036692684275712:0', '10376293541461626880:16384']",103,0.019232547,2,2,0,0,0,535,0,528,7,5932112
10376293541461635072:16777216,107,2,"['1297036692684275712:0', '10376293541461626880:16777216']",103,0.0191427,2,2,0,0,0,535,0,528,7,5932112
10376293541461635072:32768,102,2,"['1297036692684275712:0', '10376293541461626880:32768']",103,0.019232547,2,2,0,0,0,535,0,528,7,5932112
10376293541461635072:4,105,2,"['1297036692684275712:0', '10376293541461626880:4']",103,0.019417476,2,2,0,0,0,535,0,528,7,5932112
10376293541461635072:65536,101,2,"['1297036692684275712:0', '10376293541461626880:65536']",101,0.019609728,2,2,0,0,0,535,0,528,7,5932112
10376293541461635072:8192,107,2,"['1297036692684275712:0', '10376293541461626880:8192']",103,0.018967997,2,2,0,0,0,535,0,528,7,5932112
10376293541461639168:68719478784,107,2,"['1152921521787764736:536870912', '1297071877055840256:0']",103,0.019232547,2,2,0,0,0,535,0,528,7,5932112
10376293541461643264:134217728,105,2,"['1297036692684013568:0', '10376293541461626880:134217728']",102,0.019149716,2,2,0,0,0,535,0,528,7,5932112
10376293541461643264:16,108,2,"['1297036692684013568:0', '10376293541461626880:16']",102,0.019327731,2,2,0,0,0,535,0,528,7,5932112
10376293541461643264:16777216,108,2,"['1297036692684013568:0', '10376293541461626880:16777216']",102,0.019237884,2,2,0,0,0,535,0,528,7,5932112
10376293541461643264:32,100,2,"['1297036692684013568:0', '10376293541461626880:32']",102,0.019327731,2,2,0,0,0,535,0,528,7,5932112
10376293541461643264:32768,106,2,"['1297036692684013568:0', '10376293541461626880:32768']",102,0.019327731,2,2,0,0,0,535,0,528,7,5932112
10376293541461643264:4,105,2,"['1297036692684013568:0', '10376293541461626880:4']",102,0.019512659,2,2,0,0,0,535,0,528,7,5932112
10376293541461643264:8192,108,2,"['1297036692684013568:0', '10376293541461626880:8192']",102,0.019063181,2,2,0,0,0,535,0,528,7,5932112
10376293541461889024:134217728,106,2,"['1297036692683767808:0', '10376293541461626880:134217728']",103,0.019054532,2,2,0,0,0,535,0,528,7,5932112
10376293541461889024:16,100,2,"['1297036692683767808:0', '10376293541461626880:16']",103,0.019232547,2,2,0,0,0,535,0,528,7,5932112
10376293541461889024:16384,102,2,"['1297036692683767808:0', '10376293541461626880:16384']",103,0.019232547,2,2,0,0,0,535,0,528,7,5932112
10376293541461889024:32,103,2,"['1297036692683767808:0', '10376293541461626880:32']",103,0.019232547,2,2,0,0,0,535,0,528,7,5932112
10376293541461889024:32768,104,2,"['1297036692683767808:0', '10376293541461626880:32768']",103,0.019232547,2,2,0,0,0,535,0,528,7,5932112
10376293541461889024:4,104,2,"['1297036692683767808:0', '10376293541461626880:4']",103,0.019417476,2,2,0,0,0,535,0,528,7,5932112
10376293541461889024:65536,101,2,"['1297036692683767808:0', '10376293541461626880:65536']",101,0.019609728,2,2,0,0,0,535,0,528,7,5932112
10376293541461889024:8192,104,2,"['1297036692683767808:0', '10376293541461626880:8192']",103,0.018967997,2,2,0,0,0,535,0,528,7,5932112
10376293541463719937:68719476736,109,2,"['1152921504606852096:536870912', '1297036692683751424:34359738368']",103,0.018967997,2,2,0,0,0,535,0,528,7,5932112
10376293541463719938:68719476736,104,2,"['1152921504607897600:536870912', '1297036692683751424:34359738368']",104,0.018874644,2,2,0,0,0,535,0,528,7,5932112
10376293541463719952:68719476736,108,2,"['1152939096793939968:536870912', '1297036692683751424:34359738368']",106,0.018693222,2,2,0,0,0,535,0,528,7,5932112
10376293541463719968:68719476736,106,2,"['1188950301626859520:536870912', '1297036692683751424:34359738368']",95,0.019785575,2,2,0,0,0,535,0,528,7,5932112
10376293541463721984:68719476736,107,2,"['1152921504606851584:536870912', '1297036692683751424:34359738368']",106,0.018693222,2,2,0,0,0,535,0,528,7,5932112
10376293541463724032:134217728,102,2,"['1297036692683753472:0', '10376293541461626880:134217728']",103,0.019054532,2,2,0,0,0,535,0,528,7,5932112
10376293541463724032:16,106,2,"['1297036692683753472:0', '10376293541461626880:16']",103,0.019232547,2,2,0,0,0,535,0,528,7,5932112
10376293541463724032:16384,104,2,"['1297036692683753472:0', '10376293541461626880:16384']",103,0.019232547,2,2,0,0,0,535,0,528,7,5932112
10376293541463724032:16777216,108,2,"['1297036692683753472:0', '10376293541461626880:16777216']",103,0.0191427,2,2,0,0,0,535,0,528,7,5932112
10376293541463724032:32,103,2,"['1297036692683753472:0', '10376293541461626880:32']",103,0.019232547,2,2,0,0,0,535,0,528,7,5932112
10376293541463724032:32768,103,2,"['1297036692683753472:0', '10376293541461626880:32768']",103,0.019232547,2,2,0,0,0,535,0,528,7,5932112
10376293541463724032:34359738368,108,2,"['1152921504606851584:536870912', '1297036692683753472:0']",103,0.0191427,2,2,0,0,0,535,0,528,7,5932112
10376293541463724032:65536,102,2,"['1297036692683753472:0', '10376293541461626880:65536']",101,0.019609728,2,2,0,0,0,535,0,528,7,5932112
10376293541463724032:68719476736,104,2,"['1297036692683751424:34359738368', '1297036692683753472:0']",103,0.018967997,2,2,0,0,0,535,0,528,7,5932112
10376293541463724032:8192,108,2,"['1297036692683753472:0', '10376293541461626880:8192']",103,0.018967997,2,2,0,0,0,535,0,528,7,5932112
10376293541463728128:68719476736,106,2,"['1152921504616284160:536870912', '1297036692683751424:34359738368']",104,0.018874644,2,2,0,0,0,535,0,528,7,5932112
10376293541465821184:134217728,105,2,"['1297036696978718720:0', '10376293541461626880:134217728']",103,0.019054532,2,2,0,0,0,535,0,528,7,5932112
10376293541465821184:16,105,2,"['1297036696978718720:0', '10376293541461626880:16']",103,0.019232547,2,2,0,0,0,535,0,528,7,5932112
10376293541465821184:32,102,2,"['1297036696978718720:0', '10376293541461626880:32']",103,0.019232547,2,2,0,0,0,535,0,528,7,5932112
10376293541465821184:32768,103,2,"['1297036696978718720:0', '10376293541461626880:32768']",103,0.019232547,2,2,0,0,0,535,0,528,7,5932112
10376293541465821184:65536,100,2,"['1297036696978718720:0', '10376293541461626880:65536']",101,0.019609728,2,2,0,0,0,535,0,528,7,5932112
10376293541465821184:8192,100,2,"['1297036696978718720:0', '10376293541461626880:8192']",103,0.018967997,2,2,0,0,0,535,0,528,7,5932112
10376293541470015488:134217728,107,2,"['1297036694831235072:0', '10376293541461626880:134217728']",104,0.018961179,2,2,0,0,0,535,0,528,7,5932112
10376293541470015488:16,107,2,"['1297036694831235072:0', '10376293541461626880:16']",104,0.019139194,2,2,0,0,0,535,0,528,7,5932112
10376293541470015488:16777216,108,2,"['1297036694831235072:0', '10376293541461626880:16777216']",104,0.019049347,2,2,0,0,0,535,0,528,7,5932112
10376293541470015488:32,101,2,"['1297036694831235072:0', '10376293541461626880:32']",104,0.019139194,2,2,0,0,0,535,0,528,7,5932112
10376293541470015488:32768,105,2,"['1297036694831235072:0', '10376293541461626880:32768']",104,0.019139194,2,2,0,0,0,535,0,528,7,5932112
10376293541470015488:4,105,2,"['1297036694831235072:0', '10376293541461626880:4']",103,0.019324122,2,2,0,0,0,535,0,528,7,5932112
10376293541470015488:8192,108,2,"['1297036694831235072:0', '10376293541461626880:8192']",104,0.018874644,2,2,0,0,0,535,0,528,7,5932112
10376293541495181312:134217728,107,2,"['1297036693220622336:0', '10376293541461626880:134217728']",103,0.019054532,2,2,0,0,0,535,0,528,7,5932112
10376293541495181312:16,108,2,"['1297036693220622336:0', '10376293541461626880:16']",103,0.019232547,2,2,0,0,0,535,0,528,7,5932112
10376293541495181312:16384,104,2,"['1297036693220622336:0', '10376293541461626880:16384']",103,0.019232547,2,2,0,0,0,535,0,528,7,5932112
10376293541495181312:16777216,104,2,"['1297036693220622336:0', '10376293541461626880:16777216']",103,0.0191427,2,2,0,0,0,535,0,528,7,5932112
10376293541495181312:32,102,2,"['1297036693220622336:0', '10376293541461626880:32']",103,0.019232547,2,2,0,0,0,535,0,528,7,5932112
10376293541495181312:32768,100,2,"['1297036693220622336:0', '10376293541461626880:32768']",103,0.019232547,2,2,0,0,0,535,0,528,7,5932112
10376293541495181312:4,106,2,"['1297036693220622336:0', '10376293541461626880:4']",103,0.019417476,2,2,0,0,0,535,0,528,7,5932112
10376293541495181312:8192,104,2,"['1297036693220622336:0', '10376293541461626880:8192']",103,0.018967997,2,2,0,0,0,535,0,528,7,5932112
10376293541730062336:134217728,105,2,"['1297036692750860288:0', '10376293541461626880:134217728']",101,0.019246784,2,2,0,0,0,535,0,528,7,5932112
10376293541730062336:16,100,2,"['1297036692750860288:0', '10376293541461626880:16']",101,0.0194248,2,2,0,0,0,535,0,528,7,5932112
10376293541730062336:16777216,102,2,"['1297036692750860288:0', '10376293541461626880:16777216']",101,0.019334952,2,2,0,0,0,535,0,528,7,5932112
10376293541730062336:32768,104,2,"['1297036692750860288:0', '10376293541461626880:32768']",101,0.0194248,2,2,0,0,0,535,0,528,7,5932112
10376293541730062336:8192,107,2,"['1297036692750860288:0', '10376293541461626880:8192']",101,0.019160249,2,2,0,0,0,535,0,528,7,5932112
10376293541998497792:16384,107,2,"['1297036692717305856:0', '10376293541461626880:16384']",105,0.019047619,2,2,0,0,0,535,0,528,7,5932112
10376293541998497792:32,104,2,"['1297036692717305856:0', '10376293541461626880:32']",105,0.019047619,2,2,0,0,0,535,0,528,7,5932112
10376293541998497792:32768,100,2,"['1297036692717305856:0', '10376293541461626880:32768']",105,0.019047619,2,2,0,0,0,535,0,528,7,5932112
10376293541998497792:4,107,2,"['1297036692717305856:0', '10376293541461626880:4']",103,0.019232547,2,2,0,0,0,535,0,528,7,5932112
10376293541998497792:65536,105,2,"['1297036692717305856:0', '10376293541461626880:65536']",101,0.0194248,2,2,0,0,0,535,0,528,7,5932112
10376293541998497792:8192,107,2,"['1297036692717305856:0', '10376293541461626880:8192']",105,0.018783069,2,2,0,0,0,535,0,528,7,5932112
10376293543609106433:68719476736,109,2,"['1152921504606852096:536870912', '1297036692683751424:33554432']",103,0.019324122,2,2,0,0,0,535,0,528,7,5932112
10376293543609106434:68719476736,107,2,"['1152921504607897600:536870912', '1297036692683751424:33554432']",104,0.019230769,2,2,0,0,0,535,0,528,7,5932112
10376293543609106448:68719476736,108,2,"['1152939096793939968:536870912', '1297036692683751424:33554432']",104,0.019049347,2,2,0,0,0,535,0,528,7,5932112
10376293543609106464:68719476736,106,2,"['1188950301626859520:536870912', '1297036692683751424:33554432']",95,0.0201417,2,2,0,0,0,535,0,528,7,5932112
10376293543609110528:134217728,106,2,"['1297036692692140032:0', '10376293541461626880:134217728']",106,0.018779757,2,2,0,0,0,535,0,528,7,5932112
10376293543609110528:16,108,2,"['1297036692692140032:0', '10376293541461626880:16']",105,0.018957772,2,2,0,0,0,535,0,528,7,5932112
10376293543609110528:16384,107,2,"['1297036692692140032:0', '10376293541461626880:16384']",105,0.018957772,2,2,0,0,0,535,0,528,7,5932112
10376293543609110528:32,108,2,"['1297036692692140032:0', '10376293541461626880:32']",105,0.018957772,2,2,0,0,0,535,0,528,7,5932112
10376293543609110528:32768,109,2,"['1297036692692140032:0', '10376293541461626880:32768']",105,0.018957772,2,2,0,0,0,535,0,528,7,5932112
10376293543609110528:34359738368,101,2,"['1152921504606851584:536870912', '1297036692692140032:0']",106,0.018867925,2,2,0,0,0,535,0,528,7,5932112
10376293543609110528:4,109,2,"['1297036692692140032:0', '10376293541461626880:4']",103,0.0191427,2,2,0,0,0,535,0,528,7,5932112
10376293543609110528:65536,106,2,"['1297036692692140032:0', '10376293541461626880:65536']",101,0.019334952,2,2,0,0,0,535,0,528,7,5932112
10376293543609110528:68719476736,108,2,"['1297036692683751424:33554432', '1297036692692140032:0']",104,0.019049347,2,2,0,0,0,535,0,528,7,5932112
10376293543609114624:68719476736,105,2,"['1152921504616284160:536870912', '1297036692683751424:33554432']",104,0.019230769,2,2,0,0,0,535,0,528,7,5932112
10376293545756594176:16384,107,2,"['1297036692687945728:0', '10376293541461626880:16384']",105,0.019047619,2,2,0,0,0,535,0,528,7,5932112
10376293545756594176:32,104,2,"['1297036692687945728:0', '10376293541461626880:32']",105,0.019047619,2,2,0,0,0,535,0,528,7,5932112
10376293545756594176:32768,109,2,"['1297036692687945728:0', '10376293541461626880:32768']",105,0.019047619,2,2,0,0,0,535,0,528,7,5932112
10376293545756594176:4,109,2,"['1297036692687945728:0', '10376293541461626880:4']",103,0.019232547,2,2,0,0,0,535,0,528,7,5932112
10376293545756594176:65536,106,2,"['1297036692687945728:0', '10376293541461626880:65536']",101,0.0194248,2,2,0,0,0,535,0,528,7,5932112
10376293550051561472:134217728,106,2,"['1297045488776773632:0', '10376293541461626880:134217728']",107,0.018605054,2,2,0,0,0,535,0,528,7,5932112
10376293550051561472:16384,103,2,"['1297045488776773632:0', '10376293541461626880:16384']",105,0.018783069,2,2,0,0,0,535,0,528,7,5932112
10376293550051561472:16777216,109,2,"['1297045488776773632:0', '10376293541461626880:16777216']",106,0.018693222,2,2,0,0,0,535,0,528,7,5932112
10376293558641496064:134217728,109,2,"['1297041090730262528:0', '10376293541461626880:134217728']",104,0.018961179,2,2,0,0,0,535,0,528,7,5932112
10376293558641496064:16,101,2,"['1297041090730262528:0', '10376293541461626880:16']",104,0.019139194,2,2,0,0,0,535,0,528,7,5932112
10376293558641496064:32,106,2,"['1297041090730262528:0', '10376293541461626880:32']",104,0.019139194,2,2,0,0,0,535,0,528,7,5932112
10376293558641496064:32768,107,2,"['1297041090730262528:0', '10376293541461626880:32768']",104,0.019139194,2,2,0,0,0,535,0,528,7,5932112
10376293558641496064:4,107,2,"['1297041090730262528:0', '10376293541461626880:4']",103,0.019324122,2,2,0,0,0,535,0,528,7,5932112
10376293558641496064:65536,102,2,"['1297041090730262528:0', '10376293541461626880:65536']",101,0.019516375,2,2,0,0,0,535,0,528,7,5932112
10376293678900580352:134217728,106,2,"['1297037242439565312:0', '10376293541461626880:134217728']",103,0.019054532,2,2,0,0,0,535,0,528,7,5932112
10376293678900580352:16,103,2,"['1297037242439565312:0', '10376293541461626880:16']",103,0.019232547,2,2,0,0,0,535,0,528,7,5932112
10376293678900580352:16777216,107,2,"['1297037242439565312:0', '10376293541461626880:16777216']",103,0.0191427,2,2,0,0,0,535,0,528,7,5932112
10376293678900580352:4,102,2,"['1297037242439565312:0', '10376293541461626880:4']",103,0.019417476,2,2,0,0,0,535,0,528,7,5932112
10376293678900580352:65536,100,2,"['1297037242439565312:0', '10376293541461626880:65536']",101,0.019609728,2,2,0,0,0,535,0,528,7,5932112
10376293678900580352:8192,106,2,"['1297037242439565312:0', '10376293541461626880:8192']",103,0.018967997,2,2,0,0,0,535,0,528,7,5932112
10376294091217440768:134217728,105,2,"['1297036830122704896:0', '10376293541461626880:134217728']",101,0.019246784,2,2,0,0,0,535,0,528,7,5932112
10376294091217440768:16384,100,2,"['1297036830122704896:0', '10376293541461626880:16384']",101,0.0194248,2,2,0,0,0,535,0,528,7,5932112
10376294091217440768:16777216,106,2,"['1297036830122704896:0', '10376293541461626880:16777216']",101,0.019334952,2,2,0,0,0,535,0,528,7,5932112
10376294091217440768:4,102,2,"['1297036830122704896:0', '10376293541461626880:4']",101,0.019609728,2,2,0,0,0,535,0,528,7,5932112
10376294091217440768:8192,106,2,"['1297036830122704896:0', '10376293541461626880:8192']",101,0.019160249,2,2,0,0,0,535,0,528,7,5932112
10376295740484882432:134217728,105,2,"['1297036727043489792:0', '10376293541461626880:134217728']",105,0.018869604,2,2,0,0,0,535,0,528,7,5932112
10376295740484882432:16,108,2,"['1297036727043489792:0', '10376293541461626880:16']",105,0.019047619,2,2,0,0,0,535,0,528,7,5932112
10376295740484882432:32,106,2,"['1297036727043489792:0', '10376293541461626880:32']",105,0.019047619,2,2,0,0,0,535,0,528,7,5932112
10376295740484882432:32768,107,2,"['1297036727043489792:0', '10376293541461626880:32768']",105,0.019047619,2,2,0,0,0,535,0,528,7,5932112
10376295740484882432:4,107,2,"['1297036727043489792:0', '10376293541461626880:4']",103,0.019232547,2,2,0,0,0,535,0,528,7,5932112
10376295740484882432:65536,106,2,"['1297036727043489792:0', '10376293541461626880:65536']",101,0.0194248,2,2,0,0,0,535,0,528,7,5932112
10376295740484882432:8192,108,2,"['1297036727043489792:0', '10376293541461626880:8192']",105,0.018783069,2,2,0,0,0,535,0,528,7,5932112
10376297939508137984:134217728,109,2,"['1297036709863620608:0', '10376293541461626880:134217728']",105,0.018869604,2,2,0,0,0,535,0,528,7,5932112
10376297939508137984:16,109,2,"['1297036709863620608:0', '10376293541461626880:16']",105,0.019047619,2,2,0,0,0,535,0,528,7,5932112
10376297939508137984:16384,100,2,"['1297036709863620608:0', '10376293541461626880:16384']",105,0.019047619,2,2,0,0,0,535,0,528,7,5932112
10376297939508137984:32,103,2,"['1297036709863620608:0', '10376293541461626880:32']",105,0.019047619,2,2,0,0,0,535,0,528,7,5932112
10376297939508137984:32768,103,2,"['1297036709863620608:0', '10376293541461626880:32768']",105,0.019047619,2,2,0,0,0,535,0,528,7,5932112
10376297939508137984:34359738368,109,2,"['1152921504606851584:536870912', '1297036709863620608:0']",105,0.018957772,2,2,0,0,0,535,0,528,7,5932112
10376297939508137984:4,102,2,"['1297036709863620608:0', '10376293541461626880:4']",103,0.019232547,2,2,0,0,0,535,0,528,7,5932112
10376297939508137984:65536,104,2,"['1297036709863620608:0', '10376293541461626880:65536']",101,0.0194248,2,2,0,0,0,535,0,528,7,5932112
10376302337554644993:68719476736,107,2,"['1152921504606852096:536870912', '1297036692683751424:8192']",103,0.019324122,2,2,0,0,0,535,0,528,7,5932112
10376302337554645008:68719476736,106,2,"['1152939096793939968:536870912', '1297036692683751424:8192']",104,0.019049347,2,2,0,0,0,535,0,528,7,5932112
10376302337554645024:68719476736,104,2,"['1188950301626859520:536870912', '1297036692683751424:8192']",95,0.0201417,2,2,0,0,0,535,0,528,7,5932112
10376302337554649088:134217728,109,2,"['1297036701273686016:0', '10376293541461626880:134217728']",104,0.018961179,2,2,0,0,0,535,0,528,7,5932112
10376302337554649088:16,109,2,"['1297036701273686016:0', '10376293541461626880:16']",104,0.019139194,2,2,0,0,0,535,0,528,7,5932112
10376302337554649088:16384,105,2,"['1297036701273686016:0', '10376293541461626880:16384']",104,0.019139194,2,2,0,0,0,535,0,528,7,5932112
10376302337554649088:32,106,2,"['1297036701273686016:0', '10376293541461626880:32']",104,0.019139194,2,2,0,0,0,535,0,528,7,5932112
10376302337554649088:32768,107,2,"['1297036701273686016:0', '10376293541461626880:32768']",104,0.019139194,2,2,0,0,0,535,0,528,7,5932112
10376302337554649088:4,108,2,"['1297036701273686016:0', '10376293541461626880:4']",103,0.019324122,2,2,0,0,0,535,0,528,7,5932112
10376302337554649088:65536,103,2,"['1297036701273686016:0', '10376293541461626880:65536']",101,0.019516375,2,2,0,0,0,535,0,528,7,5932112
10376302337554649088:68719476736,106,2,"['1297036692683751424:8192', '1297036701273686016:0']",104,0.019230769,2,2,0,0,0,535,0,528,7,5932112
10376302337554653184:68719476736,108,2,"['1152921504616284160:536870912', '1297036692683751424:8192']",104,0.019230769,2,2,0,0,0,535,0,528,7,5932112
10376302337554661376:68719476736,109,2,"['1152921521787764736:536870912', '1297036692683751424:8192']",104,0.019139194,2,2,0,0,0,535,0,528,7,5932112
10376311133647671296:16384,101,2,"['1315051091193233408:0', '10376293541461626880:16384']",105,0.018783069,2,2,0,0,0,535,0,528,7,5932112
10376311133647671296:32,104,2,"['1315051091193233408:0', '10376293541461626880:32']",105,0.018783069,2,2,0,0,0,535,0,528,7,5932112
10376311133647671296:32768,104,2,"['1315051091193233408:0', '10376293541461626880:32768']",105,0.018783069,2,2,0,0,0,535,0,528,7,5932112
10376311133647671296:4,108,2,"['1315051091193233408:0', '10376293541461626880:4']",103,0.018967997,2,2,0,0,0,535,0,528,7,5932112
10376311133647671296:8192,109,2,"['1315051091193233408:0', '10376293541461626880:8192']",108,0.018518519,2,2,0,0,0,535,0,528,7,5932112
10376328725833715712:134217728,106,2,"['1306043891938492416:0', '10376293541461626880:134217728']",102,0.019149716,2,2,0,0,0,535,0,528,7,5932112
10376328725833715712:16,102,2,"['1306043891938492416:0', '10376293541461626880:16']",102,0.019327731,2,2,0,0,0,535,0,528,7,5932112
10376328725833715712:16777216,102,2,"['1306043891938492416:0', '10376293541461626880:16777216']",102,0.019237884,2,2,0,0,0,535,0,528,7,5932112
10376328725833715712:4,102,2,"['1306043891938492416:0', '10376293541461626880:4']",102,0.019512659,2,2,0,0,0,535,0,528,7,5932112
10376328725833715712:8192,107,2,"['1306043891938492416:0', '10376293541461626880:8192']",102,0.019063181,2,2,0,0,0,535,0,528,7,5932112
10376363910205804544:134217728,107,2,"['1301540292311121920:0', '10376293541461626880:134217728']",101,0.019246784,2,2,0,0,0,535,0,528,7,5932112
10376363910205804544:16,106,2,"['1301540292311121920:0', '10376293541461626880:16']",101,0.0194248,2,2,0,0,0,535,0,528,7,5932112
10376363910205804544:16777216,106,2,"['1301540292311121920:0', '10376293541461626880:16777216']",101,0.019334952,2,2,0,0,0,535,0,528,7,5932112
10376363910205804544:32768,102,2,"['1301540292311121920:0', '10376293541461626880:32768']",101,0.0194248,2,2,0,0,0,535,0,528,7,5932112
10376363910205804544:4,104,2,"['1301540292311121920:0', '10376293541461626880:4']",101,0.019609728,2,2,0,0,0,535,0,528,7,5932112
10376363910205804544:65536,101,2,"['1301540292311121920:0', '10376293541461626880:65536']",101,0.01980198,2,2,0,0,0,535,0,528,7,5932112
10376363910205804544:8192,108,2,"['1301540292311121920:0', '10376293541461626880:8192']",101,0.019160249,2,2,0,0,0,535,0,528,7,5932112
10380797141088997376:134217728,105,2,"['1297107061427929088:0', '10376293541461626880:134217728']",101,0.019246784,2,2,0,0,0,535,0,528,7,5932112
10380797141088997376:16,106,2,"['1297107061427929088:0', '10376293541461626880:16']",101,0.0194248,2,2,0,0,0,535,0,528,7,5932112
10380797141088997376:16384,102,2,"['1297107061427929088:0', '10376293541461626880:16384']",101,0.0194248,2,2,0,0,0,535,0,528,7,5932112
10380797141088997376:16777216,106,2,"['1297107061427929088:0', '10376293541461626880:16777216']",101,0.019334952,2,2,0,0,0,535,0,528,7,5932112
10380797141088997376:32,100,2,"['1297107061427929088:0', '10376293541461626880:32']",101,0.0194248,2,2,0,0,0,535,0,528,7,5932112
10380797141088997376:4,103,2,"['1297107061427929088:0', '10376293541461626880:4']",101,0.019609728,2,2,0,0,0,535,0,528,7,5932112
10380797141088997376:8192,106,2,"['1297107061427929088:0', '10376293541461626880:8192']",101,0.019160249,2,2,0,0,0,535,0,528,7,5932112
10385300740716367872:134217728,107,2,"['1297071877055840256:0', '10376293541461626880:134217728']",103,0.019054532,2,2,0,0,0,535,0,528,7,5932112
10385300740716367872:16,107,2,"['1297071877055840256:0', '10376293541461626880:16']",103,0.019232547,2,2,0,0,0,535,0,528,7,5932112
10385300740716367872:16384,104,2,"['1297071877055840256:0', '10376293541461626880:16384']",103,0.019232547,2,2,0,0,0,535,0,528,7,5932112
10385300740716367872:16777216,108,2,"['1297071877055840256:0', '10376293541461626880:16777216']",103,0.0191427,2,2,0,0,0,535,0,528,7,5932112
10385300740716367872:32,100,2,"['1297071877055840256:0', '10376293541461626880:32']",103,0.019232547,2,2,0,0,0,535,0,528,7,5932112
10385300740716367872:32768,104,2,"['1297071877055840256:0', '10376293541461626880:32768']",103,0.019232547,2,2,0,0,0,535,0,528,7,5932112
10385300740716367872:34359738368,108,2,"['1152921504606851584:536870912', '1297071877055840256:0']",103,0.0191427,2,2,0,0,0,535,0,528,7,5932112
10385300740716367872:4,105,2,"['1297071877055840256:0', '10376293541461626880:4']",103,0.019417476,2,2,0,0,0,535,0,528,7,5932112
10385300740716367872:8192,107,2,"['1297071877055840256:0', '10376293541461626880:8192']",103,0.018967997,2,2,0,0,0,535,0,528,7,5932112
10394307939971104769:68719476736,107,2,"['1152921504606852096:536870912', '1297036692683751424:4']",103,0.019324122,2,2,0,0,0,535,0,528,7,5932112
10394307939971104770:68719476736,105,2,"['1152921504607897600:536870912', '1297036692683751424:4']",104,0.019230769,2,2,0,0,0,535,0,528,7,5932112
10394307939971104784:68719476736,103,2,"['1152939096793939968:536870912', '1297036692683751424:4']",104,0.019049347,2,2,0,0,0,535,0,528,7,5932112
10394307939971104800:68719476736,104,2,"['1188950301626859520:536870912', '1297036692683751424:4']",95,0.0201417,2,2,0,0,0,535,0,528,7,5932112
10394307939971112960:68719476736,108,2,"['1152921504616284160:536870912', '1297036692683751424:4']",104,0.019230769,2,2,0,0,0,535,0,528,7,5932112
10394307939971121152:68719476736,109,2,"['1152921521787764736:536870912', '1297036692683751424:4']",104,0.019139194,2,2,0,0,0,535,0,528,7,5932112
1152921504606851072:34896609282,106,2,"['1188950301626859520:536870912', '1297036692683751426:0']",95,0.01987211,2,2,0,0,0,535,0,528,7,5932112
1152921504606851072:43486543872,108,2,"['1152921504607895552:570425344', '1297036692683751426:0']",106,0.018779757,2,2,0,0,0,535,0,528,7,5932112
1152921504606851072:536870918,107,2,"['1188950301626859520:536870912', '1297036692683751440:0']",95,0.019700628,2,2,0,0,0,535,0,528,7,5932112
1152921504606851072:536870930,102,2,"['1188950301626859520:536870912', '1297036692750860288:0']",95,0.020427306,2,2,0,0,0,535,0,528,7,5932112
1152921504606851072:536872964,108,2,"['1152921504607895552:536870920', '1297036692683751440:0']",106,0.018608274,2,2,0,0,0,535,0,528,7,5932112
1152921504606851072:536879106,107,2,"['1188950301626859520:536870912', '1297036692683751432:0']",95,0.019960278,2,2,0,0,0,535,0,528,7,5932112
1152921504606851072:536887298,100,2,"['1188950301626859520:536870912', '1297036692683767808:0']",95,0.020235054,2,2,0,0,0,535,0,528,7,5932112
1152921504606851072:536889344,106,2,"['1152921504607895552:536870920', '1297036692683767808:0']",103,0.0191427,2,2,0,0,0,535,0,528,7,5932112
1152921504606851072:536891392,106,2,"['1152921504607895552:536870916', '1297036692683767808:0']",103,0.018967997,2,2,0,0,0,535,0,528,7,5932112
1152921504606851072:536903682,107,2,"['1188950301626859520:536870912', '1297036692717305856:0']",95,0.020050125,2,2,0,0,0,535,0,528,7,5932112
1152921504606851072:536905728,105,2,"['1152921504607895552:536870920', '1297036692717305856:0']",105,0.018957772,2,2,0,0,0,535,0,528,7,5932112
1152921504606851072:536907776,108,2,"['1152921504607895552:536870916', '1297036692717305856:0']",105,0.018783069,2,2,0,0,0,535,0,528,7,5932112
1152921504606851072:541073408,108,2,"['1152921504607895552:536887296', '1297036692683751432:0']",106,0.018608274,2,2,0,0,0,535,0,528,7,5932112
1152921504606851072:545267712,106,2,"['1152921504607895552:536879104', '1297036692683751432:0']",101,0.019334952,2,2,0,0,0,535,0,528,7,5932112
1152921504606851072:671088642,106,2,"['1188950301626859520:536870912', '1297036727043489792:0']",95,0.020050125,2,2,0,0,0,535,0,528,7,5932112
1152921504606851072:671092736,107,2,"['1152921504607895552:536870916', '1297036727043489792:0']",105,0.018783069,2,2,0,0,0,535,0,528,7,5932112
1152921504606851072:679477248,106,2,"['1152921504607895552:536879104', '1297036727043489792:0']",101,0.0194248,2,2,0,0,0,535,0,528,7,5932112
1152921504606851072:805308416,105,2,"['1152921504607895552:536870920', '1297107061427929088:0']",101,0.019334952,2,2,0,0,0,535,0,528,7,5932112
1152921504606851072:805310464,106,2,"['1152921504607895552:536870916', '1297107061427929088:0']",101,0.019160249,2,2,0,0,0,535,0,528,7,5932112
1152921504606851072:809500672,105,2,"['1152921504607895552:536887296', '1297107061427929088:0']",101,0.019075302,2,2,0,0,0,535,0,528,7,5932112
1152921504606851072:813694976,103,2,"['1152921504607895552:536879104', '1297107061427929088:0']",101,0.01980198,2,2,0,0,0,535,0,528,7,5932112
1152921504606851584:536870916,104,2,"['1152921504606851584:536870912', '1297036692683751440:0']",106,0.018608274,2,2,0,0,0,535,0,528,7,5932112
1152921504606851584:536870928,107,2,"['1152921504606851584:536870912', '1297036692750860288:0']",101,0.019334952,2,2,0,0,0,535,0,528,7,5932112
1152921504606851584:536870944,103,2,"['1152921504606851584:536870912', '1297036830122704896:0']",101,0.019334952,2,2,0,0,0,535,0,528,7,5932112
1152921504606851584:536887296,107,2,"['1152921504606851584:536870912', '1297036692683767808:0']",103,0.0191427,2,2,0,0,0,535,0,528,7,5932112
1152921504606851584:536903680,105,2,"['1152921504606851584:536870912', '1297036692717305856:0']",105,0.018957772,2,2,0,0,0,535,0,528,7,5932112
1152921504606851584:805306368,106,2,"['1152921504606851584:536870912', '1297107061427929088:0']",101,0.019334952,2,2,0,0,0,535,0,528,7,5932112
1152921504606851586:536870912,100,2,"['1152921504606851584:536870912', '1297036692685848576:0']",103,0.0191427,2,2,0,0,0,535,0,528,7,5932112
1152921504606851592:536870912,108,2,"['1152921504606851584:536870912', '1297045488776773632:0']",106,0.018693222,2,2,0,0,0,535,0,528,7,5932112
1152921504606851600:536870912,109,2,"['1152921504606851584:536870912', '1315051091193233408:0']",106,0.018693222,2,2,0,0,0,535,0,528,7,5932112
1152921504606851648:536870912,107,2,"['1152921504606851584:536870912', '10376293541461626880:4']",103,0.0191427,2,2,0,0,0,535,0,528,7,5932112
1152921504606852096:34896609280,108,2,"['1152921504606852096:536870912', '1297036692683751426:0']",103,0.019054532,2,2,0,0,0,535,0,528,7,5932112
1152921504606852096:536870916,108,2,"['1152921504606852096:536870912', '1297036692683751440:0']",103,0.01888305,2,2,0,0,0,535,0,528,7,5932112
1152921504606852096:536870928,104,2,"['1152921504606852096:536870912', '1297036692750860288:0']",101,0.019609728,2,2,0,0,0,535,0,528,7,5932112
1152921504606852096:536870944,103,2,"['1152921504606852096:536870912', '1297036830122704896:0']",101,0.019609728,2,2,0,0,0,535,0,528,7,5932112
1152921504606852096:536879104,109,2,"['1152921504606852096:536870912', '1297036692683751432:0']",103,0.0191427,2,2,0,0,0,535,0,528,7,5932112
1152921504606852096:536887296,104,2,"['1152921504606852096:536870912', '1297036692683767808:0']",103,0.019417476,2,2,0,0,0,535,0,528,7,5932112
1152921504606852096:536903680,109,2,"['1152921504606852096:536870912', '1297036692717305856:0']",103,0.019232547,2,2,0,0,0,535,0,528,7,5932112
1152921504606852096:671088640,108,2,"['1152921504606852096:536870912', '1297036727043489792:0']",103,0.019232547,2,2,0,0,0,535,0,528,7,5932112
1152921504606852096:805306368,104,2,"['1152921504606852096:536870912', '1297107061427929088:0']",101,0.019609728,2,2,0,0,0,535,0,528,7,5932112
1152921504606852104:536870912,105,2,"['1152921504606852096:536870912', '1297045488776773632:0']",103,0.018967997,2,2,0,0,0,535,0,528,7,5932112
1152921504606852112:536870912,105,2,"['1152921504606852096:536870912', '1315051091193233408:0']",103,0.018967997,2,2,0,0,0,535,0,528,7,5932112
1152921504606852160:536870912,104,2,"['1152921504606852096:536870912', '10376293541461626880:4']",103,0.019417476,2,2,0,0,0,535,0,528,7,5932112
1152921504606852224:536870912,107,2,"['1152921504606852096:536870912', '10376293541461626880:8192']",103,0.018967997,2,2,0,0,0,535,0,528,7,5932112
1152921504606852352:536870912,107,2,"['1152921504606852096:536870912', '10376293541461626880:16777216']",103,0.0191427,2,2,0,0,0,535,0,528,7,5932112
1152921504606852608:536870912,107,2,"['1152921504606851584:536870912', '1152921504606852096:536870912']",103,0.0191427,2,2,0,0,0,535,0,528,7,5932112
1152921504606853632:536870912,107,2,"['1152921504606851584:536870912', '1297036692683751936:0']",106,0.018867925,2,2,0,0,0,535,0,528,7,5932112
1152921504606854144:536870912,107,2,"['1152921504606852096:536870912', '1297036692683751936:0']",103,0.0191427,2,2,0,0,0,535,0,528,7,5932112
1152921504606859776:536870912,108,2,"['1152921504606851584:536870912', '1297036694831235072:0']",104,0.019049347,2,2,0,0,0,535,0,528,7,5932112
1152921504606860288:536870912,105,2,"['1152921504606852096:536870912', '1297036694831235072:0']",103,0.019324122,2,2,0,0,0,535,0,528,7,5932112
1152921504606868480:536870912,107,2,"['1152921504606852096:536870912', '1297041090730262528:0']",103,0.019324122,2,2,0,0,0,535,0,528,7,5932112
1152921504606884352:536870912,107,2,"['1152921504606851584:536870912', '1306043891938492416:0']",102,0.019237884,2,2,0,0,0,535,0,528,7,5932112
1152921504606884864:536870912,104,2,"['1152921504606852096:536870912', '1306043891938492416:0']",102,0.019512659,2,2,0,0,0,535,0,528,7,5932112
1152921504607113728:536870912,109,2,"['1152921504606851584:536870912', '10376293541461626880:16384']",105,0.018957772,2,2,0,0,0,535,0,528,7,5932112
1152921504607114240:536870912,102,2,"['1152921504606852096:536870912', '10376293541461626880:16384']",103,0.019232547,2,2,0,0,0,535,0,528,7,5932112
1152921504607895552:34896609284,109,2,"['1152921504607895552:536870916', '1152921504607895552:34896609280']",108,0.018433571,2,2,0,0,0,535,0,528,7,5932112
1152921504607895552:34896609296,108,2,"['1152921504607895552:34896609280', '1297036692683751424:268435456']",106,0.018608274,2,2,0,0,0,535,0,528,7,5932112
1152921504607895552:34896609312,103,2,"['1152921504607895552:34896609280', '1297036692683751424:131072']",102,0.018978233,2,2,0,0,0,535,0,528,7,5932112
1152921504607895552:34896609792,101,2,"['1152921504607895552:34896609280', '1297036830122704896:0']",101,0.019075302,2,2,0,0,0,535,0,528,7,5932112
1152921504607895552:34896610304,106,2,"['1152921504607895552:34896609280', '1297036692750860288:0']",101,0.019075302,2,2,0,0,0,535,0,528,7,5932112
1152921504607895552:34896617472,107,2,"['1152921504607895552:536879104', '1152921504607895552:34896609280']",101,0.019075302,2,2,0,0,0,535,0,528,7,5932112
1152921504607895552:34900803584,107,2,"['1152921504607895552:34896609280', '1297036692683767808:0']",103,0.01888305,2,2,0,0,0,535,0,528,7,5932112
1152921504607895552:34930163712,108,2,"['1152921504607895552:570425344', '1152921504607895552:34896609280']",106,0.018608274,2,2,0,0,0,535,0,528,7,5932112
1152921504607895552:35030827008,109,2,"['1152921504607895552:34896609280', '1297036692683751424:32768']",106,0.018608274,2,2,0,0,0,535,0,528,7,5932112
1152921504607895552:35970351104,106,2,"['1152921504607895552:34896609280', '1297107061427929088:0']",101,0.019075302,2,2,0,0,0,535,0,528,7,5932112
1152921504607895552:536870936,109,2,"['1152921504607895552:536870920', '1297036692683751424:268435456']",106,0.018867925,2,2,0,0,0,535,0,528,7,5932112
1152921504607895552:536870948,105,2,"['1152921504607895552:536870916', '1297036692683751424:131072']",102,0.019063181,2,2,0,0,0,535,0,528,7,5932112
1152921504607895552:536870952,105,2,"['1152921504607895552:536870920', '1297036692683751424:131072']",102,0.019237884,2,2,0,0,0,535,0,528,7,5932112
1152921504607895552:536871940,105,2,"['1152921504607895552:536870916', '1297036692750860288:0']",101,0.019160249,2,2,0,0,0,535,0,528,7,5932112
1152921504607895552:536879112,107,2,"['1152921504607895552:536870920', '1152921504607895552:536879104']",101,0.019334952,2,2,0,0,0,535,0,528,7,5932112
1152921504607895552:536879120,107,2,"['1152921504607895552:536879104', '1297036692683751424:268435456']",101,0.019334952,2,2,0,0,0,535,0,528,7,5932112
1152921504607895552:536879136,102,2,"['1152921504607895552:536879104', '1297036692683751424:131072']",101,0.019704912,2,2,0,0,0,535,0,528,7,5932112
1152921504607895552:536879616,100,2,"['1152921504607895552:536879104', '1297036830122704896:0']",101,0.01980198,2,2,0,0,0,535,0,528,7,5932112
1152921504607895552:536883200,107,2,"['1152921504607895552:536879104', '1297036692683751440:0']",101,0.019075302,2,2,0,0,0,535,0,528,7,5932112
1152921504607895552:536887312,106,2,"['1152921504607895552:536887296', '1297036692683751424:268435456']",106,0.018608274,2,2,0,0,0,535,0,528,7,5932112
1152921504607895552:536887328,103,2,"['1152921504607895552:536887296', '1297036692683751424:131072']",102,0.018978233,2,2,0,0,0,535,0,528,7,5932112
1152921504607895552:536887808,104,2,"['1152921504607895552:536887296', '1297036830122704896:0']",101,0.019075302,2,2,0,0,0,535,0,528,7,5932112
1152921504607895552:536888320,102,2,"['1152921504607895552:536887296', '1297036692750860288:0']",101,0.019075302,2,2,0,0,0,535,0,528,7,5932112
1152921504607895552:536895488,106,2,"['1152921504607895552:536879104', '1152921504607895552:536887296']",101,0.019075302,2,2,0,0,0,535,0,528,7,5932112
1152921504607895552:536903688,103,2,"['1152921504607895552:536870920', '1297036692683751424:134217728']",100,0.019433962,2,2,0,0,0,535,0,528,7,5932112
1152921504607895552:536911872,106,2,"['1152921504607895552:536879104', '1297036692683751424:134217728']",100,0.01990099,2,2,0,0,0,535,0,528,7,5932112
1152921504607895552:536920064,108,2,"['1152921504607895552:536887296', '1297036692683751424:134217728']",100,0.019174312,2,2,0,0,0,535,0,528,7,5932112
1152921504607895552:538976256,106,2,"['1152921504607895552:536879104', '1297036692717305856:0']",101,0.0194248,2,2,0,0,0,535,0,528,7,5932112
1152921504607895552:538984448,107,2,"['1152921504607895552:536887296', '1297036692717305856:0']",105,0.018698121,2,2,0,0,0,535,0,528,7,5932112
1152921504607895552:541073408,101,2,"['1152921504607895552:536879104', '1297036692683767808:0']",101,0.019609728,2,2,0,0,0,535,0,528,7,5932112
1152921504607895552:570425348,108,2,"['1152921504607895552:536870916', '1152921504607895552:570425344']",106,0.018693222,2,2,0,0,0,535,0,528,7,5932112
1152921504607895552:570425352,103,2,"['1152921504607895552:536870920', '1152921504607895552:570425344']",106,0.018867925,2,2,0,0,0,535,0,528,7,5932112
1152921504607895552:570425360,103,2,"['1152921504607895552:570425344', '1297036692683751424:268435456']",106,0.018867925,2,2,0,0,0,535,0,528,7,5932112
1152921504607895552:570425376,101,2,"['1152921504607895552:570425344', '1297036692683751424:131072']",102,0.019237884,2,2,0,0,0,535,0,528,7,5932112
1152921504607895552:570426368,104,2,"['1152921504607895552:570425344', '1297036692750860288:0']",101,0.019334952,2,2,0,0,0,535,0,528,7,5932112
1152921504607895552:570429440,109,2,"['1152921504607895552:570425344', '1297036692683751440:0']",106,0.018608274,2,2,0,0,0,535,0,528,7,5932112
1152921504607895552:570433536,100,2,"['1152921504607895552:536879104', '1152921504607895552:570425344']",101,0.019334952,2,2,0,0,0,535,0,528,7,5932112
1152921504607895552:570441728,107,2,"['1152921504607895552:536887296', '1152921504607895552:570425344']",106,0.018608274,2,2,0,0,0,535,0,528,7,5932112
1152921504607895552:570458112,104,2,"['1152921504607895552:570425344', '1297036692683751424:134217728']",100,0.019433962,2,2,0,0,0,535,0,528,7,5932112
1152921504607895552:572522496,109,2,"['1152921504607895552:570425344', '1297036692717305856:0']",105,0.018957772,2,2,0,0,0,535,0,528,7,5932112
1152921504607895552:574619648,104,2,"['1152921504607895552:570425344', '1297036692683767808:0']",103,0.0191427,2,2,0,0,0,535,0,528,7,5932112
1152921504607895552:578813952,109,2,"['1152921504607895552:570425344', '1297036692683751432:0']",106,0.018867925,2,2,0,0,0,535,0,528,7,5932112
1152921504607895552:671088644,104,2,"['1152921504607895552:536870916', '1297036692683751424:32768']",106,0.018693222,2,2,0,0,0,535,0,528,7,5932112
1152921504607895552:671088648,103,2,"['1152921504607895552:536870920', '1297036692683751424:32768']",106,0.018867925,2,2,0,0,0,535,0,528,7,5932112
1152921504607895552:671096832,105,2,"['1152921504607895552:536879104', '1297036692683751424:32768']",101,0.019334952,2,2,0,0,0,535,0,528,7,5932112
1152921504607895552:671105024,106,2,"['1152921504607895552:536887296', '1297036692683751424:32768']",106,0.018608274,2,2,0,0,0,535,0,528,7,5932112
1152921504607895552:704643072,100,2,"['1152921504607895552:570425344', '1297036692683751424:32768']",106,0.018867925,2,2,0,0,0,535,0,528,7,5932112
1152921504607895553:34896609280,104,2,"['1152921504606852096:536870912', '1152921504607895552:34896609280']",103,0.01888305,2,2,0,0,0,535,0,528,7,5932112
1152921504607895553:536870916,105,2,"['1152921504606852096:536870912', '1152921504607895552:536870916']",103,0.018967997,2,2,0,0,0,535,0,528,7,5932112
1152921504607895553:536870920,109,2,"['1152921504606852096:536870912', '1152921504607895552:536870920']",103,0.0191427,2,2,0,0,0,535,0,528,7,5932112
1152921504607895553:536870928,105,2,"['1152921504606852096:536870912', '1297036692683751424:268435456']",103,0.0191427,2,2,0,0,0,535,0,528,7,5932112
1152921504607895553:536870944,101,2,"['1152921504606852096:536870912', '1297036692683751424:131072']",102,0.019512659,2,2,0,0,0,535,0,528,7,5932112
1152921504607895553:536879104,101,2,"['1152921504606852096:536870912', '1152921504607895552:536879104']",101,0.019609728,2,2,0,0,0,535,0,528,7,5932112
1152921504607895553:536887296,109,2,"['1152921504606852096:536870912', '1152921504607895552:536887296']",103,0.01888305,2,2,0,0,0,535,0,528,7,5932112
1152921504607895553:536903680,108,2,"['1152921504606852096:536870912', '1297036692683751424:134217728']",100,0.019708738,2,2,0,0,0,535,0,528,7,5932112
1152921504607895553:570425344,106,2,"['1152921504606852096:536870912', '1152921504607895552:570425344']",103,0.0191427,2,2,0,0,0,535,0,528,7,5932112
1152921504607895553:671088640,107,2,"['1152921504606852096:536870912', '1297036692683751424:32768']",103,0.0191427,2,2,0,0,0,535,0,528,7,5932112
1152921504607895554:34896609280,109,2,"['1152921504606851584:536870912', '1152921504607895552:34896609280']",106,0.018608274,2,2,0,0,0,535,0,528,7,5932112
1152921504607895554:536870920,104,2,"['1152921504606851584:536870912', '1152921504607895552:536870920']",106,0.018867925,2,2,0,0,0,535,0,528,7,5932112
1152921504607895554:536870944,107,2,"['1152921504606851584:536870912', '1297036692683751424:131072']",102,0.019237884,2,2,0,0,0,535,0,528,7,5932112
1152921504607895554:536879104,108,2,"['1152921504606851584:536870912', '1152921504607895552:536879104']",101,0.019334952,2,2,0,0,0,535,0,528,7,5932112
1152921504607895554:536887296,107,2,"['1152921504606851584:536870912', '1152921504607895552:536887296']",106,0.018608274,2,2,0,0,0,535,0,528,7,5932112
1152921504607895554:536903680,104,2,"['1152921504606851584:536870912', '1297036692683751424:134217728']",100,0.019433962,2,2,0,0,0,535,0,528,7,5932112
1152921504607895554:570425344,106,2,"['1152921504606851584:536870912', '1152921504607895552:570425344']",106,0.018867925,2,2,0,0,0,535,0,528,7,5932112
1152921504607895554:671088640,108,2,"['1152921504606851584:536870912', '1297036692683751424:32768']",106,0.018867925,2,2,0,0,0,535,0,528,7,5932112
1152921504607895556:536879104,107,2,"['1152921504607895552:536879104', '10376293541461626880:16777216']",101,0.019334952,2,2,0,0,0,535,0,528,7,5932112
1152921504607895556:536887296,104,2,"['1152921504607895552:536887296', '10376293541461626880:16777216']",106,0.018608274,2,2,0,0,0,535,0,528,7,5932112
1152921504607895556:536903680,109,2,"['1297036692683751424:134217728', '10376293541461626880:16777216']",100,0.019433962,2,2,0,0,0,535,0,528,7,5932112
1152921504607895556:570425344,109,2,"['1152921504607895552:570425344', '10376293541461626880:16777216']",106,0.018867925,2,2,0,0,0,535,0,528,7,5932112
1152921504607895560:536879104,105,2,"['1152921504607895552:536879104', '10376293541461626880:8192']",101,0.019160249,2,2,0,0,0,535,0,528,7,5932112
1152921504607895568:34896609280,109,2,"['1152921504607895552:34896609280', '10376293541461626880:4']",103,0.01888305,2,2,0,0,0,535,0,528,7,5932112
1152921504607895568:536870916,106,2,"['1152921504607895552:536870916', '10376293541461626880:4']",103,0.018967997,2,2,0,0,0,535,0,528,7,5932112
1152921504607895568:536870920,104,2,"['1152921504607895552:536870920', '10376293541461626880:4']",103,0.0191427,2,2,0,0,0,535,0,528,7,5932112
1152921504607895568:536887296,109,2,"['1152921504607895552:536887296', '10376293541461626880:4']",103,0.01888305,2,2,0,0,0,535,0,528,7,5932112
1152921504607895568:570425344,106,2,"['1152921504607895552:570425344', '10376293541461626880:4']",103,0.0191427,2,2,0,0,0,535,0,528,7,5932112
1152921504607895616:34896609280,107,2,"['1152921504607895552:34896609280', '1315051091193233408:0']",108,0.018433571,2,2,0,0,0,535,0,528,7,5932112
1152921504607895616:536870916,109,2,"['1152921504607895552:536870916', '1315051091193233408:0']",108,0.018518519,2,2,0,0,0,535,0,528,7,5932112
1152921504607895616:536879104,107,2,"['1152921504607895552:536879104', '1315051091193233408:0']",101,0.019160249,2,2,0,0,0,535,0,528,7,5932112
1152921504607895616:570425344,108,2,"['1152921504607895552:570425344', '1315051091193233408:0']",106,0.018693222,2,2,0,0,0,535,0,528,7,5932112
1152921504607895680:536870920,108,2,"['1152921504607895552:536870920', '1297045488776773632:0']",106,0.018693222,2,2,0,0,0,535,0,528,7,5932112
1152921504607895680:536887296,105,2,"['1152921504607895552:536887296', '1297045488776773632:0']",108,0.018433571,2,2,0,0,0,535,0,528,7,5932112
1152921504607895680:570425344,108,2,"['1152921504607895552:570425344', '1297045488776773632:0']",106,0.018693222,2,2,0,0,0,535,0,528,7,5932112
1152921504607895808:34896609280,106,2,"['1152921504607895552:34896609280', '1297036696978718720:0']",103,0.01888305,2,2,0,0,0,535,0,528,7,5932112
1152921504607895808:536870916,105,2,"['1152921504607895552:536870916', '1297036696978718720:0']",103,0.018967997,2,2,0,0,0,535,0,528,7,5932112
1152921504607895808:536870920,103,2,"['1152921504607895552:536870920', '1297036696978718720:0']",103,0.0191427,2,2,0,0,0,535,0,528,7,5932112
1152921504607895808:536879104,102,2,"['1152921504607895552:536879104', '1297036696978718720:0']",101,0.019609728,2,2,0,0,0,535,0,528,7,5932112
1152921504607895808:570425344,104,2,"['1152921504607895552:570425344', '1297036696978718720:0']",103,0.0191427,2,2,0,0,0,535,0,528,7,5932112
1152921504607896064:34896609280,102,2,"['1152921504607895552:34896609280', '1297036692685848576:0']",103,0.01888305,2,2,0,0,0,535,0,528,7,5932112
1152921504607896064:536870916,108,2,"['1152921504607895552:536870916', '1297036692685848576:0']",103,0.018967997,2,2,0,0,0,535,0,528,7,5932112
1152921504607896064:536870920,102,2,"['1152921504607895552:536870920', '1297036692685848576:0']",103,0.0191427,2,2,0,0,0,535,0,528,7,5932112
1152921504607896064:536879104,104,2,"['1152921504607895552:536879104', '1297036692685848576:0']",101,0.019609728,2,2,0,0,0,535,0,528,7,5932112
1152921504607896064:536887296,108,2,"['1152921504607895552:536887296', '1297036692685848576:0']",103,0.01888305,2,2,0,0,0,535,0,528,7,5932112
1152921504607896064:570425344,104,2,"['1152921504607895552:570425344', '1297036692685848576:0']",103,0.0191427,2,2,0,0,0,535,0,528,7,5932112
1152921504607896576:34896609280,104,2,"['1152921504607895552:34896609280', '1297036692683752448:0']",100,0.019174312,2,2,0,0,0,535,0,528,7,5932112
1152921504607896576:536870916,103,2,"['1152921504607895552:536870916', '1297036692683752448:0']",100,0.019259259,2,2,0,0,0,535,0,528,7,5932112
1152921504607896576:536870920,103,2,"['1152921504607895552:536870920', '1297036692683752448:0']",100,0.019433962,2,2,0,0,0,535,0,528,7,5932112
1152921504607896576:536879104,101,2,"['1152921504607895552:536879104', '1297036692683752448:0']",100,0.01990099,2,2,0,0,0,535,0,528,7,5932112
1152921504607896576:536887296,104,2,"['1152921504607895552:536887296', '1297036692683752448:0']",100,0.019174312,2,2,0,0,0,535,0,528,7,5932112
1152921504607896576:570425344,102,2,"['1152921504607895552:570425344', '1297036692683752448:0']",100,0.019433962,2,2,0,0,0,535,0,528,7,5932112
1152921504607897600:34896609280,106,2,"['1152921504607895552:34896609280', '1152921504607897600:536870912']",104,0.018789697,2,2,0,0,0,535,0,528,7,5932112
1152921504607897600:536870916,104,2,"['1152921504607895552:536870916', '1152921504607897600:536870912']",104,0.018874644,2,2,0,0,0,535,0,528,7,5932112
1152921504607897600:536870920,107,2,"['1152921504607895552:536870920', '1152921504607897600:536870912']",104,0.019049347,2,2,0,0,0,535,0,528,7,5932112
1152921504607897600:536870928,107,2,"['1152921504607897600:536870912', '1297036692683751424:268435456']",104,0.019049347,2,2,0,0,0,535,0,528,7,5932112
1152921504607897600:536870944,105,2,"['1152921504607897600:536870912', '1297036692683751424:131072']",102,0.019419306,2,2,0,0,0,535,0,528,7,5932112
1152921504607897600:536879104,101,2,"['1152921504607895552:536879104', '1152921504607897600:536870912']",101,0.019516375,2,2,0,0,0,535,0,528,7,5932112
1152921504607897600:536887296,107,2,"['1152921504607895552:536887296', '1152921504607897600:536870912']",104,0.018789697,2,2,0,0,0,535,0,528,7,5932112
1152921504607897600:536903680,106,2,"['1152921504607897600:536870912', '1297036692683751424:134217728']",100,0.019615385,2,2,0,0,0,535,0,528,7,5932112
1152921504607897600:570425344,104,2,"['1152921504607895552:570425344', '1152921504607897600:536870912']",104,0.019049347,2,2,0,0,0,535,0,528,7,5932112
1152921504607897600:671088640,105,2,"['1152921504607897600:536870912', '1297036692683751424:32768']",104,0.019049347,2,2,0,0,0,535,0,528,7,5932112
1152921504607897602:536870912,100,2,"['1152921504606851584:536870912', '1152921504607897600:536870912']",104,0.019049347,2,2,0,0,0,535,0,528,7,5932112
1152921504607897604:536870912,108,2,"['1152921504607897600:536870912', '10376293541461626880:16777216']",104,0.019049347,2,2,0,0,0,535,0,528,7,5932112
1152921504607897608:536870912,108,2,"['1152921504607897600:536870912', '10376293541461626880:8192']",104,0.018874644,2,2,0,0,0,535,0,528,7,5932112
1152921504607897728:536870912,107,2,"['1152921504607897600:536870912', '1297045488776773632:0']",104,0.018874644,2,2,0,0,0,535,0,528,7,5932112
1152921504607898624:536870912,101,2,"['1152921504607897600:536870912', '1297036692683752448:0']",100,0.019615385,2,2,0,0,0,535,0,528,7,5932112
1152921504607899648:34896609280,107,2,"['1152921504607895552:34896609280', '1297036692683751426:0']",107,0.018520106,2,2,0,0,0,535,0,528,7,5932112
1152921504607899648:536870916,108,2,"['1152921504607895552:536870916', '1297036692683751440:0']",108,0.018433571,2,2,0,0,0,535,0,528,7,5932112
1152921504607899648:536870928,103,2,"['1297036692683751424:268435456', '1297036692750860288:0']",101,0.019334952,2,2,0,0,0,535,0,528,7,5932112
1152921504607899648:536870944,101,2,"['1297036692683751424:131072', '1297036830122704896:0']",101,0.019704912,2,2,0,0,0,535,0,528,7,5932112
1152921504607899648:536879104,104,2,"['1152921504607895552:536879104', '1297036692683751432:0']",101,0.019334952,2,2,0,0,0,535,0,528,7,5932112
1152921504607899648:536903680,107,2,"['1297036692683751424:134217728', '1297036692717305856:0']",100,0.01952381,2,2,0,0,0,535,0,528,7,5932112
1152921504607899648:671088640,106,2,"['1297036692683751424:32768', '1297036727043489792:0']",105,0.018957772,2,2,0,0,0,535,0,528,7,5932112
1152921504607899650:536870912,103,2,"['1152921504606851584:536870912', '1297036692685848576:0']",103,0.0191427,2,2,0,0,0,535,0,528,7,5932112
1152921504607899656:536870912,109,2,"['1297045488776773632:0', '10376293541461626880:8192']",108,0.018518519,2,2,0,0,0,535,0,528,7,5932112
1152921504607899664:536870912,105,2,"['1315051091193233408:0', '10376293541461626880:4']",103,0.018967997,2,2,0,0,0,535,0,528,7,5932112
1152921504607911936:34896609280,108,2,"['1152921504607895552:34896609280', '10376293541461626880:16384']",105,0.018698121,2,2,0,0,0,535,0,528,7,5932112
1152921504607911936:536870916,108,2,"['1152921504607895552:536870916', '10376293541461626880:16384']",105,0.018783069,2,2,0,0,0,535,0,528,7,5932112
1152921504607911936:536870920,108,2,"['1152921504607895552:536870920', '10376293541461626880:16384']",105,0.018957772,2,2,0,0,0,535,0,528,7,5932112
1152921504607911936:536879104,104,2,"['1152921504607895552:536879104', '10376293541461626880:16384']",101,0.0194248,2,2,0,0,0,535,0,528,7,5932112
1152921504607911936:536887296,105,2,"['1152921504607895552:536887296', '10376293541461626880:16384']",105,0.018698121,2,2,0,0,0,535,0,528,7,5932112
1152921504607911936:570425344,106,2,"['1152921504607895552:570425344', '10376293541461626880:16384']",105,0.018957772,2,2,0,0,0,535,0,528,7,5932112
1152921504608026624:34896609280,106,2,"['1152921504607895552:34896609280', '1306043891938492416:0']",102,0.018978233,2,2,0,0,0,535,0,528,7,5932112
1152921504608026624:536870916,106,2,"['1152921504607895552:536870916', '1306043891938492416:0']",102,0.019063181,2,2,0,0,0,535,0,528,7,5932112
1152921504608026624:536870920,104,2,"['1152921504607895552:536870920', '1306043891938492416:0']",102,0.019237884,2,2,0,0,0,535,0,528,7,5932112
1152921504608026624:536887296,106,2,"['1152921504607895552:536887296', '1306043891938492416:0']",102,0.018978233,2,2,0,0,0,535,0,528,7,5932112
1152921504608026624:570425344,103,2,"['1152921504607895552:570425344', '1306043891938492416:0']",102,0.019237884,2,2,0,0,0,535,0,528,7,5932112
1152921504608157696:34896609280,109,2,"['1152921504607895552:34896609280', '1297041090730262528:0']",104,0.018789697,2,2,0,0,0,535,0,528,7,5932112
1152921504608157696:536870916,109,2,"['1152921504607895552:536870916', '1297041090730262528:0']",104,0.018874644,2,2,0,0,0,535,0,528,7,5932112
1152921504608157696:536870920,109,2,"['1152921504607895552:536870920', '1297041090730262528:0']",104,0.019049347,2,2,0,0,0,535,0,528,7,5932112
1152921504608157696:536879104,106,2,"['1152921504607895552:536879104', '1297041090730262528:0']",101,0.019516375,2,2,0,0,0,535,0,528,7,5932112
1152921504608157696:536887296,106,2,"['1152921504607895552:536887296', '1297041090730262528:0']",104,0.018789697,2,2,0,0,0,535,0,528,7,5932112
1152921504608157696:570425344,107,2,"['1152921504607895552:570425344', '1297041090730262528:0']",104,0.019049347,2,2,0,0,0,535,0,528,7,5932112
1152921504608419840:34896609280,102,2,"['1152921504607895552:34896609280', '1297036694831235072:0']",104,0.018789697,2,2,0,0,0,535,0,528,7,5932112
1152921504608419840:536870916,107,2,"['1152921504607895552:536870916', '1297036694831235072:0']",104,0.018874644,2,2,0,0,0,535,0,528,7,5932112
1152921504608419840:536870920,107,2,"['1152921504607895552:536870920', '1297036694831235072:0']",104,0.019049347,2,2,0,0,0,535,0,528,7,5932112
1152921504608419840:536879104,102,2,"['1152921504607895552:536879104', '1297036694831235072:0']",101,0.019516375,2,2,0,0,0,535,0,528,7,5932112
1152921504608419840:536887296,107,2,"['1152921504607895552:536887296', '1297036694831235072:0']",104,0.018789697,2,2,0,0,0,535,0,528,7,5932112
1152921504608419840:570425344,103,2,"['1152921504607895552:570425344', '1297036694831235072:0']",104,0.019049347,2,2,0,0,0,535,0,528,7,5932112
1152921504608948224:34896609280,107,2,"['1152921504607897600:536870912', '1297036692683751426:0']",104,0.018961179,2,2,0,0,0,535,0,528,7,5932112
1152921504608948224:536870916,100,2,"['1152921504607897600:536870912', '1297036692683751440:0']",104,0.018789697,2,2,0,0,0,535,0,528,7,5932112
1152921504608948224:536870928,102,2,"['1152921504607897600:536870912', '1297036692750860288:0']",101,0.019516375,2,2,0,0,0,535,0,528,7,5932112
1152921504608948224:536870944,101,2,"['1152921504607897600:536870912', '1297036830122704896:0']",101,0.019516375,2,2,0,0,0,535,0,528,7,5932112
1152921504608948224:536879104,108,2,"['1152921504607897600:536870912', '1297036692683751432:0']",104,0.019049347,2,2,0,0,0,535,0,528,7,5932112
1152921504608948224:536887296,103,2,"['1152921504607897600:536870912', '1297036692683767808:0']",103,0.019324122,2,2,0,0,0,535,0,528,7,5932112
1152921504608948224:536903680,107,2,"['1152921504607897600:536870912', '1297036692717305856:0']",104,0.019139194,2,2,0,0,0,535,0,528,7,5932112
1152921504608948224:671088640,102,2,"['1152921504607897600:536870912', '1297036727043489792:0']",104,0.019139194,2,2,0,0,0,535,0,528,7,5932112
1152921504608948224:805306368,102,2,"['1152921504607897600:536870912', '1297107061427929088:0']",101,0.019516375,2,2,0,0,0,535,0,528,7,5932112
1152921504609992704:34896609280,109,2,"['1152921504607895552:34896609280', '1297036692683751936:0']",106,0.018608274,2,2,0,0,0,535,0,528,7,5932112
1152921504609992704:536870916,108,2,"['1152921504607895552:536870916', '1297036692683751936:0']",106,0.018693222,2,2,0,0,0,535,0,528,7,5932112
1152921504609992704:536870920,109,2,"['1152921504607895552:536870920', '1297036692683751936:0']",106,0.018867925,2,2,0,0,0,535,0,528,7,5932112
1152921504609992704:536879104,104,2,"['1152921504607895552:536879104', '1297036692683751936:0']",101,0.019334952,2,2,0,0,0,535,0,528,7,5932112
1152921504609992704:536887296,108,2,"['1152921504607895552:536887296', '1297036692683751936:0']",106,0.018608274,2,2,0,0,0,535,0,528,7,5932112
1152921504609992704:570425344,107,2,"['1152921504607895552:570425344', '1297036692683751936:0']",106,0.018867925,2,2,0,0,0,535,0,528,7,5932112
1152921504612089856:34896609280,109,2,"['1152921504607895552:34896609280', '1152921504612089856:536870912']",101,0.019075302,2,2,0,0,0,535,0,528,7,5932112
1152921504612089856:536870916,109,2,"['1152921504607895552:536870916', '1152921504612089856:536870912']",101,0.019160249,2,2,0,0,0,535,0,528,7,5932112
1152921504612089856:536870920,107,2,"['1152921504607895552:536870920', '1152921504612089856:536870912']",101,0.019334952,2,2,0,0,0,535,0,528,7,5932112
1152921504612089856:536870944,107,2,"['1152921504612089856:536870912', '1297036692683751424:131072']",101,0.019704912,2,2,0,0,0,535,0,528,7,5932112
1152921504612089856:536879104,105,2,"['1152921504607895552:536879104', '1152921504612089856:536870912']",101,0.01980198,2,2,0,0,0,535,0,528,7,5932112
1152921504612089856:570425344,109,2,"['1152921504607895552:570425344', '1152921504612089856:536870912']",101,0.019334952,2,2,0,0,0,535,0,528,7,5932112
1152921504612089857:536870912,107,2,"['1152921504606852096:536870912', '1152921504612089856:536870912']",101,0.019609728,2,2,0,0,0,535,0,528,7,5932112
1152921504612090112:536870912,103,2,"['1152921504612089856:536870912', '1297036696978718720:0']",101,0.019609728,2,2,0,0,0,535,0,528,7,5932112
1152921504612090368:536870912,109,2,"['1152921504612089856:536870912', '1297036692685848576:0']",101,0.019609728,2,2,0,0,0,535,0,528,7,5932112
1152921504612090880:536870912,105,2,"['1152921504612089856:536870912', '1297036692683752448:0']",100,0.01990099,2,2,0,0,0,535,0,528,7,5932112
1152921504612091904:536870912,106,2,"['1152921504607897600:536870912', '1152921504612089856:536870912']",101,0.019516375,2,2,0,0,0,535,0,528,7,5932112
1152921504612106240:536870912,109,2,"['1152921504612089856:536870912', '10376293541461626880:16384']",101,0.0194248,2,2,0,0,0,535,0,528,7,5932112
1152921504612220928:536870912,107,2,"['1152921504612089856:536870912', '1306043891938492416:0']",101,0.019704912,2,2,0,0,0,535,0,528,7,5932112
1152921504612614144:536870912,108,2,"['1152921504612089856:536870912', '1297036694831235072:0']",101,0.019516375,2,2,0,0,0,535,0,528,7,5932112
1152921504615240192:536870912,106,2,"['1152921504606851584:536870912', '1297036692684275712:0']",103,0.0191427,2,2,0,0,0,535,0,528,7,5932112
1152921504615240704:536870912,104,2,"['1152921504606852096:536870912', '1297036692684275712:0']",103,0.019417476,2,2,0,0,0,535,0,528,7,5932112
1152921504616284160:34896609280,109,2,"['1152921504607895552:34896609280', '1152921504616284160:536870912']",104,0.018789697,2,2,0,0,0,535,0,528,7,5932112
1152921504616284160:536870920,103,2,"['1152921504607895552:536870920', '1152921504616284160:536870912']",104,0.019049347,2,2,0,0,0,535,0,528,7,5932112
1152921504616284160:536870944,102,2,"['1152921504616284160:536870912', '1297036692683751424:131072']",102,0.019419306,2,2,0,0,0,535,0,528,7,5932112
1152921504616284160:536887296,107,2,"['1152921504607895552:536887296', '1152921504616284160:536870912']",104,0.018789697,2,2,0,0,0,535,0,528,7,5932112
1152921504616284160:570425344,104,2,"['1152921504607895552:570425344', '1152921504616284160:536870912']",104,0.019049347,2,2,0,0,0,535,0,528,7,5932112
1152921504616284160:671088640,108,2,"['1152921504616284160:536870912', '1297036692683751424:32768']",104,0.019049347,2,2,0,0,0,535,0,528,7,5932112
1152921504616284161:536870912,106,2,"['1152921504606852096:536870912', '1152921504616284160:536870912']",103,0.019324122,2,2,0,0,0,535,0,528,7,5932112
1152921504616284162:536870912,108,2,"['1152921504606851584:536870912', '1152921504616284160:536870912']",104,0.019049347,2,2,0,0,0,535,0,528,7,5932112
1152921504616284164:536870912,109,2,"['1152921504616284160:536870912', '10376293541461626880:16777216']",104,0.019049347,2,2,0,0,0,535,0,528,7,5932112
1152921504616284168:536870912,108,2,"['1152921504616284160:536870912', '10376293541461626880:8192']",104,0.018874644,2,2,0,0,0,535,0,528,7,5932112
1152921504616284224:536870912,109,2,"['1152921504616284160:536870912', '1315051091193233408:0']",104,0.018874644,2,2,0,0,0,535,0,528,7,5932112
1152921504616284288:536870912,101,2,"['1152921504616284160:536870912', '1297045488776773632:0']",104,0.018874644,2,2,0,0,0,535,0,528,7,5932112
1152921504616284416:536870912,104,2,"['1152921504616284160:536870912', '1297036696978718720:0']",103,0.019324122,2,2,0,0,0,535,0,528,7,5932112
1152921504616284672:536870912,106,2,"['1152921504616284160:536870912', '1297036692685848576:0']",103,0.019324122,2,2,0,0,0,535,0,528,7,5932112
1152921504616285184:536870912,103,2,"['1152921504616284160:536870912', '1297036692683752448:0']",100,0.019615385,2,2,0,0,0,535,0,528,7,5932112
1152921504616286208:536870912,105,2,"['1152921504607897600:536870912', '1152921504616284160:536870912']",104,0.019230769,2,2,0,0,0,535,0,528,7,5932112
1152921504616288256:536870912,100,2,"['1152921504616284160:536870912', '1297036692684275712:0']",103,0.019324122,2,2,0,0,0,535,0,528,7,5932112
1152921504616300544:536870912,105,2,"['1152921504616284160:536870912', '10376293541461626880:16384']",104,0.019139194,2,2,0,0,0,535,0,528,7,5932112
1152921504616415232:536870912,106,2,"['1152921504616284160:536870912', '1306043891938492416:0']",102,0.019419306,2,2,0,0,0,535,0,528,7,5932112
1152921504616546304:536870912,108,2,"['1152921504616284160:536870912', '1297041090730262528:0']",104,0.019230769,2,2,0,0,0,535,0,528,7,5932112
1152921504616808448:536870912,101,2,"['1152921504616284160:536870912', '1297036694831235072:0']",104,0.019230769,2,2,0,0,0,535,0,528,7,5932112
1152921504617336832:536870912,101,2,"['1152921504607897600:536870912', '1297036692684275712:0']",103,0.019324122,2,2,0,0,0,535,0,528,7,5932112
1152921504618381312:536870912,108,2,"['1152921504616284160:536870912', '1297036692683751936:0']",104,0.019049347,2,2,0,0,0,535,0,528,7,5932112
1152921504641449984:34896609280,109,2,"['1152921504607895552:34896609280', '10376293541461626880:32768']",105,0.018698121,2,2,0,0,0,535,0,528,7,5932112
1152921504641449984:536870916,109,2,"['1152921504607895552:536870916', '10376293541461626880:32768']",105,0.018783069,2,2,0,0,0,535,0,528,7,5932112
1152921504641449984:536870920,104,2,"['1152921504607895552:536870920', '10376293541461626880:32768']",105,0.018957772,2,2,0,0,0,535,0,528,7,5932112
1152921504641449984:536879104,104,2,"['1152921504607895552:536879104', '10376293541461626880:32768']",101,0.0194248,2,2,0,0,0,535,0,528,7,5932112
1152921504641449984:536887296,109,2,"['1152921504607895552:536887296', '10376293541461626880:32768']",105,0.018698121,2,2,0,0,0,535,0,528,7,5932112
1152921504641449984:570425344,107,2,"['1152921504607895552:570425344', '10376293541461626880:32768']",105,0.018957772,2,2,0,0,0,535,0,528,7,5932112
1152921504641449985:536870912,107,2,"['1152921504606852096:536870912', '10376293541461626880:32768']",103,0.019232547,2,2,0,0,0,535,0,528,7,5932112
1152921504641452032:536870912,105,2,"['1152921504607897600:536870912', '10376293541461626880:32768']",104,0.019139194,2,2,0,0,0,535,0,528,7,5932112
1152921504649838592:536870912,108,2,"['1152921504616284160:536870912', '10376293541461626880:32768']",104,0.019139194,2,2,0,0,0,535,0,528,7,5932112
1152921504673960448:536870912,108,2,"['1152921504606851584:536870912', '1301540292311121920:0']",101,0.019334952,2,2,0,0,0,535,0,528,7,5932112
1152921504673960960:536870912,101,2,"['1152921504606852096:536870912', '1301540292311121920:0']",101,0.019609728,2,2,0,0,0,535,0,528,7,5932112
1152921504675004416:536870916,109,2,"['1152921504607895552:536870916', '10376293541461626880:16']",105,0.018783069,2,2,0,0,0,535,0,528,7,5932112
1152921504675004416:536879104,107,2,"['1152921504607895552:536879104', '10376293541461626880:16']",101,0.0194248,2,2,0,0,0,535,0,528,7,5932112
1152921504675004416:570425344,103,2,"['1152921504607895552:570425344', '10376293541461626880:16']",105,0.018957772,2,2,0,0,0,535,0,528,7,5932112
1152921504675004417:536870912,105,2,"['1152921504606852096:536870912', '10376293541461626880:16']",103,0.019232547,2,2,0,0,0,535,0,528,7,5932112
1152921504675006464:536870912,107,2,"['1152921504607897600:536870912', '10376293541461626880:16']",104,0.019139194,2,2,0,0,0,535,0,528,7,5932112
1152921504675008512:536870912,103,2,"['1301540292311121920:0', '10376293541461626880:16']",101,0.0194248,2,2,0,0,0,535,0,528,7,5932112
1152921504676057088:536870912,101,2,"['1152921504607897600:536870912', '1301540292311121920:0']",101,0.019516375,2,2,0,0,0,535,0,528,7,5932112
1152921504683393024:536870912,108,2,"['1152921504616284160:536870912', '10376293541461626880:16']",104,0.019139194,2,2,0,0,0,535,0,528,7,5932112
1152921504741064706:68719476738,102,2,"['1188950301626859520:536870912', '1297036692683753472:0']",95,0.020235054,2,2,0,0,0,535,0,528,7,5932112
1152921504741064706:68723671040,106,2,"['1152921521787764736:536870912', '1297036692683753472:0']",103,0.019232547,2,2,0,0,0,535,0,528,7,5932112
1152921504741064706:85899345920,107,2,"['1152921504612089856:536870912', '1297036692683753472:0']",101,0.019609728,2,2,0,0,0,535,0,528,7,5932112
1152921504741064708:68719476738,107,2,"['1188950301626859520:536870912', '1297036692687945728:0']",95,0.020050125,2,2,0,0,0,535,0,528,7,5932112
1152921504741064708:68719480832,109,2,"['1152939096793939968:536870912', '1297036692687945728:0']",105,0.018957772,2,2,0,0,0,535,0,528,7,5932112
1152921504741064708:68723671040,108,2,"['1152921521787764736:536870912', '1297036692687945728:0']",105,0.019047619,2,2,0,0,0,535,0,528,7,5932112
1152921504741064712:68719476738,105,2,"['1188950301626859520:536870912', '1297036701273686016:0']",95,0.0201417,2,2,0,0,0,535,0,528,7,5932112
1152921504741064712:68719480832,106,2,"['1152939096793939968:536870912', '1297036701273686016:0']",104,0.019049347,2,2,0,0,0,535,0,528,7,5932112
1152921504741064712:68723671040,106,2,"['1152921521787764736:536870912', '1297036701273686016:0']",104,0.019139194,2,2,0,0,0,535,0,528,7,5932112
1152921504741065216:17626545782784,102,2,"['1152921504607897600:536870912', '1297036692683753472:0']",103,0.019324122,2,2,0,0,0,535,0,528,7,5932112
1152921504741072896:68719476738,107,2,"['1188950301626859520:536870912', '1297036692692140032:0']",95,0.019960278,2,2,0,0,0,535,0,528,7,5932112
1152921504741072896:68719480832,108,2,"['1152939096793939968:536870912', '1297036692692140032:0']",106,0.018867925,2,2,0,0,0,535,0,528,7,5932112
1152921504741072896:77309411328,107,2,"['1152921504616284160:536870912', '1297036692692140032:0']",104,0.019049347,2,2,0,0,0,535,0,528,7,5932112
1152921504741081088:68719476738,105,2,"['1188950301626859520:536870912', '1297036709863620608:0']",95,0.020050125,2,2,0,0,0,535,0,528,7,5932112
1152921504741081088:68719480832,107,2,"['1152939096793939968:536870912', '1297036709863620608:0']",105,0.018957772,2,2,0,0,0,535,0,528,7,5932112
1152921504741081088:68723671040,108,2,"['1152921521787764736:536870912', '1297036709863620608:0']",105,0.019047619,2,2,0,0,0,535,0,528,7,5932112
1152921504741097472:68719476738,103,2,"['1188950301626859520:536870912', '1297071877055840256:0']",95,0.020235054,2,2,0,0,0,535,0,528,7,5932112
1152921504743161858:68719476736,103,2,"['1152921504607895552:34896609280', '1297036692683753472:0']",103,0.01888305,2,2,0,0,0,535,0,528,7,5932112
1152921504743161860:68719476736,109,2,"['1152921504607895552:34896609280', '1297036692687945728:0']",105,0.018698121,2,2,0,0,0,535,0,528,7,5932112
1152921504743161864:68719476736,109,2,"['1152921504607895552:34896609280', '1297036701273686016:0']",104,0.018789697,2,2,0,0,0,535,0,528,7,5932112
1152921504743161920:68719476736,109,2,"['1152921504607895552:34896609280', '1297036692683751424:4']",104,0.018789697,2,2,0,0,0,535,0,528,7,5932112
1152921504743161984:68719476736,107,2,"['1152921504607895552:34896609280', '1297036692683751424:8192']",104,0.018789697,2,2,0,0,0,535,0,528,7,5932112
1152921504743163904:68719476736,109,2,"['1152921504607895552:34896609280', '1297036692683751426:0']",107,0.018520106,2,2,0,0,0,535,0,528,7,5932112
1152921504743170048:68719476736,109,2,"['1152921504607895552:34896609280', '1297036692692140032:0']",106,0.018608274,2,2,0,0,0,535,0,528,7,5932112
1152921504743178240:68719476736,106,2,"['1152921504607895552:34896609280', '1297036709863620608:0']",105,0.018698121,2,2,0,0,0,535,0,528,7,5932112
1152921504743194624:68719476736,105,2,"['1152921504607895552:34896609280', '1297071877055840256:0']",103,0.01888305,2,2,0,0,0,535,0,528,7,5932112
1152921504743686144:68719476736,108,2,"['1152921504607895552:34896609280', '1297036692683751424:33554432']",104,0.018789697,2,2,0,0,0,535,0,528,7,5932112
1152921504876331008:34896609280,107,2,"['1152921504607895552:34896609280', '1301540292311121920:0']",101,0.019075302,2,2,0,0,0,535,0,528,7,5932112
1152921504876331008:536870916,107,2,"['1152921504607895552:536870916', '1301540292311121920:0']",101,0.019160249,2,2,0,0,0,535,0,528,7,5932112
1152921504876331008:536870920,107,2,"['1152921504607895552:536870920', '1301540292311121920:0']",101,0.019334952,2,2,0,0,0,535,0,528,7,5932112
1152921504876331008:536879104,103,2,"['1152921504607895552:536879104', '1301540292311121920:0']",101,0.01980198,2,2,0,0,0,535,0,528,7,5932112
1152921504876331008:536887296,104,2,"['1152921504607895552:536887296', '1301540292311121920:0']",101,0.019075302,2,2,0,0,0,535,0,528,7,5932112
1152921504876331008:570425344,104,2,"['1152921504607895552:570425344', '1301540292311121920:0']",101,0.019334952,2,2,0,0,0,535,0,528,7,5932112
1152921504880525312:536870912,106,2,"['1152921504612089856:536870912', '1301540292311121920:0']",101,0.01980198,2,2,0,0,0,535,0,528,7,5932112
1152921504884719616:536870912,104,2,"['1152921504616284160:536870912', '1301540292311121920:0']",101,0.019516375,2,2,0,0,0,535,0,528,7,5932112
1152921506754334720:536870944,104,2,"['1152921504616284160:536870912', '1297036830122704896:0']",101,0.019516375,2,2,0,0,0,535,0,528,7,5932112
1152921506754334720:536887296,106,2,"['1152921504616284160:536870912', '1297036692683767808:0']",103,0.019324122,2,2,0,0,0,535,0,528,7,5932112
1152921506754334720:671088640,106,2,"['1152921504616284160:536870912', '1297036727043489792:0']",104,0.019139194,2,2,0,0,0,535,0,528,7,5932112
1152921506754334720:805306368,104,2,"['1152921504616284160:536870912', '1297107061427929088:0']",101,0.019516375,2,2,0,0,0,535,0,528,7,5932112
1152921506755379200:34896609280,104,2,"['1152921504607895552:34896609280', '1297036692684275712:0']",103,0.01888305,2,2,0,0,0,535,0,528,7,5932112
1152921506755379200:536870916,107,2,"['1152921504607895552:536870916', '1297036692684275712:0']",103,0.018967997,2,2,0,0,0,535,0,528,7,5932112
1152921506755379200:536870920,105,2,"['1152921504607895552:536870920', '1297036692684275712:0']",103,0.0191427,2,2,0,0,0,535,0,528,7,5932112
1152921506755379200:536879104,103,2,"['1152921504607895552:536879104', '1297036692684275712:0']",101,0.019609728,2,2,0,0,0,535,0,528,7,5932112
1152921506755379200:536887296,107,2,"['1152921504607895552:536887296', '1297036692684275712:0']",103,0.01888305,2,2,0,0,0,535,0,528,7,5932112
1152921506755379200:570425344,106,2,"['1152921504607895552:570425344', '1297036692684275712:0']",103,0.0191427,2,2,0,0,0,535,0,528,7,5932112
1152921506759573504:536870912,103,2,"['1152921504612089856:536870912', '1297036692684275712:0']",101,0.019609728,2,2,0,0,0,535,0,528,7,5932112
1152921506762723328:536870912,103,2,"['1152921504616284160:536870912', '1297036692684275712:0']",103,0.019324122,2,2,0,0,0,535,0,528,7,5932112
1152921506888548354:68719476736,104,2,"['1152921504607895552:570425344', '1297036692683753472:0']",103,0.0191427,2,2,0,0,0,535,0,528,7,5932112
1152921506888548356:68719476736,109,2,"['1152921504607895552:570425344', '1297036692687945728:0']",105,0.018957772,2,2,0,0,0,535,0,528,7,5932112
1152921506888548360:68719476736,107,2,"['1152921504607895552:570425344', '1297036701273686016:0']",104,0.019049347,2,2,0,0,0,535,0,528,7,5932112
1152921506888548416:68719476736,106,2,"['1152921504607895552:570425344', '1297036692683751424:4']",104,0.019049347,2,2,0,0,0,535,0,528,7,5932112
1152921506888548480:68719476736,104,2,"['1152921504607895552:570425344', '1297036692683751424:8192']",104,0.019049347,2,2,0,0,0,535,0,528,7,5932112
1152921506888548864:68719476736,106,2,"['1152921504607895552:570425344', '1297036692683751424:34359738368']",106,0.018693222,2,2,0,0,0,535,0,528,7,5932112
1152921506888556544:68719476736,104,2,"['1152921504607895552:570425344', '1297036692692140032:0']",106,0.018867925,2,2,0,0,0,535,0,528,7,5932112
1152921506888564736:68719476736,107,2,"['1152921504607895552:570425344', '1297036709863620608:0']",105,0.018957772,2,2,0,0,0,535,0,528,7,5932112
1152921506888581120:68719476736,104,2,"['1152921504607895552:570425344', '1297071877055840256:0']",103,0.0191427,2,2,0,0,0,535,0,528,7,5932112
1152921506889072640:68719476736,104,2,"['1152921504607895552:570425344', '1297036692683751424:33554432']",104,0.019049347,2,2,0,0,0,535,0,528,7,5932112
1152921508901818368:536870928,107,2,"['1152921504612089856:536870912', '1297036692750860288:0']",101,0.01980198,2,2,0,0,0,535,0,528,7,5932112
1152921508901818368:536870944,105,2,"['1152921504612089856:536870912', '1297036830122704896:0']",101,0.01980198,2,2,0,0,0,535,0,528,7,5932112
1152921508901818368:536887296,107,2,"['1152921504612089856:536870912', '1297036692683767808:0']",101,0.019609728,2,2,0,0,0,535,0,528,7,5932112
1152921508901818368:805306368,104,2,"['1152921504612089856:536870912', '1297107061427929088:0']",101,0.01980198,2,2,0,0,0,535,0,528,7,5932112
1152921521786720768:536870912,108,2,"['1152921504606851584:536870912', '1297036692684013568:0']",102,0.019237884,2,2,0,0,0,535,0,528,7,5932112
1152921521786721280:536870912,101,2,"['1152921504606852096:536870912', '1297036692684013568:0']",102,0.019512659,2,2,0,0,0,535,0,528,7,5932112
1152921521787764736:536870920,108,2,"['1152921504607895552:536870920', '1152921521787764736:536870912']",105,0.018957772,2,2,0,0,0,535,0,528,7,5932112
1152921521787764736:536870928,106,2,"['1152921521787764736:536870912', '1297036692683751424:268435456']",105,0.018957772,2,2,0,0,0,535,0,528,7,5932112
1152921521787764736:536870944,105,2,"['1152921521787764736:536870912', '1297036692683751424:131072']",102,0.019327731,2,2,0,0,0,535,0,528,7,5932112
1152921521787764736:536879104,107,2,"['1152921504607895552:536879104', '1152921521787764736:536870912']",101,0.0194248,2,2,0,0,0,535,0,528,7,5932112
1152921521787764736:536887296,104,2,"['1152921504607895552:536887296', '1152921521787764736:536870912']",105,0.018698121,2,2,0,0,0,535,0,528,7,5932112
1152921521787764736:570425344,106,2,"['1152921504607895552:570425344', '1152921521787764736:536870912']",105,0.018957772,2,2,0,0,0,535,0,528,7,5932112
1152921521787764736:671088640,109,2,"['1152921521787764736:536870912', '1297036692683751424:32768']",105,0.018957772,2,2,0,0,0,535,0,528,7,5932112
1152921521787764737:536870912,105,2,"['1152921504606852096:536870912', '1152921521787764736:536870912']",103,0.019232547,2,2,0,0,0,535,0,528,7,5932112
1152921521787764752:536870912,106,2,"['1152921521787764736:536870912', '10376293541461626880:4']",103,0.019232547,2,2,0,0,0,535,0,528,7,5932112
1152921521787764864:536870912,108,2,"['1152921521787764736:536870912', '1297045488776773632:0']",105,0.018783069,2,2,0,0,0,535,0,528,7,5932112
1152921521787764992:536870912,105,2,"['1152921521787764736:536870912', '1297036696978718720:0']",103,0.019232547,2,2,0,0,0,535,0,528,7,5932112
1152921521787765248:536870912,108,2,"['1152921521787764736:536870912', '1297036692685848576:0']",103,0.019232547,2,2,0,0,0,535,0,528,7,5932112
1152921521787766784:536870912,107,2,"['1152921504607897600:536870912', '1152921521787764736:536870912']",104,0.019139194,2,2,0,0,0,535,0,528,7,5932112
1152921521787768832:536870912,103,2,"['1152921521787764736:536870912', '1297036692684013568:0']",102,0.019327731,2,2,0,0,0,535,0,528,7,5932112
1152921521787781120:536870912,106,2,"['1152921521787764736:536870912', '10376293541461626880:16384']",105,0.019047619,2,2,0,0,0,535,0,528,7,5932112
1152921521787895808:536870912,106,2,"['1152921521787764736:536870912', '1306043891938492416:0']",102,0.019327731,2,2,0,0,0,535,0,528,7,5932112
1152921521788026880:536870912,106,2,"['1152921521787764736:536870912', '1297041090730262528:0']",104,0.019139194,2,2,0,0,0,535,0,528,7,5932112
1152921521788289024:536870912,107,2,"['1152921521787764736:536870912', '1297036694831235072:0']",104,0.019139194,2,2,0,0,0,535,0,528,7,5932112
1152921521788817408:536870912,102,2,"['1152921504607897600:536870912', '1297036692684013568:0']",102,0.019419306,2,2,0,0,0,535,0,528,7,5932112
1152921521789861888:536870912,109,2,"['1152921521787764736:536870912', '1297036692683751936:0']",105,0.018957772,2,2,0,0,0,535,0,528,7,5932112
1152921521796153344:536870912,108,2,"['1152921504616284160:536870912', '1152921521787764736:536870912']",104,0.019139194,2,2,0,0,0,535,0,528,7,5932112
1152921521821319168:536870912,109,2,"['1152921521787764736:536870912', '10376293541461626880:32768']",105,0.019047619,2,2,0,0,0,535,0,528,7,5932112
1152921522056200192:536870912,107,2,"['1152921521787764736:536870912', '1301540292311121920:0']",101,0.0194248,2,2,0,0,0,535,0,528,7,5932112
1152921523934203904:536870912,107,2,"['1152921504616284160:536870912', '1297036692684013568:0']",102,0.019419306,2,2,0,0,0,535,0,528,7,5932112
1152921523935248384:536870912,106,2,"['1152921521787764736:536870912', '1297036692684275712:0']",103,0.019232547,2,2,0,0,0,535,0,528,7,5932112
1152921526081687552:536870912,109,2,"['1152921504612089856:536870912', '1297036692684013568:0']",101,0.019704912,2,2,0,0,0,535,0,528,7,5932112
1152921538966589952:536870912,109,2,"['1152921504606851584:536870912', '1297036693220622336:0']",103,0.0191427,2,2,0,0,0,535,0,528,7,5932112
1152921538966590464:536870912,106,2,"['1152921504606852096:536870912', '1297036693220622336:0']",103,0.019417476,2,2,0,0,0,535,0,528,7,5932112
1152921538967633920:536870916,106,2,"['1152921504607895552:536870916', '10376293541461626880:134217728']",107,0.018605054,2,2,0,0,0,535,0,528,7,5932112
1152921538967633920:536870928,108,2,"['1297036692683751424:268435456', '10376293541461626880:134217728']",106,0.018779757,2,2,0,0,0,535,0,528,7,5932112
1152921538967633920:536879104,107,2,"['1152921504607895552:536879104', '10376293541461626880:134217728']",101,0.019246784,2,2,0,0,0,535,0,528,7,5932112
1152921538967633920:536887296,106,2,"['1152921504607895552:536887296', '10376293541461626880:134217728']",107,0.018520106,2,2,0,0,0,535,0,528,7,5932112
1152921538967633920:536903680,108,2,"['1297036692683751424:134217728', '10376293541461626880:134217728']",100,0.019345794,2,2,0,0,0,535,0,528,7,5932112
1152921538967633920:570425344,108,2,"['1152921504607895552:570425344', '10376293541461626880:134217728']",106,0.018779757,2,2,0,0,0,535,0,528,7,5932112
1152921538967633921:536870912,109,2,"['1152921504606852096:536870912', '10376293541461626880:134217728']",103,0.019054532,2,2,0,0,0,535,0,528,7,5932112
1152921538967635968:536870912,107,2,"['1152921504607897600:536870912', '10376293541461626880:134217728']",104,0.018961179,2,2,0,0,0,535,0,528,7,5932112
1152921538967638016:536870912,105,2,"['1297036693220622336:0', '10376293541461626880:134217728']",103,0.019054532,2,2,0,0,0,535,0,528,7,5932112
1152921538968686592:536870912,104,2,"['1152921504607897600:536870912', '1297036693220622336:0']",103,0.019324122,2,2,0,0,0,535,0,528,7,5932112
1152921538976022528:536870912,109,2,"['1152921504616284160:536870912', '10376293541461626880:134217728']",104,0.018961179,2,2,0,0,0,535,0,528,7,5932112
1152921541114073088:536870912,106,2,"['1152921504616284160:536870912', '1297036693220622336:0']",103,0.019324122,2,2,0,0,0,535,0,528,7,5932112
1152921573327372288:34896609280,104,2,"['1152921504607895552:34896609280', '10376293541461626880:65536']",101,0.019075302,2,2,0,0,0,535,0,528,7,5932112
1152921573327372288:536870916,100,2,"['1152921504607895552:536870916', '10376293541461626880:65536']",101,0.019160249,2,2,0,0,0,535,0,528,7,5932112
1152921573327372288:536870920,105,2,"['1152921504607895552:536870920', '10376293541461626880:65536']",101,0.019334952,2,2,0,0,0,535,0,528,7,5932112
1152921573327372288:536879104,101,2,"['1152921504607895552:536879104', '10376293541461626880:65536']",101,0.01980198,2,2,0,0,0,535,0,528,7,5932112
1152921573327372288:536887296,104,2,"['1152921504607895552:536887296', '10376293541461626880:65536']",101,0.019075302,2,2,0,0,0,535,0,528,7,5932112
1152921573327372288:570425344,103,2,"['1152921504607895552:570425344', '10376293541461626880:65536']",101,0.019334952,2,2,0,0,0,535,0,528,7,5932112
1152921573327372290:536870912,106,2,"['1152921504606851584:536870912', '10376293541461626880:65536']",101,0.019334952,2,2,0,0,0,535,0,528,7,5932112
1152921573327374336:536870912,100,2,"['1152921504607897600:536870912', '10376293541461626880:65536']",101,0.019516375,2,2,0,0,0,535,0,528,7,5932112
1152921573331566592:536870912,105,2,"['1152921504612089856:536870912', '10376293541461626880:65536']",101,0.01980198,2,2,0,0,0,535,0,528,7,5932112
1152921573335760896:536870912,102,2,"['1152921504616284160:536870912', '10376293541461626880:65536']",101,0.019516375,2,2,0,0,0,535,0,528,7,5932112
1152921590507241472:536870912,103,2,"['1152921521787764736:536870912', '10376293541461626880:65536']",101,0.0194248,2,2,0,0,0,535,0,528,7,5932112
1152921642046849024:34896609280,105,2,"['1152921504607895552:34896609280', '10376293541461626880:32']",105,0.018698121,2,2,0,0,0,535,0,528,7,5932112
1152921642046849024:536870916,108,2,"['1152921504607895552:536870916', '10376293541461626880:32']",105,0.018783069,2,2,0,0,0,535,0,528,7,5932112
1152921642046849024:536870920,106,2,"['1152921504607895552:536870920', '10376293541461626880:32']",105,0.018957772,2,2,0,0,0,535,0,528,7,5932112
1152921642046849024:536879104,104,2,"['1152921504607895552:536879104', '10376293541461626880:32']",101,0.0194248,2,2,0,0,0,535,0,528,7,5932112
1152921642046849024:536887296,105,2,"['1152921504607895552:536887296', '10376293541461626880:32']",105,0.018698121,2,2,0,0,0,535,0,528,7,5932112
1152921642046849024:570425344,105,2,"['1152921504607895552:570425344', '10376293541461626880:32']",105,0.018957772,2,2,0,0,0,535,0,528,7,5932112
1152921642046849025:536870912,104,2,"['1152921504606852096:536870912', '10376293541461626880:32']",103,0.019232547,2,2,0,0,0,535,0,528,7,5932112
1152921642046849026:536870912,108,2,"['1152921504606851584:536870912', '10376293541461626880:32']",105,0.018957772,2,2,0,0,0,535,0,528,7,5932112
1152921642046851072:536870912,104,2,"['1152921504607897600:536870912', '10376293541461626880:32']",104,0.019139194,2,2,0,0,0,535,0,528,7,5932112
1152921642051043328:536870912,109,2,"['1152921504612089856:536870912', '10376293541461626880:32']",101,0.0194248,2,2,0,0,0,535,0,528,7,5932112
1152921642055237632:536870912,102,2,"['1152921504616284160:536870912', '10376293541461626880:32']",104,0.019139194,2,2,0,0,0,535,0,528,7,5932112
1152921659226718208:536870912,104,2,"['1152921521787764736:536870912', '10376293541461626880:32']",105,0.019047619,2,2,0,0,0,535,0,528,7,5932112
1152923703631151104:34896609280,109,2,"['1152921504607895552:34896609280', '1297036693220622336:0']",103,0.01888305,2,2,0,0,0,535,0,528,7,5932112
1152923703631151104:536870916,108,2,"['1152921504607895552:536870916', '1297036693220622336:0']",103,0.018967997,2,2,0,0,0,535,0,528,7,5932112
1152923703631151104:536870920,108,2,"['1152921504607895552:536870920', '1297036693220622336:0']",103,0.0191427,2,2,0,0,0,535,0,528,7,5932112
1152923703631151104:536879104,103,2,"['1152921504607895552:536879104', '1297036693220622336:0']",101,0.019609728,2,2,0,0,0,535,0,528,7,5932112
1152923703631151104:536887296,107,2,"['1152921504607895552:536887296', '1297036693220622336:0']",103,0.01888305,2,2,0,0,0,535,0,528,7,5932112
1152923703631151104:570425344,106,2,"['1152921504607895552:570425344', '1297036693220622336:0']",103,0.0191427,2,2,0,0,0,535,0,528,7,5932112
1152923720811020288:536870912,105,2,"['1152921521787764736:536870912', '1297036693220622336:0']",103,0.019232547,2,2,0,0,0,535,0,528,7,5932112
1152925902653362176:536870928,106,2,"['1152921521787764736:536870912', '1297036692750860288:0']",101,0.0194248,2,2,0,0,0,535,0,528,7,5932112
1152925902653362176:536870944,102,2,"['1152921521787764736:536870912', '1297036830122704896:0']",101,0.0194248,2,2,0,0,0,535,0,528,7,5932112
1152925902653362176:536887296,100,2,"['1152921521787764736:536870912', '1297036692683767808:0']",103,0.019232547,2,2,0,0,0,535,0,528,7,5932112
1152925902653362176:805306368,101,2,"['1152921521787764736:536870912', '1297107061427929088:0']",101,0.0194248,2,2,0,0,0,535,0,528,7,5932112
1152925902654406656:34896609280,108,2,"['1152921504607895552:34896609280', '1297036692684013568:0']",102,0.018978233,2,2,0,0,0,535,0,528,7,5932112
1152925902654406656:536870916,108,2,"['1152921504607895552:536870916', '1297036692684013568:0']",102,0.019063181,2,2,0,0,0,535,0,528,7,5932112
1152925902654406656:536870920,108,2,"['1152921504607895552:536870920', '1297036692684013568:0']",102,0.019237884,2,2,0,0,0,535,0,528,7,5932112
1152925902654406656:536879104,104,2,"['1152921504607895552:536879104', '1297036692684013568:0']",101,0.019704912,2,2,0,0,0,535,0,528,7,5932112
1152925902654406656:536887296,105,2,"['1152921504607895552:536887296', '1297036692684013568:0']",102,0.018978233,2,2,0,0,0,535,0,528,7,5932112
1152925902654406656:570425344,106,2,"['1152921504607895552:570425344', '1297036692684013568:0']",102,0.019237884,2,2,0,0,0,535,0,528,7,5932112
1152925902787575810:68719476736,106,2,"['1152921504607895552:536887296', '1297036692683753472:0']",103,0.01888305,2,2,0,0,0,535,0,528,7,5932112
1152925902787575816:68719476736,105,2,"['1152921504607895552:536887296', '1297036701273686016:0']",104,0.018789697,2,2,0,0,0,535,0,528,7,5932112
1152925902787575872:68719476736,106,2,"['1152921504607895552:536887296', '1297036692683751424:4']",104,0.018789697,2,2,0,0,0,535,0,528,7,5932112
1152925902787575936:68719476736,108,2,"['1152921504607895552:536887296', '1297036692683751424:8192']",104,0.018789697,2,2,0,0,0,535,0,528,7,5932112
1152925902787592192:68719476736,106,2,"['1152921504607895552:536887296', '1297036709863620608:0']",105,0.018698121,2,2,0,0,0,535,0,528,7,5932112
1152925902787608576:68719476736,107,2,"['1152921504607895552:536887296', '1297071877055840256:0']",103,0.01888305,2,2,0,0,0,535,0,528,7,5932112
1152925902788100096:68719476736,108,2,"['1152921504607895552:536887296', '1297036692683751424:33554432']",104,0.018789697,2,2,0,0,0,535,0,528,7,5932112
1152925919833231360:536870912,101,2,"['1152921521787764736:536870912', '1297036692684013568:0']",102,0.019327731,2,2,0,0,0,535,0,528,7,5932112
1152930300834086916:68719476736,107,2,"['1152921504607895552:536879104', '1297036692687945728:0']",101,0.0194248,2,2,0,0,0,535,0,528,7,5932112
1152930300834086920:68719476736,103,2,"['1152921504607895552:536879104', '1297036701273686016:0']",101,0.019516375,2,2,0,0,0,535,0,528,7,5932112
1152930300834086976:68719476736,104,2,"['1152921504607895552:536879104', '1297036692683751424:4']",101,0.019516375,2,2,0,0,0,535,0,528,7,5932112
1152930300834087040:68719476736,100,2,"['1152921504607895552:536879104', '1297036692683751424:8192']",101,0.019516375,2,2,0,0,0,535,0,528,7,5932112
1152930300834087424:68719476736,106,2,"['1152921504607895552:536879104', '1297036692683751424:34359738368']",101,0.019160249,2,2,0,0,0,535,0,528,7,5932112
1152930300834095104:68719476736,107,2,"['1152921504607895552:536879104', '1297036692692140032:0']",101,0.019334952,2,2,0,0,0,535,0,528,7,5932112
1152930300834103296:68719476736,105,2,"['1152921504607895552:536879104', '1297036709863620608:0']",101,0.0194248,2,2,0,0,0,535,0,528,7,5932112
1152930300834119680:68719476736,103,2,"['1152921504607895552:536879104', '1297071877055840256:0']",101,0.019609728,2,2,0,0,0,535,0,528,7,5932112
1152930300834611200:68719476736,104,2,"['1152921504607895552:536879104', '1297036692683751424:33554432']",101,0.019516375,2,2,0,0,0,535,0,528,7,5932112
1152939096792896512:536870912,108,2,"['1152921504606852096:536870912', '1297036692683751488:0']",103,0.019054532,2,2,0,0,0,535,0,528,7,5932112
1152939096793939968:536870916,106,2,"['1152921504607895552:536870916', '1152939096793939968:536870912']",106,0.018693222,2,2,0,0,0,535,0,528,7,5932112
1152939096793939968:536870920,108,2,"['1152921504607895552:536870920', '1152939096793939968:536870912']",106,0.018867925,2,2,0,0,0,535,0,528,7,5932112
1152939096793939968:536870928,107,2,"['1152939096793939968:536870912', '1297036692683751424:268435456']",106,0.018867925,2,2,0,0,0,535,0,528,7,5932112
1152939096793939968:536870944,103,2,"['1152939096793939968:536870912', '1297036692683751424:131072']",102,0.019237884,2,2,0,0,0,535,0,528,7,5932112
1152939096793939968:536887296,100,2,"['1152921504607895552:536887296', '1152939096793939968:536870912']",106,0.018608274,2,2,0,0,0,535,0,528,7,5932112
1152939096793939968:536903680,101,2,"['1152939096793939968:536870912', '1297036692683751424:134217728']",100,0.019433962,2,2,0,0,0,535,0,528,7,5932112
1152939096793939968:570425344,105,2,"['1152921504607895552:570425344', '1152939096793939968:536870912']",106,0.018867925,2,2,0,0,0,535,0,528,7,5932112
1152939096793939968:671088640,104,2,"['1152939096793939968:536870912', '1297036692683751424:32768']",106,0.018867925,2,2,0,0,0,535,0,528,7,5932112
1152939096793939969:536870912,102,2,"['1152921504606852096:536870912', '1152939096793939968:536870912']",103,0.0191427,2,2,0,0,0,535,0,528,7,5932112
1152939096793939970:536870912,108,2,"['1152921504606851584:536870912', '1152939096793939968:536870912']",106,0.018867925,2,2,0,0,0,535,0,528,7,5932112
1152939096793939972:536870912,101,2,"['1152939096793939968:536870912', '10376293541461626880:16777216']",106,0.018867925,2,2,0,0,0,535,0,528,7,5932112
1152939096793939976:536870912,109,2,"['1152939096793939968:536870912', '10376293541461626880:8192']",106,0.018693222,2,2,0,0,0,535,0,528,7,5932112
1152939096793940032:536870912,104,2,"['1152939096793939968:536870912', '1315051091193233408:0']",106,0.018693222,2,2,0,0,0,535,0,528,7,5932112
1152939096793940480:536870912,105,2,"['1152939096793939968:536870912', '1297036692685848576:0']",103,0.0191427,2,2,0,0,0,535,0,528,7,5932112
1152939096793940992:536870912,100,2,"['1152939096793939968:536870912', '1297036692683752448:0']",100,0.019433962,2,2,0,0,0,535,0,528,7,5932112
1152939096793942016:536870912,101,2,"['1152921504607897600:536870912', '1152939096793939968:536870912']",104,0.019049347,2,2,0,0,0,535,0,528,7,5932112
1152939096793956352:536870912,102,2,"['1152939096793939968:536870912', '10376293541461626880:16384']",105,0.018957772,2,2,0,0,0,535,0,528,7,5932112
1152939096794071040:536870912,103,2,"['1152939096793939968:536870912', '1306043891938492416:0']",102,0.019237884,2,2,0,0,0,535,0,528,7,5932112
1152939096794202112:536870912,106,2,"['1152939096793939968:536870912', '1297041090730262528:0']",104,0.019049347,2,2,0,0,0,535,0,528,7,5932112
1152939096794464256:536870912,104,2,"['1152939096793939968:536870912', '1297036694831235072:0']",104,0.019049347,2,2,0,0,0,535,0,528,7,5932112
1152939096794992640:536870912,107,2,"['1152921504607897600:536870912', '1297036692683751488:0']",104,0.018961179,2,2,0,0,0,535,0,528,7,5932112
1152939096796037120:536870912,106,2,"['1152939096793939968:536870912', '1297036692683751936:0']",106,0.018867925,2,2,0,0,0,535,0,528,7,5932112
1152939096798134272:536870912,107,2,"['1152921504612089856:536870912', '1152939096793939968:536870912']",101,0.019334952,2,2,0,0,0,535,0,528,7,5932112
1152939096827494400:536870912,101,2,"['1152939096793939968:536870912', '10376293541461626880:32768']",105,0.018957772,2,2,0,0,0,535,0,528,7,5932112
1152939096861048832:536870912,108,2,"['1152939096793939968:536870912', '10376293541461626880:16']",105,0.018957772,2,2,0,0,0,535,0,528,7,5932112
1152939097062375424:536870912,103,2,"['1152939096793939968:536870912', '1301540292311121920:0']",101,0.019334952,2,2,0,0,0,535,0,528,7,5932112
1152939098940379136:536870912,108,2,"['1152921504616284160:536870912', '1297036692683751488:0']",104,0.018961179,2,2,0,0,0,535,0,528,7,5932112
1152939098941423616:536870912,103,2,"['1152939096793939968:536870912', '1297036692684275712:0']",103,0.0191427,2,2,0,0,0,535,0,528,7,5932112
1152939113973809152:536870912,106,2,"['1152921521787764736:536870912', '1152939096793939968:536870912']",105,0.018957772,2,2,0,0,0,535,0,528,7,5932112
1152939131153678336:536870912,108,2,"['1152939096793939968:536870912', '10376293541461626880:134217728']",106,0.018779757,2,2,0,0,0,535,0,528,7,5932112
1152939165513416704:536870912,101,2,"['1152939096793939968:536870912', '10376293541461626880:65536']",101,0.019334952,2,2,0,0,0,535,0,528,7,5932112
1152939234232893440:536870912,105,2,"['1152939096793939968:536870912', '10376293541461626880:32']",105,0.018957772,2,2,0,0,0,535,0,528,7,5932112
1152943494839406592:536870912,107,2,"['1152921521787764736:536870912', '1297036692683751488:0']",105,0.018869604,2,2,0,0,0,535,0,528,7,5932112
1152943494840451072:536870912,101,2,"['1152939096793939968:536870912', '1297036692684013568:0']",102,0.019237884,2,2,0,0,0,535,0,528,7,5932112
1153062242095206912:536870912,102,2,"['1152921504606851584:536870912', '1297037242439565312:0']",103,0.0191427,2,2,0,0,0,535,0,528,7,5932112
1153062242095207424:536870912,104,2,"['1152921504606852096:536870912', '1297037242439565312:0']",103,0.019417476,2,2,0,0,0,535,0,528,7,5932112
1153062242097303552:536870912,102,2,"['1152921504607897600:536870912', '1297037242439565312:0']",103,0.019324122,2,2,0,0,0,535,0,528,7,5932112
1153062244242690048:536870912,100,2,"['1152921504616284160:536870912', '1297037242439565312:0']",103,0.019324122,2,2,0,0,0,535,0,528,7,5932112
1153062246390173696:536870912,107,2,"['1152921504612089856:536870912', '1297037242439565312:0']",101,0.019609728,2,2,0,0,0,535,0,528,7,5932112
1153066640141717504:536870912,106,2,"['1152921521787764736:536870912', '1297037242439565312:0']",103,0.019232547,2,2,0,0,0,535,0,528,7,5932112
1155173304421580800:34896609280,107,2,"['1152921504607895552:34896609280', '1297037242439565312:0']",103,0.01888305,2,2,0,0,0,535,0,528,7,5932112
1155173304421580800:536870916,106,2,"['1152921504607895552:536870916', '1297037242439565312:0']",103,0.018967997,2,2,0,0,0,535,0,528,7,5932112
1155173304421580800:536870920,101,2,"['1152921504607895552:536870920', '1297037242439565312:0']",103,0.0191427,2,2,0,0,0,535,0,528,7,5932112
1155173304421580800:536879104,102,2,"['1152921504607895552:536879104', '1297037242439565312:0']",101,0.019609728,2,2,0,0,0,535,0,528,7,5932112
1155173304421580800:536887296,104,2,"['1152921504607895552:536887296', '1297037242439565312:0']",103,0.01888305,2,2,0,0,0,535,0,528,7,5932112
1155173304421580800:570425344,101,2,"['1152921504607895552:570425344', '1297037242439565312:0']",103,0.0191427,2,2,0,0,0,535,0,528,7,5932112
1161928703995805698:68719476736,104,2,"['1152921504607895552:536870920', '1297036692683753472:0']",103,0.0191427,2,2,0,0,0,535,0,528,7,5932112
1161928703995805704:68719476736,109,2,"['1152921504607895552:536870920', '1297036701273686016:0']",104,0.019049347,2,2,0,0,0,535,0,528,7,5932112
1161928703995805760:68719476736,106,2,"['1152921504607895552:536870920', '1297036692683751424:4']",104,0.019049347,2,2,0,0,0,535,0,528,7,5932112
1161928703995805824:68719476736,109,2,"['1152921504607895552:536870920', '1297036692683751424:8192']",104,0.019049347,2,2,0,0,0,535,0,528,7,5932112
1161928703995806208:68719476736,108,2,"['1152921504607895552:536870920', '1297036692683751424:34359738368']",106,0.018693222,2,2,0,0,0,535,0,528,7,5932112
1161928703995822080:68719476736,107,2,"['1152921504607895552:536870920', '1297036709863620608:0']",105,0.018957772,2,2,0,0,0,535,0,528,7,5932112
1161928703995838464:68719476736,102,2,"['1152921504607895552:536870920', '1297071877055840256:0']",103,0.0191427,2,2,0,0,0,535,0,528,7,5932112
1161928703996329984:68719476736,106,2,"['1152921504607895552:536870920', '1297036692683751424:33554432']",104,0.019049347,2,2,0,0,0,535,0,528,7,5932112
1170935903116333056:536870916,108,2,"['1152939096793939968:536870912', '1297036692683751440:0']",106,0.018608274,2,2,0,0,0,535,0,528,7,5932112
1170935903116333056:536870928,103,2,"['1152939096793939968:536870912', '1297036692750860288:0']",101,0.019334952,2,2,0,0,0,535,0,528,7,5932112
1170935903116333056:536870944,101,2,"['1152939096793939968:536870912', '1297036830122704896:0']",101,0.019334952,2,2,0,0,0,535,0,528,7,5932112
1170935903116333056:536879104,108,2,"['1152939096793939968:536870912', '1297036692683751432:0']",106,0.018867925,2,2,0,0,0,535,0,528,7,5932112
1170935903116333056:536903680,108,2,"['1152939096793939968:536870912', '1297036692717305856:0']",105,0.018957772,2,2,0,0,0,535,0,528,7,5932112
1170935903116333056:671088640,105,2,"['1152939096793939968:536870912', '1297036727043489792:0']",105,0.018957772,2,2,0,0,0,535,0,528,7,5932112
1170935903116333056:805306368,103,2,"['1152939096793939968:536870912', '1297107061427929088:0']",101,0.019334952,2,2,0,0,0,535,0,528,7,5932112
1170935903117377536:536879104,107,2,"['1152921504607895552:536879104', '1297036692683751488:0']",101,0.019246784,2,2,0,0,0,535,0,528,7,5932112
1170935903117377536:536887296,102,2,"['1152921504607895552:536887296', '1297036692683751488:0']",107,0.018520106,2,2,0,0,0,535,0,528,7,5932112
1170935903117377536:570425344,108,2,"['1152921504607895552:570425344', '1297036692683751488:0']",106,0.018779757,2,2,0,0,0,535,0,528,7,5932112
1170935903250546690:68719476736,106,2,"['1152921504607895552:536870916', '1297036692683753472:0']",103,0.018967997,2,2,0,0,0,535,0,528,7,5932112
1170935903250546696:68719476736,109,2,"['1152921504607895552:536870916', '1297036701273686016:0']",104,0.018874644,2,2,0,0,0,535,0,528,7,5932112
1170935903250546752:68719476736,108,2,"['1152921504607895552:536870916', '1297036692683751424:4']",104,0.018874644,2,2,0,0,0,535,0,528,7,5932112
1170935903250546816:68719476736,107,2,"['1152921504607895552:536870916', '1297036692683751424:8192']",104,0.018874644,2,2,0,0,0,535,0,528,7,5932112
1170935903250563072:68719476736,109,2,"['1152921504607895552:536870916', '1297036709863620608:0']",105,0.018783069,2,2,0,0,0,535,0,528,7,5932112
1170935903250579456:68719476736,107,2,"['1152921504607895552:536870916', '1297071877055840256:0']",103,0.018967997,2,2,0,0,0,535,0,528,7,5932112
1188950301626859520:34896609280,105,2,"['1152921504607895552:34896609280', '1188950301626859520:536870912']",95,0.019700628,2,2,0,0,0,535,0,528,7,5932112
1188950301626859520:536870916,100,2,"['1152921504607895552:536870916', '1188950301626859520:536870912']",95,0.019785575,2,2,0,0,0,535,0,528,7,5932112
1188950301626859520:536870920,101,2,"['1152921504607895552:536870920', '1188950301626859520:536870912']",95,0.019960278,2,2,0,0,0,535,0,528,7,5932112
1188950301626859520:536870928,103,2,"['1188950301626859520:536870912', '1297036692683751424:268435456']",95,0.019960278,2,2,0,0,0,535,0,528,7,5932112
1188950301626859520:536879104,101,2,"['1152921504607895552:536879104', '1188950301626859520:536870912']",95,0.020427306,2,2,0,0,0,535,0,528,7,5932112
1188950301626859520:536887296,104,2,"['1152921504607895552:536887296', '1188950301626859520:536870912']",95,0.019700628,2,2,0,0,0,535,0,528,7,5932112
1188950301626859520:536903680,100,2,"['1188950301626859520:536870912', '1297036692683751424:134217728']",95,0.020526316,2,2,0,0,0,535,0,528,7,5932112
1188950301626859520:570425344,103,2,"['1152921504607895552:570425344', '1188950301626859520:536870912']",95,0.019960278,2,2,0,0,0,535,0,528,7,5932112
1188950301626859521:536870912,100,2,"['1152921504606852096:536870912', '1188950301626859520:536870912']",95,0.020235054,2,2,0,0,0,535,0,528,7,5932112
1188950301626859522:536870912,106,2,"['1152921504606851584:536870912', '1188950301626859520:536870912']",95,0.019960278,2,2,0,0,0,535,0,528,7,5932112
1188950301626859524:536870912,107,2,"['1188950301626859520:536870912', '10376293541461626880:16777216']",95,0.019960278,2,2,0,0,0,535,0,528,7,5932112
1188950301626859528:536870912,102,2,"['1188950301626859520:536870912', '10376293541461626880:8192']",95,0.019785575,2,2,0,0,0,535,0,528,7,5932112
1188950301626859536:536870912,104,2,"['1188950301626859520:536870912', '10376293541461626880:4']",95,0.020235054,2,2,0,0,0,535,0,528,7,5932112
1188950301626859584:536870912,107,2,"['1188950301626859520:536870912', '1315051091193233408:0']",95,0.019785575,2,2,0,0,0,535,0,528,7,5932112
1188950301626859648:536870912,107,2,"['1188950301626859520:536870912', '1297045488776773632:0']",95,0.019785575,2,2,0,0,0,535,0,528,7,5932112
1188950301626859776:536870912,104,2,"['1188950301626859520:536870912', '1297036696978718720:0']",95,0.020235054,2,2,0,0,0,535,0,528,7,5932112
1188950301626860032:536870912,104,2,"['1188950301626859520:536870912', '1297036692685848576:0']",95,0.020235054,2,2,0,0,0,535,0,528,7,5932112
1188950301626861568:536870912,102,2,"['1152921504607897600:536870912', '1188950301626859520:536870912']",95,0.0201417,2,2,0,0,0,535,0,528,7,5932112
1188950301626875904:536870912,103,2,"['1188950301626859520:536870912', '10376293541461626880:16384']",95,0.020050125,2,2,0,0,0,535,0,528,7,5932112
1188950301626990592:536870912,102,2,"['1188950301626859520:536870912', '1306043891938492416:0']",95,0.020330237,2,2,0,0,0,535,0,528,7,5932112
1188950301627121664:536870912,105,2,"['1188950301626859520:536870912', '1297041090730262528:0']",95,0.0201417,2,2,0,0,0,535,0,528,7,5932112
1188950301627383808:536870912,103,2,"['1188950301626859520:536870912', '1297036694831235072:0']",95,0.0201417,2,2,0,0,0,535,0,528,7,5932112
1188950301628956672:536870912,105,2,"['1188950301626859520:536870912', '1297036692683751936:0']",95,0.019960278,2,2,0,0,0,535,0,528,7,5932112
1188950301635248128:536870912,105,2,"['1152921504616284160:536870912', '1188950301626859520:536870912']",95,0.0201417,2,2,0,0,0,535,0,528,7,5932112
1188950301693968384:536870912,106,2,"['1188950301626859520:536870912', '10376293541461626880:16']",95,0.020050125,2,2,0,0,0,535,0,528,7,5932112
1188950303774343168:536870912,100,2,"['1188950301626859520:536870912', '1297036692684275712:0']",95,0.020235054,2,2,0,0,0,535,0,528,7,5932112
1188950318806728704:536870912,104,2,"['1152921521787764736:536870912', '1188950301626859520:536870912']",95,0.020050125,2,2,0,0,0,535,0,528,7,5932112
1188950335986597888:536870912,102,2,"['1188950301626859520:536870912', '10376293541461626880:134217728']",95,0.01987211,2,2,0,0,0,535,0,528,7,5932112
1188950439065812992:536870912,101,2,"['1188950301626859520:536870912', '10376293541461626880:32']",95,0.020050125,2,2,0,0,0,535,0,528,7,5932112
1188954699673370624:536870912,104,2,"['1188950301626859520:536870912', '1297036692684013568:0']",95,0.020330237,2,2,0,0,0,535,0,528,7,5932112
1191202101440544768:536870912,100,2,"['1188950301626859520:536870912', '1297037242439565312:0']",95,0.020235054,2,2,0,0,0,535,0,528,7,5932112
1206964700136341504:536870912,106,2,"['1188950301626859520:536870912', '1297036692683751488:0']",95,0.01987211,2,2,0,0,0,535,0,528,7,5932112
1297036692682703872:17626545782784,105,2,"['1152921504606852096:536870912', '1297036692683753472:0']",103,0.019417476,2,2,0,0,0,535,0,528,7,5932112
1297036692683751424:1028,107,2,"['1297036692683751424:4', '10376293541461626880:16']",104,0.019139194,2,2,0,0,0,535,0,528,7,5932112
1297036692683751424:12288,107,2,"['1297036692683751424:8192', '10376293541461626880:4']",103,0.019324122,2,2,0,0,0,535,0,528,7,5932112
1297036692683751424:131076,103,2,"['1297036692683751424:4', '1297036692683751424:131072']",102,0.019419306,2,2,0,0,0,535,0,528,7,5932112
1297036692683751424:132096,105,2,"['1297036692683751424:131072', '10376293541461626880:16']",102,0.019327731,2,2,0,0,0,535,0,528,7,5932112
1297036692683751424:134217732,103,2,"['1297036692683751424:4', '1297036692683751424:134217728']",100,0.019615385,2,2,0,0,0,535,0,528,7,5932112
1297036692683751424:134218240,107,2,"['1297036692683751424:134217728', '10376293541461626880:32']",100,0.01952381,2,2,0,0,0,535,0,528,7,5932112
1297036692683751424:134225920,108,2,"['1297036692683751424:8192', '1297036692683751424:134217728']",100,0.019615385,2,2,0,0,0,535,0,528,7,5932112
1297036692683751424:134250496,104,2,"['1297036692683751424:32768', '1297036692683751424:134217728']",100,0.019433962,2,2,0,0,0,535,0,528,7,5932112
1297036692683751424:134479872,106,2,"['1297036692683751424:262144', '1297036692683751424:134217728']",100,0.019708738,2,2,0,0,0,535,0,528,7,5932112
1297036692683751424:135168,105,2,"['1297036692683751424:131072', '10376293541461626880:4']",102,0.019512659,2,2,0,0,0,535,0,528,7,5932112
1297036692683751424:135266304,104,2,"['1297036692683751424:134217728', '10376293541461626880:65536']",100,0.01990099,2,2,0,0,0,535,0,528,7,5932112
1297036692683751424:136314880,103,2,"['1297036692683751424:134217728', '10376293541461626880:32768']",100,0.01952381,2,2,0,0,0,535,0,528,7,5932112
1297036692683751424:138412032,106,2,"['1297036692683751424:134217728', '10376293541461626880:16384']",100,0.01952381,2,2,0,0,0,535,0,528,7,5932112
1297036692683751424:139264,103,2,"['1297036692683751424:8192', '1297036692683751424:131072']",102,0.019419306,2,2,0,0,0,535,0,528,7,5932112
1297036692683751424:163840,103,2,"['1297036692683751424:32768', '1297036692683751424:131072']",102,0.019237884,2,2,0,0,0,535,0,528,7,5932112
1297036692683751424:2105344,105,2,"['1297036692683751424:8192', '10376293541461626880:32768']",104,0.019139194,2,2,0,0,0,535,0,528,7,5932112
1297036692683751424:2129920,102,2,"['1297036692683751424:32768', '10376293541461626880:32768']",105,0.018957772,2,2,0,0,0,535,0,528,7,5932112
1297036692683751424:2181038080,109,2,"['1297036692683751424:33554432', '10376293541461626880:134217728']",104,0.018961179,2,2,0,0,0,535,0,528,7,5932112
1297036692683751424:262148,106,2,"['1297036692683751424:4', '1297036692683751424:262144']",103,0.019324122,2,2,0,0,0,535,0,528,7,5932112
1297036692683751424:268435460,109,2,"['1297036692683751424:4', '1297036692683751424:268435456']",104,0.019049347,2,2,0,0,0,535,0,528,7,5932112
1297036692683751424:268435968,103,2,"['1297036692683751424:268435456', '10376293541461626880:32']",105,0.018957772,2,2,0,0,0,535,0,528,7,5932112
1297036692683751424:268436480,106,2,"['1297036692683751424:268435456', '10376293541461626880:16']",105,0.018957772,2,2,0,0,0,535,0,528,7,5932112
1297036692683751424:268439552,109,2,"['1297036692683751424:268435456', '10376293541461626880:4']",103,0.0191427,2,2,0,0,0,535,0,528,7,5932112
1297036692683751424:268443648,108,2,"['1297036692683751424:8192', '1297036692683751424:268435456']",104,0.019049347,2,2,0,0,0,535,0,528,7,5932112
1297036692683751424:268468224,109,2,"['1297036692683751424:32768', '1297036692683751424:268435456']",106,0.018867925,2,2,0,0,0,535,0,528,7,5932112
1297036692683751424:268697600,103,2,"['1297036692683751424:262144', '1297036692683751424:268435456']",103,0.0191427,2,2,0,0,0,535,0,528,7,5932112
1297036692683751424:269484032,106,2,"['1297036692683751424:268435456', '10376293541461626880:65536']",101,0.019334952,2,2,0,0,0,535,0,528,7,5932112
1297036692683751424:270336,100,2,"['1297036692683751424:8192', '1297036692683751424:262144']",103,0.019324122,2,2,0,0,0,535,0,528,7,5932112
1297036692683751424:270532608,108,2,"['1297036692683751424:268435456', '10376293541461626880:32768']",105,0.018957772,2,2,0,0,0,535,0,528,7,5932112
1297036692683751424:272629760,107,2,"['1297036692683751424:268435456', '10376293541461626880:16384']",105,0.018957772,2,2,0,0,0,535,0,528,7,5932112
1297036692683751424:276824064,107,2,"['1297036692683751424:268435456', '10376293541461626880:8192']",106,0.018693222,2,2,0,0,0,535,0,528,7,5932112
1297036692683751424:301989888,109,2,"['1297036692683751424:33554432', '1297036692683751424:268435456']",104,0.019049347,2,2,0,0,0,535,0,528,7,5932112
1297036692683751424:32772,108,2,"['1297036692683751424:4', '1297036692683751424:32768']",104,0.019049347,2,2,0,0,0,535,0,528,7,5932112
1297036692683751424:33280,107,2,"['1297036692683751424:32768', '10376293541461626880:32']",105,0.018957772,2,2,0,0,0,535,0,528,7,5932112
1297036692683751424:33554436,104,2,"['1297036692683751424:4', '1297036692683751424:33554432']",104,0.019230769,2,2,0,0,0,535,0,528,7,5932112
1297036692683751424:33554944,103,2,"['1297036692683751424:33554432', '10376293541461626880:32']",104,0.019139194,2,2,0,0,0,535,0,528,7,5932112
1297036692683751424:33558528,109,2,"['1297036692683751424:33554432', '10376293541461626880:4']",103,0.019324122,2,2,0,0,0,535,0,528,7,5932112
1297036692683751424:33562624,103,2,"['1297036692683751424:8192', '1297036692683751424:33554432']",104,0.019230769,2,2,0,0,0,535,0,528,7,5932112
1297036692683751424:33587200,108,2,"['1297036692683751424:32768', '1297036692683751424:33554432']",104,0.019049347,2,2,0,0,0,535,0,528,7,5932112
1297036692683751424:33685504,101,2,"['1297036692683751424:131072', '1297036692683751424:33554432']",102,0.019419306,2,2,0,0,0,535,0,528,7,5932112
1297036692683751424:33816576,107,2,"['1297036692683751424:262144', '1297036692683751424:33554432']",103,0.019324122,2,2,0,0,0,535,0,528,7,5932112
1297036692683751424:34359738372,105,2,"['1297036692683751424:4', '1297036692683751424:34359738368']",104,0.018874644,2,2,0,0,0,535,0,528,7,5932112
1297036692683751424:34359738880,105,2,"['1297036692683751424:34359738368', '10376293541461626880:32']",105,0.018783069,2,2,0,0,0,535,0,528,7,5932112
1297036692683751424:34359742464,109,2,"['1297036692683751424:34359738368', '10376293541461626880:4']",103,0.018967997,2,2,0,0,0,535,0,528,7,5932112
1297036692683751424:34359746560,106,2,"['1297036692683751424:8192', '1297036692683751424:34359738368']",104,0.018874644,2,2,0,0,0,535,0,528,7,5932112
1297036692683751424:34359771136,109,2,"['1297036692683751424:32768', '1297036692683751424:34359738368']",106,0.018693222,2,2,0,0,0,535,0,528,7,5932112
1297036692683751424:34359869440,106,2,"['1297036692683751424:131072', '1297036692683751424:34359738368']",102,0.019063181,2,2,0,0,0,535,0,528,7,5932112
1297036692683751424:34360000512,107,2,"['1297036692683751424:262144', '1297036692683751424:34359738368']",103,0.018967997,2,2,0,0,0,535,0,528,7,5932112
1297036692683751424:34360786944,106,2,"['1297036692683751424:34359738368', '10376293541461626880:65536']",101,0.019160249,2,2,0,0,0,535,0,528,7,5932112
1297036692683751424:34361835520,109,2,"['1297036692683751424:34359738368', '10376293541461626880:32768']",105,0.018783069,2,2,0,0,0,535,0,528,7,5932112
1297036692683751424:34363932672,108,2,"['1297036692683751424:34359738368', '10376293541461626880:16384']",105,0.018783069,2,2,0,0,0,535,0,528,7,5932112
1297036692683751424:34393292800,109,2,"['1297036692683751424:33554432', '1297036692683751424:34359738368']",104,0.018874644,2,2,0,0,0,535,0,528,7,5932112
1297036692683751424:34493956096,107,2,"['1297036692683751424:134217728', '1297036692683751424:34359738368']",100,0.019259259,2,2,0,0,0,535,0,528,7,5932112
1297036692683751424:34603008,106,2,"['1297036692683751424:33554432', '10376293541461626880:65536']",101,0.019516375,2,2,0,0,0,535,0,528,7,5932112
1297036692683751424:34896609280,107,2,"['1152921504607895552:34896609280', '1297036692683751424:34359738368']",108,0.018433571,2,2,0,0,0,535,0,528,7,5932112
1297036692683751424:35651584,102,2,"['1297036692683751424:33554432', '10376293541461626880:32768']",104,0.019139194,2,2,0,0,0,535,0,528,7,5932112
1297036692683751424:36864,105,2,"['1297036692683751424:32768', '10376293541461626880:4']",103,0.0191427,2,2,0,0,0,535,0,528,7,5932112
1297036692683751424:37748736,107,2,"['1297036692683751424:33554432', '10376293541461626880:16384']",104,0.019139194,2,2,0,0,0,535,0,528,7,5932112
1297036692683751424:40960,107,2,"['1297036692683751424:8192', '1297036692683751424:32768']",104,0.019049347,2,2,0,0,0,535,0,528,7,5932112
1297036692683751424:4100,105,2,"['1297036692683751424:4', '10376293541461626880:4']",103,0.019324122,2,2,0,0,0,535,0,528,7,5932112
1297036692683751424:4202496,104,2,"['1297036692683751424:8192', '10376293541461626880:16384']",104,0.019139194,2,2,0,0,0,535,0,528,7,5932112
1297036692683751424:536870916,104,2,"['1152921504607895552:536870916', '1297036692683751424:4']",104,0.018874644,2,2,0,0,0,535,0,528,7,5932112
1297036692683751424:536903680,101,2,"['1297036692683751424:32768', '1297036692683751424:134217728']",100,0.019433962,2,2,0,0,0,535,0,528,7,5932112
1297036692683751424:570425344,100,2,"['1152921504607895552:570425344', '1297036692683751424:33554432']",104,0.019049347,2,2,0,0,0,535,0,528,7,5932112
1297036692683751424:8196,101,2,"['1297036692683751424:4', '1297036692683751424:8192']",104,0.019230769,2,2,0,0,0,535,0,528,7,5932112
1297036692683751424:8396800,108,2,"['1297036692683751424:8192', '10376293541461626880:8192']",104,0.018874644,2,2,0,0,0,535,0,528,7,5932112
1297036692683751424:8704,105,2,"['1297036692683751424:8192', '10376293541461626880:32']",104,0.019139194,2,2,0,0,0,535,0,528,7,5932112
1297036692683751424:9216,106,2,"['1297036692683751424:8192', '10376293541461626880:16']",104,0.019139194,2,2,0,0,0,535,0,528,7,5932112
1297036692683751426:131072,104,2,"['1297036692683751424:131072', '1297036692683751426:0']",102,0.019149716,2,2,0,0,0,535,0,528,7,5932112
1297036692683751426:134217728,109,2,"['1297036692683751424:134217728', '1297036692683751426:0']",100,0.019345794,2,2,0,0,0,535,0,528,7,5932112
1297036692683751426:262144,101,2,"['1297036692683751424:262144', '1297036692683751426:0']",103,0.019054532,2,2,0,0,0,535,0,528,7,5932112
1297036692683751426:32768,109,2,"['1297036692683751424:32768', '1297036692683751426:0']",106,0.018779757,2,2,0,0,0,535,0,528,7,5932112
1297036692683751426:33554432,107,2,"['1297036692683751424:33554432', '1297036692683751426:0']",104,0.018961179,2,2,0,0,0,535,0,528,7,5932112
1297036692683751426:34359738368,107,2,"['1297036692683751424:34359738368', '1297036692683751426:0']",107,0.018605054,2,2,0,0,0,535,0,528,7,5932112
1297036692683751426:4,108,2,"['1297036692683751424:4', '1297036692683751426:0']",104,0.018961179,2,2,0,0,0,535,0,528,7,5932112
1297036692683751426:536870912,104,2,"['1152921504606851584:536870912', '1297036692683751426:0']",106,0.018779757,2,2,0,0,0,535,0,528,7,5932112
1297036692683751426:8192,108,2,"['1297036692683751424:8192', '1297036692683751426:0']",104,0.018961179,2,2,0,0,0,535,0,528,7,5932112
1297036692683751432:131072,104,2,"['1297036692683751424:131072', '1297036692683751432:0']",102,0.019237884,2,2,0,0,0,535,0,528,7,5932112
1297036692683751432:134217728,107,2,"['1297036692683751424:134217728', '1297036692683751432:0']",100,0.019433962,2,2,0,0,0,535,0,528,7,5932112
1297036692683751432:262144,108,2,"['1297036692683751424:262144', '1297036692683751432:0']",103,0.0191427,2,2,0,0,0,535,0,528,7,5932112
1297036692683751432:268435456,107,2,"['1297036692683751424:268435456', '1297036692683751432:0']",106,0.018867925,2,2,0,0,0,535,0,528,7,5932112
1297036692683751432:4,109,2,"['1297036692683751424:4', '1297036692683751432:0']",104,0.019049347,2,2,0,0,0,535,0,528,7,5932112
1297036692683751432:536870912,107,2,"['1297036692683751432:0', '10376293541461626880:8192']",106,0.018693222,2,2,0,0,0,535,0,528,7,5932112
1297036692683751432:8192,106,2,"['1297036692683751424:8192', '1297036692683751432:0']",104,0.019049347,2,2,0,0,0,535,0,528,7,5932112
1297036692683751440:134217728,107,2,"['1297036692683751424:134217728', '1297036692683751440:0']",100,0.019174312,2,2,0,0,0,535,0,528,7,5932112
1297036692683751440:262144,108,2,"['1297036692683751424:262144', '1297036692683751440:0']",103,0.01888305,2,2,0,0,0,535,0,528,7,5932112
1297036692683751440:268435456,108,2,"['1297036692683751424:268435456', '1297036692683751440:0']",106,0.018608274,2,2,0,0,0,535,0,528,7,5932112
1297036692683751440:4,106,2,"['1297036692683751424:4', '1297036692683751440:0']",104,0.018789697,2,2,0,0,0,535,0,528,7,5932112
1297036692683751440:536870912,104,2,"['1297036692683751440:0', '10376293541461626880:4']",103,0.01888305,2,2,0,0,0,535,0,528,7,5932112
1297036692683751440:8192,101,2,"['1297036692683751424:8192', '1297036692683751440:0']",104,0.018789697,2,2,0,0,0,535,0,528,7,5932112
1297036692683751442:0,108,2,"['1297036692683751426:0', '1297036692683751440:0']",107,0.018520106,2,2,0,0,0,535,0,528,7,5932112
1297036692683751488:131072,104,2,"['1297036692683751424:131072', '1297036692683751488:0']",102,0.019149716,2,2,0,0,0,535,0,528,7,5932112
1297036692683751488:134217728,109,2,"['1297036692683751424:134217728', '1297036692683751488:0']",100,0.019345794,2,2,0,0,0,535,0,528,7,5932112
1297036692683751488:262144,107,2,"['1297036692683751424:262144', '1297036692683751488:0']",103,0.019054532,2,2,0,0,0,535,0,528,7,5932112
1297036692683751488:32768,106,2,"['1297036692683751424:32768', '1297036692683751488:0']",106,0.018779757,2,2,0,0,0,535,0,528,7,5932112
1297036692683751488:34359738368,109,2,"['1297036692683751424:34359738368', '1297036692683751488:0']",107,0.018605054,2,2,0,0,0,535,0,528,7,5932112
1297036692683751488:4,106,2,"['1297036692683751424:4', '1297036692683751488:0']",104,0.018961179,2,2,0,0,0,535,0,528,7,5932112
1297036692683751488:536870912,106,2,"['1297036692683751488:0', '1315051091193233408:0']",107,0.018605054,2,2,0,0,0,535,0,528,7,5932112
1297036692683751488:8192,108,2,"['1297036692683751424:8192', '1297036692683751488:0']",104,0.018961179,2,2,0,0,0,535,0,528,7,5932112
1297036692683751496:0,107,2,"['1297036692683751432:0', '1297036692683751488:0']",106,0.018779757,2,2,0,0,0,535,0,528,7,5932112
1297036692683751504:0,108,2,"['1297036692683751440:0', '1297036692683751488:0']",107,0.018520106,2,2,0,0,0,535,0,528,7,5932112
1297036692683751936:131072,104,2,"['1297036692683751424:131072', '1297036692683751936:0']",102,0.019237884,2,2,0,0,0,535,0,528,7,5932112
1297036692683751936:134217728,108,2,"['1297036692683751424:134217728', '1297036692683751936:0']",100,0.019433962,2,2,0,0,0,535,0,528,7,5932112
1297036692683751936:262144,106,2,"['1297036692683751424:262144', '1297036692683751936:0']",103,0.0191427,2,2,0,0,0,535,0,528,7,5932112
1297036692683751936:268435456,109,2,"['1297036692683751424:268435456', '1297036692683751936:0']",106,0.018867925,2,2,0,0,0,535,0,528,7,5932112
1297036692683751936:32768,103,2,"['1297036692683751424:32768', '1297036692683751936:0']",106,0.018867925,2,2,0,0,0,535,0,528,7,5932112
1297036692683751936:33554432,106,2,"['1297036692683751424:33554432', '1297036692683751936:0']",104,0.019049347,2,2,0,0,0,535,0,528,7,5932112
1297036692683751936:34359738368,105,2,"['1297036692683751424:34359738368', '1297036692683751936:0']",106,0.018693222,2,2,0,0,0,535,0,528,7,5932112
1297036692683751936:4,107,2,"['1297036692683751424:4', '1297036692683751936:0']",104,0.019049347,2,2,0,0,0,535,0,528,7,5932112
1297036692683751936:536870912,104,2,"['1297036692683751936:0', '1297036692685848576:0']",103,0.0191427,2,2,0,0,0,535,0,528,7,5932112
1297036692683751936:8192,107,2,"['1297036692683751424:8192', '1297036692683751936:0']",104,0.019049347,2,2,0,0,0,535,0,528,7,5932112
1297036692683751938:0,105,2,"['1297036692683751426:0', '1297036692683751936:0']",106,0.018779757,2,2,0,0,0,535,0,528,7,5932112
1297036692683751944:0,106,2,"['1297036692683751432:0', '1297036692683751936:0']",106,0.018867925,2,2,0,0,0,535,0,528,7,5932112
1297036692683751952:0,105,2,"['1297036692683751440:0', '1297036692683751936:0']",106,0.018608274,2,2,0,0,0,535,0,528,7,5932112
1297036692683752000:0,104,2,"['1297036692683751488:0', '1297036692683751936:0']",106,0.018779757,2,2,0,0,0,535,0,528,7,5932112
1297036692683752448:131072,100,2,"['1297036692683751424:131072', '1297036692683752448:0']",100,0.019803922,2,2,0,0,0,535,0,528,7,5932112
1297036692683752448:134217728,103,2,"['1297036692683751424:134217728', '1297036692683752448:0']",100,0.02,2,2,0,0,0,535,0,528,7,5932112
1297036692683752448:262144,101,2,"['1297036692683751424:262144', '1297036692683752448:0']",100,0.019708738,2,2,0,0,0,535,0,528,7,5932112
1297036692683752448:268435456,104,2,"['1297036692683751424:268435456', '1297036692683752448:0']",100,0.019433962,2,2,0,0,0,535,0,528,7,5932112
1297036692683752448:32768,103,2,"['1297036692683751424:32768', '1297036692683752448:0']",100,0.019433962,2,2,0,0,0,535,0,528,7,5932112
1297036692683752448:33554432,104,2,"['1297036692683751424:33554432', '1297036692683752448:0']",100,0.019615385,2,2,0,0,0,535,0,528,7,5932112
1297036692683752448:34359738368,104,2,"['1297036692683751424:34359738368', '1297036692683752448:0']",100,0.019259259,2,2,0,0,0,535,0,528,7,5932112
1297036692683752448:4,101,2,"['1297036692683751424:4', '1297036692683752448:0']",100,0.019615385,2,2,0,0,0,535,0,528,7,5932112
1297036692683752448:8192,103,2,"['1297036692683751424:8192', '1297036692683752448:0']",100,0.019615385,2,2,0,0,0,535,0,528,7,5932112
1297036692683752456:0,100,2,"['1297036692683751432:0', '1297036692683752448:0']",100,0.019433962,2,2,0,0,0,535,0,528,7,5932112
1297036692683752464:0,100,2,"['1297036692683751440:0', '1297036692683752448:0']",100,0.019174312,2,2,0,0,0,535,0,528,7,5932112
1297036692683753472:131072,100,2,"['1297036692683751424:131072', '1297036692683753472:0']",102,0.019512659,2,2,0,0,0,535,0,528,7,5932112
1297036692683753472:134217728,105,2,"['1297036692683751424:134217728', '1297036692683753472:0']",100,0.019708738,2,2,0,0,0,535,0,528,7,5932112
1297036692683753472:262144,103,2,"['1297036692683751424:262144', '1297036692683753472:0']",103,0.019417476,2,2,0,0,0,535,0,528,7,5932112
1297036692683753472:268435456,106,2,"['1297036692683751424:268435456', '1297036692683753472:0']",103,0.0191427,2,2,0,0,0,535,0,528,7,5932112
1297036692683753472:32768,105,2,"['1297036692683751424:32768', '1297036692683753472:0']",103,0.0191427,2,2,0,0,0,535,0,528,7,5932112
1297036692683753472:33554432,104,2,"['1297036692683751424:33554432', '1297036692683753472:0']",103,0.019324122,2,2,0,0,0,535,0,528,7,5932112
1297036692683753472:34359738368,104,2,"['1297036692683751424:34359738368', '1297036692683753472:0']",103,0.018967997,2,2,0,0,0,535,0,528,7,5932112
1297036692683753472:4,100,2,"['1297036692683751424:4', '1297036692683753472:0']",103,0.019324122,2,2,0,0,0,535,0,528,7,5932112
1297036692683753472:536870912,102,2,"['1152921504607897600:536870912', '1297036692683753472:0']",103,0.019324122,2,2,0,0,0,535,0,528,7,5932112
1297036692683753472:8192,102,2,"['1297036692683751424:8192', '1297036692683753472:0']",103,0.019324122,2,2,0,0,0,535,0,528,7,5932112
1297036692683753480:0,106,2,"['1297036692683751432:0', '1297036692683753472:0']",103,0.0191427,2,2,0,0,0,535,0,528,7,5932112
1297036692683753488:0,106,2,"['1297036692683751440:0', '1297036692683753472:0']",103,0.01888305,2,2,0,0,0,535,0,528,7,5932112
1297036692683753536:0,105,2,"['1297036692683751488:0', '1297036692683753472:0']",103,0.019054532,2,2,0,0,0,535,0,528,7,5932112
1297036692683754496:0,100,2,"['1297036692683752448:0', '1297036692683753472:0']",100,0.019708738,2,2,0,0,0,535,0,528,7,5932112
1297036692683767808:131072,100,2,"['1297036692683751424:131072', '1297036692683767808:0']",102,0.019512659,2,2,0,0,0,535,0,528,7,5932112
1297036692683767808:262144,102,2,"['1297036692683751424:262144', '1297036692683767808:0']",103,0.019417476,2,2,0,0,0,535,0,528,7,5932112
1297036692683767808:268435456,102,2,"['1297036692683751424:268435456', '1297036692683767808:0']",103,0.0191427,2,2,0,0,0,535,0,528,7,5932112
1297036692683767808:32768,105,2,"['1297036692683751424:32768', '1297036692683767808:0']",103,0.0191427,2,2,0,0,0,535,0,528,7,5932112
1297036692683767808:33554432,107,2,"['1297036692683751424:33554432', '1297036692683767808:0']",103,0.019324122,2,2,0,0,0,535,0,528,7,5932112
1297036692683767808:34359738368,107,2,"['1297036692683751424:34359738368', '1297036692683767808:0']",103,0.018967997,2,2,0,0,0,535,0,528,7,5932112
1297036692683767808:4,105,2,"['1297036692683751424:4', '1297036692683767808:0']",103,0.019324122,2,2,0,0,0,535,0,528,7,5932112
1297036692683767808:536870912,102,2,"['1297036692683767808:0', '10376293541461626880:16384']",103,0.019232547,2,2,0,0,0,535,0,528,7,5932112
1297036692683767808:8192,104,2,"['1297036692683751424:8192', '1297036692683767808:0']",103,0.019324122,2,2,0,0,0,535,0,528,7,5932112
1297036692683767810:0,106,2,"['1297036692683751426:0', '1297036692683767808:0']",103,0.019054532,2,2,0,0,0,535,0,528,7,5932112
1297036692683767816:0,106,2,"['1297036692683751432:0', '1297036692683767808:0']",103,0.0191427,2,2,0,0,0,535,0,528,7,5932112
1297036692683767824:0,101,2,"['1297036692683751440:0', '1297036692683767808:0']",103,0.01888305,2,2,0,0,0,535,0,528,7,5932112
1297036692683768320:0,104,2,"['1297036692683751936:0', '1297036692683767808:0']",103,0.0191427,2,2,0,0,0,535,0,528,7,5932112
1297036692684013568:131072,100,2,"['1297036692683751424:131072', '1297036692684013568:0']",102,0.019607843,2,2,0,0,0,535,0,528,7,5932112
1297036692684013568:134217728,107,2,"['1297036692683751424:134217728', '1297036692684013568:0']",100,0.019803922,2,2,0,0,0,535,0,528,7,5932112
1297036692684013568:262144,105,2,"['1297036692683751424:262144', '1297036692684013568:0']",102,0.019512659,2,2,0,0,0,535,0,528,7,5932112
1297036692684013568:268435456,108,2,"['1297036692683751424:268435456', '1297036692684013568:0']",102,0.019237884,2,2,0,0,0,535,0,528,7,5932112
1297036692684013568:32768,107,2,"['1297036692683751424:32768', '1297036692684013568:0']",102,0.019237884,2,2,0,0,0,535,0,528,7,5932112
1297036692684013568:33554432,108,2,"['1297036692683751424:33554432', '1297036692684013568:0']",102,0.019419306,2,2,0,0,0,535,0,528,7,5932112
1297036692684013568:34359738368,108,2,"['1297036692683751424:34359738368', '1297036692684013568:0']",102,0.019063181,2,2,0,0,0,535,0,528,7,5932112
1297036692684013568:4,106,2,"['1297036692683751424:4', '1297036692684013568:0']",102,0.019419306,2,2,0,0,0,535,0,528,7,5932112
1297036692684013568:536870912,104,2,"['1297036692684013568:0', '1297041090730262528:0']",102,0.019419306,2,2,0,0,0,535,0,528,7,5932112
1297036692684013568:8192,107,2,"['1297036692683751424:8192', '1297036692684013568:0']",102,0.019419306,2,2,0,0,0,535,0,528,7,5932112
1297036692684013570:0,107,2,"['1297036692683751426:0', '1297036692684013568:0']",102,0.019149716,2,2,0,0,0,535,0,528,7,5932112
1297036692684013576:0,108,2,"['1297036692683751432:0', '1297036692684013568:0']",102,0.019237884,2,2,0,0,0,535,0,528,7,5932112
1297036692684013584:0,108,2,"['1297036692683751440:0', '1297036692684013568:0']",102,0.018978233,2,2,0,0,0,535,0,528,7,5932112
1297036692684013632:0,105,2,"['1297036692683751488:0', '1297036692684013568:0']",102,0.019149716,2,2,0,0,0,535,0,528,7,5932112
1297036692684014080:0,106,2,"['1297036692683751936:0', '1297036692684013568:0']",102,0.019237884,2,2,0,0,0,535,0,528,7,5932112
1297036692684275712:131072,102,2,"['1297036692683751424:131072', '1297036692684275712:0']",102,0.019512659,2,2,0,0,0,535,0,528,7,5932112
1297036692684275712:134217728,106,2,"['1297036692683751424:134217728', '1297036692684275712:0']",100,0.019708738,2,2,0,0,0,535,0,528,7,5932112
1297036692684275712:262144,102,2,"['1297036692683751424:262144', '1297036692684275712:0']",103,0.019417476,2,2,0,0,0,535,0,528,7,5932112
1297036692684275712:268435456,102,2,"['1297036692683751424:268435456', '1297036692684275712:0']",103,0.0191427,2,2,0,0,0,535,0,528,7,5932112
1297036692684275712:32768,101,2,"['1297036692683751424:32768', '1297036692684275712:0']",103,0.0191427,2,2,0,0,0,535,0,528,7,5932112
1297036692684275712:33554432,103,2,"['1297036692683751424:33554432', '1297036692684275712:0']",103,0.019324122,2,2,0,0,0,535,0,528,7,5932112
1297036692684275712:34359738368,102,2,"['1297036692683751424:34359738368', '1297036692684275712:0']",103,0.018967997,2,2,0,0,0,535,0,528,7,5932112
1297036692684275712:4,105,2,"['1297036692683751424:4', '1297036692684275712:0']",103,0.019324122,2,2,0,0,0,535,0,528,7,5932112
1297036692684275712:536870912,103,2,"['1297036692684275712:0', '1297036694831235072:0']",103,0.019324122,2,2,0,0,0,535,0,528,7,5932112
1297036692684275712:8192,104,2,"['1297036692683751424:8192', '1297036692684275712:0']",103,0.019324122,2,2,0,0,0,535,0,528,7,5932112
1297036692684275714:0,106,2,"['1297036692683751426:0', '1297036692684275712:0']",103,0.019054532,2,2,0,0,0,535,0,528,7,5932112
1297036692684275720:0,102,2,"['1297036692683751432:0', '1297036692684275712:0']",103,0.0191427,2,2,0,0,0,535,0,528,7,5932112
1297036692684275728:0,107,2,"['1297036692683751440:0', '1297036692684275712:0']",103,0.01888305,2,2,0,0,0,535,0,528,7,5932112
1297036692684275776:0,106,2,"['1297036692683751488:0', '1297036692684275712:0']",103,0.019054532,2,2,0,0,0,535,0,528,7,5932112
1297036692684276224:0,104,2,"['1297036692683751936:0', '1297036692684275712:0']",103,0.0191427,2,2,0,0,0,535,0,528,7,5932112
1297036692685848576:262144,105,2,"['1297036692683751424:262144', '1297036692685848576:0']",103,0.019417476,2,2,0,0,0,535,0,528,7,5932112
1297036692685848576:268435456,108,2,"['1297036692683751424:268435456', '1297036692685848576:0']",103,0.0191427,2,2,0,0,0,535,0,528,7,5932112
1297036692685848576:32768,106,2,"['1297036692683751424:32768', '1297036692685848576:0']",103,0.0191427,2,2,0,0,0,535,0,528,7,5932112
1297036692685848576:33554432,105,2,"['1297036692683751424:33554432', '1297036692685848576:0']",103,0.019324122,2,2,0,0,0,535,0,528,7,5932112
1297036692685848576:34359738368,108,2,"['1297036692683751424:34359738368', '1297036692685848576:0']",103,0.018967997,2,2,0,0,0,535,0,528,7,5932112
1297036692685848576:4,102,2,"['1297036692683751424:4', '1297036692685848576:0']",103,0.019324122,2,2,0,0,0,535,0,528,7,5932112
1297036692685848576:8192,105,2,"['1297036692683751424:8192', '1297036692685848576:0']",103,0.019324122,2,2,0,0,0,535,0,528,7,5932112
1297036692685848578:0,104,2,"['1297036692683751426:0', '1297036692685848576:0']",103,0.019054532,2,2,0,0,0,535,0,528,7,5932112
1297036692685848584:0,108,2,"['1297036692683751432:0', '1297036692685848576:0']",103,0.0191427,2,2,0,0,0,535,0,528,7,5932112
1297036692685848592:0,108,2,"['1297036692683751440:0', '1297036692685848576:0']",103,0.01888305,2,2,0,0,0,535,0,528,7,5932112
1297036692685848640:0,107,2,"['1297036692683751488:0', '1297036692685848576:0']",103,0.019054532,2,2,0,0,0,535,0,528,7,5932112
1297036692685849088:0,104,2,"['1297036692683751936:0', '1297036692685848576:0']",103,0.0191427,2,2,0,0,0,535,0,528,7,5932112
1297036692687945728:131072,105,2,"['1297036692683751424:131072', '1297036692687945728:0']",102,0.019327731,2,2,0,0,0,535,0,528,7,5932112
1297036692687945728:262144,105,2,"['1297036692683751424:262144', '1297036692687945728:0']",103,0.019232547,2,2,0,0,0,535,0,528,7,5932112
1297036692687945728:32768,109,2,"['1297036692683751424:32768', '1297036692687945728:0']",105,0.018957772,2,2,0,0,0,535,0,528,7,5932112
1297036692687945728:34359738368,108,2,"['1297036692683751424:34359738368', '1297036692687945728:0']",105,0.018783069,2,2,0,0,0,535,0,528,7,5932112
1297036692687945728:4,106,2,"['1297036692683751424:4', '1297036692687945728:0']",104,0.019139194,2,2,0,0,0,535,0,528,7,5932112
1297036692687945728:536870912,108,2,"['1152921504612089856:536870912', '1297036692687945728:0']",101,0.0194248,2,2,0,0,0,535,0,528,7,5932112
1297036692687945728:8192,106,2,"['1297036692683751424:8192', '1297036692687945728:0']",104,0.019139194,2,2,0,0,0,535,0,528,7,5932112
1297036692687945736:0,106,2,"['1297036692683751432:0', '1297036692687945728:0']",105,0.018957772,2,2,0,0,0,535,0,528,7,5932112
1297036692687946240:0,109,2,"['1297036692683751936:0', '1297036692687945728:0']",105,0.018957772,2,2,0,0,0,535,0,528,7,5932112
1297036692687946752:0,104,2,"['1297036692683752448:0', '1297036692687945728:0']",100,0.01952381,2,2,0,0,0,535,0,528,7,5932112
1297036692687947776:0,101,2,"['1297036692683753472:0', '1297036692687945728:0']",103,0.019232547,2,2,0,0,0,535,0,528,7,5932112
1297036692687962112:0,107,2,"['1297036692683767808:0', '1297036692687945728:0']",103,0.019232547,2,2,0,0,0,535,0,528,7,5932112
1297036692688207872:0,108,2,"['1297036692684013568:0', '1297036692687945728:0']",102,0.019327731,2,2,0,0,0,535,0,528,7,5932112
1297036692688470016:0,104,2,"['1297036692684275712:0', '1297036692687945728:0']",103,0.019232547,2,2,0,0,0,535,0,528,7,5932112
1297036692690042880:0,108,2,"['1297036692685848576:0', '1297036692687945728:0']",103,0.019232547,2,2,0,0,0,535,0,528,7,5932112
1297036692692140032:131072,103,2,"['1297036692683751424:131072', '1297036692692140032:0']",102,0.019237884,2,2,0,0,0,535,0,528,7,5932112
1297036692692140032:134217728,109,2,"['1297036692683751424:134217728', '1297036692692140032:0']",100,0.019433962,2,2,0,0,0,535,0,528,7,5932112
1297036692692140032:262144,107,2,"['1297036692683751424:262144', '1297036692692140032:0']",103,0.0191427,2,2,0,0,0,535,0,528,7,5932112
1297036692692140032:268435456,105,2,"['1297036692683751424:268435456', '1297036692692140032:0']",106,0.018867925,2,2,0,0,0,535,0,528,7,5932112
1297036692692140032:32768,109,2,"['1297036692683751424:32768', '1297036692692140032:0']",106,0.018867925,2,2,0,0,0,535,0,528,7,5932112
1297036692692140032:33554432,108,2,"['1297036692683751424:33554432', '1297036692692140032:0']",104,0.019049347,2,2,0,0,0,535,0,528,7,5932112
1297036692692140032:34359738368,108,2,"['1297036692683751424:34359738368', '1297036692692140032:0']",106,0.018693222,2,2,0,0,0,535,0,528,7,5932112
1297036692692140032:4,109,2,"['1297036692683751424:4', '1297036692692140032:0']",104,0.019049347,2,2,0,0,0,535,0,528,7,5932112
1297036692692140032:536870912,103,2,"['1152921504616284160:536870912', '1297036692692140032:0']",104,0.019049347,2,2,0,0,0,535,0,528,7,5932112
1297036692692140032:8192,101,2,"['1297036692683751424:8192', '1297036692692140032:0']",104,0.019049347,2,2,0,0,0,535,0,528,7,5932112
1297036692692140034:0,107,2,"['1297036692683751426:0', '1297036692692140032:0']",106,0.018779757,2,2,0,0,0,535,0,528,7,5932112
1297036692692140040:0,108,2,"['1297036692683751432:0', '1297036692692140032:0']",106,0.018867925,2,2,0,0,0,535,0,528,7,5932112
1297036692692140048:0,103,2,"['1297036692683751440:0', '1297036692692140032:0']",106,0.018608274,2,2,0,0,0,535,0,528,7,5932112
1297036692692140096:0,109,2,"['1297036692683751488:0', '1297036692692140032:0']",106,0.018779757,2,2,0,0,0,535,0,528,7,5932112
1297036692692140544:0,109,2,"['1297036692683751936:0', '1297036692692140032:0']",106,0.018867925,2,2,0,0,0,535,0,528,7,5932112
1297036692692141056:0,104,2,"['1297036692683752448:0', '1297036692692140032:0']",100,0.019433962,2,2,0,0,0,535,0,528,7,5932112
1297036692692142080:0,102,2,"['1297036692683753472:0', '1297036692692140032:0']",103,0.0191427,2,2,0,0,0,535,0,528,7,5932112
1297036692692156416:0,104,2,"['1297036692683767808:0', '1297036692692140032:0']",103,0.0191427,2,2,0,0,0,535,0,528,7,5932112
1297036692692402176:0,108,2,"['1297036692684013568:0', '1297036692692140032:0']",102,0.019237884,2,2,0,0,0,535,0,528,7,5932112
1297036692692664320:0,104,2,"['1297036692684275712:0', '1297036692692140032:0']",103,0.0191427,2,2,0,0,0,535,0,528,7,5932112
1297036692694237184:0,108,2,"['1297036692685848576:0', '1297036692692140032:0']",103,0.0191427,2,2,0,0,0,535,0,528,7,5932112
1297036692717305856:131072,105,2,"['1297036692683751424:131072', '1297036692717305856:0']",102,0.019327731,2,2,0,0,0,535,0,528,7,5932112
1297036692717305856:134217728,103,2,"['1297036692683751424:134217728', '1297036692717305856:0']",100,0.01952381,2,2,0,0,0,535,0,528,7,5932112
1297036692717305856:262144,107,2,"['1297036692683751424:262144', '1297036692717305856:0']",103,0.019232547,2,2,0,0,0,535,0,528,7,5932112
1297036692717305856:268435456,106,2,"['1297036692683751424:268435456', '1297036692717305856:0']",105,0.018957772,2,2,0,0,0,535,0,528,7,5932112
1297036692717305856:32768,105,2,"['1297036692683751424:32768', '1297036692717305856:0']",105,0.018957772,2,2,0,0,0,535,0,528,7,5932112
1297036692717305856:4,107,2,"['1297036692683751424:4', '1297036692717305856:0']",104,0.019139194,2,2,0,0,0,535,0,528,7,5932112
1297036692717305856:8192,108,2,"['1297036692683751424:8192', '1297036692717305856:0']",104,0.019139194,2,2,0,0,0,535,0,528,7,5932112
1297036692717305920:0,107,2,"['1297036692683751488:0', '1297036692717305856:0']",105,0.018869604,2,2,0,0,0,535,0,528,7,5932112
1297036692717306368:0,109,2,"['1297036692683751936:0', '1297036692717305856:0']",105,0.018957772,2,2,0,0,0,535,0,528,7,5932112
1297036692717306880:0,104,2,"['1297036692683752448:0', '1297036692717305856:0']",100,0.01952381,2,2,0,0,0,535,0,528,7,5932112
1297036692717307904:0,103,2,"['1297036692683753472:0', '1297036692717305856:0']",103,0.019232547,2,2,0,0,0,535,0,528,7,5932112
1297036692717322240:0,104,2,"['1297036692683767808:0', '1297036692717305856:0']",103,0.019232547,2,2,0,0,0,535,0,528,7,5932112
1297036692717568000:0,108,2,"['1297036692684013568:0', '1297036692717305856:0']",102,0.019327731,2,2,0,0,0,535,0,528,7,5932112
1297036692717830144:0,107,2,"['1297036692684275712:0', '1297036692717305856:0']",103,0.019232547,2,2,0,0,0,535,0,528,7,5932112
1297036692719403008:0,102,2,"['1297036692685848576:0', '1297036692717305856:0']",103,0.019232547,2,2,0,0,0,535,0,528,7,5932112
1297036692750860288:134217728,105,2,"['1297036692683751424:134217728', '1297036692750860288:0']",100,0.01990099,2,2,0,0,0,535,0,528,7,5932112
1297036692750860288:268435456,101,2,"['1297036692683751424:268435456', '1297036692750860288:0']",101,0.019334952,2,2,0,0,0,535,0,528,7,5932112
1297036692750860288:32768,104,2,"['1297036692683751424:32768', '1297036692750860288:0']",101,0.019334952,2,2,0,0,0,535,0,528,7,5932112
1297036692750860288:33554432,101,2,"['1297036692683751424:33554432', '1297036692750860288:0']",101,0.019516375,2,2,0,0,0,535,0,528,7,5932112
1297036692750860288:34359738368,106,2,"['1297036692683751424:34359738368', '1297036692750860288:0']",101,0.019160249,2,2,0,0,0,535,0,528,7,5932112
1297036692750860288:4,102,2,"['1297036692683751424:4', '1297036692750860288:0']",101,0.019516375,2,2,0,0,0,535,0,528,7,5932112
1297036692750860288:536870912,103,2,"['1297036692750860288:0', '10376293541461626880:16']",101,0.0194248,2,2,0,0,0,535,0,528,7,5932112
1297036692750860288:8192,104,2,"['1297036692683751424:8192', '1297036692750860288:0']",101,0.019516375,2,2,0,0,0,535,0,528,7,5932112
1297036692750860290:0,100,2,"['1297036692683751426:0', '1297036692750860288:0']",101,0.019246784,2,2,0,0,0,535,0,528,7,5932112
1297036692750860296:0,106,2,"['1297036692683751432:0', '1297036692750860288:0']",101,0.019334952,2,2,0,0,0,535,0,528,7,5932112
1297036692750860304:0,105,2,"['1297036692683751440:0', '1297036692750860288:0']",101,0.019075302,2,2,0,0,0,535,0,528,7,5932112
1297036692750860800:0,104,2,"['1297036692683751936:0', '1297036692750860288:0']",101,0.019334952,2,2,0,0,0,535,0,528,7,5932112
1297036692750862336:0,101,2,"['1297036692683753472:0', '1297036692750860288:0']",101,0.019609728,2,2,0,0,0,535,0,528,7,5932112
1297036692751384576:0,102,2,"['1297036692684275712:0', '1297036692750860288:0']",101,0.019609728,2,2,0,0,0,535,0,528,7,5932112
1297036692752957440:0,103,2,"['1297036692685848576:0', '1297036692750860288:0']",101,0.019609728,2,2,0,0,0,535,0,528,7,5932112
1297036692755054592:0,106,2,"['1297036692687945728:0', '1297036692750860288:0']",101,0.0194248,2,2,0,0,0,535,0,528,7,5932112
1297036692759248896:0,104,2,"['1297036692692140032:0', '1297036692750860288:0']",101,0.019334952,2,2,0,0,0,535,0,528,7,5932112
1297036693220622336:131072,103,2,"['1297036692683751424:131072', '1297036693220622336:0']",102,0.019512659,2,2,0,0,0,535,0,528,7,5932112
1297036693220622336:134217728,107,2,"['1297036692683751424:134217728', '1297036693220622336:0']",100,0.019708738,2,2,0,0,0,535,0,528,7,5932112
1297036693220622336:262144,104,2,"['1297036692683751424:262144', '1297036693220622336:0']",103,0.019417476,2,2,0,0,0,535,0,528,7,5932112
1297036693220622336:268435456,106,2,"['1297036692683751424:268435456', '1297036693220622336:0']",103,0.0191427,2,2,0,0,0,535,0,528,7,5932112
1297036693220622336:32768,101,2,"['1297036692683751424:32768', '1297036693220622336:0']",103,0.0191427,2,2,0,0,0,535,0,528,7,5932112
1297036693220622336:33554432,103,2,"['1297036692683751424:33554432', '1297036693220622336:0']",103,0.019324122,2,2,0,0,0,535,0,528,7,5932112
1297036693220622336:34359738368,106,2,"['1297036692683751424:34359738368', '1297036693220622336:0']",103,0.018967997,2,2,0,0,0,535,0,528,7,5932112
1297036693220622336:4,104,2,"['1297036692683751424:4', '1297036693220622336:0']",103,0.019324122,2,2,0,0,0,535,0,528,7,5932112
1297036693220622336:8192,106,2,"['1297036692683751424:8192', '1297036693220622336:0']",103,0.019324122,2,2,0,0,0,535,0,528,7,5932112
1297036693220622338:0,104,2,"['1297036692683751426:0', '1297036693220622336:0']",103,0.019054532,2,2,0,0,0,535,0,528,7,5932112
1297036693220622344:0,108,2,"['1297036692683751432:0', '1297036693220622336:0']",103,0.0191427,2,2,0,0,0,535,0,528,7,5932112
1297036693220622352:0,103,2,"['1297036692683751440:0', '1297036693220622336:0']",103,0.01888305,2,2,0,0,0,535,0,528,7,5932112
1297036693220622400:0,104,2,"['1297036692683751488:0', '1297036693220622336:0']",103,0.019054532,2,2,0,0,0,535,0,528,7,5932112
1297036693220622848:0,103,2,"['1297036692683751936:0', '1297036693220622336:0']",103,0.0191427,2,2,0,0,0,535,0,528,7,5932112
1297036693220624384:0,103,2,"['1297036692683753472:0', '1297036693220622336:0']",103,0.019417476,2,2,0,0,0,535,0,528,7,5932112
1297036693220884480:0,103,2,"['1297036692684013568:0', '1297036693220622336:0']",102,0.019512659,2,2,0,0,0,535,0,528,7,5932112
1297036693222719488:0,100,2,"['1297036692685848576:0', '1297036693220622336:0']",103,0.019417476,2,2,0,0,0,535,0,528,7,5932112
1297036693229010944:0,106,2,"['1297036692692140032:0', '1297036693220622336:0']",103,0.0191427,2,2,0,0,0,535,0,528,7,5932112
1297036693254176768:0,106,2,"['1297036692717305856:0', '1297036693220622336:0']",103,0.019232547,2,2,0,0,0,535,0,528,7,5932112
1297036694831235072:134217728,101,2,"['1297036692683751424:134217728', '1297036694831235072:0']",100,0.019615385,2,2,0,0,0,535,0,528,7,5932112
1297036694831235072:262144,104,2,"['1297036692683751424:262144', '1297036694831235072:0']",103,0.019324122,2,2,0,0,0,535,0,528,7,5932112
1297036694831235072:268435456,107,2,"['1297036692683751424:268435456', '1297036694831235072:0']",104,0.019049347,2,2,0,0,0,535,0,528,7,5932112
1297036694831235072:32768,105,2,"['1297036692683751424:32768', '1297036694831235072:0']",104,0.019049347,2,2,0,0,0,535,0,528,7,5932112
1297036694831235072:33554432,107,2,"['1297036692683751424:33554432', '1297036694831235072:0']",104,0.019230769,2,2,0,0,0,535,0,528,7,5932112
1297036694831235072:34359738368,107,2,"['1297036692683751424:34359738368', '1297036694831235072:0']",104,0.018874644,2,2,0,0,0,535,0,528,7,5932112
1297036694831235072:4,105,2,"['1297036692683751424:4', '1297036694831235072:0']",104,0.019230769,2,2,0,0,0,535,0,528,7,5932112
1297036694831235072:8192,105,2,"['1297036692683751424:8192', '1297036694831235072:0']",104,0.019230769,2,2,0,0,0,535,0,528,7,5932112
1297036694831235074:0,105,2,"['1297036692683751426:0', '1297036694831235072:0']",104,0.018961179,2,2,0,0,0,535,0,528,7,5932112
1297036694831235080:0,106,2,"['1297036692683751432:0', '1297036694831235072:0']",104,0.019049347,2,2,0,0,0,535,0,528,7,5932112
1297036694831235088:0,102,2,"['1297036692683751440:0', '1297036694831235072:0']",104,0.018789697,2,2,0,0,0,535,0,528,7,5932112
1297036694831235136:0,105,2,"['1297036692683751488:0', '1297036694831235072:0']",104,0.018961179,2,2,0,0,0,535,0,528,7,5932112
1297036694831237120:0,100,2,"['1297036692683753472:0', '1297036694831235072:0']",103,0.019324122,2,2,0,0,0,535,0,528,7,5932112
1297036694831251456:0,102,2,"['1297036692683767808:0', '1297036694831235072:0']",103,0.019324122,2,2,0,0,0,535,0,528,7,5932112
1297036694831497216:0,100,2,"['1297036692684013568:0', '1297036694831235072:0']",102,0.019419306,2,2,0,0,0,535,0,528,7,5932112
1297036694831759360:0,101,2,"['1297036692684275712:0', '1297036694831235072:0']",103,0.019324122,2,2,0,0,0,535,0,528,7,5932112
1297036694833332224:0,102,2,"['1297036692685848576:0', '1297036694831235072:0']",103,0.019324122,2,2,0,0,0,535,0,528,7,5932112
1297036694835429376:0,102,2,"['1297036692687945728:0', '1297036694831235072:0']",104,0.019139194,2,2,0,0,0,535,0,528,7,5932112
1297036694839623680:0,103,2,"['1297036692692140032:0', '1297036694831235072:0']",104,0.019049347,2,2,0,0,0,535,0,528,7,5932112
1297036694864789504:0,104,2,"['1297036692717305856:0', '1297036694831235072:0']",104,0.019139194,2,2,0,0,0,535,0,528,7,5932112
1297036695368105984:0,103,2,"['1297036693220622336:0', '1297036694831235072:0']",103,0.019324122,2,2,0,0,0,535,0,528,7,5932112
1297036696978718720:131072,101,2,"['1297036692683751424:131072', '1297036696978718720:0']",102,0.019512659,2,2,0,0,0,535,0,528,7,5932112
1297036696978718720:134217728,105,2,"['1297036692683751424:134217728', '1297036696978718720:0']",100,0.019708738,2,2,0,0,0,535,0,528,7,5932112
1297036696978718720:32768,103,2,"['1297036692683751424:32768', '1297036696978718720:0']",103,0.0191427,2,2,0,0,0,535,0,528,7,5932112
1297036696978718720:33554432,105,2,"['1297036692683751424:33554432', '1297036696978718720:0']",103,0.019324122,2,2,0,0,0,535,0,528,7,5932112
1297036696978718720:34359738368,106,2,"['1297036692683751424:34359738368', '1297036696978718720:0']",103,0.018967997,2,2,0,0,0,535,0,528,7,5932112
1297036696978718720:4,104,2,"['1297036692683751424:4', '1297036696978718720:0']",103,0.019324122,2,2,0,0,0,535,0,528,7,5932112
1297036696978718722:0,105,2,"['1297036692683751426:0', '1297036696978718720:0']",103,0.019054532,2,2,0,0,0,535,0,528,7,5932112
1297036696978718728:0,106,2,"['1297036692683751432:0', '1297036696978718720:0']",103,0.0191427,2,2,0,0,0,535,0,528,7,5932112
1297036696978719232:0,104,2,"['1297036692683751936:0', '1297036696978718720:0']",103,0.0191427,2,2,0,0,0,535,0,528,7,5932112
1297036696978720768:0,102,2,"['1297036692683753472:0', '1297036696978718720:0']",103,0.019417476,2,2,0,0,0,535,0,528,7,5932112
1297036696980815872:0,102,2,"['1297036692685848576:0', '1297036696978718720:0']",103,0.019417476,2,2,0,0,0,535,0,528,7,5932112
1297036696982913024:0,102,2,"['1297036692687945728:0', '1297036696978718720:0']",103,0.019232547,2,2,0,0,0,535,0,528,7,5932112
1297036697012273152:0,100,2,"['1297036692717305856:0', '1297036696978718720:0']",103,0.019232547,2,2,0,0,0,535,0,528,7,5932112
1297036699126202368:0,101,2,"['1297036694831235072:0', '1297036696978718720:0']",103,0.019324122,2,2,0,0,0,535,0,528,7,5932112
1297036701273686016:134217728,106,2,"['1297036692683751424:134217728', '1297036701273686016:0']",100,0.019615385,2,2,0,0,0,535,0,528,7,5932112
1297036701273686016:262144,105,2,"['1297036692683751424:262144', '1297036701273686016:0']",103,0.019324122,2,2,0,0,0,535,0,528,7,5932112
1297036701273686016:268435456,109,2,"['1297036692683751424:268435456', '1297036701273686016:0']",104,0.019049347,2,2,0,0,0,535,0,528,7,5932112
1297036701273686016:32768,107,2,"['1297036692683751424:32768', '1297036701273686016:0']",104,0.019049347,2,2,0,0,0,535,0,528,7,5932112
1297036701273686016:33554432,109,2,"['1297036692683751424:33554432', '1297036701273686016:0']",104,0.019230769,2,2,0,0,0,535,0,528,7,5932112
1297036701273686016:34359738368,107,2,"['1297036692683751424:34359738368', '1297036701273686016:0']",104,0.018874644,2,2,0,0,0,535,0,528,7,5932112
1297036701273686016:4,102,2,"['1297036692683751424:4', '1297036701273686016:0']",104,0.019230769,2,2,0,0,0,535,0,528,7,5932112
1297036701273686016:8192,106,2,"['1297036692683751424:8192', '1297036701273686016:0']",104,0.019230769,2,2,0,0,0,535,0,528,7,5932112
1297036701273686018:0,106,2,"['1297036692683751426:0', '1297036701273686016:0']",104,0.018961179,2,2,0,0,0,535,0,528,7,5932112
1297036701273686024:0,103,2,"['1297036692683751432:0', '1297036701273686016:0']",104,0.019049347,2,2,0,0,0,535,0,528,7,5932112
1297036701273686032:0,108,2,"['1297036692683751440:0', '1297036701273686016:0']",104,0.018789697,2,2,0,0,0,535,0,528,7,5932112
1297036701273686080:0,105,2,"['1297036692683751488:0', '1297036701273686016:0']",104,0.018961179,2,2,0,0,0,535,0,528,7,5932112
1297036701273686528:0,107,2,"['1297036692683751936:0', '1297036701273686016:0']",104,0.019049347,2,2,0,0,0,535,0,528,7,5932112
1297036701273687040:0,103,2,"['1297036692683752448:0', '1297036701273686016:0']",100,0.019615385,2,2,0,0,0,535,0,528,7,5932112
1297036701273688064:0,101,2,"['1297036692683753472:0', '1297036701273686016:0']",103,0.019324122,2,2,0,0,0,535,0,528,7,5932112
1297036701273702400:0,104,2,"['1297036692683767808:0', '1297036701273686016:0']",103,0.019324122,2,2,0,0,0,535,0,528,7,5932112
1297036701273948160:0,106,2,"['1297036692684013568:0', '1297036701273686016:0']",102,0.019419306,2,2,0,0,0,535,0,528,7,5932112
1297036701274210304:0,105,2,"['1297036692684275712:0', '1297036701273686016:0']",103,0.019324122,2,2,0,0,0,535,0,528,7,5932112
1297036701275783168:0,106,2,"['1297036692685848576:0', '1297036701273686016:0']",103,0.019324122,2,2,0,0,0,535,0,528,7,5932112
1297036701277880320:0,102,2,"['1297036692687945728:0', '1297036701273686016:0']",104,0.019139194,2,2,0,0,0,535,0,528,7,5932112
1297036701282074624:0,104,2,"['1297036692692140032:0', '1297036701273686016:0']",104,0.019049347,2,2,0,0,0,535,0,528,7,5932112
1297036701307240448:0,109,2,"['1297036692717305856:0', '1297036701273686016:0']",104,0.019139194,2,2,0,0,0,535,0,528,7,5932112
1297036701340794880:0,103,2,"['1297036692750860288:0', '1297036701273686016:0']",101,0.019516375,2,2,0,0,0,535,0,528,7,5932112
1297036701810556928:0,105,2,"['1297036693220622336:0', '1297036701273686016:0']",103,0.019324122,2,2,0,0,0,535,0,528,7,5932112
1297036703421169664:0,105,2,"['1297036694831235072:0', '1297036701273686016:0']",104,0.019230769,2,2,0,0,0,535,0,528,7,5932112
1297036705568653312:0,104,2,"['1297036696978718720:0', '1297036701273686016:0']",103,0.019324122,2,2,0,0,0,535,0,528,7,5932112
1297036709863620608:131072,100,2,"['1297036692683751424:131072', '1297036709863620608:0']",102,0.019327731,2,2,0,0,0,535,0,528,7,5932112
1297036709863620608:134217728,108,2,"['1297036692683751424:134217728', '1297036709863620608:0']",100,0.01952381,2,2,0,0,0,535,0,528,7,5932112
1297036709863620608:262144,100,2,"['1297036692683751424:262144', '1297036709863620608:0']",103,0.019232547,2,2,0,0,0,535,0,528,7,5932112
1297036709863620608:268435456,109,2,"['1297036692683751424:268435456', '1297036709863620608:0']",105,0.018957772,2,2,0,0,0,535,0,528,7,5932112
1297036709863620608:32768,103,2,"['1297036692683751424:32768', '1297036709863620608:0']",105,0.018957772,2,2,0,0,0,535,0,528,7,5932112
1297036709863620608:33554432,106,2,"['1297036692683751424:33554432', '1297036709863620608:0']",104,0.019139194,2,2,0,0,0,535,0,528,7,5932112
1297036709863620608:34359738368,109,2,"['1297036692683751424:34359738368', '1297036709863620608:0']",105,0.018783069,2,2,0,0,0,535,0,528,7,5932112
1297036709863620608:4,104,2,"['1297036692683751424:4', '1297036709863620608:0']",104,0.019139194,2,2,0,0,0,535,0,528,7,5932112
1297036709863620608:536870912,105,2,"['1152921521787764736:536870912', '1297036709863620608:0']",105,0.019047619,2,2,0,0,0,535,0,528,7,5932112
1297036709863620608:8192,107,2,"['1297036692683751424:8192', '1297036709863620608:0']",104,0.019139194,2,2,0,0,0,535,0,528,7,5932112
1297036709863620610:0,103,2,"['1297036692683751426:0', '1297036709863620608:0']",105,0.018869604,2,2,0,0,0,535,0,528,7,5932112
1297036709863620616:0,109,2,"['1297036692683751432:0', '1297036709863620608:0']",105,0.018957772,2,2,0,0,0,535,0,528,7,5932112
1297036709863620624:0,106,2,"['1297036692683751440:0', '1297036709863620608:0']",105,0.018698121,2,2,0,0,0,535,0,528,7,5932112
1297036709863620672:0,108,2,"['1297036692683751488:0', '1297036709863620608:0']",105,0.018869604,2,2,0,0,0,535,0,528,7,5932112
1297036709863621120:0,107,2,"['1297036692683751936:0', '1297036709863620608:0']",105,0.018957772,2,2,0,0,0,535,0,528,7,5932112
1297036709863622656:0,103,2,"['1297036692683753472:0', '1297036709863620608:0']",103,0.019232547,2,2,0,0,0,535,0,528,7,5932112
1297036709863636992:0,103,2,"['1297036692683767808:0', '1297036709863620608:0']",103,0.019232547,2,2,0,0,0,535,0,528,7,5932112
1297036709863882752:0,103,2,"['1297036692684013568:0', '1297036709863620608:0']",102,0.019327731,2,2,0,0,0,535,0,528,7,5932112
1297036709864144896:0,105,2,"['1297036692684275712:0', '1297036709863620608:0']",103,0.019232547,2,2,0,0,0,535,0,528,7,5932112
1297036709865717760:0,103,2,"['1297036692685848576:0', '1297036709863620608:0']",103,0.019232547,2,2,0,0,0,535,0,528,7,5932112
1297036709867814912:0,106,2,"['1297036692687945728:0', '1297036709863620608:0']",105,0.019047619,2,2,0,0,0,535,0,528,7,5932112
1297036709872009216:0,101,2,"['1297036692692140032:0', '1297036709863620608:0']",105,0.018957772,2,2,0,0,0,535,0,528,7,5932112
1297036709897175040:0,104,2,"['1297036692717305856:0', '1297036709863620608:0']",105,0.019047619,2,2,0,0,0,535,0,528,7,5932112
1297036710400491520:0,107,2,"['1297036693220622336:0', '1297036709863620608:0']",103,0.019232547,2,2,0,0,0,535,0,528,7,5932112
1297036712011104256:0,105,2,"['1297036694831235072:0', '1297036709863620608:0']",104,0.019139194,2,2,0,0,0,535,0,528,7,5932112
1297036714158587904:0,103,2,"['1297036696978718720:0', '1297036709863620608:0']",103,0.019232547,2,2,0,0,0,535,0,528,7,5932112
1297036718453555200:0,104,2,"['1297036701273686016:0', '1297036709863620608:0']",104,0.019139194,2,2,0,0,0,535,0,528,7,5932112
1297036727043489792:131072,101,2,"['1297036692683751424:131072', '1297036727043489792:0']",102,0.019327731,2,2,0,0,0,535,0,528,7,5932112
1297036727043489792:134217728,103,2,"['1297036692683751424:134217728', '1297036727043489792:0']",100,0.01952381,2,2,0,0,0,535,0,528,7,5932112
1297036727043489792:262144,105,2,"['1297036692683751424:262144', '1297036727043489792:0']",103,0.019232547,2,2,0,0,0,535,0,528,7,5932112
1297036727043489792:268435456,109,2,"['1297036692683751424:268435456', '1297036727043489792:0']",105,0.018957772,2,2,0,0,0,535,0,528,7,5932112
1297036727043489792:32768,100,2,"['1297036692683751424:32768', '1297036727043489792:0']",105,0.018957772,2,2,0,0,0,535,0,528,7,5932112
1297036727043489792:33554432,109,2,"['1297036692683751424:33554432', '1297036727043489792:0']",104,0.019139194,2,2,0,0,0,535,0,528,7,5932112
1297036727043489792:4,102,2,"['1297036692683751424:4', '1297036727043489792:0']",104,0.019139194,2,2,0,0,0,535,0,528,7,5932112
1297036727043489792:536870912,101,2,"['1297036727043489792:0', '10376293541461626880:134217728']",105,0.018869604,2,2,0,0,0,535,0,528,7,5932112
1297036727043489792:8192,107,2,"['1297036692683751424:8192', '1297036727043489792:0']",104,0.019139194,2,2,0,0,0,535,0,528,7,5932112
1297036727043489794:0,108,2,"['1297036692683751426:0', '1297036727043489792:0']",105,0.018869604,2,2,0,0,0,535,0,528,7,5932112
1297036727043489800:0,109,2,"['1297036692683751432:0', '1297036727043489792:0']",105,0.018957772,2,2,0,0,0,535,0,528,7,5932112
1297036727043489808:0,104,2,"['1297036692683751440:0', '1297036727043489792:0']",105,0.018698121,2,2,0,0,0,535,0,528,7,5932112
1297036727043489856:0,108,2,"['1297036692683751488:0', '1297036727043489792:0']",105,0.018869604,2,2,0,0,0,535,0,528,7,5932112
1297036727043490304:0,107,2,"['1297036692683751936:0', '1297036727043489792:0']",105,0.018957772,2,2,0,0,0,535,0,528,7,5932112
1297036727043490816:0,102,2,"['1297036692683752448:0', '1297036727043489792:0']",100,0.01952381,2,2,0,0,0,535,0,528,7,5932112
1297036727043491840:0,104,2,"['1297036692683753472:0', '1297036727043489792:0']",103,0.019232547,2,2,0,0,0,535,0,528,7,5932112
1297036727043506176:0,102,2,"['1297036692683767808:0', '1297036727043489792:0']",103,0.019232547,2,2,0,0,0,535,0,528,7,5932112
1297036727043751936:0,109,2,"['1297036692684013568:0', '1297036727043489792:0']",102,0.019327731,2,2,0,0,0,535,0,528,7,5932112
1297036727044014080:0,105,2,"['1297036692684275712:0', '1297036727043489792:0']",103,0.019232547,2,2,0,0,0,535,0,528,7,5932112
1297036727045586944:0,104,2,"['1297036692685848576:0', '1297036727043489792:0']",103,0.019232547,2,2,0,0,0,535,0,528,7,5932112
1297036727047684096:0,108,2,"['1297036692687945728:0', '1297036727043489792:0']",105,0.019047619,2,2,0,0,0,535,0,528,7,5932112
1297036727051878400:0,108,2,"['1297036692692140032:0', '1297036727043489792:0']",105,0.018957772,2,2,0,0,0,535,0,528,7,5932112
1297036727077044224:0,104,2,"['1297036692717305856:0', '1297036727043489792:0']",105,0.019047619,2,2,0,0,0,535,0,528,7,5932112
1297036727110598656:0,104,2,"['1297036692750860288:0', '1297036727043489792:0']",101,0.0194248,2,2,0,0,0,535,0,528,7,5932112
1297036727580360704:0,101,2,"['1297036693220622336:0', '1297036727043489792:0']",103,0.019232547,2,2,0,0,0,535,0,528,7,5932112
1297036729190973440:0,104,2,"['1297036694831235072:0', '1297036727043489792:0']",104,0.019139194,2,2,0,0,0,535,0,528,7,5932112
1297036731338457088:0,103,2,"['1297036696978718720:0', '1297036727043489792:0']",103,0.019232547,2,2,0,0,0,535,0,528,7,5932112
1297036735633424384:0,107,2,"['1297036701273686016:0', '1297036727043489792:0']",104,0.019139194,2,2,0,0,0,535,0,528,7,5932112
1297036744223358976:0,106,2,"['1297036709863620608:0', '1297036727043489792:0']",105,0.019047619,2,2,0,0,0,535,0,528,7,5932112
1297036830122704896:134217728,104,2,"['1297036692683751424:134217728', '1297036830122704896:0']",100,0.01990099,2,2,0,0,0,535,0,528,7,5932112
1297036830122704896:262144,100,2,"['1297036692683751424:262144', '1297036830122704896:0']",101,0.019609728,2,2,0,0,0,535,0,528,7,5932112
1297036830122704896:33554432,102,2,"['1297036692683751424:33554432', '1297036830122704896:0']",101,0.019516375,2,2,0,0,0,535,0,528,7,5932112
1297036830122704896:34359738368,104,2,"['1297036692683751424:34359738368', '1297036830122704896:0']",101,0.019160249,2,2,0,0,0,535,0,528,7,5932112
1297036830122704896:4,102,2,"['1297036692683751424:4', '1297036830122704896:0']",101,0.019516375,2,2,0,0,0,535,0,528,7,5932112
1297036830122704898:0,102,2,"['1297036692683751426:0', '1297036830122704896:0']",101,0.019246784,2,2,0,0,0,535,0,528,7,5932112
1297036830122704904:0,105,2,"['1297036692683751432:0', '1297036830122704896:0']",101,0.019334952,2,2,0,0,0,535,0,528,7,5932112
1297036830122704912:0,102,2,"['1297036692683751440:0', '1297036830122704896:0']",101,0.019075302,2,2,0,0,0,535,0,528,7,5932112
1297036830122704960:0,104,2,"['1297036692683751488:0', '1297036830122704896:0']",101,0.019246784,2,2,0,0,0,535,0,528,7,5932112
1297036830122705408:0,103,2,"['1297036692683751936:0', '1297036830122704896:0']",101,0.019334952,2,2,0,0,0,535,0,528,7,5932112
1297036830122706944:0,100,2,"['1297036692683753472:0', '1297036830122704896:0']",101,0.019609728,2,2,0,0,0,535,0,528,7,5932112
1297036830122721280:0,100,2,"['1297036692683767808:0', '1297036830122704896:0']",101,0.019609728,2,2,0,0,0,535,0,528,7,5932112
1297036830122967040:0,101,2,"['1297036692684013568:0', '1297036830122704896:0']",101,0.019704912,2,2,0,0,0,535,0,528,7,5932112
1297036830126899200:0,104,2,"['1297036692687945728:0', '1297036830122704896:0']",101,0.0194248,2,2,0,0,0,535,0,528,7,5932112
1297036830131093504:0,100,2,"['1297036692692140032:0', '1297036830122704896:0']",101,0.019334952,2,2,0,0,0,535,0,528,7,5932112
1297036838712639488:0,103,2,"['1297036701273686016:0', '1297036830122704896:0']",101,0.019516375,2,2,0,0,0,535,0,528,7,5932112
1297036864482443264:0,102,2,"['1297036727043489792:0', '1297036830122704896:0']",101,0.0194248,2,2,0,0,0,535,0,528,7,5932112
1297037242439565312:134217728,105,2,"['1297036692683751424:134217728', '1297037242439565312:0']",100,0.019708738,2,2,0,0,0,535,0,528,7,5932112
1297037242439565312:262144,103,2,"['1297036692683751424:262144', '1297037242439565312:0']",103,0.019417476,2,2,0,0,0,535,0,528,7,5932112
1297037242439565312:268435456,106,2,"['1297036692683751424:268435456', '1297037242439565312:0']",103,0.0191427,2,2,0,0,0,535,0,528,7,5932112
1297037242439565312:33554432,102,2,"['1297036692683751424:33554432', '1297037242439565312:0']",103,0.019324122,2,2,0,0,0,535,0,528,7,5932112
1297037242439565312:34359738368,105,2,"['1297036692683751424:34359738368', '1297037242439565312:0']",103,0.018967997,2,2,0,0,0,535,0,528,7,5932112
1297037242439565312:4,101,2,"['1297036692683751424:4', '1297037242439565312:0']",103,0.019324122,2,2,0,0,0,535,0,528,7,5932112
1297037242439565312:8192,103,2,"['1297036692683751424:8192', '1297037242439565312:0']",103,0.019324122,2,2,0,0,0,535,0,528,7,5932112
1297037242439565314:0,105,2,"['1297036692683751426:0', '1297037242439565312:0']",103,0.019054532,2,2,0,0,0,535,0,528,7,5932112
1297037242439565320:0,104,2,"['1297036692683751432:0', '1297037242439565312:0']",103,0.0191427,2,2,0,0,0,535,0,528,7,5932112
1297037242439565328:0,103,2,"['1297036692683751440:0', '1297037242439565312:0']",103,0.01888305,2,2,0,0,0,535,0,528,7,5932112
1297037242439565376:0,102,2,"['1297036692683751488:0', '1297037242439565312:0']",103,0.019054532,2,2,0,0,0,535,0,528,7,5932112
1297037242439565824:0,101,2,"['1297036692683751936:0', '1297037242439565312:0']",103,0.0191427,2,2,0,0,0,535,0,528,7,5932112
1297037242439581696:0,102,2,"['1297036692683767808:0', '1297037242439565312:0']",103,0.019417476,2,2,0,0,0,535,0,528,7,5932112
1297037242439827456:0,100,2,"['1297036692684013568:0', '1297037242439565312:0']",102,0.019512659,2,2,0,0,0,535,0,528,7,5932112
1297037242443759616:0,107,2,"['1297036692687945728:0', '1297037242439565312:0']",103,0.019232547,2,2,0,0,0,535,0,528,7,5932112
1297037242447953920:0,103,2,"['1297036692692140032:0', '1297037242439565312:0']",103,0.0191427,2,2,0,0,0,535,0,528,7,5932112
1297037242473119744:0,101,2,"['1297036692717305856:0', '1297037242439565312:0']",103,0.019232547,2,2,0,0,0,535,0,528,7,5932112
1297037246734532608:0,100,2,"['1297036696978718720:0', '1297037242439565312:0']",103,0.019417476,2,2,0,0,0,535,0,528,7,5932112
1297037251029499904:0,100,2,"['1297036701273686016:0', '1297037242439565312:0']",103,0.019324122,2,2,0,0,0,535,0,528,7,5932112
1297041090730262528:131072,103,2,"['1297036692683751424:131072', '1297041090730262528:0']",102,0.019419306,2,2,0,0,0,535,0,528,7,5932112
1297041090730262528:134217728,108,2,"['1297036692683751424:134217728', '1297041090730262528:0']",100,0.019615385,2,2,0,0,0,535,0,528,7,5932112
1297041090730262528:262144,101,2,"['1297036692683751424:262144', '1297041090730262528:0']",103,0.019324122,2,2,0,0,0,535,0,528,7,5932112
1297041090730262528:268435456,106,2,"['1297036692683751424:268435456', '1297041090730262528:0']",104,0.019049347,2,2,0,0,0,535,0,528,7,5932112
1297041090730262528:32768,107,2,"['1297036692683751424:32768', '1297041090730262528:0']",104,0.019049347,2,2,0,0,0,535,0,528,7,5932112
1297041090730262528:33554432,109,2,"['1297036692683751424:33554432', '1297041090730262528:0']",104,0.019230769,2,2,0,0,0,535,0,528,7,5932112
1297041090730262528:34359738368,109,2,"['1297036692683751424:34359738368', '1297041090730262528:0']",104,0.018874644,2,2,0,0,0,535,0,528,7,5932112
1297041090730262528:4,107,2,"['1297036692683751424:4', '1297041090730262528:0']",104,0.019230769,2,2,0,0,0,535,0,528,7,5932112
1297041090730262528:8192,107,2,"['1297036692683751424:8192', '1297041090730262528:0']",104,0.019230769,2,2,0,0,0,535,0,528,7,5932112
1297041090730262530:0,107,2,"['1297036692683751426:0', '1297041090730262528:0']",104,0.018961179,2,2,0,0,0,535,0,528,7,5932112
1297041090730262536:0,108,2,"['1297036692683751432:0', '1297041090730262528:0']",104,0.019049347,2,2,0,0,0,535,0,528,7,5932112
1297041090730262544:0,108,2,"['1297036692683751440:0', '1297041090730262528:0']",104,0.018789697,2,2,0,0,0,535,0,528,7,5932112
1297041090730262592:0,101,2,"['1297036692683751488:0', '1297041090730262528:0']",104,0.018961179,2,2,0,0,0,535,0,528,7,5932112
1297041090730264576:0,103,2,"['1297036692683753472:0', '1297041090730262528:0']",103,0.019324122,2,2,0,0,0,535,0,528,7,5932112
1297041090730524672:0,104,2,"['1297036692684013568:0', '1297041090730262528:0']",102,0.019419306,2,2,0,0,0,535,0,528,7,5932112
1297041090730786816:0,102,2,"['1297036692684275712:0', '1297041090730262528:0']",103,0.019324122,2,2,0,0,0,535,0,528,7,5932112
1297041090732359680:0,105,2,"['1297036692685848576:0', '1297041090730262528:0']",103,0.019324122,2,2,0,0,0,535,0,528,7,5932112
1297041090734456832:0,109,2,"['1297036692687945728:0', '1297041090730262528:0']",104,0.019139194,2,2,0,0,0,535,0,528,7,5932112
1297041090738651136:0,109,2,"['1297036692692140032:0', '1297041090730262528:0']",104,0.019049347,2,2,0,0,0,535,0,528,7,5932112
1297041090763816960:0,109,2,"['1297036692717305856:0', '1297041090730262528:0']",104,0.019139194,2,2,0,0,0,535,0,528,7,5932112
1297041090797371392:0,105,2,"['1297036692750860288:0', '1297041090730262528:0']",101,0.019516375,2,2,0,0,0,535,0,528,7,5932112
1297041091267133440:0,106,2,"['1297036693220622336:0', '1297041090730262528:0']",103,0.019324122,2,2,0,0,0,535,0,528,7,5932112
1297041095025229824:0,102,2,"['1297036696978718720:0', '1297041090730262528:0']",103,0.019324122,2,2,0,0,0,535,0,528,7,5932112
1297041099320197120:0,103,2,"['1297036701273686016:0', '1297041090730262528:0']",104,0.019230769,2,2,0,0,0,535,0,528,7,5932112
1297041125090000896:0,105,2,"['1297036727043489792:0', '1297041090730262528:0']",104,0.019139194,2,2,0,0,0,535,0,528,7,5932112
1297041640486076416:0,100,2,"['1297037242439565312:0', '1297041090730262528:0']",103,0.019324122,2,2,0,0,0,535,0,528,7,5932112
1297045488776773632:131072,106,2,"['1297036692683751424:131072', '1297045488776773632:0']",102,0.019063181,2,2,0,0,0,535,0,528,7,5932112
1297045488776773632:262144,107,2,"['1297036692683751424:262144', '1297045488776773632:0']",103,0.018967997,2,2,0,0,0,535,0,528,7,5932112
1297045488776773632:32768,102,2,"['1297036692683751424:32768', '1297045488776773632:0']",106,0.018693222,2,2,0,0,0,535,0,528,7,5932112
1297045488776773632:8192,109,2,"['1297036692683751424:8192', '1297045488776773632:0']",104,0.018874644,2,2,0,0,0,535,0,528,7,5932112
1297045488776773634:0,101,2,"['1297036692683751426:0', '1297045488776773632:0']",107,0.018605054,2,2,0,0,0,535,0,528,7,5932112
1297045488776773640:0,108,2,"['1297036692683751432:0', '1297045488776773632:0']",106,0.018693222,2,2,0,0,0,535,0,528,7,5932112
1297045488776773648:0,108,2,"['1297036692683751440:0', '1297045488776773632:0']",108,0.018433571,2,2,0,0,0,535,0,528,7,5932112
1297045488776773696:0,101,2,"['1297036692683751488:0', '1297045488776773632:0']",107,0.018605054,2,2,0,0,0,535,0,528,7,5932112
1297045488776774144:0,109,2,"['1297036692683751936:0', '1297045488776773632:0']",106,0.018693222,2,2,0,0,0,535,0,528,7,5932112
1297045488776774656:0,100,2,"['1297036692683752448:0', '1297045488776773632:0']",100,0.019259259,2,2,0,0,0,535,0,528,7,5932112
1297045488776790016:0,106,2,"['1297036692683767808:0', '1297045488776773632:0']",103,0.018967997,2,2,0,0,0,535,0,528,7,5932112
1297045488777035776:0,107,2,"['1297036692684013568:0', '1297045488776773632:0']",102,0.019063181,2,2,0,0,0,535,0,528,7,5932112
1297045488777297920:0,100,2,"['1297036692684275712:0', '1297045488776773632:0']",103,0.018967997,2,2,0,0,0,535,0,528,7,5932112
1297045488778870784:0,104,2,"['1297036692685848576:0', '1297045488776773632:0']",103,0.018967997,2,2,0,0,0,535,0,528,7,5932112
1297045488843882496:0,106,2,"['1297036692750860288:0', '1297045488776773632:0']",101,0.019160249,2,2,0,0,0,535,0,528,7,5932112
1297045489313644544:0,103,2,"['1297036693220622336:0', '1297045488776773632:0']",103,0.018967997,2,2,0,0,0,535,0,528,7,5932112
1297045490924257280:0,104,2,"['1297036694831235072:0', '1297045488776773632:0']",104,0.018874644,2,2,0,0,0,535,0,528,7,5932112
1297045497366708224:0,105,2,"['1297036701273686016:0', '1297045488776773632:0']",104,0.018874644,2,2,0,0,0,535,0,528,7,5932112
1297045505956642816:0,101,2,"['1297036709863620608:0', '1297045488776773632:0']",105,0.018783069,2,2,0,0,0,535,0,528,7,5932112
1297045523136512000:0,103,2,"['1297036727043489792:0', '1297045488776773632:0']",105,0.018783069,2,2,0,0,0,535,0,528,7,5932112
1297045626215727104:0,103,2,"['1297036830122704896:0', '1297045488776773632:0']",101,0.019160249,2,2,0,0,0,535,0,528,7,5932112
1297046038532587520:0,104,2,"['1297037242439565312:0', '1297045488776773632:0']",103,0.018967997,2,2,0,0,0,535,0,528,7,5932112
1297049886823284736:0,108,2,"['1297041090730262528:0', '1297045488776773632:0']",104,0.018874644,2,2,0,0,0,535,0,528,7,5932112
1297071877055840256:134217728,106,2,"['1297036692683751424:134217728', '1297071877055840256:0']",100,0.019708738,2,2,0,0,0,535,0,528,7,5932112
1297071877055840256:262144,102,2,"['1297036692683751424:262144', '1297071877055840256:0']",103,0.019417476,2,2,0,0,0,535,0,528,7,5932112
1297071877055840256:268435456,107,2,"['1297036692683751424:268435456', '1297071877055840256:0']",103,0.0191427,2,2,0,0,0,535,0,528,7,5932112
1297071877055840256:32768,105,2,"['1297036692683751424:32768', '1297071877055840256:0']",103,0.0191427,2,2,0,0,0,535,0,528,7,5932112
1297071877055840256:33554432,105,2,"['1297036692683751424:33554432', '1297071877055840256:0']",103,0.019324122,2,2,0,0,0,535,0,528,7,5932112
1297071877055840256:34359738368,107,2,"['1297036692683751424:34359738368', '1297071877055840256:0']",103,0.018967997,2,2,0,0,0,535,0,528,7,5932112
1297071877055840256:4,105,2,"['1297036692683751424:4', '1297071877055840256:0']",103,0.019324122,2,2,0,0,0,535,0,528,7,5932112
1297071877055840256:8192,103,2,"['1297036692683751424:8192', '1297071877055840256:0']",103,0.019324122,2,2,0,0,0,535,0,528,7,5932112
1297071877055840258:0,103,2,"['1297036692683751426:0', '1297071877055840256:0']",103,0.019054532,2,2,0,0,0,535,0,528,7,5932112
1297071877055840264:0,106,2,"['1297036692683751432:0', '1297071877055840256:0']",103,0.0191427,2,2,0,0,0,535,0,528,7,5932112
1297071877055840272:0,106,2,"['1297036692683751440:0', '1297071877055840256:0']",103,0.01888305,2,2,0,0,0,535,0,528,7,5932112
1297071877055840320:0,106,2,"['1297036692683751488:0', '1297071877055840256:0']",103,0.019054532,2,2,0,0,0,535,0,528,7,5932112
1297071877055840768:0,105,2,"['1297036692683751936:0', '1297071877055840256:0']",103,0.0191427,2,2,0,0,0,535,0,528,7,5932112
1297071877055841280:0,101,2,"['1297036692683752448:0', '1297071877055840256:0']",100,0.019708738,2,2,0,0,0,535,0,528,7,5932112
1297071877055856640:0,102,2,"['1297036692683767808:0', '1297071877055840256:0']",103,0.019417476,2,2,0,0,0,535,0,528,7,5932112
1297071877056102400:0,104,2,"['1297036692684013568:0', '1297071877055840256:0']",102,0.019512659,2,2,0,0,0,535,0,528,7,5932112
1297071877056364544:0,103,2,"['1297036692684275712:0', '1297071877055840256:0']",103,0.019417476,2,2,0,0,0,535,0,528,7,5932112
1297071877057937408:0,101,2,"['1297036692685848576:0', '1297071877055840256:0']",103,0.019417476,2,2,0,0,0,535,0,528,7,5932112
1297071877060034560:0,103,2,"['1297036692687945728:0', '1297071877055840256:0']",103,0.019232547,2,2,0,0,0,535,0,528,7,5932112
1297071877064228864:0,100,2,"['1297036692692140032:0', '1297071877055840256:0']",103,0.0191427,2,2,0,0,0,535,0,528,7,5932112
1297071877089394688:0,100,2,"['1297036692717305856:0', '1297071877055840256:0']",103,0.019232547,2,2,0,0,0,535,0,528,7,5932112
1297071877122949120:0,103,2,"['1297036692750860288:0', '1297071877055840256:0']",101,0.019609728,2,2,0,0,0,535,0,528,7,5932112
1297071877592711168:0,104,2,"['1297036693220622336:0', '1297071877055840256:0']",103,0.019417476,2,2,0,0,0,535,0,528,7,5932112
1297071879203323904:0,103,2,"['1297036694831235072:0', '1297071877055840256:0']",103,0.019324122,2,2,0,0,0,535,0,528,7,5932112
1297071881350807552:0,100,2,"['1297036696978718720:0', '1297071877055840256:0']",103,0.019417476,2,2,0,0,0,535,0,528,7,5932112
1297071885645774848:0,100,2,"['1297036701273686016:0', '1297071877055840256:0']",103,0.019324122,2,2,0,0,0,535,0,528,7,5932112
1297071911415578624:0,104,2,"['1297036727043489792:0', '1297071877055840256:0']",103,0.019232547,2,2,0,0,0,535,0,528,7,5932112
1297072426811654144:0,101,2,"['1297037242439565312:0', '1297071877055840256:0']",103,0.019417476,2,2,0,0,0,535,0,528,7,5932112
1297076275102351360:0,104,2,"['1297041090730262528:0', '1297071877055840256:0']",103,0.019324122,2,2,0,0,0,535,0,528,7,5932112
1297080673148862464:0,107,2,"['1297045488776773632:0', '1297071877055840256:0']",103,0.018967997,2,2,0,0,0,535,0,528,7,5932112
1297107061427929088:134217728,103,2,"['1297036692683751424:134217728', '1297107061427929088:0']",100,0.01990099,2,2,0,0,0,535,0,528,7,5932112
1297107061427929088:33554432,105,2,"['1297036692683751424:33554432', '1297107061427929088:0']",101,0.019516375,2,2,0,0,0,535,0,528,7,5932112
1297107061427929088:34359738368,103,2,"['1297036692683751424:34359738368', '1297107061427929088:0']",101,0.019160249,2,2,0,0,0,535,0,528,7,5932112
1297107061427929088:4,100,2,"['1297036692683751424:4', '1297107061427929088:0']",101,0.019516375,2,2,0,0,0,535,0,528,7,5932112
1297107061427929088:8192,103,2,"['1297036692683751424:8192', '1297107061427929088:0']",101,0.019516375,2,2,0,0,0,535,0,528,7,5932112
1297107061427929090:0,105,2,"['1297036692683751426:0', '1297107061427929088:0']",101,0.019246784,2,2,0,0,0,535,0,528,7,5932112
1297107061427929096:0,105,2,"['1297036692683751432:0', '1297107061427929088:0']",101,0.019334952,2,2,0,0,0,535,0,528,7,5932112
1297107061427929104:0,105,2,"['1297036692683751440:0', '1297107061427929088:0']",101,0.019075302,2,2,0,0,0,535,0,528,7,5932112
1297107061427929152:0,100,2,"['1297036692683751488:0', '1297107061427929088:0']",101,0.019246784,2,2,0,0,0,535,0,528,7,5932112
1297107061427929600:0,103,2,"['1297036692683751936:0', '1297107061427929088:0']",101,0.019334952,2,2,0,0,0,535,0,528,7,5932112
1297107061427931136:0,101,2,"['1297036692683753472:0', '1297107061427929088:0']",101,0.019609728,2,2,0,0,0,535,0,528,7,5932112
1297107061428191232:0,102,2,"['1297036692684013568:0', '1297107061427929088:0']",101,0.019704912,2,2,0,0,0,535,0,528,7,5932112
1297107061430026240:0,102,2,"['1297036692685848576:0', '1297107061427929088:0']",101,0.019609728,2,2,0,0,0,535,0,528,7,5932112
1297107061432123392:0,103,2,"['1297036692687945728:0', '1297107061427929088:0']",101,0.0194248,2,2,0,0,0,535,0,528,7,5932112
1297107061436317696:0,101,2,"['1297036692692140032:0', '1297107061427929088:0']",101,0.019334952,2,2,0,0,0,535,0,528,7,5932112
1297107061964800000:0,102,2,"['1297036693220622336:0', '1297107061427929088:0']",101,0.019609728,2,2,0,0,0,535,0,528,7,5932112
1297107063575412736:0,101,2,"['1297036694831235072:0', '1297107061427929088:0']",101,0.019516375,2,2,0,0,0,535,0,528,7,5932112
1297107070017863680:0,101,2,"['1297036701273686016:0', '1297107061427929088:0']",101,0.019516375,2,2,0,0,0,535,0,528,7,5932112
1297107611183742976:0,100,2,"['1297037242439565312:0', '1297107061427929088:0']",101,0.019609728,2,2,0,0,0,535,0,528,7,5932112
1297115857520951296:0,105,2,"['1297045488776773632:0', '1297107061427929088:0']",101,0.019160249,2,2,0,0,0,535,0,528,7,5932112
1301540292311121920:134217728,106,2,"['1297036692683751424:134217728', '1301540292311121920:0']",100,0.01990099,2,2,0,0,0,535,0,528,7,5932112
1301540292311121920:268435456,101,2,"['1297036692683751424:268435456', '1301540292311121920:0']",101,0.019334952,2,2,0,0,0,535,0,528,7,5932112
1301540292311121920:32768,101,2,"['1297036692683751424:32768', '1301540292311121920:0']",101,0.019334952,2,2,0,0,0,535,0,528,7,5932112
1301540292311121920:33554432,106,2,"['1297036692683751424:33554432', '1301540292311121920:0']",101,0.019516375,2,2,0,0,0,535,0,528,7,5932112
1301540292311121920:34359738368,107,2,"['1297036692683751424:34359738368', '1301540292311121920:0']",101,0.019160249,2,2,0,0,0,535,0,528,7,5932112
1301540292311121920:4,105,2,"['1297036692683751424:4', '1301540292311121920:0']",101,0.019516375,2,2,0,0,0,535,0,528,7,5932112
1301540292311121920:8192,105,2,"['1297036692683751424:8192', '1301540292311121920:0']",101,0.019516375,2,2,0,0,0,535,0,528,7,5932112
1301540292311121922:0,106,2,"['1297036692683751426:0', '1301540292311121920:0']",101,0.019246784,2,2,0,0,0,535,0,528,7,5932112
1301540292311121928:0,107,2,"['1297036692683751432:0', '1301540292311121920:0']",101,0.019334952,2,2,0,0,0,535,0,528,7,5932112
1301540292311121936:0,105,2,"['1297036692683751440:0', '1301540292311121920:0']",101,0.019075302,2,2,0,0,0,535,0,528,7,5932112
1301540292311121984:0,101,2,"['1297036692683751488:0', '1301540292311121920:0']",101,0.019246784,2,2,0,0,0,535,0,528,7,5932112
1301540292311122432:0,102,2,"['1297036692683751936:0', '1301540292311121920:0']",101,0.019334952,2,2,0,0,0,535,0,528,7,5932112
1301540292311123968:0,102,2,"['1297036692683753472:0', '1301540292311121920:0']",101,0.019609728,2,2,0,0,0,535,0,528,7,5932112
1301540292311138304:0,102,2,"['1297036692683767808:0', '1301540292311121920:0']",101,0.019609728,2,2,0,0,0,535,0,528,7,5932112
1301540292313219072:0,104,2,"['1297036692685848576:0', '1301540292311121920:0']",101,0.019609728,2,2,0,0,0,535,0,528,7,5932112
1301540292315316224:0,107,2,"['1297036692687945728:0', '1301540292311121920:0']",101,0.0194248,2,2,0,0,0,535,0,528,7,5932112
1301540292319510528:0,107,2,"['1297036692692140032:0', '1301540292311121920:0']",101,0.019334952,2,2,0,0,0,535,0,528,7,5932112
1301540292344676352:0,107,2,"['1297036692717305856:0', '1301540292311121920:0']",101,0.0194248,2,2,0,0,0,535,0,528,7,5932112
1301540300901056512:0,105,2,"['1297036701273686016:0', '1301540292311121920:0']",101,0.019516375,2,2,0,0,0,535,0,528,7,5932112
1301540309490991104:0,102,2,"['1297036709863620608:0', '1301540292311121920:0']",101,0.0194248,2,2,0,0,0,535,0,528,7,5932112
1301540326670860288:0,106,2,"['1297036727043489792:0', '1301540292311121920:0']",101,0.0194248,2,2,0,0,0,535,0,528,7,5932112
1301540429750075392:0,100,2,"['1297036830122704896:0', '1301540292311121920:0']",101,0.01980198,2,2,0,0,0,535,0,528,7,5932112
1301549088404144128:0,102,2,"['1297045488776773632:0', '1301540292311121920:0']",101,0.019160249,2,2,0,0,0,535,0,528,7,5932112
1306043891938492416:131072,103,2,"['1297036692683751424:131072', '1306043891938492416:0']",102,0.019607843,2,2,0,0,0,535,0,528,7,5932112
1306043891938492416:134217728,105,2,"['1297036692683751424:134217728', '1306043891938492416:0']",100,0.019803922,2,2,0,0,0,535,0,528,7,5932112
1306043891938492416:262144,100,2,"['1297036692683751424:262144', '1306043891938492416:0']",102,0.019512659,2,2,0,0,0,535,0,528,7,5932112
1306043891938492416:268435456,106,2,"['1297036692683751424:268435456', '1306043891938492416:0']",102,0.019237884,2,2,0,0,0,535,0,528,7,5932112
1306043891938492416:32768,104,2,"['1297036692683751424:32768', '1306043891938492416:0']",102,0.019237884,2,2,0,0,0,535,0,528,7,5932112
1306043891938492416:33554432,103,2,"['1297036692683751424:33554432', '1306043891938492416:0']",102,0.019419306,2,2,0,0,0,535,0,528,7,5932112
1306043891938492416:34359738368,106,2,"['1297036692683751424:34359738368', '1306043891938492416:0']",102,0.019063181,2,2,0,0,0,535,0,528,7,5932112
1306043891938492416:4,103,2,"['1297036692683751424:4', '1306043891938492416:0']",102,0.019419306,2,2,0,0,0,535,0,528,7,5932112
1306043891938492416:8192,101,2,"['1297036692683751424:8192', '1306043891938492416:0']",102,0.019419306,2,2,0,0,0,535,0,528,7,5932112
1306043891938492418:0,103,2,"['1297036692683751426:0', '1306043891938492416:0']",102,0.019149716,2,2,0,0,0,535,0,528,7,5932112
1306043891938492424:0,105,2,"['1297036692683751432:0', '1306043891938492416:0']",102,0.019237884,2,2,0,0,0,535,0,528,7,5932112
1306043891938492432:0,105,2,"['1297036692683751440:0', '1306043891938492416:0']",102,0.018978233,2,2,0,0,0,535,0,528,7,5932112
1306043891938492480:0,104,2,"['1297036692683751488:0', '1306043891938492416:0']",102,0.019149716,2,2,0,0,0,535,0,528,7,5932112
1306043891938508800:0,102,2,"['1297036692683767808:0', '1306043891938492416:0']",102,0.019512659,2,2,0,0,0,535,0,528,7,5932112
1306043891938754560:0,103,2,"['1297036692684013568:0', '1306043891938492416:0']",102,0.019607843,2,2,0,0,0,535,0,528,7,5932112
1306043891942686720:0,103,2,"['1297036692687945728:0', '1306043891938492416:0']",102,0.019327731,2,2,0,0,0,535,0,528,7,5932112
1306043891946881024:0,105,2,"['1297036692692140032:0', '1306043891938492416:0']",102,0.019237884,2,2,0,0,0,535,0,528,7,5932112
1306043892005601280:0,100,2,"['1297036692750860288:0', '1306043891938492416:0']",101,0.019704912,2,2,0,0,0,535,0,528,7,5932112
1306043900528427008:0,103,2,"['1297036701273686016:0', '1306043891938492416:0']",102,0.019419306,2,2,0,0,0,535,0,528,7,5932112
1306043909118361600:0,102,2,"['1297036709863620608:0', '1306043891938492416:0']",102,0.019327731,2,2,0,0,0,535,0,528,7,5932112
1306043926298230784:0,104,2,"['1297036727043489792:0', '1306043891938492416:0']",102,0.019327731,2,2,0,0,0,535,0,528,7,5932112
1306052688031514624:0,101,2,"['1297045488776773632:0', '1306043891938492416:0']",102,0.019063181,2,2,0,0,0,535,0,528,7,5932112
1306079076310581248:0,101,2,"['1297071877055840256:0', '1306043891938492416:0']",102,0.019512659,2,2,0,0,0,535,0,528,7,5932112
1315051091193233408:131072,104,2,"['1297036692683751424:131072', '1315051091193233408:0']",102,0.019063181,2,2,0,0,0,535,0,528,7,5932112
1315051091193233408:134217728,108,2,"['1297036692683751424:134217728', '1315051091193233408:0']",100,0.019259259,2,2,0,0,0,535,0,528,7,5932112
1315051091193233408:262144,107,2,"['1297036692683751424:262144', '1315051091193233408:0']",103,0.018967997,2,2,0,0,0,535,0,528,7,5932112
1315051091193233408:268435456,106,2,"['1297036692683751424:268435456', '1315051091193233408:0']",106,0.018693222,2,2,0,0,0,535,0,528,7,5932112
1315051091193233408:32768,109,2,"['1297036692683751424:32768', '1315051091193233408:0']",106,0.018693222,2,2,0,0,0,535,0,528,7,5932112
1315051091193233408:4,109,2,"['1297036692683751424:4', '1315051091193233408:0']",104,0.018874644,2,2,0,0,0,535,0,528,7,5932112
1315051091193233408:8192,109,2,"['1297036692683751424:8192', '1315051091193233408:0']",104,0.018874644,2,2,0,0,0,535,0,528,7,5932112
1315051091193233416:0,109,2,"['1297036692683751432:0', '1315051091193233408:0']",106,0.018693222,2,2,0,0,0,535,0,528,7,5932112
1315051091193233424:0,108,2,"['1297036692683751440:0', '1315051091193233408:0']",108,0.018433571,2,2,0,0,0,535,0,528,7,5932112
1315051091193233472:0,100,2,"['1297036692683751488:0', '1315051091193233408:0']",107,0.018605054,2,2,0,0,0,535,0,528,7,5932112
1315051091193233920:0,109,2,"['1297036692683751936:0', '1315051091193233408:0']",106,0.018693222,2,2,0,0,0,535,0,528,7,5932112
1315051091193234432:0,100,2,"['1297036692683752448:0', '1315051091193233408:0']",100,0.019259259,2,2,0,0,0,535,0,528,7,5932112
1315051091193235456:0,107,2,"['1297036692683753472:0', '1315051091193233408:0']",103,0.018967997,2,2,0,0,0,535,0,528,7,5932112
1315051091193249792:0,106,2,"['1297036692683767808:0', '1315051091193233408:0']",103,0.018967997,2,2,0,0,0,535,0,528,7,5932112
1315051091193495552:0,101,2,"['1297036692684013568:0', '1315051091193233408:0']",102,0.019063181,2,2,0,0,0,535,0,528,7,5932112
1315051091193757696:0,103,2,"['1297036692684275712:0', '1315051091193233408:0']",103,0.018967997,2,2,0,0,0,535,0,528,7,5932112
1315051091195330560:0,103,2,"['1297036692685848576:0', '1315051091193233408:0']",103,0.018967997,2,2,0,0,0,535,0,528,7,5932112
1315051091197427712:0,107,2,"['1297036692687945728:0', '1315051091193233408:0']",105,0.018783069,2,2,0,0,0,535,0,528,7,5932112
1315051091260342272:0,106,2,"['1297036692750860288:0', '1315051091193233408:0']",101,0.019160249,2,2,0,0,0,535,0,528,7,5932112
1315051091730104320:0,103,2,"['1297036693220622336:0', '1315051091193233408:0']",103,0.018967997,2,2,0,0,0,535,0,528,7,5932112
1315051093340717056:0,107,2,"['1297036694831235072:0', '1315051091193233408:0']",104,0.018874644,2,2,0,0,0,535,0,528,7,5932112
1315051099783168000:0,109,2,"['1297036701273686016:0', '1315051091193233408:0']",104,0.018874644,2,2,0,0,0,535,0,528,7,5932112
1315051108373102592:0,109,2,"['1297036709863620608:0', '1315051091193233408:0']",105,0.018783069,2,2,0,0,0,535,0,528,7,5932112
1315051125552971776:0,107,2,"['1297036727043489792:0', '1315051091193233408:0']",105,0.018783069,2,2,0,0,0,535,0,528,7,5932112
1315051228632186880:0,105,2,"['1297036830122704896:0', '1315051091193233408:0']",101,0.019160249,2,2,0,0,0,535,0,528,7,5932112
1315051640949047296:0,106,2,"['1297037242439565312:0', '1315051091193233408:0']",103,0.018967997,2,2,0,0,0,535,0,528,7,5932112
1315055489239744512:0,107,2,"['1297041090730262528:0', '1315051091193233408:0']",104,0.018874644,2,2,0,0,0,535,0,528,7,5932112
1315059887286255616:0,100,2,"['1297045488776773632:0', '1315051091193233408:0']",108,0.018518519,2,2,0,0,0,535,0,528,7,5932112
1315086275565322240:0,101,2,"['1297071877055840256:0', '1315051091193233408:0']",103,0.018967997,2,2,0,0,0,535,0,528,7,5932112
1319554690820603904:0,106,2,"['1301540292311121920:0', '1315051091193233408:0']",101,0.019160249,2,2,0,0,0,535,0,528,7,5932112
1324058290447974400:0,103,2,"['1306043891938492416:0', '1315051091193233408:0']",102,0.019063181,2,2,0,0,0,535,0,528,7,5932112
1441151880759607296:34896609280,107,2,"['1152921504607895552:34896609280', '1297036692683751424:262144']",103,0.01888305,2,2,0,0,0,535,0,528,7,5932112
1441151880759607296:536870916,107,2,"['1152921504607895552:536870916', '1297036692683751424:262144']",103,0.018967997,2,2,0,0,0,535,0,528,7,5932112
1441151880759607296:536870920,107,2,"['1152921504607895552:536870920', '1297036692683751424:262144']",103,0.0191427,2,2,0,0,0,535,0,528,7,5932112
1441151880759607296:536887296,104,2,"['1152921504607895552:536887296', '1297036692683751424:262144']",103,0.01888305,2,2,0,0,0,535,0,528,7,5932112
1441151880759607296:570425344,106,2,"['1152921504607895552:570425344', '1297036692683751424:262144']",103,0.0191427,2,2,0,0,0,535,0,528,7,5932112
1441151880759607297:536870912,103,2,"['1152921504606852096:536870912', '1297036692683751424:262144']",103,0.019417476,2,2,0,0,0,535,0,528,7,5932112
1441151880759607298:536870912,108,2,"['1152921504606851584:536870912', '1297036692683751424:262144']",103,0.0191427,2,2,0,0,0,535,0,528,7,5932112
1441151880759609344:536870912,103,2,"['1152921504607897600:536870912', '1297036692683751424:262144']",103,0.019324122,2,2,0,0,0,535,0,528,7,5932112
1441151880763801600:536870912,106,2,"['1152921504612089856:536870912', '1297036692683751424:262144']",101,0.019609728,2,2,0,0,0,535,0,528,7,5932112
1441151880767995904:536870912,104,2,"['1152921504616284160:536870912', '1297036692683751424:262144']",103,0.019324122,2,2,0,0,0,535,0,528,7,5932112
1441151897939476480:536870912,105,2,"['1152921521787764736:536870912', '1297036692683751424:262144']",103,0.019232547,2,2,0,0,0,535,0,528,7,5932112
1441169472945651712:536870912,104,2,"['1152939096793939968:536870912', '1297036692683751424:262144']",103,0.0191427,2,2,0,0,0,535,0,528,7,5932112
10376293541461622800:68719476737,89,1,['1152939096793939968:536870912'],106,0.009433962,1,1,0,0,0,765,55,682,28,5041585
10376293541461626880:1056768,86,1,['10376293541461626880:8192'],108,0.009259259,1,1,0,0,0,765,55,682,28,5041585
10376293541461626880:1064960,88,1,['10376293541461626880:16384'],105,0.00952381,1,1,0,0,0,765,55,682,28,5041585
10376293541461626880:16640,89,1,['10376293541461626880:16384'],105,0.00952381,1,1,0,0,0,765,55,682,28,5041585
10376293541461626880:260,89,1,['10376293541461626880:4'],103,0.009708738,1,1,0,0,0,765,55,682,28,5041585
10376293541461626880:272,87,1,['10376293541461626880:16'],105,0.00952381,1,1,0,0,0,765,55,682,28,5041585
10376293541461626880:288,84,1,['10376293541461626880:32'],105,0.00952381,1,1,0,0,0,765,55,682,28,5041585
10376293541461626880:65792,81,1,['10376293541461626880:65536'],101,0.00990099,1,1,0,0,0,765,55,682,28,5041585
10376293541461626880:67125248,88,1,['10376293541461626880:16384'],105,0.00952381,1,1,0,0,0,765,55,682,28,5041585
10376293541461626888:65536,83,1,['10376293541461626880:65536'],101,0.00990099,1,1,0,0,0,765,55,682,28,5041585
10376293541461626896:131072,87,1,['1297036692683751488:0'],107,0.009345794,1,1,0,0,0,765,55,682,28,5041585
10376293541461659648:32768,86,1,['10376293541461626880:32768'],105,0.00952381,1,1,0,0,0,765,55,682,28,5041585
10376293541461757952:65536,88,1,['10376293541461626880:65536'],101,0.00990099,1,1,0,0,0,765,55,682,28,5041585
10376293541462151168:32,89,1,['10376293541461626880:32'],105,0.00952381,1,1,0,0,0,765,55,682,28,5041585
10376293541462671362:68719476736,88,1,['1152921504607897600:536870912'],104,0.009615385,1,1,0,0,0,765,55,682,28,5041585
10376293541462671376:68719476736,86,1,['1152939096793939968:536870912'],106,0.009433962,1,1,0,0,0,765,55,682,28,5041585
10376293541462673408:68719476736,86,1,['1152921504606851584:536870912'],106,0.009433962,1,1,0,0,0,765,55,682,28,5041585
10376293541462675456:65536,89,1,['10376293541461626880:65536'],101,0.00990099,1,1,0,0,0,765,55,682,28,5041585
10376293541462679552:68719476736,82,1,['1152921504616284160:536870912'],104,0.009615385,1,1,0,0,0,765,55,682,28,5041585
10376293541478404096:32768,88,1,['10376293541461626880:32768'],105,0.00952381,1,1,0,0,0,765,55,682,28,5041585
10376293542535368704:65536,87,1,['10376293541461626880:65536'],101,0.00990099,1,1,0,0,0,765,55,682,28,5041585
10376293610182148096:68719476736,89,1,['10376293541461626880:65536'],101,0.00990099,1,1,0,0,0,765,55,682,28,5041585
10376293678900580352:131072,88,1,['1297037242439565312:0'],103,0.009708738,1,1,0,0,0,765,55,682,28,5041585
10376311133648715776:68719476736,85,1,['10376293541461626880:4'],103,0.009708738,1,1,0,0,0,765,55,682,28,5041585
10376434278951026688:68719476736,87,1,['10376293541461626880:32'],105,0.00952381,1,1,0,0,0,765,55,682,28,5041585
10376856491415048192:32768,89,1,['10376293541461626880:32768'],105,0.00952381,1,1,0,0,0,765,55,682,28,5041585
10377419441368469504:65536,87,1,['10376293541461626880:65536'],101,0.00990099,1,1,0,0,0,765,55,682,28,5041585
10378545341275312128:65536,84,1,['10376293541461626880:65536'],101,0.00990099,1,1,0,0,0,765,55,682,28,5041585
10412322338480590848:16384,87,1,['10376293541461626880:16384'],105,0.00952381,1,1,0,0,0,765,55,682,28,5041585
10412322338480590848:32,89,1,['10376293541461626880:32'],105,0.00952381,1,1,0,0,0,765,55,682,28,5041585
10412322338480590848:32768,87,1,['10376293541461626880:32768'],105,0.00952381,1,1,0,0,0,765,55,682,28,5041585
10412322338480590848:4,87,1,['10376293541461626880:4'],103,0.009708738,1,1,0,0,0,765,55,682,28,5041585
10412322338480590848:65536,86,1,['10376293541461626880:65536'],101,0.00990099,1,1,0,0,0,765,55,682,28,5041585
10412322338480590849:0,84,1,['1297036692683752448:0'],100,0.01,1,1,0,0,0,765,55,682,28,5041585
10412322338480599040:0,89,1,['1297036692684275712:0'],103,0.009708738,1,1,0,0,0,765,55,682,28,5041585
10412322347070525440:0,88,1,['1297045488776773632:0'],108,0.009259259,1,1,0,0,0,765,55,682,28,5041585
10412322475919544320:0,87,1,['1297037242439565312:0'],103,0.009708738,1,1,0,0,0,765,55,682,28,5041585
10412322888236404736:0,85,1,['1297036830122704896:0'],101,0.00990099,1,1,0,0,0,765,55,682,28,5041585
10412339930666635264:0,85,1,['1315051091193233408:0'],108,0.009259259,1,1,0,0,0,765,55,682,28,5041585
10412357522852679680:0,85,1,['1306043891938492416:0'],102,0.009803922,1,1,0,0,0,765,55,682,28,5041585
10416825938107961344:0,88,1,['1297107061427929088:0'],101,0.00990099,1,1,0,0,0,765,55,682,28,5041585
10448351135499554880:0,88,1,['1297036692683751440:0'],109,0.009174312,1,1,15000000,1,15000000,765,55,682,28,5041585
10448368727685599232:0,89,1,['1315051091193233408:0'],108,0.009259259,1,1,15000000,1,15000000,765,55,682,28,5041585
10952754293765050368:32,88,1,['10376293541461626880:32'],105,0.00952381,1,1,0,0,0,765,55,682,28,5041585
10952754293765050368:65536,83,1,['10376293541461626880:65536'],101,0.00990099,1,1,0,0,0,765,55,682,28,5041585
1152921504607895552:536944640,89,1,['1152921504607895552:536879104'],101,0.00990099,1,1,0,0,0,765,55,682,28,5041585
1152921504607895552:603979780,88,1,['1152921504607895552:536870916'],108,0.009259259,1,1,0,0,0,765,55,682,28,5041585
1152921504607895552:603996160,82,1,['1152921504607895552:536887296'],109,0.009174312,1,1,0,0,0,765,55,682,28,5041585
1152921504607895556:603979776,88,1,['10376293541461626880:16777216'],106,0.009433962,1,1,0,0,0,765,55,682,28,5041585
1152921504607963136:536870912,85,1,['1152921504607897600:536870912'],104,0.009615385,1,1,15000000,1,15000000,765,55,682,28,5041585
1152921504742113282:68719476736,85,1,['1297036692683753472:0'],103,0.009708738,1,1,0,0,0,765,55,682,28,5041585
1152921504742113408:68719476736,89,1,['1297036692683751424:8192'],104,0.009615385,1,1,0,0,0,765,55,682,28,5041585
1152921504742115328:68719476736,85,1,['1297036692683751426:0'],107,0.009345794,1,1,0,0,0,765,55,682,28,5041585
1152921504742121472:68719476736,85,1,['1297036692692140032:0'],106,0.009433962,1,1,0,0,0,765,55,682,28,5041585
1152921504742146048:68719476736,89,1,['1297071877055840256:0'],103,0.009708738,1,1,0,0,0,765,55,682,28,5041585
1152921506889596928:68719476736,89,1,['1152921504607895552:570425344'],106,0.009433962,1,1,0,0,0,765,55,682,28,5041585
1152921538967633920:603979776,87,1,['10376293541461626880:134217728'],107,0.009345794,1,1,0,0,0,765,55,682,28,5041585
1152930300835135488:68719476736,85,1,['1152921504607895552:536879104'],101,0.00990099,1,1,0,0,0,765,55,682,28,5041585
1152939096793939968:536936448,87,1,['1152939096793939968:536870912'],106,0.009433962,1,1,0,0,0,765,55,682,28,5041585
1152939096793939968:603979776,88,1,['1152939096793939968:536870912'],106,0.009433962,1,1,0,0,0,765,55,682,28,5041585
1152939096928157696:68719476736,89,1,['1297036692683751440:0'],109,0.009174312,1,1,0,0,0,765,55,682,28,5041585
1153062242230468608:68719476736,84,1,['1297036830122704896:0'],101,0.00990099,1,1,0,0,0,765,55,682,28,5041585
1153502046747361280:536870912,89,1,['1152939096793939968:536870912'],106,0.009433962,1,1,0,0,0,765,55,682,28,5041585
1161946296048680960:536870912,88,1,['1152939096793939968:536870912'],106,0.009433962,1,1,0,0,0,765,55,682,28,5041585
1297036692683751424:1114112,87,1,['10376293541461626880:65536'],101,0.00990099,1,1,0,0,0,765,55,682,28,5041585
1297036692683751424:131074,86,1,['1297036692683751424:131072'],102,0.009803922,1,1,0,0,0,765,55,682,28,5041585
1297036692683751424:131136,84,1,['1297036692683751424:131072'],102,0.009803922,1,1,0,0,0,765,55,682,28,5041585
1297036692683751424:134283264,89,1,['1297036692683751424:134217728'],100,0.01,1,1,0,0,0,765,55,682,28,5041585
1297036692683751424:201326592,87,1,['1297036692683751424:134217728'],100,0.01,1,1,0,0,0,765,55,682,28,5041585
1297036692683751424:262208,88,1,['1297036692683751424:262144'],103,0.009708738,1,1,0,0,0,765,55,682,28,5041585
1297036692683751424:268435458,89,1,['1297036692683751424:268435456'],106,0.009433962,1,1,0,0,0,765,55,682,28,5041585
1297036692683751424:268500992,82,1,['1297036692683751424:268435456'],106,0.009433962,1,1,0,0,0,765,55,682,28,5041585
1297036692683751424:32770,89,1,['1297036692683751424:32768'],106,0.009433962,1,1,0,0,0,765,55,682,28,5041585
1297036692683751424:65540,89,1,['1297036692683751424:4'],104,0.009615385,1,1,0,0,0,765,55,682,28,5041585
1297036692683751424:67108868,86,1,['1297036692683751424:4'],104,0.009615385,1,1,0,0,0,765,55,682,28,5041585
1297036692683751424:67141632,82,1,['1297036692683751424:32768'],106,0.009433962,1,1,0,0,0,765,55,682,28,5041585
1297036692683751424:67239936,87,1,['1297036692683751424:131072'],102,0.009803922,1,1,0,0,0,765,55,682,28,5041585
1297036692683751424:67371008,88,1,['1297036692683751424:262144'],103,0.009708738,1,1,0,0,0,765,55,682,28,5041585
1297036692683751424:68157440,87,1,['10376293541461626880:65536'],101,0.00990099,1,1,0,0,0,765,55,682,28,5041585
1297036692683751424:71303168,88,1,['10376293541461626880:16384'],105,0.00952381,1,1,0,0,0,765,55,682,28,5041585
1297036692683751424:73728,88,1,['1297036692683751424:8192'],104,0.009615385,1,1,0,0,0,765,55,682,28,5041585
1297036692683751424:98304,87,1,['1297036692683751424:32768'],106,0.009433962,1,1,0,0,0,765,55,682,28,5041585
1297036692683751432:65536,85,1,['1297036692683751432:0'],106,0.009433962,1,1,0,0,0,765,55,682,28,5041585
1297036692683751440:64,89,1,['1297036692683751440:0'],109,0.009174312,1,1,0,0,0,765,55,682,28,5041585
1297036692683751488:64,88,1,['1297036692683751488:0'],107,0.009345794,1,1,0,0,0,765,55,682,28,5041585
1297036692683753472:65536,88,1,['1297036692683753472:0'],103,0.009708738,1,1,0,0,0,765,55,682,28,5041585
1297036692683759616:131072,88,1,['1297036692683751424:131072'],102,0.009803922,1,1,0,0,0,765,55,682,28,5041585
1297036692683759616:32768,89,1,['1297036692683751424:32768'],106,0.009433962,1,1,0,0,0,765,55,682,28,5041585
1297036692683761664:0,89,1,['1297036692683753472:0'],103,0.009708738,1,1,0,0,0,765,55,682,28,5041585
1297036692683767808:65536,85,1,['1297036692683767808:0'],103,0.009708738,1,1,0,0,0,765,55,682,28,5041585
1297036692683767808:67108864,88,1,['1297036692683767808:0'],103,0.009708738,1,1,0,0,0,765,55,682,28,5041585
1297036692683776000:0,89,1,['1297036692683767808:0'],103,0.009708738,1,1,0,0,0,765,55,682,28,5041585
1297036692683882496:131072,89,1,['1297036692683751424:131072'],102,0.009803922,1,1,0,0,0,765,55,682,28,5041585
1297036692683882496:536870912,86,1,['1306043891938492416:0'],102,0.009803922,1,1,0,0,0,765,55,682,28,5041585
1297036692683884544:0,85,1,['1297036692683753472:0'],103,0.009708738,1,1,0,0,0,765,55,682,28,5041585
1297036692683898880:0,86,1,['1297036692683767808:0'],103,0.009708738,1,1,0,0,0,765,55,682,28,5041585
1297036692684144640:0,85,1,['1297036692684013568:0'],102,0.009803922,1,1,0,0,0,765,55,682,28,5041585
1297036692684283904:0,86,1,['1297036692684275712:0'],103,0.009708738,1,1,0,0,0,765,55,682,28,5041585
1297036692684308480:0,88,1,['1297036692684275712:0'],103,0.009708738,1,1,0,0,0,765,55,682,28,5041585
1297036692684406784:0,85,1,['1297036692684275712:0'],103,0.009708738,1,1,0,0,0,765,55,682,28,5041585
1297036692685848576:65536,89,1,['1297036692685848576:0'],103,0.009708738,1,1,0,0,0,765,55,682,28,5041585
1297036692685856768:0,87,1,['1297036692685848576:0'],103,0.009708738,1,1,0,0,0,765,55,682,28,5041585
1297036692685979648:0,87,1,['1297036692685848576:0'],103,0.009708738,1,1,0,0,0,765,55,682,28,5041585
1297036692687945728:64,86,1,['1297036692687945728:0'],105,0.00952381,1,1,0,0,0,765,55,682,28,5041585
1297036692692148224:0,88,1,['1297036692692140032:0'],106,0.009433962,1,1,0,0,0,765,55,682,28,5041585
1297036692700545024:0,84,1,['1297036692683767808:0'],103,0.009708738,1,1,0,0,0,765,55,682,28,5041585
1297036692750860288:64,84,1,['1297036692750860288:0'],101,0.00990099,1,1,0,0,0,765,55,682,28,5041585
1297036692750868480:0,88,1,['1297036692750860288:0'],101,0.00990099,1,1,0,0,0,765,55,682,28,5041585
1297036692817969152:262144,89,1,['1297036692683751424:262144'],103,0.009708738,1,1,0,0,0,765,55,682,28,5041585
1297036693220753408:0,88,1,['1297036693220622336:0'],103,0.009708738,1,1,0,0,0,765,55,682,28,5041585
1297036693824602112:0,88,1,['1297036692750860288:0'],101,0.00990099,1,1,0,0,0,765,55,682,28,5041585
1297036694831366144:0,89,1,['1297036694831235072:0'],104,0.009615385,1,1,0,0,0,765,55,682,28,5041585
1297036696978718720:64,88,1,['1297036696978718720:0'],103,0.009708738,1,1,0,0,0,765,55,682,28,5041585
1297036696978718720:65536,86,1,['1297036696978718720:0'],103,0.009708738,1,1,0,0,0,765,55,682,28,5041585
1297036696978718720:67108864,87,1,['1297036696978718720:0'],103,0.009708738,1,1,0,0,0,765,55,682,28,5041585
1297036696978718720:68719476736,89,1,['1297036696978718720:0'],103,0.009708738,1,1,0,0,0,765,55,682,28,5041585
1297036696978726912:0,87,1,['1297036696978718720:0'],103,0.009708738,1,1,0,0,0,765,55,682,28,5041585
1297036709863620608:64,83,1,['1297036709863620608:0'],105,0.00952381,1,1,0,0,0,765,55,682,28,5041585
1297036727043489792:67108864,83,1,['1297036727043489792:0'],105,0.00952381,1,1,0,0,0,765,55,682,28,5041585
1297036761403228160:134217728,86,1,['1297036692683751424:134217728'],100,0.01,1,1,0,0,0,765,55,682,28,5041585
1297036761403228224:0,88,1,['1297036692683751488:0'],107,0.009345794,1,1,0,0,0,765,55,682,28,5041585
1297036830122835968:0,87,1,['1297036830122704896:0'],101,0.00990099,1,1,0,0,0,765,55,682,28,5041585
1297036830139482112:0,89,1,['1297036830122704896:0'],101,0.00990099,1,1,0,0,0,765,55,682,28,5041585
1297037242439565312:128,89,1,['1297037242439565312:0'],103,0.009708738,1,1,0,0,0,765,55,682,28,5041585
1297037242439565312:65536,85,1,['1297037242439565312:0'],103,0.009708738,1,1,0,0,0,765,55,682,28,5041585
1297037242439696384:0,89,1,['1297037242439565312:0'],103,0.009708738,1,1,0,0,0,765,55,682,28,5041585
1297037243513307136:0,87,1,['1297037242439565312:0'],103,0.009708738,1,1,0,0,0,765,55,682,28,5041585
1297037311159042048:0,86,1,['1297037242439565312:0'],103,0.009708738,1,1,0,0,0,765,55,682,28,5041585
1297037792732250112:0,87,1,['1297036693220622336:0'],103,0.009708738,1,1,0,0,0,765,55,682,28,5041585
1297037796490346496:0,89,1,['1297036696978718720:0'],103,0.009708738,1,1,0,0,0,765,55,682,28,5041585
1297037929634332672:0,89,1,['1297036830122704896:0'],101,0.00990099,1,1,0,0,0,765,55,682,28,5041585
1297038341951193088:0,88,1,['1297037242439565312:0'],103,0.009708738,1,1,0,0,0,765,55,682,28,5041585
1297045488776773632:68719476736,89,1,['1297045488776773632:0'],108,0.009259259,1,1,0,0,0,765,55,682,28,5041585
1297045557496250368:0,86,1,['1297045488776773632:0'],108,0.009259259,1,1,0,0,0,765,55,682,28,5041585
1297107061427929088:65536,83,1,['1297107061427929088:0'],101,0.00990099,1,1,0,0,0,765,55,682,28,5041585
1297107061427929088:67108864,82,1,['1297107061427929088:0'],101,0.00990099,1,1,0,0,0,765,55,682,28,5041585
1297107061427937280:0,86,1,['1297107061427929088:0'],101,0.00990099,1,1,0,0,0,765,55,682,28,5041585
1297107061427994624:0,89,1,['1297107061427929088:0'],101,0.00990099,1,1,0,0,0,765,55,682,28,5041585
1297107061428060160:0,85,1,['1297107061427929088:0'],101,0.00990099,1,1,0,0,0,765,55,682,28,5041585
1297107061444706304:0,87,1,['1297107061427929088:0'],101,0.00990099,1,1,0,0,0,765,55,682,28,5041585
1297107062501670912:0,87,1,['1297107061427929088:0'],101,0.00990099,1,1,0,0,0,765,55,682,28,5041585
1297177430239215616:0,88,1,['1297036692750860288:0'],101,0.00990099,1,1,0,0,0,765,55,682,28,5041585
1297177567611060224:0,87,1,['1297036830122704896:0'],101,0.00990099,1,1,0,0,0,765,55,682,28,5041585
1297177979927920640:0,87,1,['1297037242439565312:0'],103,0.009708738,1,1,0,0,0,765,55,682,28,5041585
1297247798916284416:0,88,1,['1297107061427929088:0'],101,0.00990099,1,1,0,0,0,765,55,682,28,5041585
1297353352032550912:0,89,1,['1297071877055840256:0'],103,0.009708738,1,1,0,0,0,765,55,682,28,5041585
1297600192392986624:0,88,1,['1297037242439565312:0'],103,0.009708738,1,1,0,0,0,765,55,682,28,5041585
1301540292311121920:65536,88,1,['1301540292311121920:0'],101,0.00990099,1,1,0,0,0,765,55,682,28,5041585
1301541391822749696:0,86,1,['1301540292311121920:0'],101,0.00990099,1,1,0,0,0,765,55,682,28,5041585
1306043891938492416:65536,80,1,['1306043891938492416:0'],102,0.009803922,1,1,0,0,0,765,55,682,28,5041585
1306043893012234240:0,87,1,['1306043891938492416:0'],102,0.009803922,1,1,0,0,0,765,55,682,28,5041585
1315051091193233408:64,85,1,['1315051091193233408:0'],108,0.009259259,1,1,0,0,0,765,55,682,28,5041585
1315051091193233408:67108864,89,1,['1315051091193233408:0'],108,0.009259259,1,1,0,0,0,765,55,682,28,5041585
1315051159912710144:0,89,1,['1315051091193233408:0'],108,0.009259259,1,1,0,0,0,765,55,682,28,5041585
1315191828681588736:0,85,1,['1315051091193233408:0'],108,0.009259259,1,1,0,0,0,765,55,682,28,5041585
1873497994742988800:0,88,1,['1297037242439565312:0'],103,0.009708738,1,1,0,0,0,765,55,682,28,5041585
3602879701897445376:131072,88,1,['1297036692683751424:131072'],102,0.009803922,1,1,0,0,0,765,55,682,28,5041585
3602879701897446400:0,89,1,['1297036692683752448:0'],100,0.01,1,1,0,0,0,765,55,682,28,5041585
3602879701899542528:0,88,1,['1297036692685848576:0'],103,0.009708738,1,1,0,0,0,765,55,682,28,5041585
3602879702434316288:0,89,1,['1297036693220622336:0'],103,0.009708738,1,1,0,0,0,765,55,682,28,5041585
3602879839336398848:0,87,1,['1297036830122704896:0'],101,0.00990099,1,1,0,0,0,765,55,682,28,5041585
3602880251653259264:0,88,1,['1297037242439565312:0'],103,0.009708738,1,1,0,0,0,765,55,682,28,5041585
5908722711111139328:268435456,89,1,['1297036692683751424:268435456'],106,0.009433962,1,1,0,0,0,765,55,682,28,5041585
5908722711111140352:0,89,1,['1297036692683752448:0'],100,0.01,1,1,0,0,0,765,55,682,28,5041585
5908722711111401472:0,88,1,['1297036692684013568:0'],102,0.009803922,1,1,0,0,0,765,55,682,28,5041585
5908722711178248192:0,86,1,['1297036692750860288:0'],101,0.00990099,1,1,0,0,0,765,55,682,28,5041585
5908722715406106624:0,89,1,['1297036696978718720:0'],103,0.009708738,1,1,0,0,0,765,55,682,28,5041585
10376293541461626880:268443648,112,1,['10376293541461626880:8192'],108,0.009259259,1,1,0,0,0,8,0,8,0,5069670
10376293541461626880:285212672,111,1,['10376293541461626880:16777216'],106,0.009433962,1,1,0,0,0,8,0,8,0,5069670
10376293541461626944:268435456,111,1,['1297036692683751440:0'],109,0.009174312,1,1,0,0,0,8,0,8,0,5069670
10376293541461627008:268435456,111,1,['1297036692683751432:0'],106,0.009433962,1,1,0,0,0,8,0,8,0,5069670
10376293541461627392:268435456,110,1,['1297036692683751426:0'],107,0.009345794,1,1,0,0,0,8,0,8,0,5069670
10376293543609110528:268435456,111,1,['1297036692692140032:0'],106,0.009433962,1,1,0,0,0,8,0,8,0,5069670
10376293550051561472:268435456,111,1,['1297045488776773632:0'],108,0.009259259,1,1,0,0,0,8,0,8,0,5069670
1152991873352073218:536870912,112,1,['1152921504606851584:536870912'],106,0.009433962,1,1,0,0,0,8,0,8,0,5069670
1152991873356267520:536870912,110,1,['1152921504612089856:536870912'],101,0.00990099,1,1,0,0,0,8,0,8,0,5069670
1297036692683751424:35433480192,111,1,['1297036692683751424:34359738368'],108,0.009259259,1,1,0,0,0,8,0,8,0,5069670
10376293541461622792:68719478784,98,1,['1297071877055840256:0'],103,0.009708738,1,1,0,0,0,1241,5,1191,45,5234938
10376293541461622816:68719476737,99,1,['1188950301626859520:536870912'],95,0.010526316,1,1,0,0,0,1241,5,1191,45,5234938
10376293541461623808:103079215104,97,1,['1297036692685848576:0'],103,0.009708738,1,1,0,0,0,1241,5,1191,45,5234938
10376293541461623808:68719476740,97,1,['1315051091193233408:0'],108,0.009259259,1,1,0,0,0,1241,5,1191,45,5234938
10376293541461623808:68719476744,93,1,['1306043891938492416:0'],102,0.009803922,1,1,0,0,0,1241,5,1191,45,5234938
10376293541461623808:68719493120,95,1,['1297041090730262528:0'],104,0.009615385,1,1,0,0,0,1241,5,1191,45,5234938
10376293541461623808:68753031168,94,1,['1297036694831235072:0'],104,0.009615385,1,1,0,0,0,1241,5,1191,45,5234938
10376293541461623812:68719476736,94,1,['1152921504612089856:536870912'],101,0.00990099,1,1,0,0,0,1241,5,1191,45,5234938
10376293541461623824:68719476736,92,1,['1152939096793939968:536870912'],106,0.009433962,1,1,15000000,1,15000000,1241,5,1191,45,5234938
10376293541461626880:1028,98,1,['10376293541461626880:4'],103,0.009708738,1,1,0,0,0,1241,5,1191,45,5234938
10376293541461626880:131076,99,1,['10376293541461626880:4'],103,0.009708738,1,1,0,0,0,1241,5,1191,45,5234938
10376293541461626880:131088,95,1,['10376293541461626880:16'],105,0.00952381,1,1,0,0,0,1241,5,1191,45,5234938
10376293541461626880:131104,94,1,['10376293541461626880:32'],105,0.00952381,1,1,0,0,0,1241,5,1191,45,5234938
10376293541461626880:132,99,1,['10376293541461626880:4'],103,0.009708738,1,1,0,0,0,1241,5,1191,45,5234938
10376293541461626880:134217856,99,1,['10376293541461626880:134217728'],107,0.009345794,1,1,0,0,0,1241,5,1191,45,5234938
10376293541461626880:134217984,98,1,['10376293541461626880:134217728'],107,0.009345794,1,1,0,0,0,1241,5,1191,45,5234938
10376293541461626880:134348800,98,1,['10376293541461626880:134217728'],107,0.009345794,1,1,0,0,0,1241,5,1191,45,5234938
10376293541461626880:135168,99,1,['1297036692683751424:4'],104,0.009615385,1,1,0,0,0,1241,5,1191,45,5234938
10376293541461626880:135266304,94,1,['10376293541461626880:134217728'],107,0.009345794,1,1,0,0,0,1241,5,1191,45,5234938
10376293541461626880:144,99,1,['10376293541461626880:16'],105,0.00952381,1,1,0,0,0,1241,5,1191,45,5234938
10376293541461626880:147456,94,1,['10376293541461626880:16384'],105,0.00952381,1,1,0,0,0,1241,5,1191,45,5234938
10376293541461626880:160,98,1,['10376293541461626880:32'],105,0.00952381,1,1,0,0,0,1241,5,1191,45,5234938
10376293541461626880:163840,97,1,['10376293541461626880:32768'],105,0.00952381,1,1,0,0,0,1241,5,1191,45,5234938
10376293541461626880:16385,96,1,['10376293541461626880:16384'],105,0.00952381,1,1,0,0,0,1241,5,1191,45,5234938
10376293541461626880:16392,93,1,['10376293541461626880:16384'],105,0.00952381,1,1,0,0,0,1241,5,1191,45,5234938
10376293541461626880:16512,99,1,['10376293541461626880:16384'],105,0.00952381,1,1,0,0,0,1241,5,1191,45,5234938
10376293541461626880:16777217,96,1,['10376293541461626880:16777216'],106,0.009433962,1,1,0,0,0,1241,5,1191,45,5234938
10376293541461626880:16777472,99,1,['10376293541461626880:16777216'],106,0.009433962,1,1,0,0,0,1241,5,1191,45,5234938
10376293541461626880:17408,97,1,['10376293541461626880:16384'],105,0.00952381,1,1,0,0,0,1241,5,1191,45,5234938
10376293541461626880:17825792,97,1,['10376293541461626880:16777216'],106,0.009433962,1,1,0,0,0,1241,5,1191,45,5234938
10376293541461626880:201326592,97,1,['10376293541461626880:134217728'],107,0.009345794,1,1,0,0,0,1241,5,1191,45,5234938
10376293541461626880:268500992,98,1,['10376293541461626880:65536'],101,0.00990099,1,1,0,0,0,1241,5,1191,45,5234938
10376293541461626880:32776,97,1,['10376293541461626880:32768'],105,0.00952381,1,1,0,0,0,1241,5,1191,45,5234938
10376293541461626880:33024,94,1,['10376293541461626880:32768'],105,0.00952381,1,1,0,0,0,1241,5,1191,45,5234938
10376293541461626880:33554436,96,1,['10376293541461626880:4'],103,0.009708738,1,1,0,0,0,1241,5,1191,45,5234938
10376293541461626880:33554448,99,1,['10376293541461626880:16'],105,0.00952381,1,1,0,0,0,1241,5,1191,45,5234938
10376293541461626880:33570816,93,1,['10376293541461626880:16384'],105,0.00952381,1,1,0,0,0,1241,5,1191,45,5234938
10376293541461626880:33619968,95,1,['10376293541461626880:65536'],101,0.00990099,1,1,0,0,0,1241,5,1191,45,5234938
10376293541461626880:33792,99,1,['10376293541461626880:32768'],105,0.00952381,1,1,0,0,0,1241,5,1191,45,5234938
10376293541461626880:34078720,99,1,['1297036692683751424:131072'],102,0.009803922,1,1,0,0,0,1241,5,1191,45,5234938
10376293541461626880:516,97,1,['10376293541461626880:4'],103,0.009708738,1,1,0,0,0,1241,5,1191,45,5234938
10376293541461626880:528,98,1,['10376293541461626880:16'],105,0.00952381,1,1,0,0,0,1241,5,1191,45,5234938
10376293541461626880:65537,96,1,['10376293541461626880:65536'],101,0.00990099,1,1,0,0,0,1241,5,1191,45,5234938
10376293541461626880:65544,91,1,['10376293541461626880:65536'],101,0.00990099,1,1,0,0,0,1241,5,1191,45,5234938
10376293541461626880:65664,95,1,['10376293541461626880:65536'],101,0.00990099,1,1,0,0,0,1241,5,1191,45,5234938
10376293541461626880:67108880,98,1,['10376293541461626880:16'],105,0.00952381,1,1,0,0,0,1241,5,1191,45,5234938
10376293541461626880:67108896,95,1,['10376293541461626880:32'],105,0.00952381,1,1,0,0,0,1241,5,1191,45,5234938
10376293541461626880:67141632,92,1,['10376293541461626880:32768'],105,0.00952381,1,1,0,0,0,1241,5,1191,45,5234938
10376293541461626880:67174400,90,1,['10376293541461626880:65536'],101,0.00990099,1,1,0,0,0,1241,5,1191,45,5234938
10376293541461626880:67371008,97,1,['1297036692683751424:262144'],103,0.009708738,1,1,0,0,0,1241,5,1191,45,5234938
10376293541461626880:67633152,96,1,['1297036692683751424:131072'],102,0.009803922,1,1,0,0,0,1241,5,1191,45,5234938
10376293541461626880:8448,99,1,['10376293541461626880:8192'],108,0.009259259,1,1,0,0,0,1241,5,1191,45,5234938
10376293541461626881:131072,94,1,['1297036692683752448:0'],100,0.01,1,1,0,0,0,1241,5,1191,45,5234938
10376293541461626881:268435456,99,1,['1297036692683752448:0'],100,0.01,1,1,0,0,0,1241,5,1191,45,5234938
10376293541461626881:33554432,97,1,['1297036692683752448:0'],100,0.01,1,1,0,0,0,1241,5,1191,45,5234938
10376293541461626881:67108864,95,1,['1297036692683752448:0'],100,0.01,1,1,0,0,0,1241,5,1191,45,5234938
10376293541461626881:8,98,1,['1297036692683752448:0'],100,0.01,1,1,0,0,0,1241,5,1191,45,5234938
10376293541461626882:131072,96,1,['1297036692683751936:0'],106,0.009433962,1,1,0,0,0,1241,5,1191,45,5234938
10376293541461626882:33554432,94,1,['1297036692683751936:0'],106,0.009433962,1,1,0,0,0,1241,5,1191,45,5234938
10376293541461626882:8,94,1,['1297036692683751936:0'],106,0.009433962,1,1,0,0,0,1241,5,1191,45,5234938
10376293541461626884:16,99,1,['10376293541461626880:16'],105,0.00952381,1,1,0,0,0,1241,5,1191,45,5234938
10376293541461626884:16384,96,1,['10376293541461626880:16384'],105,0.00952381,1,1,0,0,0,1241,5,1191,45,5234938
10376293541461626884:32768,97,1,['10376293541461626880:32768'],105,0.00952381,1,1,0,0,0,1241,5,1191,45,5234938
10376293541461626884:4,95,1,['10376293541461626880:4'],103,0.009708738,1,1,0,0,0,1241,5,1191,45,5234938
10376293541461626888:134217728,98,1,['10376293541461626880:134217728'],107,0.009345794,1,1,0,0,0,1241,5,1191,45,5234938
10376293541461626888:32,95,1,['10376293541461626880:32'],105,0.00952381,1,1,0,0,0,1241,5,1191,45,5234938
10376293541461626896:8,96,1,['1297036692683751488:0'],107,0.009345794,1,1,0,0,0,1241,5,1191,45,5234938
10376293541461626912:134217728,97,1,['10376293541461626880:134217728'],107,0.009345794,1,1,0,0,0,1241,5,1191,45,5234938
10376293541461626912:16,96,1,['10376293541461626880:16'],105,0.00952381,1,1,0,0,0,1241,5,1191,45,5234938
10376293541461626912:16384,98,1,['10376293541461626880:16384'],105,0.00952381,1,1,0,0,0,1241,5,1191,45,5234938
10376293541461626912:32,93,1,['10376293541461626880:32'],105,0.00952381,1,1,0,0,0,1241,5,1191,45,5234938
10376293541461626912:65536,97,1,['10376293541461626880:65536'],101,0.00990099,1,1,0,0,0,1241,5,1191,45,5234938
10376293541461627008:8,98,1,['1297036692683751432:0'],106,0.009433962,1,1,0,0,0,1241,5,1191,45,5234938
10376293541461627136:16,99,1,['10376293541461626880:16'],105,0.00952381,1,1,0,0,0,1241,5,1191,45,5234938
10376293541461627136:16384,95,1,['10376293541461626880:16384'],105,0.00952381,1,1,0,0,0,1241,5,1191,45,5234938
10376293541461627392:33554432,94,1,['1297036692683751426:0'],107,0.009345794,1,1,0,0,0,1241,5,1191,45,5234938
10376293541461627904:65536,93,1,['10376293541461626880:65536'],101,0.00990099,1,1,0,0,0,1241,5,1191,45,5234938
10376293541461627904:70368744177664,95,1,['1152921504606852096:536870912'],103,0.009708738,1,1,0,0,0,1241,5,1191,45,5234938
10376293541461628928:131072,94,1,['1297036692685848576:0'],103,0.009708738,1,1,0,0,0,1241,5,1191,45,5234938
10376293541461632000:68719476736,99,1,['1152921504616284160:536870912'],104,0.009615385,1,1,0,0,0,1241,5,1191,45,5234938
10376293541461635072:8,99,1,['1297036692684275712:0'],103,0.009708738,1,1,0,0,0,1241,5,1191,45,5234938
10376293541461640192:68719476736,99,1,['1152921521787764736:536870912'],105,0.00952381,1,1,0,0,0,1241,5,1191,45,5234938
10376293541461659648:134217728,97,1,['10376293541461626880:134217728'],107,0.009345794,1,1,0,0,0,1241,5,1191,45,5234938
10376293541461659648:16,96,1,['10376293541461626880:16'],105,0.00952381,1,1,0,0,0,1241,5,1191,45,5234938
10376293541461659648:16384,93,1,['10376293541461626880:16384'],105,0.00952381,1,1,0,0,0,1241,5,1191,45,5234938
10376293541461659648:16777216,97,1,['10376293541461626880:16777216'],106,0.009433962,1,1,0,0,0,1241,5,1191,45,5234938
10376293541461659648:32,94,1,['10376293541461626880:32'],105,0.00952381,1,1,0,0,0,1241,5,1191,45,5234938
10376293541461659648:4,94,1,['10376293541461626880:4'],103,0.009708738,1,1,0,0,0,1241,5,1191,45,5234938
10376293541461659648:65536,91,1,['10376293541461626880:65536'],101,0.00990099,1,1,0,0,0,1241,5,1191,45,5234938
10376293541461659648:8192,97,1,['10376293541461626880:8192'],108,0.009259259,1,1,0,0,0,1241,5,1191,45,5234938
10376293541461692416:16384,99,1,['10376293541461626880:16384'],105,0.00952381,1,1,0,0,0,1241,5,1191,45,5234938
10376293541461692416:32768,96,1,['10376293541461626880:32768'],105,0.00952381,1,1,0,0,0,1241,5,1191,45,5234938
10376293541461692416:4,97,1,['10376293541461626880:4'],103,0.009708738,1,1,0,0,0,1241,5,1191,45,5234938
10376293541461757952:8192,98,1,['10376293541461626880:8192'],108,0.009259259,1,1,0,0,0,1241,5,1191,45,5234938
10376293541461889024:131072,95,1,['1297036692683767808:0'],103,0.009708738,1,1,0,0,0,1241,5,1191,45,5234938
10376293541461889024:33554432,97,1,['1297036692683767808:0'],103,0.009708738,1,1,0,0,0,1241,5,1191,45,5234938
10376293541461889024:67108864,99,1,['1297036692683767808:0'],103,0.009708738,1,1,0,0,0,1241,5,1191,45,5234938
10376293541462151168:16,99,1,['10376293541461626880:16'],105,0.00952381,1,1,0,0,0,1241,5,1191,45,5234938
10376293541462151168:16384,94,1,['10376293541461626880:16384'],105,0.00952381,1,1,0,0,0,1241,5,1191,45,5234938
10376293541462151168:32768,90,1,['10376293541461626880:32768'],105,0.00952381,1,1,0,0,0,1241,5,1191,45,5234938
10376293541462151168:4,97,1,['10376293541461626880:4'],103,0.009708738,1,1,0,0,0,1241,5,1191,45,5234938
10376293541462151168:65536,95,1,['10376293541461626880:65536'],101,0.00990099,1,1,0,0,0,1241,5,1191,45,5234938
10376293541462671361:68719476736,93,1,['1152921504606852096:536870912'],103,0.009708738,1,1,0,0,0,1241,5,1191,45,5234938
10376293541462671364:68719476736,98,1,['1152921504612089856:536870912'],101,0.00990099,1,1,0,0,0,1241,5,1191,45,5234938
10376293541462675456:16384,97,1,['10376293541461626880:16384'],105,0.00952381,1,1,0,0,0,1241,5,1191,45,5234938
10376293541462687744:68719476736,93,1,['1152921521787764736:536870912'],105,0.00952381,1,1,0,0,0,1241,5,1191,45,5234938
10376293541463724032:131072,93,1,['1297036692683753472:0'],103,0.009708738,1,1,0,0,0,1241,5,1191,45,5234938
10376293541463724032:33554432,93,1,['1297036692683753472:0'],103,0.009708738,1,1,0,0,0,1241,5,1191,45,5234938
10376293541463724032:67108864,99,1,['1297036692683753472:0'],103,0.009708738,1,1,0,0,0,1241,5,1191,45,5234938
10376293541463724032:8,99,1,['1297036692683753472:0'],103,0.009708738,1,1,0,0,0,1241,5,1191,45,5234938
10376293541465821184:131072,95,1,['1297036696978718720:0'],103,0.009708738,1,1,0,0,0,1241,5,1191,45,5234938
10376293541465821184:33554432,96,1,['1297036696978718720:0'],103,0.009708738,1,1,0,0,0,1241,5,1191,45,5234938
10376293541465821184:67108864,98,1,['1297036696978718720:0'],103,0.009708738,1,1,0,0,0,1241,5,1191,45,5234938
10376293541466865664:68719476736,98,1,['10376293541461626880:16777216'],106,0.009433962,1,1,0,0,0,1241,5,1191,45,5234938
10376293541470015488:131072,95,1,['1297036694831235072:0'],104,0.009615385,1,1,0,0,0,1241,5,1191,45,5234938
10376293541470015488:268435456,99,1,['1297036694831235072:0'],104,0.009615385,1,1,0,0,0,1241,5,1191,45,5234938
10376293541470015488:33554432,94,1,['1297036694831235072:0'],104,0.009615385,1,1,0,0,0,1241,5,1191,45,5234938
10376293541470015488:8,93,1,['1297036694831235072:0'],104,0.009615385,1,1,0,0,0,1241,5,1191,45,5234938
10376293541478404096:16,96,1,['10376293541461626880:16'],105,0.00952381,1,1,0,0,0,1241,5,1191,45,5234938
10376293541478404096:16384,98,1,['10376293541461626880:16384'],105,0.00952381,1,1,0,0,0,1241,5,1191,45,5234938
10376293541478404096:32,98,1,['10376293541461626880:32'],105,0.00952381,1,1,0,0,0,1241,5,1191,45,5234938
10376293541478404096:4,96,1,['10376293541461626880:4'],103,0.009708738,1,1,0,0,0,1241,5,1191,45,5234938
10376293541478404096:65536,93,1,['10376293541461626880:65536'],101,0.00990099,1,1,0,0,0,1241,5,1191,45,5234938
10376293541495181312:131072,97,1,['1297036693220622336:0'],103,0.009708738,1,1,0,0,0,1241,5,1191,45,5234938
10376293541495181312:33554432,98,1,['1297036693220622336:0'],103,0.009708738,1,1,0,0,0,1241,5,1191,45,5234938
10376293541496225792:68719476736,97,1,['10376293541461626880:134217728'],107,0.009345794,1,1,0,0,0,1241,5,1191,45,5234938
10376293541528735744:16,99,1,['10376293541461626880:16'],105,0.00952381,1,1,0,0,0,1241,5,1191,45,5234938
10376293541528735744:65536,98,1,['10376293541461626880:65536'],101,0.00990099,1,1,0,0,0,1241,5,1191,45,5234938
10376293541595844608:16384,99,1,['10376293541461626880:16384'],105,0.00952381,1,1,0,0,0,1241,5,1191,45,5234938
10376293541595844608:32,98,1,['10376293541461626880:32'],105,0.00952381,1,1,0,0,0,1241,5,1191,45,5234938
10376293541595844608:65536,97,1,['10376293541461626880:65536'],101,0.00990099,1,1,0,0,0,1241,5,1191,45,5234938
10376293541595844608:8192,99,1,['10376293541461626880:8192'],108,0.009259259,1,1,0,0,0,1241,5,1191,45,5234938
10376293541730062336:131072,96,1,['1297036692750860288:0'],101,0.00990099,1,1,0,0,0,1241,5,1191,45,5234938
10376293541730062336:67108864,98,1,['1297036692750860288:0'],101,0.00990099,1,1,0,0,0,1241,5,1191,45,5234938
10376293541998497792:33554432,99,1,['1297036692717305856:0'],105,0.00952381,1,1,0,0,0,1241,5,1191,45,5234938
10376293542535368704:16777216,98,1,['10376293541461626880:16777216'],106,0.009433962,1,1,0,0,0,1241,5,1191,45,5234938
10376293543609110528:131072,96,1,['1297036692692140032:0'],106,0.009433962,1,1,0,0,0,1241,5,1191,45,5234938
10376293545756590096:68719476736,96,1,['1152939096793939968:536870912'],106,0.009433962,1,1,0,0,0,1241,5,1191,45,5234938
10376293545756598272:68719476736,95,1,['1152921504616284160:536870912'],104,0.009615385,1,1,0,0,0,1241,5,1191,45,5234938
10376293550051561472:131072,91,1,['1297045488776773632:0'],108,0.009259259,1,1,0,0,0,1241,5,1191,45,5234938
10376293550051561472:33554432,97,1,['1297045488776773632:0'],108,0.009259259,1,1,0,0,0,1241,5,1191,45,5234938
10376293550051561472:8,97,1,['1297045488776773632:0'],108,0.009259259,1,1,0,0,0,1241,5,1191,45,5234938
10376293550052605952:68719476736,95,1,['10376293541461626880:8192'],108,0.009259259,1,1,0,0,0,1241,5,1191,45,5234938
10376293558641492992:68719476736,93,1,['10376293541461626880:16384'],105,0.00952381,1,1,0,0,0,1241,5,1191,45,5234938
10376293558641496064:131072,96,1,['1297041090730262528:0'],104,0.009615385,1,1,0,0,0,1241,5,1191,45,5234938
10376293558641496064:33554432,94,1,['1297041090730262528:0'],104,0.009615385,1,1,0,0,0,1241,5,1191,45,5234938
10376293558641496064:8,94,1,['1297041090730262528:0'],104,0.009615385,1,1,0,0,0,1241,5,1191,45,5234938
10376293558642540544:68719476736,94,1,['10376293541461626880:16384'],105,0.00952381,1,1,0,0,0,1241,5,1191,45,5234938
10376293575821362176:68719476736,97,1,['10376293541461626880:32768'],105,0.00952381,1,1,0,0,0,1241,5,1191,45,5234938
10376293575822409728:68719476736,95,1,['10376293541461626880:32768'],105,0.00952381,1,1,0,0,0,1241,5,1191,45,5234938
10376293610181103616:134217728,95,1,['10376293541461626880:134217728'],107,0.009345794,1,1,0,0,0,1241,5,1191,45,5234938
10376293610181103616:16384,97,1,['10376293541461626880:16384'],105,0.00952381,1,1,0,0,0,1241,5,1191,45,5234938
10376293610181103616:32,91,1,['10376293541461626880:32'],105,0.00952381,1,1,0,0,0,1241,5,1191,45,5234938
10376293610181103616:32768,98,1,['10376293541461626880:32768'],105,0.00952381,1,1,0,0,0,1241,5,1191,45,5234938
10376293610181103616:4,96,1,['10376293541461626880:4'],103,0.009708738,1,1,0,0,0,1241,5,1191,45,5234938
10376293610181103616:65536,95,1,['10376293541461626880:65536'],101,0.00990099,1,1,0,0,0,1241,5,1191,45,5234938
10376293678900580352:268435456,99,1,['1297037242439565312:0'],103,0.009708738,1,1,0,0,0,1241,5,1191,45,5234938
10376293678900580352:67108864,98,1,['1297037242439565312:0'],103,0.009708738,1,1,0,0,0,1241,5,1191,45,5234938
10376293678900580352:8,96,1,['1297037242439565312:0'],103,0.009708738,1,1,0,0,0,1241,5,1191,45,5234938
10376293816339533824:32,99,1,['10376293541461626880:32'],105,0.00952381,1,1,0,0,0,1241,5,1191,45,5234938
10376294091217440768:131072,94,1,['1297036830122704896:0'],101,0.00990099,1,1,0,0,0,1241,5,1191,45,5234938
10376294091217440768:33554432,94,1,['1297036830122704896:0'],101,0.00990099,1,1,0,0,0,1241,5,1191,45,5234938
10376294091217440768:67108864,98,1,['1297036830122704896:0'],101,0.00990099,1,1,0,0,0,1241,5,1191,45,5234938
10376294091217440768:8,98,1,['1297036830122704896:0'],101,0.00990099,1,1,0,0,0,1241,5,1191,45,5234938
10376294640973254656:134217728,99,1,['10376293541461626880:134217728'],107,0.009345794,1,1,0,0,0,1241,5,1191,45,5234938
10376294640973254656:16,97,1,['10376293541461626880:16'],105,0.00952381,1,1,0,0,0,1241,5,1191,45,5234938
10376294640973254656:16384,96,1,['10376293541461626880:16384'],105,0.00952381,1,1,0,0,0,1241,5,1191,45,5234938
10376294640973254656:32,96,1,['10376293541461626880:32'],105,0.00952381,1,1,0,0,0,1241,5,1191,45,5234938
10376294640973254656:32768,97,1,['10376293541461626880:32768'],105,0.00952381,1,1,0,0,0,1241,5,1191,45,5234938
10376294640973254656:4,98,1,['10376293541461626880:4'],103,0.009708738,1,1,0,0,0,1241,5,1191,45,5234938
10376302337554649088:131072,99,1,['1297036701273686016:0'],104,0.009615385,1,1,0,0,0,1241,5,1191,45,5234938
10376311133647668224:68719476736,99,1,['10376293541461626880:4'],103,0.009708738,1,1,0,0,0,1241,5,1191,45,5234938
10376311133647671296:131072,90,1,['1315051091193233408:0'],108,0.009259259,1,1,0,0,0,1241,5,1191,45,5234938
10376311133647671296:67108864,92,1,['1315051091193233408:0'],108,0.009259259,1,1,0,0,0,1241,5,1191,45,5234938
10376311133647671296:8,95,1,['1315051091193233408:0'],108,0.009259259,1,1,0,0,0,1241,5,1191,45,5234938
10376328725833715712:131072,92,1,['1306043891938492416:0'],102,0.009803922,1,1,0,0,0,1241,5,1191,45,5234938
10376328725833715712:268435456,97,1,['1306043891938492416:0'],102,0.009803922,1,1,0,0,0,1241,5,1191,45,5234938
10376328725833715712:33554432,91,1,['1306043891938492416:0'],102,0.009803922,1,1,0,0,0,1241,5,1191,45,5234938
10376328725833715712:67108864,98,1,['1306043891938492416:0'],102,0.009803922,1,1,0,0,0,1241,5,1191,45,5234938
10376328725833715712:8,93,1,['1306043891938492416:0'],102,0.009803922,1,1,0,0,0,1241,5,1191,45,5234938
10376363910205801472:68719476736,93,1,['10376293541461626880:16'],105,0.00952381,1,1,0,0,0,1241,5,1191,45,5234938
10376363910205804544:131072,96,1,['1301540292311121920:0'],101,0.00990099,1,1,0,0,0,1241,5,1191,45,5234938
10376363910205804544:67108864,94,1,['1301540292311121920:0'],101,0.00990099,1,1,0,0,0,1241,5,1191,45,5234938
10376363910206849024:68719476736,97,1,['10376293541461626880:16'],105,0.00952381,1,1,0,0,0,1241,5,1191,45,5234938
10376434278949979136:68719476736,96,1,['10376293541461626880:32'],105,0.00952381,1,1,0,0,0,1241,5,1191,45,5234938
10376856491415048192:16384,97,1,['10376293541461626880:16384'],105,0.00952381,1,1,0,0,0,1241,5,1191,45,5234938
10376856491415048192:32,91,1,['10376293541461626880:32'],105,0.00952381,1,1,0,0,0,1241,5,1191,45,5234938
10376856491415048192:4,99,1,['10376293541461626880:4'],103,0.009708738,1,1,0,0,0,1241,5,1191,45,5234938
10376856491415048192:65536,92,1,['10376293541461626880:65536'],101,0.00990099,1,1,0,0,0,1241,5,1191,45,5234938
10377419441368469504:16384,98,1,['10376293541461626880:16384'],105,0.00952381,1,1,0,0,0,1241,5,1191,45,5234938
10377419441368469504:32,97,1,['10376293541461626880:32'],105,0.00952381,1,1,0,0,0,1241,5,1191,45,5234938
10377419441368469504:32768,92,1,['10376293541461626880:32768'],105,0.00952381,1,1,0,0,0,1241,5,1191,45,5234938
10377419441368469504:4,95,1,['10376293541461626880:4'],103,0.009708738,1,1,0,0,0,1241,5,1191,45,5234938
10378545341275312128:134217728,94,1,['10376293541461626880:134217728'],107,0.009345794,1,1,0,0,0,1241,5,1191,45,5234938
10378545341275312128:16,99,1,['10376293541461626880:16'],105,0.00952381,1,1,0,0,0,1241,5,1191,45,5234938
10378545341275312128:16384,95,1,['10376293541461626880:16384'],105,0.00952381,1,1,0,0,0,1241,5,1191,45,5234938
10378545341275312128:16777216,99,1,['10376293541461626880:16777216'],106,0.009433962,1,1,0,0,0,1241,5,1191,45,5234938
10378545341275312128:32,94,1,['10376293541461626880:32'],105,0.00952381,1,1,0,0,0,1241,5,1191,45,5234938
10378545341275312128:32768,97,1,['10376293541461626880:32768'],105,0.00952381,1,1,0,0,0,1241,5,1191,45,5234938
10378545341275312128:4,99,1,['10376293541461626880:4'],103,0.009708738,1,1,0,0,0,1241,5,1191,45,5234938
10380797141088997376:131072,93,1,['1297107061427929088:0'],101,0.00990099,1,1,0,0,0,1241,5,1191,45,5234938
10380797141088997376:67108864,97,1,['1297107061427929088:0'],101,0.00990099,1,1,0,0,0,1241,5,1191,45,5234938
10380797141088997376:8,99,1,['1297107061427929088:0'],101,0.00990099,1,1,0,0,0,1241,5,1191,45,5234938
10385300740716367872:131072,96,1,['1297071877055840256:0'],103,0.009708738,1,1,0,0,0,1241,5,1191,45,5234938
10385300740716367872:67108864,99,1,['1297071877055840256:0'],103,0.009708738,1,1,0,0,0,1241,5,1191,45,5234938
10412322338480590848:262144,94,1,['1297036692683751424:262144'],103,0.009708738,1,1,0,0,0,1241,5,1191,45,5234938
10412322338480590848:8192,94,1,['10376293541461626880:8192'],108,0.009259259,1,1,0,0,0,1241,5,1191,45,5234938
10412322338480590850:0,95,1,['1297036692683751936:0'],106,0.009433962,1,1,0,0,0,1241,5,1191,45,5234938
10412322338480590864:0,96,1,['1297036692683751488:0'],107,0.009345794,1,1,0,0,0,1241,5,1191,45,5234938
10412322338480590912:0,97,1,['1297036692683751440:0'],109,0.009174312,1,1,0,0,0,1241,5,1191,45,5234938
10412322338480590976:0,97,1,['1297036692683751432:0'],106,0.009433962,1,1,0,0,0,1241,5,1191,45,5234938
10412322338480591360:0,97,1,['1297036692683751426:0'],107,0.009345794,1,1,0,0,0,1241,5,1191,45,5234938
10412322338480592896:0,91,1,['1297036692685848576:0'],103,0.009708738,1,1,0,0,0,1241,5,1191,45,5234938
10412322338480607232:0,93,1,['1297036692684013568:0'],102,0.009803922,1,1,0,0,0,1241,5,1191,45,5234938
10412322338481635328:536870912,91,1,['1188950301626859520:536870912'],95,0.010526316,1,1,0,0,0,1241,5,1191,45,5234938
10412322338482688000:0,96,1,['1297036692683753472:0'],103,0.009708738,1,1,0,0,0,1241,5,1191,45,5234938
10412322338488979456:0,93,1,['1297036694831235072:0'],104,0.009615385,1,1,0,0,0,1241,5,1191,45,5234938
10412322339017461760:0,97,1,['1297036692717305856:0'],105,0.00952381,1,1,0,0,0,1241,5,1191,45,5234938
10412322340628074496:0,93,1,['1297036692692140032:0'],106,0.009433962,1,1,0,0,0,1241,5,1191,45,5234938
10412322342775558144:0,98,1,['1297036692687945728:0'],105,0.00952381,1,1,0,0,0,1241,5,1191,45,5234938
10412322355660460032:0,95,1,['1297041090730262528:0'],104,0.009615385,1,1,0,0,0,1241,5,1191,45,5234938
10412324537503846400:0,92,1,['1297036727043489792:0'],105,0.00952381,1,1,0,0,0,1241,5,1191,45,5234938
10412326736527101952:0,93,1,['1297036709863620608:0'],105,0.00952381,1,1,0,0,0,1241,5,1191,45,5234938
10412331134573613056:0,96,1,['1297036701273686016:0'],104,0.009615385,1,1,0,0,0,1241,5,1191,45,5234938
10412392707224768512:0,90,1,['1301540292311121920:0'],101,0.00990099,1,1,0,0,0,1241,5,1191,45,5234938
10421329537735331840:0,95,1,['1297071877055840256:0'],103,0.009708738,1,1,0,0,0,1241,5,1191,45,5234938
10448351135499554816:8192,97,1,['10376293541461626880:8192'],108,0.009259259,1,1,15000000,1,15000000,1241,5,1191,45,5234938
10448351135499554832:0,96,1,['1297036692683751488:0'],107,0.009345794,1,1,15000000,1,15000000,1241,5,1191,45,5234938
10448351135499563008:0,95,1,['1297036692684275712:0'],103,0.009708738,1,1,15000000,1,15000000,1241,5,1191,45,5234938
10448351135533109248:0,96,1,['1297036693220622336:0'],103,0.009708738,1,1,15000000,1,15000000,1241,5,1191,45,5234938
10448351135767990272:0,92,1,['1297036692750860288:0'],101,0.00990099,1,1,15000000,1,15000000,1241,5,1191,45,5234938
10457358334754295808:0,91,1,['1297071877055840256:0'],103,0.009708738,1,1,15000000,1,15000000,1241,5,1191,45,5234938
10664523917613338624:134217728,94,1,['10376293541461626880:134217728'],107,0.009345794,1,1,0,0,0,1241,5,1191,45,5234938
10664523917613338624:16,94,1,['10376293541461626880:16'],105,0.00952381,1,1,0,0,0,1241,5,1191,45,5234938
10664523917613338624:16384,92,1,['10376293541461626880:16384'],105,0.00952381,1,1,0,0,0,1241,5,1191,45,5234938
10664523917613338624:16777216,98,1,['10376293541461626880:16777216'],106,0.009433962,1,1,0,0,0,1241,5,1191,45,5234938
10664523917613338624:32,90,1,['10376293541461626880:32'],105,0.00952381,1,1,0,0,0,1241,5,1191,45,5234938
10664523917613338624:32768,90,1,['10376293541461626880:32768'],105,0.00952381,1,1,0,0,0,1241,5,1191,45,5234938
10664523917613338624:4,97,1,['10376293541461626880:4'],103,0.009708738,1,1,0,0,0,1241,5,1191,45,5234938
10664523917613338624:65536,93,1,['10376293541461626880:65536'],101,0.00990099,1,1,0,0,0,1241,5,1191,45,5234938
10952754293765050368:134217728,97,1,['10376293541461626880:134217728'],107,0.009345794,1,1,0,0,0,1241,5,1191,45,5234938
10952754293765050368:16,93,1,['10376293541461626880:16'],105,0.00952381,1,1,0,0,0,1241,5,1191,45,5234938
10952754293765050368:16384,94,1,['10376293541461626880:16384'],105,0.00952381,1,1,0,0,0,1241,5,1191,45,5234938
10952754293765050368:16777216,94,1,['10376293541461626880:16777216'],106,0.009433962,1,1,0,0,0,1241,5,1191,45,5234938
10952754293765050368:32768,91,1,['10376293541461626880:32768'],105,0.00952381,1,1,0,0,0,1241,5,1191,45,5234938
10952754293765050368:8192,99,1,['10376293541461626880:8192'],108,0.009259259,1,1,0,0,0,1241,5,1191,45,5234938
1152921504606851072:536870922,99,1,['1188950301626859520:536870912'],95,0.010526316,1,1,0,0,0,1241,5,1191,45,5234938
1152921504606851072:536870978,98,1,['1188950301626859520:536870912'],95,0.010526316,1,1,0,0,0,1241,5,1191,45,5234938
1152921504606851072:536872968,97,1,['1152921504607895552:536870920'],106,0.009433962,1,1,0,0,0,1241,5,1191,45,5234938
1152921504606851072:536887297,98,1,['1297036692683767808:0'],103,0.009708738,1,1,0,0,0,1241,5,1191,45,5234938
1152921504606851072:536936450,96,1,['1188950301626859520:536870912'],95,0.010526316,1,1,0,0,0,1241,5,1191,45,5234938
1152921504606851072:537001986,90,1,['1188950301626859520:536870912'],95,0.010526316,1,1,0,0,0,1241,5,1191,45,5234938
1152921504606851072:537004032,99,1,['1152921504607895552:536870920'],106,0.009433962,1,1,0,0,0,1241,5,1191,45,5234938
1152921504606851072:537006080,99,1,['1152921504607895552:536870916'],108,0.009259259,1,1,0,0,0,1241,5,1191,45,5234938
1152921504606851072:570425346,93,1,['1188950301626859520:536870912'],95,0.010526316,1,1,0,0,0,1241,5,1191,45,5234938
1152921504606851072:570427392,99,1,['1152921504607895552:536870920'],106,0.009433962,1,1,0,0,0,1241,5,1191,45,5234938
1152921504606851072:578813952,96,1,['1152921504607895552:536879104'],101,0.00990099,1,1,0,0,0,1241,5,1191,45,5234938
1152921504606851072:608174080,97,1,['1152921504607895552:536887296'],109,0.009174312,1,1,0,0,0,1241,5,1191,45,5234938
1152921504606851072:9143582720,94,1,['1152921504607895552:570425344'],106,0.009433962,1,1,0,0,0,1241,5,1191,45,5234938
1152921504606851072:9160359936,92,1,['1152921504607895552:570425344'],106,0.009433962,1,1,0,0,0,1241,5,1191,45,5234938
1152921504606851584:536936448,97,1,['1152921504606851584:536870912'],106,0.009433962,1,1,0,0,0,1241,5,1191,45,5234938
1152921504606851584:570425344,92,1,['1152921504606851584:536870912'],106,0.009433962,1,1,0,0,0,1241,5,1191,45,5234938
1152921504606851616:536870912,96,1,['1152921504606851584:536870912'],106,0.009433962,1,1,0,0,0,1241,5,1191,45,5234938
1152921504606852096:536870976,93,1,['1152921504606852096:536870912'],103,0.009708738,1,1,0,0,0,1241,5,1191,45,5234938
1152921504606852096:536871040,99,1,['1152921504606852096:536870912'],103,0.009708738,1,1,0,0,0,1241,5,1191,45,5234938
1152921504606852096:536936448,90,1,['1152921504606852096:536870912'],103,0.009708738,1,1,0,0,0,1241,5,1191,45,5234938
1152921504606852096:537001984,99,1,['1152921504606852096:536870912'],103,0.009708738,1,1,0,0,0,1241,5,1191,45,5234938
1152921504606852096:570425344,98,1,['1152921504606852096:536870912'],103,0.009708738,1,1,0,0,0,1241,5,1191,45,5234938
1152921504606852096:603979776,94,1,['1152921504606852096:536870912'],103,0.009708738,1,1,0,0,0,1241,5,1191,45,5234938
1152921504606852096:69256347648,92,1,['1152921504606852096:536870912'],103,0.009708738,1,1,0,0,0,1241,5,1191,45,5234938
1152921504606852128:536870912,91,1,['1152921504606852096:536870912'],103,0.009708738,1,1,0,0,0,1241,5,1191,45,5234938
1152921504606917120:536870912,97,1,['1152921504606851584:536870912'],106,0.009433962,1,1,15000000,1,15000000,1241,5,1191,45,5234938
1152921504607895552:1627389952,92,1,['1297107061427929088:0'],101,0.00990099,1,1,0,0,0,1241,5,1191,45,5234938
1152921504607895552:2701131776,96,1,['1297036727043489792:0'],105,0.00952381,1,1,0,0,0,1241,5,1191,45,5234938
1152921504607895552:34896609344,97,1,['1152921504607895552:34896609280'],109,0.009174312,1,1,0,0,0,1241,5,1191,45,5234938
1152921504607895552:34896609408,99,1,['1152921504607895552:34896609280'],109,0.009174312,1,1,0,0,0,1241,5,1191,45,5234938
1152921504607895552:34896674816,96,1,['1152921504607895552:34896609280'],109,0.009174312,1,1,0,0,0,1241,5,1191,45,5234938
1152921504607895552:34897133568,94,1,['1152921504607895552:34896609280'],109,0.009174312,1,1,0,0,0,1241,5,1191,45,5234938
1152921504607895552:34963718144,97,1,['1152921504607895552:34896609280'],109,0.009174312,1,1,0,0,0,1241,5,1191,45,5234938
1152921504607895552:4865392640,90,1,['1152921504607895552:570425344'],106,0.009433962,1,1,0,0,0,1241,5,1191,45,5234938
1152921504607895552:536870980,95,1,['1152921504607895552:536870916'],108,0.009259259,1,1,0,0,0,1241,5,1191,45,5234938
1152921504607895552:536870984,90,1,['1152921504607895552:536870920'],106,0.009433962,1,1,0,0,0,1241,5,1191,45,5234938
1152921504607895552:536871044,95,1,['1152921504607895552:536870916'],108,0.009259259,1,1,0,0,0,1241,5,1191,45,5234938
1152921504607895552:536871048,95,1,['1152921504607895552:536870920'],106,0.009433962,1,1,0,0,0,1241,5,1191,45,5234938
1152921504607895552:536871172,99,1,['1152921504607895552:536870916'],108,0.009259259,1,1,0,0,0,1241,5,1191,45,5234938
1152921504607895552:536871176,94,1,['1152921504607895552:536870920'],106,0.009433962,1,1,0,0,0,1241,5,1191,45,5234938
1152921504607895552:536872964,99,1,['1152921504607895552:536870916'],108,0.009259259,1,1,0,0,0,1241,5,1191,45,5234938
1152921504607895552:536879106,99,1,['1152921504607895552:536879104'],101,0.00990099,1,1,0,0,0,1241,5,1191,45,5234938
1152921504607895552:536879168,95,1,['1152921504607895552:536879104'],101,0.00990099,1,1,0,0,0,1241,5,1191,45,5234938
1152921504607895552:536879232,96,1,['1152921504607895552:536879104'],101,0.00990099,1,1,0,0,0,1241,5,1191,45,5234938
1152921504607895552:536879360,98,1,['1152921504607895552:536879104'],101,0.00990099,1,1,0,0,0,1241,5,1191,45,5234938
1152921504607895552:536881152,99,1,['1152921504607895552:536879104'],101,0.00990099,1,1,0,0,0,1241,5,1191,45,5234938
1152921504607895552:536887360,97,1,['1152921504607895552:536887296'],109,0.009174312,1,1,0,0,0,1241,5,1191,45,5234938
1152921504607895552:536936452,95,1,['1152921504607895552:536870916'],108,0.009259259,1,1,0,0,0,1241,5,1191,45,5234938
1152921504607895552:536936456,93,1,['1152921504607895552:536870920'],106,0.009433962,1,1,0,0,0,1241,5,1191,45,5234938
1152921504607895552:536952832,92,1,['1152921504607895552:536887296'],109,0.009174312,1,1,0,0,0,1241,5,1191,45,5234938
1152921504607895552:537149440,98,1,['1152921504607895552:536887296'],109,0.009174312,1,1,0,0,0,1241,5,1191,45,5234938
1152921504607895552:537403392,91,1,['1152921504607895552:536879104'],101,0.00990099,1,1,0,0,0,1241,5,1191,45,5234938
1152921504607895552:537411584,91,1,['1152921504607895552:536887296'],109,0.009174312,1,1,0,0,0,1241,5,1191,45,5234938
1152921504607895552:537935872,94,1,['1152921504607895552:536887296'],109,0.009174312,1,1,0,0,0,1241,5,1191,45,5234938
1152921504607895552:553648160,98,1,['1297036692683751424:131072'],102,0.009803922,1,1,0,0,0,1241,5,1191,45,5234938
1152921504607895552:553648640,99,1,['1297036830122704896:0'],101,0.00990099,1,1,0,0,0,1241,5,1191,45,5234938
1152921504607895552:553652224,99,1,['1297036692683751440:0'],109,0.009174312,1,1,0,0,0,1241,5,1191,45,5234938
1152921504607895552:553656320,96,1,['1152921504607895552:536879104'],101,0.00990099,1,1,0,0,0,1241,5,1191,45,5234938
1152921504607895552:570425346,98,1,['1152921504607895552:570425344'],106,0.009433962,1,1,0,0,0,1241,5,1191,45,5234938
1152921504607895552:570425408,95,1,['1152921504607895552:570425344'],106,0.009433962,1,1,0,0,0,1241,5,1191,45,5234938
1152921504607895552:570425472,93,1,['1152921504607895552:570425344'],106,0.009433962,1,1,0,0,0,1241,5,1191,45,5234938
1152921504607895552:570425600,98,1,['1152921504607895552:570425344'],106,0.009433962,1,1,0,0,0,1241,5,1191,45,5234938
1152921504607895552:570490880,94,1,['1152921504607895552:570425344'],106,0.009433962,1,1,0,0,0,1241,5,1191,45,5234938
1152921504607895552:570556416,97,1,['1152921504607895552:570425344'],106,0.009433962,1,1,0,0,0,1241,5,1191,45,5234938
1152921504607895552:570949632,94,1,['1152921504607895552:570425344'],106,0.009433962,1,1,0,0,0,1241,5,1191,45,5234938
1152921504607895552:571473920,98,1,['1152921504607895552:570425344'],106,0.009433962,1,1,0,0,0,1241,5,1191,45,5234938
1152921504607895552:587202560,96,1,['1152921504607895552:570425344'],106,0.009433962,1,1,0,0,0,1241,5,1191,45,5234938
1152921504607895552:603979784,94,1,['1152921504607895552:536870920'],106,0.009433962,1,1,0,0,0,1241,5,1191,45,5234938
1152921504607895552:687865856,97,1,['1297036692683751424:32768'],106,0.009433962,1,1,0,0,0,1241,5,1191,45,5234938
1152921504607895552:805322752,99,1,['1152921504607895552:536887296'],109,0.009174312,1,1,0,0,0,1241,5,1191,45,5234938
1152921504607895552:838860800,95,1,['1152921504607895552:570425344'],106,0.009433962,1,1,0,0,0,1241,5,1191,45,5234938
1152921504607895553:536870976,93,1,['1152921504606852096:536870912'],103,0.009708738,1,1,0,0,0,1241,5,1191,45,5234938
1152921504607895553:536936448,92,1,['1152921504606852096:536870912'],103,0.009708738,1,1,0,0,0,1241,5,1191,45,5234938
1152921504607895553:553648128,99,1,['1152921504606852096:536870912'],103,0.009708738,1,1,0,0,0,1241,5,1191,45,5234938
1152921504607895553:603979776,93,1,['1152921504606852096:536870912'],103,0.009708738,1,1,0,0,0,1241,5,1191,45,5234938
1152921504607895554:536870976,96,1,['1152921504606851584:536870912'],106,0.009433962,1,1,0,0,0,1241,5,1191,45,5234938
1152921504607895554:536936448,97,1,['1152921504606851584:536870912'],106,0.009433962,1,1,0,0,0,1241,5,1191,45,5234938
1152921504607895554:553648128,98,1,['1152921504606851584:536870912'],106,0.009433962,1,1,0,0,0,1241,5,1191,45,5234938
1152921504607895554:603979776,98,1,['1152921504606851584:536870912'],106,0.009433962,1,1,0,0,0,1241,5,1191,45,5234938
1152921504607895584:34896609280,98,1,['1152921504607895552:34896609280'],109,0.009174312,1,1,0,0,0,1241,5,1191,45,5234938
1152921504607895584:536870916,97,1,['1152921504607895552:536870916'],108,0.009259259,1,1,0,0,0,1241,5,1191,45,5234938
1152921504607895584:536870920,93,1,['1152921504607895552:536870920'],106,0.009433962,1,1,0,0,0,1241,5,1191,45,5234938
1152921504607895584:536887296,97,1,['1152921504607895552:536887296'],109,0.009174312,1,1,0,0,0,1241,5,1191,45,5234938
1152921504607895584:570425344,94,1,['1152921504607895552:570425344'],106,0.009433962,1,1,0,0,0,1241,5,1191,45,5234938
1152921504607895808:553648128,96,1,['1297036696978718720:0'],103,0.009708738,1,1,0,0,0,1241,5,1191,45,5234938
1152921504607897600:536870976,92,1,['1152921504607897600:536870912'],104,0.009615385,1,1,0,0,0,1241,5,1191,45,5234938
1152921504607897600:536871040,92,1,['1152921504607897600:536870912'],104,0.009615385,1,1,0,0,0,1241,5,1191,45,5234938
1152921504607897600:536936448,93,1,['1152921504607897600:536870912'],104,0.009615385,1,1,0,0,0,1241,5,1191,45,5234938
1152921504607897600:553648128,92,1,['1152921504607897600:536870912'],104,0.009615385,1,1,0,0,0,1241,5,1191,45,5234938
1152921504607897600:603979776,92,1,['1152921504607897600:536870912'],104,0.009615385,1,1,0,0,0,1241,5,1191,45,5234938
1152921504607897632:536870912,92,1,['1152921504607897600:536870912'],104,0.009615385,1,1,0,0,0,1241,5,1191,45,5234938
1152921504607899648:570425344,98,1,['1152921504607895552:570425344'],106,0.009433962,1,1,0,0,0,1241,5,1191,45,5234938
1152921504607903744:536879104,93,1,['1152921504607895552:536879104'],101,0.00990099,1,1,0,0,0,1241,5,1191,45,5234938
1152921504607903744:536903680,98,1,['1297036692683751424:134217728'],100,0.01,1,1,0,0,0,1241,5,1191,45,5234938
1152921504607903744:570425344,98,1,['1152921504607895552:570425344'],106,0.009433962,1,1,0,0,0,1241,5,1191,45,5234938
1152921504607905792:536870912,95,1,['1152921504607897600:536870912'],104,0.009615385,1,1,0,0,0,1241,5,1191,45,5234938
1152921504607907840:536870912,91,1,['1297036694831235072:0'],104,0.009615385,1,1,0,0,0,1241,5,1191,45,5234938
1152921504607930368:536870912,95,1,['1152921504607897600:536870912'],104,0.009615385,1,1,0,0,0,1241,5,1191,45,5234938
1152921504607932416:536870912,90,1,['1306043891938492416:0'],102,0.009803922,1,1,0,0,0,1241,5,1191,45,5234938
1152921504607961088:34896609280,99,1,['1152921504607895552:34896609280'],109,0.009174312,1,1,15000000,1,15000000,1241,5,1191,45,5234938
1152921504607961088:536870916,91,1,['1152921504607895552:536870916'],108,0.009259259,1,1,15000000,1,15000000,1241,5,1191,45,5234938
1152921504607961088:536887296,97,1,['1152921504607895552:536887296'],109,0.009174312,1,1,15000000,1,15000000,1241,5,1191,45,5234938
1152921504607961088:570425344,96,1,['1152921504607895552:570425344'],106,0.009433962,1,1,15000000,1,15000000,1241,5,1191,45,5234938
1152921504608026624:553648128,99,1,['1306043891938492416:0'],102,0.009803922,1,1,0,0,0,1241,5,1191,45,5234938
1152921504608157696:553648128,99,1,['1297041090730262528:0'],104,0.009615385,1,1,0,0,0,1241,5,1191,45,5234938
1152921504608948224:536870920,98,1,['1152921504607897600:536870912'],104,0.009615385,1,1,0,0,0,1241,5,1191,45,5234938
1152921504608948224:536936448,96,1,['1152921504607897600:536870912'],104,0.009615385,1,1,0,0,0,1241,5,1191,45,5234938
1152921504608948224:537001984,94,1,['1152921504607897600:536870912'],104,0.009615385,1,1,0,0,0,1241,5,1191,45,5234938
1152921504608948224:570425344,90,1,['1152921504607897600:536870912'],104,0.009615385,1,1,0,0,0,1241,5,1191,45,5234938
1152921504612089856:536870976,91,1,['1152921504612089856:536870912'],101,0.00990099,1,1,0,0,0,1241,5,1191,45,5234938
1152921504612089856:536936448,97,1,['1152921504612089856:536870912'],101,0.00990099,1,1,0,0,0,1241,5,1191,45,5234938
1152921504612089888:536870912,97,1,['1152921504612089856:536870912'],101,0.00990099,1,1,0,0,0,1241,5,1191,45,5234938
1152921504616284160:536870976,97,1,['1152921504616284160:536870912'],104,0.009615385,1,1,0,0,0,1241,5,1191,45,5234938
1152921504616284160:536871040,95,1,['1152921504616284160:536870912'],104,0.009615385,1,1,0,0,0,1241,5,1191,45,5234938
1152921504616284160:536936448,94,1,['1152921504616284160:536870912'],104,0.009615385,1,1,0,0,0,1241,5,1191,45,5234938
1152921504616284160:603979776,96,1,['1152921504616284160:536870912'],104,0.009615385,1,1,0,0,0,1241,5,1191,45,5234938
1152921504616284160:805306368,95,1,['1152921504616284160:536870912'],104,0.009615385,1,1,0,0,0,1241,5,1191,45,5234938
1152921504616284192:536870912,91,1,['1152921504616284160:536870912'],104,0.009615385,1,1,0,0,0,1241,5,1191,45,5234938
1152921504616292352:536870912,95,1,['1152921504616284160:536870912'],104,0.009615385,1,1,0,0,0,1241,5,1191,45,5234938
1152921504616349696:536870912,97,1,['1152921504616284160:536870912'],104,0.009615385,1,1,15000000,1,15000000,1241,5,1191,45,5234938
1152921504623629312:536870912,98,1,['1152921504606852096:536870912'],103,0.009708738,1,1,0,0,0,1241,5,1191,45,5234938
1152921504624672768:536870928,94,1,['1297036692683751424:268435456'],106,0.009433962,1,1,0,0,0,1241,5,1191,45,5234938
1152921504624672768:536879104,99,1,['1152921504607895552:536879104'],101,0.00990099,1,1,0,0,0,1241,5,1191,45,5234938
1152921504624672768:536903680,91,1,['1297036692683751424:134217728'],100,0.01,1,1,0,0,0,1241,5,1191,45,5234938
1152921504624672769:536870912,94,1,['1152921504606852096:536870912'],103,0.009708738,1,1,0,0,0,1241,5,1191,45,5234938
1152921504625725440:536870912,98,1,['1152921504607897600:536870912'],104,0.009615385,1,1,0,0,0,1241,5,1191,45,5234938
1152921504633061376:536870912,95,1,['1152921504616284160:536870912'],104,0.009615385,1,1,0,0,0,1241,5,1191,45,5234938
1152921504641449984:553648128,97,1,['10376293541461626880:32768'],105,0.00952381,1,1,0,0,0,1241,5,1191,45,5234938
1152921504741064712:68719478784,97,1,['1297036701273686016:0'],104,0.009615385,1,1,0,0,0,1241,5,1191,45,5234938
1152921504741065728:103079215104,98,1,['1297036692683751936:0'],106,0.009433962,1,1,0,0,0,1241,5,1191,45,5234938
1152921504741065728:68719476740,95,1,['1297036692683751488:0'],107,0.009345794,1,1,0,0,0,1241,5,1191,45,5234938
1152921504741065728:68719476768,94,1,['1297037242439565312:0'],103,0.009708738,1,1,0,0,0,1241,5,1191,45,5234938
1152921504741065728:68719493120,95,1,['1297036692684013568:0'],102,0.009803922,1,1,0,0,0,1241,5,1191,45,5234938
1152921504741065728:68719509504,96,1,['1297036693220622336:0'],103,0.009708738,1,1,0,0,0,1241,5,1191,45,5234938
1152921504741065792:68719476736,94,1,['1297036692683751424:4'],104,0.009615385,1,1,0,0,0,1241,5,1191,45,5234938
1152921504741082112:68719476736,97,1,['1297036709863620608:0'],105,0.00952381,1,1,0,0,0,1241,5,1191,45,5234938
1152921504741097472:68719478784,97,1,['1297071877055840256:0'],103,0.009708738,1,1,0,0,0,1241,5,1191,45,5234938
1152921504741098496:68719476736,96,1,['1297071877055840256:0'],103,0.009708738,1,1,0,0,0,1241,5,1191,45,5234938
1152921504741590016:68719476736,97,1,['1297036692683751424:33554432'],104,0.009615385,1,1,0,0,0,1241,5,1191,45,5234938
1152921504742113280:536887296,96,1,['1152921504607895552:536887296'],109,0.009174312,1,1,0,0,0,1241,5,1191,45,5234938
1152921504742113284:68719476736,97,1,['1297036692687945728:0'],105,0.00952381,1,1,0,0,0,1241,5,1191,45,5234938
1152921504742113288:68719476736,96,1,['1297036701273686016:0'],104,0.009615385,1,1,0,0,0,1241,5,1191,45,5234938
1152921504742113344:68719476736,94,1,['1297036692683751424:4'],104,0.009615385,1,1,0,0,0,1241,5,1191,45,5234938
1152921504742113792:68719476736,92,1,['1297036692683751424:34359738368'],108,0.009259259,1,1,0,0,0,1241,5,1191,45,5234938
1152921504742129664:68719476736,91,1,['1297036709863620608:0'],105,0.00952381,1,1,0,0,0,1241,5,1191,45,5234938
1152921504742637568:68719476736,90,1,['1297036692683751424:33554432'],104,0.009615385,1,1,0,0,0,1241,5,1191,45,5234938
1152921504743162880:68719476736,95,1,['1152921504607895552:34896609280'],109,0.009174312,1,1,0,0,0,1241,5,1191,45,5234938
1152921504744210432:68719476736,91,1,['1152921504607895552:34896609280'],109,0.009174312,1,1,0,0,0,1241,5,1191,45,5234938
1152921504774620160:68719476736,99,1,['1297036727043489792:0'],105,0.00952381,1,1,0,0,0,1241,5,1191,45,5234938
1152921504775667712:68719476736,96,1,['1297036727043489792:0'],105,0.00952381,1,1,0,0,0,1241,5,1191,45,5234938
1152921504809222144:68719476736,91,1,['1297107061427929088:0'],101,0.00990099,1,1,0,0,0,1241,5,1191,45,5234938
1152921504876331008:553648128,96,1,['1301540292311121920:0'],101,0.00990099,1,1,0,0,0,1241,5,1191,45,5234938
1152921505277936640:68719476736,97,1,['1297036692683751424:32768'],106,0.009433962,1,1,0,0,0,1241,5,1191,45,5234938
1152921505278984192:68719476736,92,1,['1297036692683751424:32768'],106,0.009433962,1,1,0,0,0,1241,5,1191,45,5234938
1152921505681637376:536870920,98,1,['1152921504607895552:536870920'],106,0.009433962,1,1,0,0,0,1241,5,1191,45,5234938
1152921505690025984:536870912,90,1,['1152921504616284160:536870912'],104,0.009615385,1,1,0,0,0,1241,5,1191,45,5234938
1152921506754334720:536936448,99,1,['1152921504616284160:536870912'],104,0.009615385,1,1,0,0,0,1241,5,1191,45,5234938
1152921506754334720:537001984,92,1,['1152921504616284160:536870912'],104,0.009615385,1,1,0,0,0,1241,5,1191,45,5234938
1152921506754334720:570425344,99,1,['1152921504616284160:536870912'],104,0.009615385,1,1,0,0,0,1241,5,1191,45,5234938
1152921506758529024:536870912,95,1,['1152921504616284160:536870912'],104,0.009615385,1,1,0,0,0,1241,5,1191,45,5234938
1152921506888549376:68719476736,96,1,['1152921504607895552:570425344'],106,0.009433962,1,1,0,0,0,1241,5,1191,45,5234938
1152921508902862848:536879104,93,1,['1152921504607895552:536879104'],101,0.00990099,1,1,0,0,0,1241,5,1191,45,5234938
1152921509036032128:68719476736,92,1,['1297036692683751424:8192'],104,0.009615385,1,1,0,0,0,1241,5,1191,45,5234938
1152921509036040192:68719476736,99,1,['1297036692692140032:0'],106,0.009433962,1,1,0,0,0,1241,5,1191,45,5234938
1152921509036556288:68719476736,99,1,['1297036692683751424:33554432'],104,0.009615385,1,1,0,0,0,1241,5,1191,45,5234938
1152921513196786176:536870912,92,1,['1152921504606851584:536870912'],106,0.009433962,1,1,0,0,0,1241,5,1191,45,5234938
1152921513197830144:536870944,98,1,['1297036692683751424:131072'],102,0.009803922,1,1,0,0,0,1241,5,1191,45,5234938
1152921513197830656:536870912,99,1,['1297036692685848576:0'],103,0.009708738,1,1,0,0,0,1241,5,1191,45,5234938
1152921513198882816:536870912,94,1,['1152921504607897600:536870912'],104,0.009615385,1,1,0,0,0,1241,5,1191,45,5234938
1152921513332047872:68719476736,97,1,['1297036692683751432:0'],106,0.009433962,1,1,0,0,0,1241,5,1191,45,5234938
1152921521787764736:536870976,90,1,['1152921521787764736:536870912'],105,0.00952381,1,1,0,0,0,1241,5,1191,45,5234938
1152921521787764736:536936448,96,1,['1152921521787764736:536870912'],105,0.00952381,1,1,0,0,0,1241,5,1191,45,5234938
1152921521787764736:603979776,97,1,['1152921521787764736:536870912'],105,0.00952381,1,1,0,0,0,1241,5,1191,45,5234938
1152921521787764768:536870912,96,1,['1152921521787764736:536870912'],105,0.00952381,1,1,0,0,0,1241,5,1191,45,5234938
1152921521787772928:536870912,99,1,['1152921521787764736:536870912'],105,0.00952381,1,1,0,0,0,1241,5,1191,45,5234938
1152921521804541952:536870912,97,1,['1152921521787764736:536870912'],105,0.00952381,1,1,0,0,0,1241,5,1191,45,5234938
1152921521921982464:68719476736,93,1,['1297036692683767808:0'],103,0.009708738,1,1,0,0,0,1241,5,1191,45,5234938
1152921539100804096:68719476736,99,1,['1297036692717305856:0'],105,0.00952381,1,1,0,0,0,1241,5,1191,45,5234938
1152921539101851648:68719476736,97,1,['1297036692717305856:0'],105,0.00952381,1,1,0,0,0,1241,5,1191,45,5234938
1152921573326328832:536870912,96,1,['1152921504606852096:536870912'],103,0.009708738,1,1,0,0,0,1241,5,1191,45,5234938
1152921573327376384:536870912,95,1,['10376293541461626880:65536'],101,0.00990099,1,1,0,0,0,1241,5,1191,45,5234938
1152921573328424960:536870912,97,1,['1152921504607897600:536870912'],104,0.009615385,1,1,0,0,0,1241,5,1191,45,5234938
1152921779484759040:536870912,95,1,['1152921504606852096:536870912'],103,0.009708738,1,1,0,0,0,1241,5,1191,45,5234938
1152921779485802496:34896609280,99,1,['1152921504607895552:34896609280'],109,0.009174312,1,1,0,0,0,1241,5,1191,45,5234938
1152921779485802496:536870916,98,1,['1152921504607895552:536870916'],108,0.009259259,1,1,0,0,0,1241,5,1191,45,5234938
1152921779485802496:536870920,98,1,['1152921504607895552:536870920'],106,0.009433962,1,1,0,0,0,1241,5,1191,45,5234938
1152921779485802496:536879104,95,1,['1152921504607895552:536879104'],101,0.00990099,1,1,0,0,0,1241,5,1191,45,5234938
1152921779485802496:570425344,96,1,['1152921504607895552:570425344'],106,0.009433962,1,1,0,0,0,1241,5,1191,45,5234938
1152921779485804544:536870912,94,1,['1152921504607897600:536870912'],104,0.009615385,1,1,0,0,0,1241,5,1191,45,5234938
1152921779489996800:536870912,99,1,['1152921504612089856:536870912'],101,0.00990099,1,1,0,0,0,1241,5,1191,45,5234938
1152921779494191104:536870912,97,1,['1152921504616284160:536870912'],104,0.009615385,1,1,0,0,0,1241,5,1191,45,5234938
1152921796665671680:536870912,93,1,['1152921521787764736:536870912'],105,0.00952381,1,1,0,0,0,1241,5,1191,45,5234938
1152922604119523328:536870916,97,1,['1152921504607895552:536870916'],108,0.009259259,1,1,0,0,0,1241,5,1191,45,5234938
1152922604119523328:536870920,99,1,['1152921504607895552:536870920'],106,0.009433962,1,1,0,0,0,1241,5,1191,45,5234938
1152922604119523328:536879104,98,1,['1152921504607895552:536879104'],101,0.00990099,1,1,0,0,0,1241,5,1191,45,5234938
1152922604119523328:570425344,99,1,['1152921504607895552:570425344'],106,0.009433962,1,1,0,0,0,1241,5,1191,45,5234938
1152922621299392512:536870912,97,1,['1152921521787764736:536870912'],105,0.00952381,1,1,0,0,0,1241,5,1191,45,5234938
1152923703764321280:68719476736,99,1,['1297036692683751424:134217728'],100,0.01,1,1,0,0,0,1241,5,1191,45,5234938
1152923703765368832:68719476736,96,1,['1297036692683751424:134217728'],100,0.01,1,1,0,0,0,1241,5,1191,45,5234938
1152925902653362176:536870976,98,1,['1152921521787764736:536870912'],105,0.00952381,1,1,0,0,0,1241,5,1191,45,5234938
1152925902787576832:68719476736,95,1,['1152921504607895552:536887296'],109,0.009174312,1,1,0,0,0,1241,5,1191,45,5234938
1152925902787641344:68719476736,92,1,['1152921504607895552:536887296'],109,0.009174312,1,1,0,0,0,1241,5,1191,45,5234938
1152925902788624384:68719476736,93,1,['1152921504607895552:536887296'],109,0.009174312,1,1,0,0,0,1241,5,1191,45,5234938
1152925911243296768:536870912,96,1,['1152921521787764736:536870912'],105,0.00952381,1,1,0,0,0,1241,5,1191,45,5234938
1152930300699873280:536870944,99,1,['1297036830122704896:0'],101,0.00990099,1,1,0,0,0,1241,5,1191,45,5234938
1152930300700917760:536870920,99,1,['1152921504607895552:536870920'],106,0.009433962,1,1,0,0,0,1241,5,1191,45,5234938
1152930300834087168:68719476736,90,1,['1152921504607895552:536879104'],101,0.00990099,1,1,0,0,0,1241,5,1191,45,5234938
1152930300834087936:68719476736,93,1,['1152921504607895552:536879104'],101,0.00990099,1,1,0,0,0,1241,5,1191,45,5234938
1152930300834152448:68719476736,99,1,['1152921504607895552:536879104'],101,0.00990099,1,1,0,0,0,1241,5,1191,45,5234938
1152939096793939968:536870976,91,1,['1152939096793939968:536870912'],106,0.009433962,1,1,0,0,0,1241,5,1191,45,5234938
1152939096793939968:536871040,96,1,['1152939096793939968:536870912'],106,0.009433962,1,1,0,0,0,1241,5,1191,45,5234938
1152939096793939968:805306368,99,1,['1152939096793939968:536870912'],106,0.009433962,1,1,0,0,0,1241,5,1191,45,5234938
1152939096793940000:536870912,93,1,['1152939096793939968:536870912'],106,0.009433962,1,1,0,0,0,1241,5,1191,45,5234938
1152939096793948160:536870912,94,1,['1152939096793939968:536870912'],106,0.009433962,1,1,0,0,0,1241,5,1191,45,5234938
1152939096794005504:536870912,94,1,['1152939096793939968:536870912'],106,0.009433962,1,1,15000000,1,15000000,1241,5,1191,45,5234938
1152939096810717184:536870912,95,1,['1152939096793939968:536870912'],106,0.009433962,1,1,0,0,0,1241,5,1191,45,5234938
1152939097867681792:536870912,99,1,['1152939096793939968:536870912'],106,0.009433962,1,1,0,0,0,1241,5,1191,45,5234938
1152939101088907264:536870912,94,1,['1152939096793939968:536870912'],106,0.009433962,1,1,0,0,0,1241,5,1191,45,5234938
1152939371671846912:536870912,96,1,['1152939096793939968:536870912'],106,0.009433962,1,1,0,0,0,1241,5,1191,45,5234938
1152940196305567744:536870912,97,1,['1152939096793939968:536870912'],106,0.009433962,1,1,0,0,0,1241,5,1191,45,5234938
1152956688978940416:536870912,97,1,['1152921504606851584:536870912'],106,0.009433962,1,1,0,0,0,1241,5,1191,45,5234938
1152956688978940928:536870912,95,1,['1152921504606852096:536870912'],103,0.009708738,1,1,0,0,0,1241,5,1191,45,5234938
1152956688979984384:536870944,95,1,['1297036692683751424:131072'],102,0.009803922,1,1,0,0,0,1241,5,1191,45,5234938
1152956688979984384:536887296,99,1,['1152921504607895552:536887296'],109,0.009174312,1,1,0,0,0,1241,5,1191,45,5234938
1152956688979984384:536903680,98,1,['1297036692683751424:134217728'],100,0.01,1,1,0,0,0,1241,5,1191,45,5234938
1152956688980115456:536870912,95,1,['1306043891938492416:0'],102,0.009803922,1,1,0,0,0,1241,5,1191,45,5234938
1152956688981037056:536870912,92,1,['1152921504607897600:536870912'],104,0.009615385,1,1,0,0,0,1241,5,1191,45,5234938
1152956689013538816:536870912,97,1,['10376293541461626880:32768'],105,0.00952381,1,1,0,0,0,1241,5,1191,45,5234938
1152956691126423552:536870912,95,1,['1152921504616284160:536870912'],104,0.009615385,1,1,0,0,0,1241,5,1191,45,5234938
1152956693273907200:536870912,96,1,['1152921504612089856:536870912'],101,0.00990099,1,1,0,0,0,1241,5,1191,45,5234938
1152956757699461120:536870912,99,1,['10376293541461626880:65536'],101,0.00990099,1,1,0,0,0,1241,5,1191,45,5234938
1152961087025451008:536870912,96,1,['1152921521787764736:536870912'],105,0.00952381,1,1,0,0,0,1241,5,1191,45,5234938
1152991873351029760:536870912,98,1,['1152921504606852096:536870912'],103,0.009708738,1,1,0,0,0,1241,5,1191,45,5234938
1152991873486290944:68719476736,93,1,['1297036692750860288:0'],101,0.00990099,1,1,0,0,0,1241,5,1191,45,5234938
1153062242096250880:536879104,95,1,['1152921504607895552:536879104'],101,0.00990099,1,1,0,0,0,1241,5,1191,45,5234938
1153062242096252928:536870912,97,1,['1152921504607897600:536870912'],104,0.009615385,1,1,0,0,0,1241,5,1191,45,5234938
1153062242096254976:536870912,93,1,['1297037242439565312:0'],103,0.009708738,1,1,0,0,0,1241,5,1191,45,5234938
1153062242104639488:536870912,98,1,['1152921504616284160:536870912'],104,0.009615385,1,1,0,0,0,1241,5,1191,45,5234938
1153062259276120064:536870912,99,1,['1152921521787764736:536870912'],105,0.00952381,1,1,0,0,0,1241,5,1191,45,5234938
1153079834282295296:536870912,96,1,['1152939096793939968:536870912'],106,0.009433962,1,1,0,0,0,1241,5,1191,45,5234938
1153202979585658880:536870912,95,1,['1152921504607897600:536870912'],104,0.009615385,1,1,15000000,1,15000000,1241,5,1191,45,5234938
1153484454560272896:536870912,97,1,['1152921504606851584:536870912'],106,0.009433962,1,1,0,0,0,1241,5,1191,45,5234938
1153484454560273408:536870912,94,1,['1152921504606852096:536870912'],103,0.009708738,1,1,0,0,0,1241,5,1191,45,5234938
1153484454561316864:34896609280,93,1,['1152921504607895552:34896609280'],109,0.009174312,1,1,0,0,0,1241,5,1191,45,5234938
1153484454561316864:536870916,98,1,['1152921504607895552:536870916'],108,0.009259259,1,1,0,0,0,1241,5,1191,45,5234938
1153484454561316864:536870920,95,1,['1152921504607895552:536870920'],106,0.009433962,1,1,0,0,0,1241,5,1191,45,5234938
1153484454561316864:536879104,93,1,['1152921504607895552:536879104'],101,0.00990099,1,1,0,0,0,1241,5,1191,45,5234938
1153484454561316864:536887296,97,1,['1152921504607895552:536887296'],109,0.009174312,1,1,0,0,0,1241,5,1191,45,5234938
1153484454561316864:570425344,91,1,['1152921504607895552:570425344'],106,0.009433962,1,1,0,0,0,1241,5,1191,45,5234938
1153484454561318912:536870912,94,1,['1152921504607897600:536870912'],104,0.009615385,1,1,0,0,0,1241,5,1191,45,5234938
1155173304421580800:553648128,97,1,['1297037242439565312:0'],103,0.009708738,1,1,0,0,0,1241,5,1191,45,5234938
1155173304554750976:68719476736,93,1,['1297036692683751424:131072'],102,0.009803922,1,1,0,0,0,1241,5,1191,45,5234938
1155173304555798528:68719476736,91,1,['1297036692683751424:131072'],102,0.009803922,1,1,0,0,0,1241,5,1191,45,5234938
1155208488793669632:536870912,95,1,['1297037242439565312:0'],103,0.009708738,1,1,0,0,0,1241,5,1191,45,5234938
1157425104368436224:68719476736,95,1,['1297036692683751424:268435456'],106,0.009433962,1,1,0,0,0,1241,5,1191,45,5234938
1157425104369483776:68719476736,92,1,['1297036692683751424:268435456'],106,0.009433962,1,1,0,0,0,1241,5,1191,45,5234938
1157442696421310464:536870912,96,1,['1152939096793939968:536870912'],106,0.009433962,1,1,0,0,0,1241,5,1191,45,5234938
1161928703861592064:536870944,95,1,['1297036830122704896:0'],101,0.00990099,1,1,0,0,0,1241,5,1191,45,5234938
1161928703861592064:805306368,98,1,['1297107061427929088:0'],101,0.00990099,1,1,0,0,0,1241,5,1191,45,5234938
1161928703862636544:34896609280,98,1,['1152921504607895552:34896609280'],109,0.009174312,1,1,0,0,0,1241,5,1191,45,5234938
1161928703862636544:536870916,99,1,['1152921504607895552:536870916'],108,0.009259259,1,1,0,0,0,1241,5,1191,45,5234938
1161928703862636544:536870920,97,1,['1152921504607895552:536870920'],106,0.009433962,1,1,0,0,0,1241,5,1191,45,5234938
1161928703862636544:536887296,98,1,['1152921504607895552:536887296'],109,0.009174312,1,1,0,0,0,1241,5,1191,45,5234938
1161928703862636544:570425344,95,1,['1152921504607895552:570425344'],106,0.009433962,1,1,0,0,0,1241,5,1191,45,5234938
1161928703995806720:68719476736,99,1,['1152921504607895552:536870920'],106,0.009433962,1,1,0,0,0,1241,5,1191,45,5234938
1161928703996854272:68719476736,91,1,['1152921504607895552:536870920'],106,0.009433962,1,1,0,0,0,1241,5,1191,45,5234938
1170935903116333056:536870920,99,1,['1152939096793939968:536870912'],106,0.009433962,1,1,0,0,0,1241,5,1191,45,5234938
1170935903116333056:536870976,96,1,['1152939096793939968:536870912'],106,0.009433962,1,1,0,0,0,1241,5,1191,45,5234938
1170935903116333056:536936448,97,1,['1152939096793939968:536870912'],106,0.009433962,1,1,0,0,0,1241,5,1191,45,5234938
1170935903116333056:537001984,94,1,['1152939096793939968:536870912'],106,0.009433962,1,1,0,0,0,1241,5,1191,45,5234938
1170935903116333056:570425344,98,1,['1152939096793939968:536870912'],106,0.009433962,1,1,0,0,0,1241,5,1191,45,5234938
1170935903116333056:603979776,93,1,['1152939096793939968:536870912'],106,0.009433962,1,1,0,0,0,1241,5,1191,45,5234938
1170935903250547712:68719476736,97,1,['1152921504607895552:536870916'],108,0.009259259,1,1,0,0,0,1241,5,1191,45,5234938
1170935903251595264:68719476736,96,1,['1152921504607895552:536870916'],108,0.009259259,1,1,0,0,0,1241,5,1191,45,5234938
1188950301625816064:536870912,98,1,['1152921504606852096:536870912'],103,0.009708738,1,1,0,0,0,1241,5,1191,45,5234938
1188950301626859520:536870913,94,1,['1188950301626859520:536870912'],95,0.010526316,1,1,0,0,0,1241,5,1191,45,5234938
1188950301626859520:536870976,90,1,['1188950301626859520:536870912'],95,0.010526316,1,1,0,0,0,1241,5,1191,45,5234938
1188950301626859520:537133056,98,1,['1188950301626859520:536870912'],95,0.010526316,1,1,0,0,0,1241,5,1191,45,5234938
1188950301626859520:603979776,90,1,['1188950301626859520:536870912'],95,0.010526316,1,1,0,0,0,1241,5,1191,45,5234938
1188950301626863616:536870912,99,1,['1188950301626859520:536870912'],95,0.010526316,1,1,0,0,0,1241,5,1191,45,5234938
1188950301626892288:536870912,96,1,['1188950301626859520:536870912'],95,0.010526316,1,1,0,0,0,1241,5,1191,45,5234938
1188950301627912192:536870912,99,1,['1152921504607897600:536870912'],104,0.009615385,1,1,0,0,0,1241,5,1191,45,5234938
1188950301643636736:536870912,96,1,['1188950301626859520:536870912'],95,0.010526316,1,1,0,0,0,1241,5,1191,45,5234938
1188950303773298688:536870912,98,1,['1152921504616284160:536870912'],104,0.009615385,1,1,0,0,0,1241,5,1191,45,5234938
1188950310216794112:536870912,98,1,['1188950301626859520:536870912'],95,0.010526316,1,1,0,0,0,1241,5,1191,45,5234938
1188950576504766464:536870912,94,1,['1188950301626859520:536870912'],95,0.010526316,1,1,0,0,0,1241,5,1191,45,5234938
1188951401138487296:536870912,98,1,['1188950301626859520:536870912'],95,0.010526316,1,1,0,0,0,1241,5,1191,45,5234938
1188954699672326144:536870912,97,1,['1152921521787764736:536870912'],105,0.00952381,1,1,0,0,0,1241,5,1191,45,5234938
1189091039115214848:536870912,92,1,['1188950301626859520:536870912'],95,0.010526316,1,1,0,0,0,1241,5,1191,45,5234938
1197957500881600512:536870912,94,1,['1188950301626859520:536870912'],95,0.010526316,1,1,0,0,0,1241,5,1191,45,5234938
1206964700135297024:536870912,99,1,['1152939096793939968:536870912'],106,0.009433962,1,1,0,0,0,1241,5,1191,45,5234938
1224979098645823488:536903680,92,1,['1297036692683751424:134217728'],100,0.01,1,1,0,0,0,1241,5,1191,45,5234938
1224979098645823552:536870912,97,1,['1315051091193233408:0'],108,0.009259259,1,1,0,0,0,1241,5,1191,45,5234938
1224979098645839872:536870912,96,1,['10376293541461626880:16384'],105,0.00952381,1,1,0,0,0,1241,5,1191,45,5234938
1224979098712932352:536870912,98,1,['10376293541461626880:16'],105,0.00952381,1,1,0,0,0,1241,5,1191,45,5234938
1224979115825692672:536870912,96,1,['1152921521787764736:536870912'],105,0.00952381,1,1,0,0,0,1241,5,1191,45,5234938
1224996690831867904:536870912,98,1,['1152939096793939968:536870912'],106,0.009433962,1,1,0,0,0,1241,5,1191,45,5234938
1261007895664787456:536870912,95,1,['1188950301626859520:536870912'],95,0.010526316,1,1,0,0,0,1241,5,1191,45,5234938
12682136550675320832:134217728,95,1,['10376293541461626880:134217728'],107,0.009345794,1,1,0,0,0,1241,5,1191,45,5234938
12682136550675320832:16,99,1,['10376293541461626880:16'],105,0.00952381,1,1,0,0,0,1241,5,1191,45,5234938
12682136550675320832:16384,96,1,['10376293541461626880:16384'],105,0.00952381,1,1,0,0,0,1241,5,1191,45,5234938
12682136550675320832:32,92,1,['10376293541461626880:32'],105,0.00952381,1,1,0,0,0,1241,5,1191,45,5234938
12682136550675320832:32768,98,1,['10376293541461626880:32768'],105,0.00952381,1,1,0,0,0,1241,5,1191,45,5234938
12682136550675320832:4,99,1,['10376293541461626880:4'],103,0.009708738,1,1,0,0,0,1241,5,1191,45,5234938
12682136550675320832:65536,91,1,['10376293541461626880:65536'],101,0.00990099,1,1,0,0,0,1241,5,1191,45,5234938
1297036692683751424:100663296,90,1,['1297036692683751424:33554432'],104,0.009615385,1,1,0,0,0,1241,5,1191,45,5234938
1297036692683751424:1064960,99,1,['10376293541461626880:65536'],101,0.00990099,1,1,0,0,0,1241,5,1191,45,5234938
1297036692683751424:131080,97,1,['1297036692683751424:131072'],102,0.009803922,1,1,0,0,0,1241,5,1191,45,5234938
1297036692683751424:131104,97,1,['1297036692683751424:131072'],102,0.009803922,1,1,0,0,0,1241,5,1191,45,5234938
1297036692683751424:132,94,1,['1297036692683751424:4'],104,0.009615385,1,1,0,0,0,1241,5,1191,45,5234938
1297036692683751424:133120,98,1,['1297036692683751424:131072'],102,0.009803922,1,1,0,0,0,1241,5,1191,45,5234938
1297036692683751424:134217730,96,1,['1297036692683751424:134217728'],100,0.01,1,1,0,0,0,1241,5,1191,45,5234938
1297036692683751424:134217744,97,1,['1297036692683751424:134217728'],100,0.01,1,1,0,0,0,1241,5,1191,45,5234938
1297036692683751424:134217792,92,1,['1297036692683751424:134217728'],100,0.01,1,1,0,0,0,1241,5,1191,45,5234938
1297036692683751424:134217856,98,1,['1297036692683751424:134217728'],100,0.01,1,1,0,0,0,1241,5,1191,45,5234938
1297036692683751424:134219776,97,1,['1297036692683751424:134217728'],100,0.01,1,1,0,0,0,1241,5,1191,45,5234938
1297036692683751424:134742016,93,1,['1297036692683751424:134217728'],100,0.01,1,1,0,0,0,1241,5,1191,45,5234938
1297036692683751424:147456,95,1,['1297036692683751424:131072'],102,0.009803922,1,1,0,0,0,1241,5,1191,45,5234938
1297036692683751424:16781312,94,1,['10376293541461626880:4'],103,0.009708738,1,1,0,0,0,1241,5,1191,45,5234938
1297036692683751424:17039360,99,1,['1297036692683751424:262144'],103,0.009708738,1,1,0,0,0,1241,5,1191,45,5234938
1297036692683751424:2052,99,1,['1297036692683751424:4'],104,0.009615385,1,1,0,0,0,1241,5,1191,45,5234938
1297036692683751424:2113536,97,1,['10376293541461626880:32768'],105,0.00952381,1,1,0,0,0,1241,5,1191,45,5234938
1297036692683751424:262272,92,1,['1297036692683751424:262144'],103,0.009708738,1,1,0,0,0,1241,5,1191,45,5234938
1297036692683751424:268435457,98,1,['1297036692683751424:268435456'],106,0.009433962,1,1,15000000,1,15000000,1241,5,1191,45,5234938
1297036692683751424:268435520,92,1,['1297036692683751424:268435456'],106,0.009433962,1,1,0,0,0,1241,5,1191,45,5234938
1297036692683751424:268435584,99,1,['1297036692683751424:268435456'],106,0.009433962,1,1,0,0,0,1241,5,1191,45,5234938
1297036692683751424:268959744,96,1,['1297036692683751424:268435456'],106,0.009433962,1,1,0,0,0,1241,5,1191,45,5234938
1297036692683751424:327680,90,1,['1297036692683751424:262144'],103,0.009708738,1,1,0,0,0,1241,5,1191,45,5234938
1297036692683751424:32784,96,1,['1297036692683751424:32768'],106,0.009433962,1,1,0,0,0,1241,5,1191,45,5234938
1297036692683751424:32832,95,1,['1297036692683751424:32768'],106,0.009433962,1,1,0,0,0,1241,5,1191,45,5234938
1297036692683751424:335544320,92,1,['1297036692683751424:268435456'],106,0.009433962,1,1,0,0,0,1241,5,1191,45,5234938
1297036692683751424:33554434,93,1,['1297036692683751424:33554432'],104,0.009615385,1,1,0,0,0,1241,5,1191,45,5234938
1297036692683751424:33554496,97,1,['1297036692683751424:33554432'],104,0.009615385,1,1,0,0,0,1241,5,1191,45,5234938
1297036692683751424:33554560,98,1,['1297036692683751424:33554432'],104,0.009615385,1,1,0,0,0,1241,5,1191,45,5234938
1297036692683751424:33619968,91,1,['1297036692683751424:33554432'],104,0.009615385,1,1,0,0,0,1241,5,1191,45,5234938
1297036692683751424:34359738370,97,1,['1297036692683751424:34359738368'],108,0.009259259,1,1,0,0,0,1241,5,1191,45,5234938
1297036692683751424:34359738432,94,1,['1297036692683751424:34359738368'],108,0.009259259,1,1,0,0,0,1241,5,1191,45,5234938
1297036692683751424:34359803904,95,1,['1297036692683751424:34359738368'],108,0.009259259,1,1,0,0,0,1241,5,1191,45,5234938
1297036692683751424:34360262656,95,1,['1297036692683751424:34359738368'],108,0.009259259,1,1,0,0,0,1241,5,1191,45,5234938
1297036692683751424:34426847232,98,1,['1297036692683751424:34359738368'],108,0.009259259,1,1,0,0,0,1241,5,1191,45,5234938
1297036692683751424:36,98,1,['1297036692683751424:4'],104,0.009615385,1,1,0,0,0,1241,5,1191,45,5234938
1297036692683751424:4210688,94,1,['10376293541461626880:16384'],105,0.00952381,1,1,0,0,0,1241,5,1191,45,5234938
1297036692683751424:4328521728,92,1,['1297036692683751424:33554432'],104,0.009615385,1,1,0,0,0,1241,5,1191,45,5234938
1297036692683751424:528,92,1,['10376293541461626880:32'],105,0.00952381,1,1,0,0,0,1241,5,1191,45,5234938
1297036692683751424:532480,95,1,['1297036692683751424:8192'],104,0.009615385,1,1,0,0,0,1241,5,1191,45,5234938
1297036692683751424:536870928,97,1,['1297036692683751424:268435456'],106,0.009433962,1,1,0,0,0,1241,5,1191,45,5234938
1297036692683751424:536870944,93,1,['1297036692683751424:131072'],102,0.009803922,1,1,0,0,0,1241,5,1191,45,5234938
1297036692683751424:544,95,1,['10376293541461626880:32'],105,0.00952381,1,1,0,0,0,1241,5,1191,45,5234938
1297036692683751424:557056,96,1,['1297036692683751424:32768'],106,0.009433962,1,1,0,0,0,1241,5,1191,45,5234938
1297036692683751424:6,96,1,['1297036692683751424:4'],104,0.009615385,1,1,0,0,0,1241,5,1191,45,5234938
1297036692683751424:655360,91,1,['1297036692683751424:131072'],102,0.009803922,1,1,0,0,0,1241,5,1191,45,5234938
1297036692683751424:66048,91,1,['10376293541461626880:32'],105,0.00952381,1,1,0,0,0,1241,5,1191,45,5234938
1297036692683751424:66560,95,1,['10376293541461626880:16'],105,0.00952381,1,1,0,0,0,1241,5,1191,45,5234938
1297036692683751424:67109376,95,1,['10376293541461626880:32'],105,0.00952381,1,1,0,0,0,1241,5,1191,45,5234938
1297036692683751424:67109888,90,1,['10376293541461626880:16'],105,0.00952381,1,1,0,0,0,1241,5,1191,45,5234938
1297036692683751424:67112960,96,1,['10376293541461626880:4'],103,0.009708738,1,1,0,0,0,1241,5,1191,45,5234938
1297036692683751424:67117056,91,1,['1297036692683751424:8192'],104,0.009615385,1,1,0,0,0,1241,5,1191,45,5234938
1297036692683751424:68,90,1,['1297036692683751424:4'],104,0.009615385,1,1,0,0,0,1241,5,1191,45,5234938
1297036692683751424:69206016,96,1,['10376293541461626880:32768'],105,0.00952381,1,1,0,0,0,1241,5,1191,45,5234938
1297036692683751424:75497472,98,1,['10376293541461626880:8192'],108,0.009259259,1,1,0,0,0,1241,5,1191,45,5234938
1297036692683751424:8194,96,1,['1297036692683751424:8192'],104,0.009615385,1,1,0,0,0,1241,5,1191,45,5234938
1297036692683751424:8256,96,1,['1297036692683751424:8192'],104,0.009615385,1,1,0,0,0,1241,5,1191,45,5234938
1297036692683751425:4,99,1,['1297036692683751424:4'],104,0.009615385,1,1,0,0,0,1241,5,1191,45,5234938
1297036692683751425:8192,99,1,['1297036692683751424:8192'],104,0.009615385,1,1,0,0,0,1241,5,1191,45,5234938
1297036692683751426:16777216,96,1,['1297036692683751426:0'],107,0.009345794,1,1,0,0,0,1241,5,1191,45,5234938
1297036692683751426:65536,96,1,['1297036692683751426:0'],107,0.009345794,1,1,0,0,0,1241,5,1191,45,5234938
1297036692683751426:67108864,99,1,['1297036692683751426:0'],107,0.009345794,1,1,0,0,0,1241,5,1191,45,5234938
1297036692683751428:32768,95,1,['1297036692683751424:32768'],106,0.009433962,1,1,0,0,0,1241,5,1191,45,5234938
1297036692683751432:64,98,1,['1297036692683751432:0'],106,0.009433962,1,1,0,0,0,1241,5,1191,45,5234938
1297036692683751432:67108864,98,1,['1297036692683751432:0'],106,0.009433962,1,1,0,0,0,1241,5,1191,45,5234938
1297036692683751440:65536,93,1,['1297036692683751440:0'],109,0.009174312,1,1,0,0,0,1241,5,1191,45,5234938
1297036692683751440:67108864,98,1,['1297036692683751440:0'],109,0.009174312,1,1,0,0,0,1241,5,1191,45,5234938
1297036692683751456:131072,97,1,['1297036692683751424:131072'],102,0.009803922,1,1,0,0,0,1241,5,1191,45,5234938
1297036692683751456:134217728,96,1,['1297036692683751424:134217728'],100,0.01,1,1,0,0,0,1241,5,1191,45,5234938
1297036692683751458:0,99,1,['1297036692683751426:0'],107,0.009345794,1,1,0,0,0,1241,5,1191,45,5234938
1297036692683751472:0,95,1,['1297036692683751440:0'],109,0.009174312,1,1,0,0,0,1241,5,1191,45,5234938
1297036692683751488:65536,94,1,['1297036692683751488:0'],107,0.009345794,1,1,0,0,0,1241,5,1191,45,5234938
1297036692683751488:67108864,90,1,['1297036692683751488:0'],107,0.009345794,1,1,0,0,0,1241,5,1191,45,5234938
1297036692683751488:68719476736,96,1,['1297036692683751488:0'],107,0.009345794,1,1,0,0,0,1241,5,1191,45,5234938
1297036692683751520:0,93,1,['1297036692683751488:0'],107,0.009345794,1,1,0,0,0,1241,5,1191,45,5234938
1297036692683751552:131072,96,1,['1297036692683751424:131072'],102,0.009803922,1,1,0,0,0,1241,5,1191,45,5234938
1297036692683751552:134217728,93,1,['1297036692683751424:134217728'],100,0.01,1,1,0,0,0,1241,5,1191,45,5234938
1297036692683751552:536870912,97,1,['1297045488776773632:0'],108,0.009259259,1,1,0,0,0,1241,5,1191,45,5234938
1297036692683751552:8192,91,1,['1297036692683751424:8192'],104,0.009615385,1,1,0,0,0,1241,5,1191,45,5234938
1297036692683751568:0,91,1,['1297036692683751440:0'],109,0.009174312,1,1,0,0,0,1241,5,1191,45,5234938
1297036692683751616:0,91,1,['1297036692683751488:0'],107,0.009345794,1,1,0,0,0,1241,5,1191,45,5234938
1297036692683751682:0,94,1,['1297036692683751426:0'],107,0.009345794,1,1,0,0,0,1241,5,1191,45,5234938
1297036692683751688:0,99,1,['1297036692683751432:0'],106,0.009433962,1,1,0,0,0,1241,5,1191,45,5234938
1297036692683751696:0,99,1,['1297036692683751440:0'],109,0.009174312,1,1,0,0,0,1241,5,1191,45,5234938
1297036692683751744:0,99,1,['1297036692683751488:0'],107,0.009345794,1,1,0,0,0,1241,5,1191,45,5234938
1297036692683751936:64,96,1,['1297036692683751936:0'],106,0.009433962,1,1,0,0,0,1241,5,1191,45,5234938
1297036692683751936:65536,91,1,['1297036692683751936:0'],106,0.009433962,1,1,0,0,0,1241,5,1191,45,5234938
1297036692683751936:67108864,96,1,['1297036692683751936:0'],106,0.009433962,1,1,0,0,0,1241,5,1191,45,5234938
1297036692683751936:68719476736,93,1,['1297036692683751936:0'],106,0.009433962,1,1,0,0,0,1241,5,1191,45,5234938
1297036692683751940:0,97,1,['1297036692683751936:0'],106,0.009433962,1,1,0,0,0,1241,5,1191,45,5234938
1297036692683751968:0,98,1,['1297036692683751936:0'],106,0.009433962,1,1,0,0,0,1241,5,1191,45,5234938
1297036692683752448:128,98,1,['1297036692683752448:0'],100,0.01,1,1,0,0,0,1241,5,1191,45,5234938
1297036692683752449:0,94,1,['1297036692683752448:0'],100,0.01,1,1,0,0,0,1241,5,1191,45,5234938
1297036692683752452:0,94,1,['1297036692683752448:0'],100,0.01,1,1,0,0,0,1241,5,1191,45,5234938
1297036692683752480:0,91,1,['1297036692683752448:0'],100,0.01,1,1,0,0,0,1241,5,1191,45,5234938
1297036692683752576:0,96,1,['1297036692683752448:0'],100,0.01,1,1,0,0,0,1241,5,1191,45,5234938
1297036692683752704:0,96,1,['1297036692683752448:0'],100,0.01,1,1,0,0,0,1241,5,1191,45,5234938
1297036692683753472:128,91,1,['1297036692683753472:0'],103,0.009708738,1,1,0,0,0,1241,5,1191,45,5234938
1297036692683753472:16777216,93,1,['1297036692683753472:0'],103,0.009708738,1,1,0,0,0,1241,5,1191,45,5234938
1297036692683753472:64,91,1,['1297036692683753472:0'],103,0.009708738,1,1,0,0,0,1241,5,1191,45,5234938
1297036692683753472:67108864,92,1,['1297036692683753472:0'],103,0.009708738,1,1,0,0,0,1241,5,1191,45,5234938
1297036692683753476:0,99,1,['1297036692683753472:0'],103,0.009708738,1,1,0,0,0,1241,5,1191,45,5234938
1297036692683753504:0,97,1,['1297036692683753472:0'],103,0.009708738,1,1,0,0,0,1241,5,1191,45,5234938
1297036692683753728:0,93,1,['1297036692683753472:0'],103,0.009708738,1,1,0,0,0,1241,5,1191,45,5234938
1297036692683755520:131072,92,1,['1297036692683751424:131072'],102,0.009803922,1,1,0,0,0,1241,5,1191,45,5234938
1297036692683755520:33554432,99,1,['1297036692683751424:33554432'],104,0.009615385,1,1,0,0,0,1241,5,1191,45,5234938
1297036692683755522:0,99,1,['1297036692683751426:0'],107,0.009345794,1,1,0,0,0,1241,5,1191,45,5234938
1297036692683756544:0,96,1,['1297036692683752448:0'],100,0.01,1,1,0,0,0,1241,5,1191,45,5234938
1297036692683757568:0,93,1,['1297036692683753472:0'],103,0.009708738,1,1,0,0,0,1241,5,1191,45,5234938
1297036692683759616:134217728,99,1,['1297036692683751424:134217728'],100,0.01,1,1,0,0,0,1241,5,1191,45,5234938
1297036692683759616:33554432,95,1,['1297036692683751424:33554432'],104,0.009615385,1,1,0,0,0,1241,5,1191,45,5234938
1297036692683759616:4,98,1,['1297036692683751424:4'],104,0.009615385,1,1,0,0,0,1241,5,1191,45,5234938
1297036692683759616:8192,91,1,['1297036692683751424:8192'],104,0.009615385,1,1,0,0,0,1241,5,1191,45,5234938
1297036692683759618:0,96,1,['1297036692683751426:0'],107,0.009345794,1,1,0,0,0,1241,5,1191,45,5234938
1297036692683759624:0,90,1,['1297036692683751432:0'],106,0.009433962,1,1,0,0,0,1241,5,1191,45,5234938
1297036692683759632:0,92,1,['1297036692683751440:0'],109,0.009174312,1,1,0,0,0,1241,5,1191,45,5234938
1297036692683759680:0,96,1,['1297036692683751488:0'],107,0.009345794,1,1,0,0,0,1241,5,1191,45,5234938
1297036692683760128:0,94,1,['1297036692683751936:0'],106,0.009433962,1,1,0,0,0,1241,5,1191,45,5234938
1297036692683760640:0,90,1,['1297036692683752448:0'],100,0.01,1,1,0,0,0,1241,5,1191,45,5234938
1297036692683767808:128,98,1,['1297036692683767808:0'],103,0.009708738,1,1,0,0,0,1241,5,1191,45,5234938
1297036692683767808:32,96,1,['1297036692683767808:0'],103,0.009708738,1,1,0,0,0,1241,5,1191,45,5234938
1297036692683767808:64,90,1,['1297036692683767808:0'],103,0.009708738,1,1,0,0,0,1241,5,1191,45,5234938
1297036692683767809:0,98,1,['1297036692683767808:0'],103,0.009708738,1,1,0,0,0,1241,5,1191,45,5234938
1297036692683767812:0,98,1,['1297036692683767808:0'],103,0.009708738,1,1,0,0,0,1241,5,1191,45,5234938
1297036692683767840:0,92,1,['1297036692683767808:0'],103,0.009708738,1,1,0,0,0,1241,5,1191,45,5234938
1297036692683767936:0,96,1,['1297036692683767808:0'],103,0.009708738,1,1,0,0,0,1241,5,1191,45,5234938
1297036692683768064:0,98,1,['1297036692683767808:0'],103,0.009708738,1,1,0,0,0,1241,5,1191,45,5234938
1297036692683771904:0,93,1,['1297036692683767808:0'],103,0.009708738,1,1,0,0,0,1241,5,1191,45,5234938
1297036692683784192:131072,96,1,['1297036692683751424:131072'],102,0.009803922,1,1,0,0,0,1241,5,1191,45,5234938
1297036692683784192:134217728,96,1,['1297036692683751424:134217728'],100,0.01,1,1,0,0,0,1241,5,1191,45,5234938
1297036692683784192:268435456,92,1,['1297036692683751424:268435456'],106,0.009433962,1,1,0,0,0,1241,5,1191,45,5234938
1297036692683784256:0,94,1,['1297036692683751488:0'],107,0.009345794,1,1,0,0,0,1241,5,1191,45,5234938
1297036692683784704:0,99,1,['1297036692683751936:0'],106,0.009433962,1,1,0,0,0,1241,5,1191,45,5234938
1297036692683785216:0,96,1,['1297036692683752448:0'],100,0.01,1,1,0,0,0,1241,5,1191,45,5234938
1297036692683786240:0,93,1,['1297036692683753472:0'],103,0.009708738,1,1,0,0,0,1241,5,1191,45,5234938
1297036692683816960:262144,93,1,['1297036692683751424:262144'],103,0.009708738,1,1,0,0,0,1241,5,1191,45,5234938
1297036692683817024:0,99,1,['1297036692683751488:0'],107,0.009345794,1,1,0,0,0,1241,5,1191,45,5234938
1297036692683817984:0,97,1,['1297036692683752448:0'],100,0.01,1,1,0,0,0,1241,5,1191,45,5234938
1297036692683819008:0,96,1,['1297036692683753472:0'],103,0.009708738,1,1,0,0,0,1241,5,1191,45,5234938
1297036692683833344:0,92,1,['1297036692683767808:0'],103,0.009708738,1,1,0,0,0,1241,5,1191,45,5234938
1297036692683882496:134217728,96,1,['1297036692683751424:134217728'],100,0.01,1,1,0,0,0,1241,5,1191,45,5234938
1297036692683882496:262144,93,1,['1297036692683751424:262144'],103,0.009708738,1,1,0,0,0,1241,5,1191,45,5234938
1297036692683882496:268435456,97,1,['1297036692683751424:268435456'],106,0.009433962,1,1,0,0,0,1241,5,1191,45,5234938
1297036692683882496:32768,96,1,['1297036692683751424:32768'],106,0.009433962,1,1,0,0,0,1241,5,1191,45,5234938
1297036692683882496:33554432,97,1,['1297036692683751424:33554432'],104,0.009615385,1,1,0,0,0,1241,5,1191,45,5234938
1297036692683882496:34359738368,98,1,['1297036692683751424:34359738368'],108,0.009259259,1,1,0,0,0,1241,5,1191,45,5234938
1297036692683882496:4,96,1,['1297036692683751424:4'],104,0.009615385,1,1,0,0,0,1241,5,1191,45,5234938
1297036692683882496:8192,91,1,['1297036692683751424:8192'],104,0.009615385,1,1,0,0,0,1241,5,1191,45,5234938
1297036692683882498:0,97,1,['1297036692683751426:0'],107,0.009345794,1,1,0,0,0,1241,5,1191,45,5234938
1297036692683882504:0,97,1,['1297036692683751432:0'],106,0.009433962,1,1,0,0,0,1241,5,1191,45,5234938
1297036692683882512:0,97,1,['1297036692683751440:0'],109,0.009174312,1,1,0,0,0,1241,5,1191,45,5234938
1297036692683882560:0,93,1,['1297036692683751488:0'],107,0.009345794,1,1,0,0,0,1241,5,1191,45,5234938
1297036692683883008:0,92,1,['1297036692683751936:0'],106,0.009433962,1,1,0,0,0,1241,5,1191,45,5234938
1297036692683883520:0,93,1,['1297036692683752448:0'],100,0.01,1,1,0,0,0,1241,5,1191,45,5234938
1297036692684013568:16,98,1,['1297036692684013568:0'],102,0.009803922,1,1,0,0,0,1241,5,1191,45,5234938
1297036692684013568:64,91,1,['1297036692684013568:0'],102,0.009803922,1,1,0,0,0,1241,5,1191,45,5234938
1297036692684013568:65536,92,1,['1297036692684013568:0'],102,0.009803922,1,1,0,0,0,1241,5,1191,45,5234938
1297036692684013568:67108864,95,1,['1297036692684013568:0'],102,0.009803922,1,1,0,0,0,1241,5,1191,45,5234938
1297036692684013568:68719476736,93,1,['1297036692684013568:0'],102,0.009803922,1,1,0,0,0,1241,5,1191,45,5234938
1297036692684013600:0,97,1,['1297036692684013568:0'],102,0.009803922,1,1,0,0,0,1241,5,1191,45,5234938
1297036692684017664:0,93,1,['1297036692684013568:0'],102,0.009803922,1,1,0,0,0,1241,5,1191,45,5234938
1297036692684021760:0,90,1,['1297036692684013568:0'],102,0.009803922,1,1,0,0,0,1241,5,1191,45,5234938
1297036692684046336:0,93,1,['1297036692684013568:0'],102,0.009803922,1,1,0,0,0,1241,5,1191,45,5234938
1297036692684079104:0,93,1,['1297036692684013568:0'],102,0.009803922,1,1,0,0,0,1241,5,1191,45,5234938
1297036692684275712:128,99,1,['1297036692684275712:0'],103,0.009708738,1,1,0,0,0,1241,5,1191,45,5234938
1297036692684275712:32,97,1,['1297036692684275712:0'],103,0.009708738,1,1,0,0,0,1241,5,1191,45,5234938
1297036692684275712:64,91,1,['1297036692684275712:0'],103,0.009708738,1,1,0,0,0,1241,5,1191,45,5234938
1297036692684275712:65536,92,1,['1297036692684275712:0'],103,0.009708738,1,1,0,0,0,1241,5,1191,45,5234938
1297036692684275712:67108864,92,1,['1297036692684275712:0'],103,0.009708738,1,1,0,0,0,1241,5,1191,45,5234938
1297036692684275712:68719476736,93,1,['1297036692684275712:0'],103,0.009708738,1,1,0,0,0,1241,5,1191,45,5234938
1297036692684275744:0,97,1,['1297036692684275712:0'],103,0.009708738,1,1,0,0,0,1241,5,1191,45,5234938
1297036692684275840:0,95,1,['1297036692684275712:0'],103,0.009708738,1,1,0,0,0,1241,5,1191,45,5234938
1297036692684279808:0,90,1,['1297036692684275712:0'],103,0.009708738,1,1,0,0,0,1241,5,1191,45,5234938
1297036692684341248:0,92,1,['1297036692684275712:0'],103,0.009708738,1,1,0,0,0,1241,5,1191,45,5234938
1297036692684804096:536870912,98,1,['1152921504607897600:536870912'],104,0.009615385,1,1,0,0,0,1241,5,1191,45,5234938
1297036692685848576:64,94,1,['1297036692685848576:0'],103,0.009708738,1,1,0,0,0,1241,5,1191,45,5234938
1297036692685848576:67108864,95,1,['1297036692685848576:0'],103,0.009708738,1,1,0,0,0,1241,5,1191,45,5234938
1297036692685848576:68719476736,92,1,['1297036692685848576:0'],103,0.009708738,1,1,0,0,0,1241,5,1191,45,5234938
1297036692685848608:0,97,1,['1297036692685848576:0'],103,0.009708738,1,1,0,0,0,1241,5,1191,45,5234938
1297036692685848704:0,96,1,['1297036692685848576:0'],103,0.009708738,1,1,0,0,0,1241,5,1191,45,5234938
1297036692685852672:0,90,1,['1297036692685848576:0'],103,0.009708738,1,1,0,0,0,1241,5,1191,45,5234938
1297036692685914112:0,96,1,['1297036692685848576:0'],103,0.009708738,1,1,0,0,0,1241,5,1191,45,5234938
1297036692687945728:65536,96,1,['1297036692687945728:0'],105,0.00952381,1,1,0,0,0,1241,5,1191,45,5234938
1297036692687945728:67108864,97,1,['1297036692687945728:0'],105,0.00952381,1,1,0,0,0,1241,5,1191,45,5234938
1297036692687949824:0,97,1,['1297036692687945728:0'],105,0.00952381,1,1,0,0,0,1241,5,1191,45,5234938
1297036692687978496:0,99,1,['1297036692687945728:0'],105,0.00952381,1,1,0,0,0,1241,5,1191,45,5234938
1297036692688076800:0,98,1,['1297036692687945728:0'],105,0.00952381,1,1,0,0,0,1241,5,1191,45,5234938
1297036692692140032:128,93,1,['1297036692692140032:0'],106,0.009433962,1,1,0,0,0,1241,5,1191,45,5234938
1297036692692140032:64,93,1,['1297036692692140032:0'],106,0.009433962,1,1,0,0,0,1241,5,1191,45,5234938
1297036692692140032:65536,95,1,['1297036692692140032:0'],106,0.009433962,1,1,0,0,0,1241,5,1191,45,5234938
1297036692692140032:67108864,98,1,['1297036692692140032:0'],106,0.009433962,1,1,0,0,0,1241,5,1191,45,5234938
1297036692692140036:0,98,1,['1297036692692140032:0'],106,0.009433962,1,1,0,0,0,1241,5,1191,45,5234938
1297036692692140160:0,91,1,['1297036692692140032:0'],106,0.009433962,1,1,0,0,0,1241,5,1191,45,5234938
1297036692692172800:0,99,1,['1297036692692140032:0'],106,0.009433962,1,1,0,0,0,1241,5,1191,45,5234938
1297036692692271104:0,97,1,['1297036692692140032:0'],106,0.009433962,1,1,0,0,0,1241,5,1191,45,5234938
1297036692700528640:131072,96,1,['1297036692683751424:131072'],102,0.009803922,1,1,0,0,0,1241,5,1191,45,5234938
1297036692700528640:262144,99,1,['1297036692683751424:262144'],103,0.009708738,1,1,0,0,0,1241,5,1191,45,5234938
1297036692700528640:268435456,96,1,['1297036692683751424:268435456'],106,0.009433962,1,1,0,0,0,1241,5,1191,45,5234938
1297036692700528640:32768,92,1,['1297036692683751424:32768'],106,0.009433962,1,1,0,0,0,1241,5,1191,45,5234938
1297036692700528656:0,93,1,['1297036692683751440:0'],109,0.009174312,1,1,0,0,0,1241,5,1191,45,5234938
1297036692700528704:0,94,1,['1297036692683751488:0'],107,0.009345794,1,1,0,0,0,1241,5,1191,45,5234938
1297036692700529664:0,94,1,['1297036692683752448:0'],100,0.01,1,1,0,0,0,1241,5,1191,45,5234938
1297036692700530688:0,98,1,['1297036692683753472:0'],103,0.009708738,1,1,0,0,0,1241,5,1191,45,5234938
1297036692708917248:0,97,1,['1297036692692140032:0'],106,0.009433962,1,1,0,0,0,1241,5,1191,45,5234938
1297036692717305856:128,98,1,['1297036692717305856:0'],105,0.00952381,1,1,0,0,0,1241,5,1191,45,5234938
1297036692717305856:64,96,1,['1297036692717305856:0'],105,0.00952381,1,1,0,0,0,1241,5,1191,45,5234938
1297036692717305888:0,95,1,['1297036692717305856:0'],105,0.00952381,1,1,0,0,0,1241,5,1191,45,5234938
1297036692717305984:0,99,1,['1297036692717305856:0'],105,0.00952381,1,1,0,0,0,1241,5,1191,45,5234938
1297036692717314048:0,97,1,['1297036692717305856:0'],105,0.00952381,1,1,0,0,0,1241,5,1191,45,5234938
1297036692717338624:0,92,1,['1297036692717305856:0'],105,0.00952381,1,1,0,0,0,1241,5,1191,45,5234938
1297036692717371392:0,99,1,['1297036692717305856:0'],105,0.00952381,1,1,0,0,0,1241,5,1191,45,5234938
1297036692717436928:0,90,1,['1297036692717305856:0'],105,0.00952381,1,1,0,0,0,1241,5,1191,45,5234938
1297036692734083072:0,96,1,['1297036692717305856:0'],105,0.00952381,1,1,0,0,0,1241,5,1191,45,5234938
1297036692750860288:128,97,1,['1297036692750860288:0'],101,0.00990099,1,1,0,0,0,1241,5,1191,45,5234938
1297036692750860288:16,91,1,['1297036692750860288:0'],101,0.00990099,1,1,0,0,0,1241,5,1191,45,5234938
1297036692750860288:65536,91,1,['1297036692750860288:0'],101,0.00990099,1,1,0,0,0,1241,5,1191,45,5234938
1297036692750860289:0,97,1,['1297036692750860288:0'],101,0.00990099,1,1,0,0,0,1241,5,1191,45,5234938
1297036692750860292:0,97,1,['1297036692750860288:0'],101,0.00990099,1,1,0,0,0,1241,5,1191,45,5234938
1297036692750860320:0,93,1,['1297036692750860288:0'],101,0.00990099,1,1,0,0,0,1241,5,1191,45,5234938
1297036692750864384:0,97,1,['1297036692750860288:0'],101,0.00990099,1,1,0,0,0,1241,5,1191,45,5234938
1297036692750893056:0,95,1,['1297036692750860288:0'],101,0.00990099,1,1,0,0,0,1241,5,1191,45,5234938
1297036692750925824:0,92,1,['1297036692750860288:0'],101,0.00990099,1,1,0,0,0,1241,5,1191,45,5234938
1297036692767637504:0,94,1,['1297036692750860288:0'],101,0.00990099,1,1,0,0,0,1241,5,1191,45,5234938
1297036692817969152:131072,94,1,['1297036692683751424:131072'],102,0.009803922,1,1,0,0,0,1241,5,1191,45,5234938
1297036692817969152:134217728,95,1,['1297036692683751424:134217728'],100,0.01,1,1,0,0,0,1241,5,1191,45,5234938
1297036692817969152:32768,96,1,['1297036692683751424:32768'],106,0.009433962,1,1,0,0,0,1241,5,1191,45,5234938
1297036692817969152:8192,95,1,['1297036692683751424:8192'],104,0.009615385,1,1,0,0,0,1241,5,1191,45,5234938
1297036692817969160:0,97,1,['1297036692683751432:0'],106,0.009433962,1,1,0,0,0,1241,5,1191,45,5234938
1297036692817970176:0,96,1,['1297036692683752448:0'],100,0.01,1,1,0,0,0,1241,5,1191,45,5234938
1297036692817971200:0,98,1,['1297036692683753472:0'],103,0.009708738,1,1,0,0,0,1241,5,1191,45,5234938
1297036692817985536:0,97,1,['1297036692683767808:0'],103,0.009708738,1,1,0,0,0,1241,5,1191,45,5234938
1297036692818231296:0,95,1,['1297036692684013568:0'],102,0.009803922,1,1,0,0,0,1241,5,1191,45,5234938
1297036692818493440:0,94,1,['1297036692684275712:0'],103,0.009708738,1,1,0,0,0,1241,5,1191,45,5234938
1297036692820066304:0,97,1,['1297036692685848576:0'],103,0.009708738,1,1,0,0,0,1241,5,1191,45,5234938
1297036692822163456:0,95,1,['1297036692687945728:0'],105,0.00952381,1,1,0,0,0,1241,5,1191,45,5234938
1297036692826357760:0,97,1,['1297036692692140032:0'],106,0.009433962,1,1,0,0,0,1241,5,1191,45,5234938
1297036692851523584:0,99,1,['1297036692717305856:0'],105,0.00952381,1,1,0,0,0,1241,5,1191,45,5234938
1297036692885078016:0,92,1,['1297036692750860288:0'],101,0.00990099,1,1,0,0,0,1241,5,1191,45,5234938
1297036692952186880:131072,99,1,['1297036692683751424:131072'],102,0.009803922,1,1,0,0,0,1241,5,1191,45,5234938
1297036692952188928:0,99,1,['1297036692683753472:0'],103,0.009708738,1,1,0,0,0,1241,5,1191,45,5234938
1297036692952203264:0,93,1,['1297036692683767808:0'],103,0.009708738,1,1,0,0,0,1241,5,1191,45,5234938
1297036692954284032:0,98,1,['1297036692685848576:0'],103,0.009708738,1,1,0,0,0,1241,5,1191,45,5234938
1297036693019295744:0,97,1,['1297036692750860288:0'],101,0.00990099,1,1,0,0,0,1241,5,1191,45,5234938
1297036693220622336:32,96,1,['1297036693220622336:0'],103,0.009708738,1,1,0,0,0,1241,5,1191,45,5234938
1297036693220622336:64,94,1,['1297036693220622336:0'],103,0.009708738,1,1,0,0,0,1241,5,1191,45,5234938
1297036693220622336:65536,91,1,['1297036693220622336:0'],103,0.009708738,1,1,0,0,0,1241,5,1191,45,5234938
1297036693220622336:67108864,96,1,['1297036693220622336:0'],103,0.009708738,1,1,0,0,0,1241,5,1191,45,5234938
1297036693220622336:68719476736,91,1,['1297036693220622336:0'],103,0.009708738,1,1,0,0,0,1241,5,1191,45,5234938
1297036693220622368:0,94,1,['1297036693220622336:0'],103,0.009708738,1,1,0,0,0,1241,5,1191,45,5234938
1297036693220630528:0,96,1,['1297036693220622336:0'],103,0.009708738,1,1,0,0,0,1241,5,1191,45,5234938
1297036693237399552:0,91,1,['1297036693220622336:0'],103,0.009708738,1,1,0,0,0,1241,5,1191,45,5234938
1297036693354840064:0,96,1,['1297036693220622336:0'],103,0.009708738,1,1,0,0,0,1241,5,1191,45,5234938
1297036693489057792:0,99,1,['1297036693220622336:0'],103,0.009708738,1,1,0,0,0,1241,5,1191,45,5234938
1297036693757493248:131072,97,1,['1297036692683751424:131072'],102,0.009803922,1,1,0,0,0,1241,5,1191,45,5234938
1297036693757493248:262144,96,1,['1297036692683751424:262144'],103,0.009708738,1,1,0,0,0,1241,5,1191,45,5234938
1297036693757493248:4,97,1,['1297036692683751424:4'],104,0.009615385,1,1,0,0,0,1241,5,1191,45,5234938
1297036693757493312:0,94,1,['1297036692683751488:0'],107,0.009345794,1,1,0,0,0,1241,5,1191,45,5234938
1297036693757493760:0,97,1,['1297036692683751936:0'],106,0.009433962,1,1,0,0,0,1241,5,1191,45,5234938
1297036693757495296:0,93,1,['1297036692683753472:0'],103,0.009708738,1,1,0,0,0,1241,5,1191,45,5234938
1297036693757509632:0,96,1,['1297036692683767808:0'],103,0.009708738,1,1,0,0,0,1241,5,1191,45,5234938
1297036693757755392:0,93,1,['1297036692684013568:0'],102,0.009803922,1,1,0,0,0,1241,5,1191,45,5234938
1297036693758017536:0,92,1,['1297036692684275712:0'],103,0.009708738,1,1,0,0,0,1241,5,1191,45,5234938
1297036693759590400:0,94,1,['1297036692685848576:0'],103,0.009708738,1,1,0,0,0,1241,5,1191,45,5234938
1297036693761687552:0,97,1,['1297036692687945728:0'],105,0.00952381,1,1,0,0,0,1241,5,1191,45,5234938
1297036693765881856:0,91,1,['1297036692692140032:0'],106,0.009433962,1,1,0,0,0,1241,5,1191,45,5234938
1297036693791047680:0,90,1,['1297036692717305856:0'],105,0.00952381,1,1,0,0,0,1241,5,1191,45,5234938
1297036694294364160:0,91,1,['1297036693220622336:0'],103,0.009708738,1,1,0,0,0,1241,5,1191,45,5234938
1297036694831235072:128,93,1,['1297036694831235072:0'],104,0.009615385,1,1,0,0,0,1241,5,1191,45,5234938
1297036694831235072:64,90,1,['1297036694831235072:0'],104,0.009615385,1,1,0,0,0,1241,5,1191,45,5234938
1297036694831235072:65536,93,1,['1297036694831235072:0'],104,0.009615385,1,1,0,0,0,1241,5,1191,45,5234938
1297036694831235072:67108864,92,1,['1297036694831235072:0'],104,0.009615385,1,1,0,0,0,1241,5,1191,45,5234938
1297036694831235072:68719476736,93,1,['1297036694831235072:0'],104,0.009615385,1,1,0,0,0,1241,5,1191,45,5234938
1297036694831235104:0,96,1,['1297036694831235072:0'],104,0.009615385,1,1,0,0,0,1241,5,1191,45,5234938
1297036694831235200:0,93,1,['1297036694831235072:0'],104,0.009615385,1,1,0,0,0,1241,5,1191,45,5234938
1297036694831235328:0,98,1,['1297036694831235072:0'],104,0.009615385,1,1,0,0,0,1241,5,1191,45,5234938
1297036694831239168:0,99,1,['1297036694831235072:0'],104,0.009615385,1,1,0,0,0,1241,5,1191,45,5234938
1297036694831267840:0,98,1,['1297036694831235072:0'],104,0.009615385,1,1,0,0,0,1241,5,1191,45,5234938
1297036694965452800:0,97,1,['1297036694831235072:0'],104,0.009615385,1,1,0,0,0,1241,5,1191,45,5234938
1297036695099670528:0,96,1,['1297036694831235072:0'],104,0.009615385,1,1,0,0,0,1241,5,1191,45,5234938
1297036695904976896:0,93,1,['1297036694831235072:0'],104,0.009615385,1,1,0,0,0,1241,5,1191,45,5234938
1297036696978718720:128,98,1,['1297036696978718720:0'],103,0.009708738,1,1,0,0,0,1241,5,1191,45,5234938
1297036696978718720:16,99,1,['1297036696978718720:0'],103,0.009708738,1,1,0,0,0,1241,5,1191,45,5234938
1297036696978718724:0,98,1,['1297036696978718720:0'],103,0.009708738,1,1,0,0,0,1241,5,1191,45,5234938
1297036696978718752:0,97,1,['1297036696978718720:0'],103,0.009708738,1,1,0,0,0,1241,5,1191,45,5234938
1297036696978718848:0,91,1,['1297036696978718720:0'],103,0.009708738,1,1,0,0,0,1241,5,1191,45,5234938
1297036696978722816:0,99,1,['1297036696978718720:0'],103,0.009708738,1,1,0,0,0,1241,5,1191,45,5234938
1297036696978751488:0,94,1,['1297036696978718720:0'],103,0.009708738,1,1,0,0,0,1241,5,1191,45,5234938
1297036696978784256:0,97,1,['1297036696978718720:0'],103,0.009708738,1,1,0,0,0,1241,5,1191,45,5234938
1297036696995495936:0,91,1,['1297036696978718720:0'],103,0.009708738,1,1,0,0,0,1241,5,1191,45,5234938
1297036697247154176:0,94,1,['1297036696978718720:0'],103,0.009708738,1,1,0,0,0,1241,5,1191,45,5234938
1297036698052460544:0,94,1,['1297036696978718720:0'],103,0.009708738,1,1,0,0,0,1241,5,1191,45,5234938
1297036701273686016:128,99,1,['1297036701273686016:0'],104,0.009615385,1,1,0,0,0,1241,5,1191,45,5234938
1297036701273686016:32,99,1,['1297036701273686016:0'],104,0.009615385,1,1,0,0,0,1241,5,1191,45,5234938
1297036701273686016:536870912,98,1,['1297036701273686016:0'],104,0.009615385,1,1,0,0,0,1241,5,1191,45,5234938
1297036701273686016:64,95,1,['1297036701273686016:0'],104,0.009615385,1,1,0,0,0,1241,5,1191,45,5234938
1297036701273686016:65536,95,1,['1297036701273686016:0'],104,0.009615385,1,1,0,0,0,1241,5,1191,45,5234938
1297036701273686016:67108864,98,1,['1297036701273686016:0'],104,0.009615385,1,1,0,0,0,1241,5,1191,45,5234938
1297036701273686020:0,99,1,['1297036701273686016:0'],104,0.009615385,1,1,0,0,0,1241,5,1191,45,5234938
1297036701273686048:0,96,1,['1297036701273686016:0'],104,0.009615385,1,1,0,0,0,1241,5,1191,45,5234938
1297036701273690112:0,99,1,['1297036701273686016:0'],104,0.009615385,1,1,0,0,0,1241,5,1191,45,5234938
1297036701273694208:0,94,1,['1297036701273686016:0'],104,0.009615385,1,1,0,0,0,1241,5,1191,45,5234938
1297036701273817088:0,92,1,['1297036701273686016:0'],104,0.009615385,1,1,0,0,0,1241,5,1191,45,5234938
1297036701290463232:0,98,1,['1297036701273686016:0'],104,0.009615385,1,1,0,0,0,1241,5,1191,45,5234938
1297036701407903744:0,98,1,['1297036701273686016:0'],104,0.009615385,1,1,0,0,0,1241,5,1191,45,5234938
1297036709863620608:128,95,1,['1297036709863620608:0'],105,0.00952381,1,1,0,0,0,1241,5,1191,45,5234938
1297036709863620608:16,98,1,['1297036709863620608:0'],105,0.00952381,1,1,0,0,0,1241,5,1191,45,5234938
1297036709863620608:65536,92,1,['1297036709863620608:0'],105,0.00952381,1,1,0,0,0,1241,5,1191,45,5234938
1297036709863620608:67108864,94,1,['1297036709863620608:0'],105,0.00952381,1,1,0,0,0,1241,5,1191,45,5234938
1297036709863620612:0,98,1,['1297036709863620608:0'],105,0.00952381,1,1,0,0,0,1241,5,1191,45,5234938
1297036709863620640:0,99,1,['1297036709863620608:0'],105,0.00952381,1,1,0,0,0,1241,5,1191,45,5234938
1297036709863620736:0,94,1,['1297036709863620608:0'],105,0.00952381,1,1,0,0,0,1241,5,1191,45,5234938
1297036709863624704:0,95,1,['1297036709863620608:0'],105,0.00952381,1,1,0,0,0,1241,5,1191,45,5234938
1297036709863751680:0,95,1,['1297036709863620608:0'],105,0.00952381,1,1,0,0,0,1241,5,1191,45,5234938
1297036709880397824:0,93,1,['1297036709863620608:0'],105,0.00952381,1,1,0,0,0,1241,5,1191,45,5234938
1297036710937362432:0,96,1,['1297036709863620608:0'],105,0.00952381,1,1,0,0,0,1241,5,1191,45,5234938
1297036727043489792:128,93,1,['1297036727043489792:0'],105,0.00952381,1,1,0,0,0,1241,5,1191,45,5234938
1297036727043489792:16,95,1,['1297036727043489792:0'],105,0.00952381,1,1,0,0,0,1241,5,1191,45,5234938
1297036727043489792:64,96,1,['1297036727043489792:0'],105,0.00952381,1,1,0,0,0,1241,5,1191,45,5234938
1297036727043489792:65536,90,1,['1297036727043489792:0'],105,0.00952381,1,1,0,0,0,1241,5,1191,45,5234938
1297036727043489796:0,96,1,['1297036727043489792:0'],105,0.00952381,1,1,0,0,0,1241,5,1191,45,5234938
1297036727043489824:0,90,1,['1297036727043489792:0'],105,0.00952381,1,1,0,0,0,1241,5,1191,45,5234938
1297036727043489920:0,99,1,['1297036727043489792:0'],105,0.00952381,1,1,0,0,0,1241,5,1191,45,5234938
1297036727043497984:0,92,1,['1297036727043489792:0'],105,0.00952381,1,1,0,0,0,1241,5,1191,45,5234938
1297036727043522560:0,96,1,['1297036727043489792:0'],105,0.00952381,1,1,0,0,0,1241,5,1191,45,5234938
1297036727043620864:0,93,1,['1297036727043489792:0'],105,0.00952381,1,1,0,0,0,1241,5,1191,45,5234938
1297036727060267008:0,91,1,['1297036727043489792:0'],105,0.00952381,1,1,0,0,0,1241,5,1191,45,5234938
1297036727177707520:0,98,1,['1297036727043489792:0'],105,0.00952381,1,1,0,0,0,1241,5,1191,45,5234938
1297036761403228160:131072,93,1,['1297036692683751424:131072'],102,0.009803922,1,1,0,0,0,1241,5,1191,45,5234938
1297036761403228160:262144,94,1,['1297036692683751424:262144'],103,0.009708738,1,1,0,0,0,1241,5,1191,45,5234938
1297036761403228160:32768,95,1,['1297036692683751424:32768'],106,0.009433962,1,1,0,0,0,1241,5,1191,45,5234938
1297036761403228160:33554432,99,1,['1297036692683751424:33554432'],104,0.009615385,1,1,0,0,0,1241,5,1191,45,5234938
1297036761403228160:34359738368,96,1,['1297036692683751424:34359738368'],108,0.009259259,1,1,0,0,0,1241,5,1191,45,5234938
1297036761403228160:4,91,1,['1297036692683751424:4'],104,0.009615385,1,1,0,0,0,1241,5,1191,45,5234938
1297036761403228160:536870912,95,1,['10376293541461626880:65536'],101,0.00990099,1,1,0,0,0,1241,5,1191,45,5234938
1297036761403228160:8192,97,1,['1297036692683751424:8192'],104,0.009615385,1,1,0,0,0,1241,5,1191,45,5234938
1297036761403228162:0,99,1,['1297036692683751426:0'],107,0.009345794,1,1,0,0,0,1241,5,1191,45,5234938
1297036761403228168:0,95,1,['1297036692683751432:0'],106,0.009433962,1,1,0,0,0,1241,5,1191,45,5234938
1297036761403228176:0,99,1,['1297036692683751440:0'],109,0.009174312,1,1,0,0,0,1241,5,1191,45,5234938
1297036761403228672:0,95,1,['1297036692683751936:0'],106,0.009433962,1,1,0,0,0,1241,5,1191,45,5234938
1297036761403229184:0,92,1,['1297036692683752448:0'],100,0.01,1,1,0,0,0,1241,5,1191,45,5234938
1297036761403230208:0,93,1,['1297036692683753472:0'],103,0.009708738,1,1,0,0,0,1241,5,1191,45,5234938
1297036761403490304:0,95,1,['1297036692684013568:0'],102,0.009803922,1,1,0,0,0,1241,5,1191,45,5234938
1297036761403752448:0,94,1,['1297036692684275712:0'],103,0.009708738,1,1,0,0,0,1241,5,1191,45,5234938
1297036761405325312:0,96,1,['1297036692685848576:0'],103,0.009708738,1,1,0,0,0,1241,5,1191,45,5234938
1297036761407422464:0,98,1,['1297036692687945728:0'],105,0.00952381,1,1,0,0,0,1241,5,1191,45,5234938
1297036761411616768:0,92,1,['1297036692692140032:0'],106,0.009433962,1,1,0,0,0,1241,5,1191,45,5234938
1297036761436782592:0,94,1,['1297036692717305856:0'],105,0.00952381,1,1,0,0,0,1241,5,1191,45,5234938
1297036761940099072:0,96,1,['1297036693220622336:0'],103,0.009708738,1,1,0,0,0,1241,5,1191,45,5234938
1297036763550711808:0,95,1,['1297036694831235072:0'],104,0.009615385,1,1,0,0,0,1241,5,1191,45,5234938
1297036765698195456:0,95,1,['1297036696978718720:0'],103,0.009708738,1,1,0,0,0,1241,5,1191,45,5234938
1297036769993162752:0,91,1,['1297036701273686016:0'],104,0.009615385,1,1,0,0,0,1241,5,1191,45,5234938
1297036778583097344:0,95,1,['1297036709863620608:0'],105,0.00952381,1,1,0,0,0,1241,5,1191,45,5234938
1297036795762966528:0,94,1,['1297036727043489792:0'],105,0.00952381,1,1,0,0,0,1241,5,1191,45,5234938
1297036830122704896:128,93,1,['1297036830122704896:0'],101,0.00990099,1,1,0,0,0,1241,5,1191,45,5234938
1297036830122704896:16,95,1,['1297036830122704896:0'],101,0.00990099,1,1,0,0,0,1241,5,1191,45,5234938
1297036830122704896:16384,98,1,['1297036830122704896:0'],101,0.00990099,1,1,0,0,0,1241,5,1191,45,5234938
1297036830122704896:65536,91,1,['1297036830122704896:0'],101,0.00990099,1,1,0,0,0,1241,5,1191,45,5234938
1297036830122704896:67108864,91,1,['1297036830122704896:0'],101,0.00990099,1,1,0,0,0,1241,5,1191,45,5234938
1297036830122704896:8,96,1,['1297036830122704896:0'],101,0.00990099,1,1,0,0,0,1241,5,1191,45,5234938
1297036830122704897:0,99,1,['1297036830122704896:0'],101,0.00990099,1,1,0,0,0,1241,5,1191,45,5234938
1297036830122704900:0,97,1,['1297036830122704896:0'],101,0.00990099,1,1,0,0,0,1241,5,1191,45,5234938
1297036830122704928:0,91,1,['1297036830122704896:0'],101,0.00990099,1,1,0,0,0,1241,5,1191,45,5234938
1297036830122705152:0,99,1,['1297036830122704896:0'],101,0.00990099,1,1,0,0,0,1241,5,1191,45,5234938
1297036830122708992:0,95,1,['1297036830122704896:0'],101,0.00990099,1,1,0,0,0,1241,5,1191,45,5234938
1297036830122713088:0,91,1,['1297036830122704896:0'],101,0.00990099,1,1,0,0,0,1241,5,1191,45,5234938
1297036830122737664:0,96,1,['1297036830122704896:0'],101,0.00990099,1,1,0,0,0,1241,5,1191,45,5234938
1297036830122770432:0,97,1,['1297036830122704896:0'],101,0.00990099,1,1,0,0,0,1241,5,1191,45,5234938
1297036830256922624:0,91,1,['1297036830122704896:0'],101,0.00990099,1,1,0,0,0,1241,5,1191,45,5234938
1297036830391140352:0,94,1,['1297036830122704896:0'],101,0.00990099,1,1,0,0,0,1241,5,1191,45,5234938
1297036831196446720:0,97,1,['1297036830122704896:0'],101,0.00990099,1,1,0,0,0,1241,5,1191,45,5234938
1297036967561658368:262144,94,1,['1297036692683751424:262144'],103,0.009708738,1,1,0,0,0,1241,5,1191,45,5234938
1297036967561659392:0,97,1,['1297036692683752448:0'],100,0.01,1,1,0,0,0,1241,5,1191,45,5234938
1297036967561674752:0,99,1,['1297036692683767808:0'],103,0.009708738,1,1,0,0,0,1241,5,1191,45,5234938
1297036967628767232:0,98,1,['1297036692750860288:0'],101,0.00990099,1,1,0,0,0,1241,5,1191,45,5234938
1297036984741527552:0,99,1,['1297036709863620608:0'],105,0.00952381,1,1,0,0,0,1241,5,1191,45,5234938
1297037105000611840:0,95,1,['1297036830122704896:0'],101,0.00990099,1,1,0,0,0,1241,5,1191,45,5234938
1297037242439565312:16,95,1,['1297037242439565312:0'],103,0.009708738,1,1,0,0,0,1241,5,1191,45,5234938
1297037242439565312:32,91,1,['1297037242439565312:0'],103,0.009708738,1,1,0,0,0,1241,5,1191,45,5234938
1297037242439565312:64,91,1,['1297037242439565312:0'],103,0.009708738,1,1,0,0,0,1241,5,1191,45,5234938
1297037242439565312:67108864,93,1,['1297037242439565312:0'],103,0.009708738,1,1,0,0,0,1241,5,1191,45,5234938
1297037242439565312:68719476736,92,1,['1297037242439565312:0'],103,0.009708738,1,1,0,0,0,1241,5,1191,45,5234938
1297037242439565313:0,96,1,['1297037242439565312:0'],103,0.009708738,1,1,0,0,0,1241,5,1191,45,5234938
1297037242439565344:0,92,1,['1297037242439565312:0'],103,0.009708738,1,1,0,0,0,1241,5,1191,45,5234938
1297037242439565440:0,99,1,['1297037242439565312:0'],103,0.009708738,1,1,0,0,0,1241,5,1191,45,5234938
1297037242439569408:0,99,1,['1297037242439565312:0'],103,0.009708738,1,1,0,0,0,1241,5,1191,45,5234938
1297037242439598080:0,95,1,['1297037242439565312:0'],103,0.009708738,1,1,0,0,0,1241,5,1191,45,5234938
1297037242456342528:0,99,1,['1297037242439565312:0'],103,0.009708738,1,1,0,0,0,1241,5,1191,45,5234938
1297037242573783040:0,90,1,['1297037242439565312:0'],103,0.009708738,1,1,0,0,0,1241,5,1191,45,5234938
1297037242708000768:0,92,1,['1297037242439565312:0'],103,0.009708738,1,1,0,0,0,1241,5,1191,45,5234938
1297037517317472256:0,99,1,['1297037242439565312:0'],103,0.009708738,1,1,0,0,0,1241,5,1191,45,5234938
1297037792195379200:131072,95,1,['1297036692683751424:131072'],102,0.009803922,1,1,0,0,0,1241,5,1191,45,5234938
1297037792195379200:134217728,99,1,['1297036692683751424:134217728'],100,0.01,1,1,0,0,0,1241,5,1191,45,5234938
1297037792195379200:262144,95,1,['1297036692683751424:262144'],103,0.009708738,1,1,0,0,0,1241,5,1191,45,5234938
1297037792195379200:268435456,99,1,['1297036692683751424:268435456'],106,0.009433962,1,1,0,0,0,1241,5,1191,45,5234938
1297037792195379200:32768,98,1,['1297036692683751424:32768'],106,0.009433962,1,1,0,0,0,1241,5,1191,45,5234938
1297037792195379200:4,99,1,['1297036692683751424:4'],104,0.009615385,1,1,0,0,0,1241,5,1191,45,5234938
1297037792195379216:0,93,1,['1297036692683751440:0'],109,0.009174312,1,1,0,0,0,1241,5,1191,45,5234938
1297037792195379264:0,99,1,['1297036692683751488:0'],107,0.009345794,1,1,0,0,0,1241,5,1191,45,5234938
1297037792195379712:0,96,1,['1297036692683751936:0'],106,0.009433962,1,1,0,0,0,1241,5,1191,45,5234938
1297037792195381248:0,97,1,['1297036692683753472:0'],103,0.009708738,1,1,0,0,0,1241,5,1191,45,5234938
1297037792195395584:0,96,1,['1297036692683767808:0'],103,0.009708738,1,1,0,0,0,1241,5,1191,45,5234938
1297037792195641344:0,94,1,['1297036692684013568:0'],102,0.009803922,1,1,0,0,0,1241,5,1191,45,5234938
1297037792195903488:0,91,1,['1297036692684275712:0'],103,0.009708738,1,1,0,0,0,1241,5,1191,45,5234938
1297037792197476352:0,95,1,['1297036692685848576:0'],103,0.009708738,1,1,0,0,0,1241,5,1191,45,5234938
1297037792262488064:0,97,1,['1297036692750860288:0'],101,0.00990099,1,1,0,0,0,1241,5,1191,45,5234938
1297037794342862848:0,93,1,['1297036694831235072:0'],104,0.009615385,1,1,0,0,0,1241,5,1191,45,5234938
1297037809375248384:0,95,1,['1297036709863620608:0'],105,0.00952381,1,1,0,0,0,1241,5,1191,45,5234938
1297037826555117568:0,93,1,['1297036727043489792:0'],105,0.00952381,1,1,0,0,0,1241,5,1191,45,5234938
1297041090730262528:64,93,1,['1297041090730262528:0'],104,0.009615385,1,1,0,0,0,1241,5,1191,45,5234938
1297041090730262528:65536,93,1,['1297041090730262528:0'],104,0.009615385,1,1,0,0,0,1241,5,1191,45,5234938
1297041090730262528:67108864,96,1,['1297041090730262528:0'],104,0.009615385,1,1,0,0,0,1241,5,1191,45,5234938
1297041090730262528:68719476736,94,1,['1297041090730262528:0'],104,0.009615385,1,1,0,0,0,1241,5,1191,45,5234938
1297041090730262560:0,98,1,['1297041090730262528:0'],104,0.009615385,1,1,0,0,0,1241,5,1191,45,5234938
1297041090730262784:0,99,1,['1297041090730262528:0'],104,0.009615385,1,1,0,0,0,1241,5,1191,45,5234938
1297041090730328064:0,98,1,['1297041090730262528:0'],104,0.009615385,1,1,0,0,0,1241,5,1191,45,5234938
1297041090730393600:0,95,1,['1297041090730262528:0'],104,0.009615385,1,1,0,0,0,1241,5,1191,45,5234938
1297041090998697984:0,97,1,['1297041090730262528:0'],104,0.009615385,1,1,0,0,0,1241,5,1191,45,5234938
1297041091804004352:0,94,1,['1297041090730262528:0'],104,0.009615385,1,1,0,0,0,1241,5,1191,45,5234938
1297041365608169472:0,96,1,['1297041090730262528:0'],104,0.009615385,1,1,0,0,0,1241,5,1191,45,5234938
1297042190241890304:0,95,1,['1297041090730262528:0'],104,0.009615385,1,1,0,0,0,1241,5,1191,45,5234938
1297045488776773632:16777216,99,1,['1297045488776773632:0'],108,0.009259259,1,1,0,0,0,1241,5,1191,45,5234938
1297045488776773632:64,90,1,['1297045488776773632:0'],108,0.009259259,1,1,0,0,0,1241,5,1191,45,5234938
1297045488776773632:65536,93,1,['1297045488776773632:0'],108,0.009259259,1,1,0,0,0,1241,5,1191,45,5234938
1297045488776773632:67108864,97,1,['1297045488776773632:0'],108,0.009259259,1,1,0,0,0,1241,5,1191,45,5234938
1297045488776773664:0,96,1,['1297045488776773632:0'],108,0.009259259,1,1,0,0,0,1241,5,1191,45,5234938
1297045488776773760:0,91,1,['1297045488776773632:0'],108,0.009259259,1,1,0,0,0,1241,5,1191,45,5234938
1297045488776773888:0,97,1,['1297045488776773632:0'],108,0.009259259,1,1,0,0,0,1241,5,1191,45,5234938
1297045488776781824:0,97,1,['1297045488776773632:0'],108,0.009259259,1,1,0,0,0,1241,5,1191,45,5234938
1297045488776806400:0,95,1,['1297045488776773632:0'],108,0.009259259,1,1,0,0,0,1241,5,1191,45,5234938
1297045488776904704:0,94,1,['1297045488776773632:0'],108,0.009259259,1,1,0,0,0,1241,5,1191,45,5234938
1297046588288401408:0,93,1,['1297045488776773632:0'],108,0.009259259,1,1,0,0,0,1241,5,1191,45,5234938
1297071877055840256:128,96,1,['1297071877055840256:0'],103,0.009708738,1,1,0,0,0,1241,5,1191,45,5234938
1297071877055840256:16777216,99,1,['1297071877055840256:0'],103,0.009708738,1,1,0,0,0,1241,5,1191,45,5234938
1297071877055840256:32,97,1,['1297071877055840256:0'],103,0.009708738,1,1,0,0,0,1241,5,1191,45,5234938
1297071877055840256:536870912,93,1,['1297071877055840256:0'],103,0.009708738,1,1,0,0,0,1241,5,1191,45,5234938
1297071877055840256:64,90,1,['1297071877055840256:0'],103,0.009708738,1,1,0,0,0,1241,5,1191,45,5234938
1297071877055840256:65536,91,1,['1297071877055840256:0'],103,0.009708738,1,1,0,0,0,1241,5,1191,45,5234938
1297071877055840256:67108864,97,1,['1297071877055840256:0'],103,0.009708738,1,1,0,0,0,1241,5,1191,45,5234938
1297071877055840384:0,99,1,['1297071877055840256:0'],103,0.009708738,1,1,0,0,0,1241,5,1191,45,5234938
1297071877055848448:0,91,1,['1297071877055840256:0'],103,0.009708738,1,1,0,0,0,1241,5,1191,45,5234938
1297071877055873024:0,95,1,['1297071877055840256:0'],103,0.009708738,1,1,0,0,0,1241,5,1191,45,5234938
1297071877072617472:0,95,1,['1297071877055840256:0'],103,0.009708738,1,1,0,0,0,1241,5,1191,45,5234938
1297071877324275712:0,99,1,['1297071877055840256:0'],103,0.009708738,1,1,0,0,0,1241,5,1191,45,5234938
1297071945775316992:0,96,1,['1297071877055840256:0'],103,0.009708738,1,1,0,0,0,1241,5,1191,45,5234938
1297072976567468032:0,98,1,['1297071877055840256:0'],103,0.009708738,1,1,0,0,0,1241,5,1191,45,5234938
1297107061427929088:128,97,1,['1297107061427929088:0'],101,0.00990099,1,1,0,0,0,1241,5,1191,45,5234938
1297107061427929088:16,92,1,['1297107061427929088:0'],101,0.00990099,1,1,0,0,0,1241,5,1191,45,5234938
1297107061427929088:16384,97,1,['1297107061427929088:0'],101,0.00990099,1,1,0,0,0,1241,5,1191,45,5234938
1297107061427929088:536870912,93,1,['1297107061427929088:0'],101,0.00990099,1,1,0,0,0,1241,5,1191,45,5234938
1297107061427929088:8,99,1,['1297107061427929088:0'],101,0.00990099,1,1,0,0,0,1241,5,1191,45,5234938
1297107061427929089:0,96,1,['1297107061427929088:0'],101,0.00990099,1,1,0,0,0,1241,5,1191,45,5234938
1297107061427929092:0,92,1,['1297107061427929088:0'],101,0.00990099,1,1,0,0,0,1241,5,1191,45,5234938
1297107061427929120:0,95,1,['1297107061427929088:0'],101,0.00990099,1,1,0,0,0,1241,5,1191,45,5234938
1297107061427929216:0,98,1,['1297107061427929088:0'],101,0.00990099,1,1,0,0,0,1241,5,1191,45,5234938
1297107061427929344:0,99,1,['1297107061427929088:0'],101,0.00990099,1,1,0,0,0,1241,5,1191,45,5234938
1297107061427933184:0,95,1,['1297107061427929088:0'],101,0.00990099,1,1,0,0,0,1241,5,1191,45,5234938
1297107061427961856:0,94,1,['1297107061427929088:0'],101,0.00990099,1,1,0,0,0,1241,5,1191,45,5234938
1297107061562146816:0,95,1,['1297107061427929088:0'],101,0.00990099,1,1,0,0,0,1241,5,1191,45,5234938
1297107061696364544:0,96,1,['1297107061427929088:0'],101,0.00990099,1,1,0,0,0,1241,5,1191,45,5234938
1297108160939556864:0,95,1,['1297107061427929088:0'],101,0.00990099,1,1,0,0,0,1241,5,1191,45,5234938
1297177430172106752:134217728,94,1,['1297036692683751424:134217728'],100,0.01,1,1,0,0,0,1241,5,1191,45,5234938
1297177430172106752:262144,97,1,['1297036692683751424:262144'],103,0.009708738,1,1,0,0,0,1241,5,1191,45,5234938
1297177430172106752:268435456,99,1,['1297036692683751424:268435456'],106,0.009433962,1,1,0,0,0,1241,5,1191,45,5234938
1297177430172106752:32768,93,1,['1297036692683751424:32768'],106,0.009433962,1,1,0,0,0,1241,5,1191,45,5234938
1297177430172106752:33554432,94,1,['1297036692683751424:33554432'],104,0.009615385,1,1,0,0,0,1241,5,1191,45,5234938
1297177430172106752:34359738368,99,1,['1297036692683751424:34359738368'],108,0.009259259,1,1,0,0,0,1241,5,1191,45,5234938
1297177430172106752:4,97,1,['1297036692683751424:4'],104,0.009615385,1,1,0,0,0,1241,5,1191,45,5234938
1297177430172106752:8192,92,1,['1297036692683751424:8192'],104,0.009615385,1,1,0,0,0,1241,5,1191,45,5234938
1297177430172106754:0,97,1,['1297036692683751426:0'],107,0.009345794,1,1,0,0,0,1241,5,1191,45,5234938
1297177430172106760:0,99,1,['1297036692683751432:0'],106,0.009433962,1,1,0,0,0,1241,5,1191,45,5234938
1297177430172106768:0,99,1,['1297036692683751440:0'],109,0.009174312,1,1,0,0,0,1241,5,1191,45,5234938
1297177430172106816:0,90,1,['1297036692683751488:0'],107,0.009345794,1,1,0,0,0,1241,5,1191,45,5234938
1297177430172107264:0,96,1,['1297036692683751936:0'],106,0.009433962,1,1,0,0,0,1241,5,1191,45,5234938
1297177430172107776:0,93,1,['1297036692683752448:0'],100,0.01,1,1,0,0,0,1241,5,1191,45,5234938
1297177430172108800:0,93,1,['1297036692683753472:0'],103,0.009708738,1,1,0,0,0,1241,5,1191,45,5234938
1297177430172123136:0,92,1,['1297036692683767808:0'],103,0.009708738,1,1,0,0,0,1241,5,1191,45,5234938
1297177430172368896:0,94,1,['1297036692684013568:0'],102,0.009803922,1,1,0,0,0,1241,5,1191,45,5234938
1297177430172631040:0,94,1,['1297036692684275712:0'],103,0.009708738,1,1,0,0,0,1241,5,1191,45,5234938
1297177430174203904:0,95,1,['1297036692685848576:0'],103,0.009708738,1,1,0,0,0,1241,5,1191,45,5234938
1297177430180495360:0,96,1,['1297036692692140032:0'],106,0.009433962,1,1,0,0,0,1241,5,1191,45,5234938
1297177430205661184:0,96,1,['1297036692717305856:0'],105,0.00952381,1,1,0,0,0,1241,5,1191,45,5234938
1297177430708977664:0,94,1,['1297036693220622336:0'],103,0.009708738,1,1,0,0,0,1241,5,1191,45,5234938
1297177434467074048:0,94,1,['1297036696978718720:0'],103,0.009708738,1,1,0,0,0,1241,5,1191,45,5234938
1297177438762041344:0,95,1,['1297036701273686016:0'],104,0.009615385,1,1,0,0,0,1241,5,1191,45,5234938
1297177447351975936:0,97,1,['1297036709863620608:0'],105,0.00952381,1,1,0,0,0,1241,5,1191,45,5234938
1297177464531845120:0,95,1,['1297036727043489792:0'],105,0.00952381,1,1,0,0,0,1241,5,1191,45,5234938
1297181828218617856:0,97,1,['1297041090730262528:0'],104,0.009615385,1,1,0,0,0,1241,5,1191,45,5234938
1297186226265128960:0,91,1,['1297045488776773632:0'],108,0.009259259,1,1,0,0,0,1241,5,1191,45,5234938
1297212614544195584:0,95,1,['1297071877055840256:0'],103,0.009708738,1,1,0,0,0,1241,5,1191,45,5234938
1297318167660462080:134217728,98,1,['1297036692683751424:134217728'],100,0.01,1,1,0,0,0,1241,5,1191,45,5234938
1297318167660462080:262144,94,1,['1297036692683751424:262144'],103,0.009708738,1,1,0,0,0,1241,5,1191,45,5234938
1297318167660462080:268435456,96,1,['1297036692683751424:268435456'],106,0.009433962,1,1,0,0,0,1241,5,1191,45,5234938
1297318167660462080:33554432,95,1,['1297036692683751424:33554432'],104,0.009615385,1,1,0,0,0,1241,5,1191,45,5234938
1297318167660462080:4,96,1,['1297036692683751424:4'],104,0.009615385,1,1,0,0,0,1241,5,1191,45,5234938
1297318167660462080:8192,99,1,['1297036692683751424:8192'],104,0.009615385,1,1,0,0,0,1241,5,1191,45,5234938
1297318167660462096:0,98,1,['1297036692683751440:0'],109,0.009174312,1,1,0,0,0,1241,5,1191,45,5234938
1297318167660463104:0,93,1,['1297036692683752448:0'],100,0.01,1,1,0,0,0,1241,5,1191,45,5234938
1297318167660464128:0,95,1,['1297036692683753472:0'],103,0.009708738,1,1,0,0,0,1241,5,1191,45,5234938
1297318167660478464:0,97,1,['1297036692683767808:0'],103,0.009708738,1,1,0,0,0,1241,5,1191,45,5234938
1297318167660724224:0,91,1,['1297036692684013568:0'],102,0.009803922,1,1,0,0,0,1241,5,1191,45,5234938
1297318167660986368:0,97,1,['1297036692684275712:0'],103,0.009708738,1,1,0,0,0,1241,5,1191,45,5234938
1297318167662559232:0,95,1,['1297036692685848576:0'],103,0.009708738,1,1,0,0,0,1241,5,1191,45,5234938
1297318167694016512:0,95,1,['1297036692717305856:0'],105,0.00952381,1,1,0,0,0,1241,5,1191,45,5234938
1297318167727570944:0,90,1,['1297036692750860288:0'],101,0.00990099,1,1,0,0,0,1241,5,1191,45,5234938
1297318168197332992:0,98,1,['1297036693220622336:0'],103,0.009708738,1,1,0,0,0,1241,5,1191,45,5234938
1297318169807945728:0,98,1,['1297036694831235072:0'],104,0.009615385,1,1,0,0,0,1241,5,1191,45,5234938
1297318171955429376:0,96,1,['1297036696978718720:0'],103,0.009708738,1,1,0,0,0,1241,5,1191,45,5234938
1297318176250396672:0,98,1,['1297036701273686016:0'],104,0.009615385,1,1,0,0,0,1241,5,1191,45,5234938
1297318184840331264:0,94,1,['1297036709863620608:0'],105,0.00952381,1,1,0,0,0,1241,5,1191,45,5234938
1297318202020200448:0,99,1,['1297036727043489792:0'],105,0.00952381,1,1,0,0,0,1241,5,1191,45,5234938
1297318717416275968:0,94,1,['1297037242439565312:0'],103,0.009708738,1,1,0,0,0,1241,5,1191,45,5234938
1297322565706973184:0,98,1,['1297041090730262528:0'],104,0.009615385,1,1,0,0,0,1241,5,1191,45,5234938
1297388536404639744:0,91,1,['1297107061427929088:0'],101,0.00990099,1,1,0,0,0,1241,5,1191,45,5234938
1297599642637172736:34359738368,94,1,['1297036692683751424:34359738368'],108,0.009259259,1,1,15000000,1,15000000,1241,5,1191,45,5234938
1297599642637172738:0,97,1,['1297036692683751426:0'],107,0.009345794,1,1,0,0,0,1241,5,1191,45,5234938
1297599642637172800:0,99,1,['1297036692683751488:0'],107,0.009345794,1,1,0,0,0,1241,5,1191,45,5234938
1297599642637173248:0,93,1,['1297036692683751936:0'],106,0.009433962,1,1,0,0,0,1241,5,1191,45,5234938
1297599642637173760:0,93,1,['1297036692683752448:0'],100,0.01,1,1,0,0,0,1241,5,1191,45,5234938
1297599642637174784:0,95,1,['1297036692683753472:0'],103,0.009708738,1,1,0,0,0,1241,5,1191,45,5234938
1297599642637189120:0,97,1,['1297036692683767808:0'],103,0.009708738,1,1,0,0,0,1241,5,1191,45,5234938
1297599642637434880:0,97,1,['1297036692684013568:0'],102,0.009803922,1,1,0,0,0,1241,5,1191,45,5234938
1297599642639269888:0,96,1,['1297036692685848576:0'],103,0.009708738,1,1,0,0,0,1241,5,1191,45,5234938
1297599642645561344:0,96,1,['1297036692692140032:0'],106,0.009433962,1,1,0,0,0,1241,5,1191,45,5234938
1297599642670727168:0,97,1,['1297036692717305856:0'],105,0.00952381,1,1,0,0,0,1241,5,1191,45,5234938
1297599642704281600:0,93,1,['1297036692750860288:0'],101,0.00990099,1,1,0,0,0,1241,5,1191,45,5234938
1297599643174043648:0,93,1,['1297036693220622336:0'],103,0.009708738,1,1,0,0,0,1241,5,1191,45,5234938
1297599644784656384:0,96,1,['1297036694831235072:0'],104,0.009615385,1,1,0,0,0,1241,5,1191,45,5234938
1297599646932140032:0,94,1,['1297036696978718720:0'],103,0.009708738,1,1,0,0,0,1241,5,1191,45,5234938
1297599651227107328:0,97,1,['1297036701273686016:0'],104,0.009615385,1,1,0,0,0,1241,5,1191,45,5234938
1297599659817041920:0,98,1,['1297036709863620608:0'],105,0.00952381,1,1,0,0,0,1241,5,1191,45,5234938
1297599676996911104:0,99,1,['1297036727043489792:0'],105,0.00952381,1,1,0,0,0,1241,5,1191,45,5234938
1297634827009261568:0,91,1,['1297071877055840256:0'],103,0.009708738,1,1,0,0,0,1241,5,1191,45,5234938
1301540292311121920:64,91,1,['1301540292311121920:0'],101,0.00990099,1,1,0,0,0,1241,5,1191,45,5234938
1301540292311121920:67108864,91,1,['1301540292311121920:0'],101,0.00990099,1,1,0,0,0,1241,5,1191,45,5234938
1301540292311121920:68719476736,93,1,['1301540292311121920:0'],101,0.00990099,1,1,0,0,0,1241,5,1191,45,5234938
1301540292311121921:0,98,1,['1301540292311121920:0'],101,0.00990099,1,1,0,0,0,1241,5,1191,45,5234938
1301540292311121952:0,97,1,['1301540292311121920:0'],101,0.00990099,1,1,0,0,0,1241,5,1191,45,5234938
1301540292311122176:0,97,1,['1301540292311121920:0'],101,0.00990099,1,1,0,0,0,1241,5,1191,45,5234938
1301540292311154688:0,99,1,['1301540292311121920:0'],101,0.00990099,1,1,0,0,0,1241,5,1191,45,5234938
1301540292311187456:0,94,1,['1301540292311121920:0'],101,0.00990099,1,1,0,0,0,1241,5,1191,45,5234938
1301540292311252992:0,93,1,['1301540292311121920:0'],101,0.00990099,1,1,0,0,0,1241,5,1191,45,5234938
1301540293384863744:0,93,1,['1301540292311121920:0'],101,0.00990099,1,1,0,0,0,1241,5,1191,45,5234938
1301540361030598656:0,95,1,['1301540292311121920:0'],101,0.00990099,1,1,0,0,0,1241,5,1191,45,5234938
1301540567189028864:0,99,1,['1301540292311121920:0'],101,0.00990099,1,1,0,0,0,1241,5,1191,45,5234938
1301821767287832576:0,92,1,['1301540292311121920:0'],101,0.00990099,1,1,0,0,0,1241,5,1191,45,5234938
1302103242264543232:0,91,1,['1301540292311121920:0'],101,0.00990099,1,1,0,0,0,1241,5,1191,45,5234938
1306043891938492416:128,97,1,['1306043891938492416:0'],102,0.009803922,1,1,0,0,0,1241,5,1191,45,5234938
1306043891938492416:64,90,1,['1306043891938492416:0'],102,0.009803922,1,1,0,0,0,1241,5,1191,45,5234938
1306043891938492416:67108864,90,1,['1306043891938492416:0'],102,0.009803922,1,1,0,0,0,1241,5,1191,45,5234938
1306043891938492416:68719476736,92,1,['1306043891938492416:0'],102,0.009803922,1,1,0,0,0,1241,5,1191,45,5234938
1306043891938492544:0,96,1,['1306043891938492416:0'],102,0.009803922,1,1,0,0,0,1241,5,1191,45,5234938
1306043891938500608:0,93,1,['1306043891938492416:0'],102,0.009803922,1,1,0,0,0,1241,5,1191,45,5234938
1306043891938557952:0,91,1,['1306043891938492416:0'],102,0.009803922,1,1,0,0,0,1241,5,1191,45,5234938
1306043891955269632:0,98,1,['1306043891938492416:0'],102,0.009803922,1,1,0,0,0,1241,5,1191,45,5234938
1306043892206927872:0,98,1,['1306043891938492416:0'],102,0.009803922,1,1,0,0,0,1241,5,1191,45,5234938
1306043960657969152:0,94,1,['1306043891938492416:0'],102,0.009803922,1,1,0,0,0,1241,5,1191,45,5234938
1306044991450120192:0,90,1,['1306043891938492416:0'],102,0.009803922,1,1,0,0,0,1241,5,1191,45,5234938
1306184629426847744:0,91,1,['1306043891938492416:0'],102,0.009803922,1,1,0,0,0,1241,5,1191,45,5234938
1306606841891913728:0,92,1,['1306043891938492416:0'],102,0.009803922,1,1,0,0,0,1241,5,1191,45,5234938
1315051091193233408:16384,99,1,['1315051091193233408:0'],108,0.009259259,1,1,0,0,0,1241,5,1191,45,5234938
1315051091193233408:65536,95,1,['1315051091193233408:0'],108,0.009259259,1,1,0,0,0,1241,5,1191,45,5234938
1315051091193233408:68719476736,97,1,['1315051091193233408:0'],108,0.009259259,1,1,0,0,0,1241,5,1191,45,5234938
1315051091193233412:0,98,1,['1315051091193233408:0'],108,0.009259259,1,1,0,0,0,1241,5,1191,45,5234938
1315051091193233536:0,95,1,['1315051091193233408:0'],108,0.009259259,1,1,0,0,0,1241,5,1191,45,5234938
1315051091193233664:0,99,1,['1315051091193233408:0'],108,0.009259259,1,1,0,0,0,1241,5,1191,45,5234938
1315051091193237504:0,98,1,['1315051091193233408:0'],108,0.009259259,1,1,0,0,0,1241,5,1191,45,5234938
1315051091193241600:0,99,1,['1315051091193233408:0'],108,0.009259259,1,1,0,0,0,1241,5,1191,45,5234938
1315051091193266176:0,90,1,['1315051091193233408:0'],108,0.009259259,1,1,0,0,0,1241,5,1191,45,5234938
1315051091193364480:0,96,1,['1315051091193233408:0'],108,0.009259259,1,1,0,0,0,1241,5,1191,45,5234938
1315051091461668864:0,97,1,['1315051091193233408:0'],108,0.009259259,1,1,0,0,0,1241,5,1191,45,5234938
1315051092266975232:0,94,1,['1315051091193233408:0'],108,0.009259259,1,1,0,0,0,1241,5,1191,45,5234938
1315332566169944064:0,98,1,['1315051091193233408:0'],108,0.009259259,1,1,0,0,0,1241,5,1191,45,5234938
1315614041146654720:0,96,1,['1315051091193233408:0'],108,0.009259259,1,1,0,0,0,1241,5,1191,45,5234938
1369094286721679360:131072,95,1,['1297036692683751424:131072'],102,0.009803922,1,1,0,0,0,1241,5,1191,45,5234938
1369094286721679360:262144,95,1,['1297036692683751424:262144'],103,0.009708738,1,1,0,0,0,1241,5,1191,45,5234938
1369094286721679360:32768,97,1,['1297036692683751424:32768'],106,0.009433962,1,1,0,0,0,1241,5,1191,45,5234938
1369094286721679360:33554432,96,1,['1297036692683751424:33554432'],104,0.009615385,1,1,0,0,0,1241,5,1191,45,5234938
1369094286721679360:4,94,1,['1297036692683751424:4'],104,0.009615385,1,1,0,0,0,1241,5,1191,45,5234938
1369094286721679360:8192,95,1,['1297036692683751424:8192'],104,0.009615385,1,1,0,0,0,1241,5,1191,45,5234938
1369094286721679362:0,97,1,['1297036692683751426:0'],107,0.009345794,1,1,0,0,0,1241,5,1191,45,5234938
1369094286721679424:0,92,1,['1297036692683751488:0'],107,0.009345794,1,1,0,0,0,1241,5,1191,45,5234938
1369094286721680384:0,97,1,['1297036692683752448:0'],100,0.01,1,1,0,0,0,1241,5,1191,45,5234938
1369094286721681408:0,98,1,['1297036692683753472:0'],103,0.009708738,1,1,0,0,0,1241,5,1191,45,5234938
1369094286721695744:0,90,1,['1297036692683767808:0'],103,0.009708738,1,1,0,0,0,1241,5,1191,45,5234938
1369094286721941504:0,97,1,['1297036692684013568:0'],102,0.009803922,1,1,0,0,0,1241,5,1191,45,5234938
1369094286722203648:0,99,1,['1297036692684275712:0'],103,0.009708738,1,1,0,0,0,1241,5,1191,45,5234938
1369094286730067968:0,95,1,['1297036692692140032:0'],106,0.009433962,1,1,0,0,0,1241,5,1191,45,5234938
1369094287258550272:0,97,1,['1297036693220622336:0'],103,0.009708738,1,1,0,0,0,1241,5,1191,45,5234938
1369094291016646656:0,91,1,['1297036696978718720:0'],103,0.009708738,1,1,0,0,0,1241,5,1191,45,5234938
1369094295311613952:0,95,1,['1297036701273686016:0'],104,0.009615385,1,1,0,0,0,1241,5,1191,45,5234938
1369094303901548544:0,93,1,['1297036709863620608:0'],105,0.00952381,1,1,0,0,0,1241,5,1191,45,5234938
1369094424160632832:0,94,1,['1297036830122704896:0'],101,0.00990099,1,1,0,0,0,1241,5,1191,45,5234938
1369094836477493248:0,98,1,['1297037242439565312:0'],103,0.009708738,1,1,0,0,0,1241,5,1191,45,5234938
1369129471093768192:0,97,1,['1297071877055840256:0'],103,0.009708738,1,1,0,0,0,1241,5,1191,45,5234938
1369164655465857024:0,93,1,['1297107061427929088:0'],101,0.00990099,1,1,0,0,0,1241,5,1191,45,5234938
1378101485976420352:0,98,1,['1306043891938492416:0'],102,0.009803922,1,1,0,0,0,1241,5,1191,45,5234938
14987979559889014784:16,99,1,['10376293541461626880:16'],105,0.00952381,1,1,0,0,0,1241,5,1191,45,5234938
14987979559889014784:65536,96,1,['10376293541461626880:65536'],101,0.00990099,1,1,0,0,0,1241,5,1191,45,5234938
1513209474797535232:536870912,96,1,['1297036692683751424:262144'],103,0.009708738,1,1,0,0,0,1241,5,1191,45,5234938
1585267068835463168:131072,94,1,['1297036692683751424:131072'],102,0.009803922,1,1,0,0,0,1241,5,1191,45,5234938
1585267068835463168:134217728,97,1,['1297036692683751424:134217728'],100,0.01,1,1,0,0,0,1241,5,1191,45,5234938
1585267068835463168:262144,96,1,['1297036692683751424:262144'],103,0.009708738,1,1,0,0,0,1241,5,1191,45,5234938
1585267068835463168:4,98,1,['1297036692683751424:4'],104,0.009615385,1,1,0,0,0,1241,5,1191,45,5234938
1585267068835463168:536870912,92,1,['1297036692683751424:262144'],103,0.009708738,1,1,0,0,0,1241,5,1191,45,5234938
1585267068835463168:8192,95,1,['1297036692683751424:8192'],104,0.009615385,1,1,0,0,0,1241,5,1191,45,5234938
1585267068835463184:0,99,1,['1297036692683751440:0'],109,0.009174312,1,1,0,0,0,1241,5,1191,45,5234938
1585267068835464192:0,97,1,['1297036692683752448:0'],100,0.01,1,1,0,0,0,1241,5,1191,45,5234938
1585267068835479552:0,92,1,['1297036692683767808:0'],103,0.009708738,1,1,0,0,0,1241,5,1191,45,5234938
1585267068835725312:0,96,1,['1297036692684013568:0'],102,0.009803922,1,1,0,0,0,1241,5,1191,45,5234938
1585267068835987456:0,99,1,['1297036692684275712:0'],103,0.009708738,1,1,0,0,0,1241,5,1191,45,5234938
1585267068869017600:0,97,1,['1297036692717305856:0'],105,0.00952381,1,1,0,0,0,1241,5,1191,45,5234938
1585267068902572032:0,98,1,['1297036692750860288:0'],101,0.00990099,1,1,0,0,0,1241,5,1191,45,5234938
1585267070982946816:0,99,1,['1297036694831235072:0'],104,0.009615385,1,1,0,0,0,1241,5,1191,45,5234938
1585267073130430464:0,99,1,['1297036696978718720:0'],103,0.009708738,1,1,0,0,0,1241,5,1191,45,5234938
1585267077425397760:0,97,1,['1297036701273686016:0'],104,0.009615385,1,1,0,0,0,1241,5,1191,45,5234938
1585267086015332352:0,94,1,['1297036709863620608:0'],105,0.00952381,1,1,0,0,0,1241,5,1191,45,5234938
1585267206274416640:0,93,1,['1297036830122704896:0'],101,0.00990099,1,1,0,0,0,1241,5,1191,45,5234938
1585267618591277056:0,97,1,['1297037242439565312:0'],103,0.009708738,1,1,0,0,0,1241,5,1191,45,5234938
1585302253207552000:0,95,1,['1297071877055840256:0'],103,0.009708738,1,1,0,0,0,1241,5,1191,45,5234938
1585337437579640832:0,93,1,['1297107061427929088:0'],101,0.00990099,1,1,0,0,0,1241,5,1191,45,5234938
1594274268090204160:0,99,1,['1306043891938492416:0'],102,0.009803922,1,1,0,0,0,1241,5,1191,45,5234938
1729382256910275072:536870912,95,1,['1152921504606851584:536870912'],106,0.009433962,1,1,0,0,0,1241,5,1191,45,5234938
1729382256910275584:536870912,99,1,['1152921504606852096:536870912'],103,0.009708738,1,1,0,0,0,1241,5,1191,45,5234938
1729382256911319040:536870920,97,1,['1152921504607895552:536870920'],106,0.009433962,1,1,0,0,0,1241,5,1191,45,5234938
1729382256911319040:536879104,99,1,['1152921504607895552:536879104'],101,0.00990099,1,1,0,0,0,1241,5,1191,45,5234938
1729382256911319040:570425344,92,1,['1152921504607895552:570425344'],106,0.009433962,1,1,0,0,0,1241,5,1191,45,5234938
1729382256912371712:536870912,97,1,['1152921504607897600:536870912'],104,0.009615385,1,1,0,0,0,1241,5,1191,45,5234938
1729382259057758208:536870912,99,1,['1152921504616284160:536870912'],104,0.009615385,1,1,0,0,0,1241,5,1191,45,5234938
1747396655419756544:536870912,98,1,['1152939096793939968:536870912'],106,0.009433962,1,1,0,0,0,1241,5,1191,45,5234938
1765411053930283008:536870912,92,1,['1188950301626859520:536870912'],95,0.010526316,1,1,0,0,0,1241,5,1191,45,5234938
1873497444987174912:131072,94,1,['1297036692683751424:131072'],102,0.009803922,1,1,0,0,0,1241,5,1191,45,5234938
1873497444987174912:134217728,99,1,['1297036692683751424:134217728'],100,0.01,1,1,0,0,0,1241,5,1191,45,5234938
1873497444987174912:262144,97,1,['1297036692683751424:262144'],103,0.009708738,1,1,0,0,0,1241,5,1191,45,5234938
1873497444987174912:268435456,95,1,['1297036692683751424:268435456'],106,0.009433962,1,1,0,0,0,1241,5,1191,45,5234938
1873497444987174912:32768,94,1,['1297036692683751424:32768'],106,0.009433962,1,1,0,0,0,1241,5,1191,45,5234938
1873497444987174912:34359738368,95,1,['1297036692683751424:34359738368'],108,0.009259259,1,1,0,0,0,1241,5,1191,45,5234938
1873497444987174912:4,97,1,['1297036692683751424:4'],104,0.009615385,1,1,0,0,0,1241,5,1191,45,5234938
1873497444987174912:8192,95,1,['1297036692683751424:8192'],104,0.009615385,1,1,0,0,0,1241,5,1191,45,5234938
1873497444987174914:0,98,1,['1297036692683751426:0'],107,0.009345794,1,1,0,0,0,1241,5,1191,45,5234938
1873497444987174928:0,94,1,['1297036692683751440:0'],109,0.009174312,1,1,0,0,0,1241,5,1191,45,5234938
1873497444987174976:0,99,1,['1297036692683751488:0'],107,0.009345794,1,1,0,0,0,1241,5,1191,45,5234938
1873497444987175936:0,94,1,['1297036692683752448:0'],100,0.01,1,1,0,0,0,1241,5,1191,45,5234938
1873497444987191296:0,98,1,['1297036692683767808:0'],103,0.009708738,1,1,0,0,0,1241,5,1191,45,5234938
1873497444987437056:0,98,1,['1297036692684013568:0'],102,0.009803922,1,1,0,0,0,1241,5,1191,45,5234938
1873497444987699200:0,90,1,['1297036692684275712:0'],103,0.009708738,1,1,0,0,0,1241,5,1191,45,5234938
1873497444989272064:0,98,1,['1297036692685848576:0'],103,0.009708738,1,1,0,0,0,1241,5,1191,45,5234938
1873497444991369216:0,99,1,['1297036692687945728:0'],105,0.00952381,1,1,0,0,0,1241,5,1191,45,5234938
1873497444995563520:0,92,1,['1297036692692140032:0'],106,0.009433962,1,1,0,0,0,1241,5,1191,45,5234938
1873497445054283776:0,90,1,['1297036692750860288:0'],101,0.00990099,1,1,0,0,0,1241,5,1191,45,5234938
1873497447134658560:0,97,1,['1297036694831235072:0'],104,0.009615385,1,1,0,0,0,1241,5,1191,45,5234938
1873497449282142208:0,94,1,['1297036696978718720:0'],103,0.009708738,1,1,0,0,0,1241,5,1191,45,5234938
1873497453577109504:0,97,1,['1297036701273686016:0'],104,0.009615385,1,1,0,0,0,1241,5,1191,45,5234938
1873497462167044096:0,98,1,['1297036709863620608:0'],105,0.00952381,1,1,0,0,0,1241,5,1191,45,5234938
1873497479346913280:0,94,1,['1297036727043489792:0'],105,0.00952381,1,1,0,0,0,1241,5,1191,45,5234938
1873497582426128384:0,92,1,['1297036830122704896:0'],101,0.00990099,1,1,0,0,0,1241,5,1191,45,5234938
1873501843033686016:0,99,1,['1297041090730262528:0'],104,0.009615385,1,1,0,0,0,1241,5,1191,45,5234938
1873567813731352576:0,91,1,['1297107061427929088:0'],101,0.00990099,1,1,0,0,0,1241,5,1191,45,5234938
1878001044614545408:0,96,1,['1301540292311121920:0'],101,0.00990099,1,1,0,0,0,1241,5,1191,45,5234938
1882504644241915904:0,96,1,['1306043891938492416:0'],102,0.009803922,1,1,0,0,0,1241,5,1191,45,5234938
3458764513821589504:536879104,98,1,['1152921504607895552:536879104'],101,0.00990099,1,1,0,0,0,1241,5,1191,45,5234938
3458764513821589504:570425344,98,1,['1152921504607895552:570425344'],106,0.009433962,1,1,0,0,0,1241,5,1191,45,5234938
3602879701897445376:262144,97,1,['1297036692683751424:262144'],103,0.009708738,1,1,0,0,0,1241,5,1191,45,5234938
3602879701897445376:268435456,98,1,['1297036692683751424:268435456'],106,0.009433962,1,1,0,0,0,1241,5,1191,45,5234938
3602879701897445376:32768,93,1,['1297036692683751424:32768'],106,0.009433962,1,1,0,0,0,1241,5,1191,45,5234938
3602879701897445376:33554432,97,1,['1297036692683751424:33554432'],104,0.009615385,1,1,0,0,0,1241,5,1191,45,5234938
3602879701897445376:34359738368,96,1,['1297036692683751424:34359738368'],108,0.009259259,1,1,0,0,0,1241,5,1191,45,5234938
3602879701897445376:4,96,1,['1297036692683751424:4'],104,0.009615385,1,1,0,0,0,1241,5,1191,45,5234938
3602879701897445376:8192,96,1,['1297036692683751424:8192'],104,0.009615385,1,1,0,0,0,1241,5,1191,45,5234938
3602879701897445378:0,93,1,['1297036692683751426:0'],107,0.009345794,1,1,0,0,0,1241,5,1191,45,5234938
3602879701897445384:0,97,1,['1297036692683751432:0'],106,0.009433962,1,1,0,0,0,1241,5,1191,45,5234938
3602879701897445392:0,98,1,['1297036692683751440:0'],109,0.009174312,1,1,0,0,0,1241,5,1191,45,5234938
3602879701897445440:0,92,1,['1297036692683751488:0'],107,0.009345794,1,1,0,0,0,1241,5,1191,45,5234938
3602879701897445888:0,96,1,['1297036692683751936:0'],106,0.009433962,1,1,0,0,0,1241,5,1191,45,5234938
3602879701897447424:0,94,1,['1297036692683753472:0'],103,0.009708738,1,1,0,0,0,1241,5,1191,45,5234938
3602879701897461760:0,95,1,['1297036692683767808:0'],103,0.009708738,1,1,0,0,0,1241,5,1191,45,5234938
3602879701897707520:0,94,1,['1297036692684013568:0'],102,0.009803922,1,1,0,0,0,1241,5,1191,45,5234938
3602879701897969664:0,91,1,['1297036692684275712:0'],103,0.009708738,1,1,0,0,0,1241,5,1191,45,5234938
3602879701901639680:0,94,1,['1297036692687945728:0'],105,0.00952381,1,1,0,0,0,1241,5,1191,45,5234938
3602879701905833984:0,97,1,['1297036692692140032:0'],106,0.009433962,1,1,0,0,0,1241,5,1191,45,5234938
3602879701964554240:0,93,1,['1297036692750860288:0'],101,0.00990099,1,1,0,0,0,1241,5,1191,45,5234938
3602879706192412672:0,94,1,['1297036696978718720:0'],103,0.009708738,1,1,0,0,0,1241,5,1191,45,5234938
3602879710487379968:0,96,1,['1297036701273686016:0'],104,0.009615385,1,1,0,0,0,1241,5,1191,45,5234938
3602879719077314560:0,96,1,['1297036709863620608:0'],105,0.00952381,1,1,0,0,0,1241,5,1191,45,5234938
3602879736257183744:0,92,1,['1297036727043489792:0'],105,0.00952381,1,1,0,0,0,1241,5,1191,45,5234938
3602884099943956480:0,97,1,['1297041090730262528:0'],104,0.009615385,1,1,0,0,0,1241,5,1191,45,5234938
3602888497990467584:0,96,1,['1297045488776773632:0'],108,0.009259259,1,1,0,0,0,1241,5,1191,45,5234938
3602914886269534208:0,92,1,['1297071877055840256:0'],103,0.009708738,1,1,0,0,0,1241,5,1191,45,5234938
3602950070641623040:0,91,1,['1297107061427929088:0'],101,0.00990099,1,1,0,0,0,1241,5,1191,45,5234938
3611886901152186368:0,92,1,['1306043891938492416:0'],102,0.009803922,1,1,0,0,0,1241,5,1191,45,5234938
3620894100406927360:0,98,1,['1315051091193233408:0'],108,0.009259259,1,1,0,0,0,1241,5,1191,45,5234938
5764607523168453632:68719476736,93,1,['1297036692683751424:262144'],103,0.009708738,1,1,0,0,0,1241,5,1191,45,5234938
5764607523169501184:68719476736,91,1,['1297036692683751424:262144'],103,0.009708738,1,1,0,0,0,1241,5,1191,45,5234938
5800636320054247424:536870912,95,1,['1188950301626859520:536870912'],95,0.010526316,1,1,0,0,0,1241,5,1191,45,5234938
5908722711111139328:131072,90,1,['1297036692683751424:131072'],102,0.009803922,1,1,0,0,0,1241,5,1191,45,5234938
5908722711111139328:134217728,97,1,['1297036692683751424:134217728'],100,0.01,1,1,0,0,0,1241,5,1191,45,5234938
5908722711111139328:262144,92,1,['1297036692683751424:262144'],103,0.009708738,1,1,0,0,0,1241,5,1191,45,5234938
5908722711111139328:32768,97,1,['1297036692683751424:32768'],106,0.009433962,1,1,0,0,0,1241,5,1191,45,5234938
5908722711111139328:33554432,93,1,['1297036692683751424:33554432'],104,0.009615385,1,1,0,0,0,1241,5,1191,45,5234938
5908722711111139328:34359738368,99,1,['1297036692683751424:34359738368'],108,0.009259259,1,1,0,0,0,1241,5,1191,45,5234938
5908722711111139328:4,97,1,['1297036692683751424:4'],104,0.009615385,1,1,0,0,0,1241,5,1191,45,5234938
5908722711111139328:8192,97,1,['1297036692683751424:8192'],104,0.009615385,1,1,0,0,0,1241,5,1191,45,5234938
5908722711111139330:0,98,1,['1297036692683751426:0'],107,0.009345794,1,1,0,0,0,1241,5,1191,45,5234938
5908722711111139336:0,98,1,['1297036692683751432:0'],106,0.009433962,1,1,0,0,0,1241,5,1191,45,5234938
5908722711111139344:0,98,1,['1297036692683751440:0'],109,0.009174312,1,1,0,0,0,1241,5,1191,45,5234938
5908722711111139392:0,98,1,['1297036692683751488:0'],107,0.009345794,1,1,0,0,0,1241,5,1191,45,5234938
5908722711111139840:0,99,1,['1297036692683751936:0'],106,0.009433962,1,1,0,0,0,1241,5,1191,45,5234938
5908722711111663616:0,94,1,['1297036692684275712:0'],103,0.009708738,1,1,0,0,0,1241,5,1191,45,5234938
5908722711113236480:0,96,1,['1297036692685848576:0'],103,0.009708738,1,1,0,0,0,1241,5,1191,45,5234938
5908722711115333632:0,99,1,['1297036692687945728:0'],105,0.00952381,1,1,0,0,0,1241,5,1191,45,5234938
5908722711119527936:0,92,1,['1297036692692140032:0'],106,0.009433962,1,1,0,0,0,1241,5,1191,45,5234938
5908722711144693760:0,98,1,['1297036692717305856:0'],105,0.00952381,1,1,0,0,0,1241,5,1191,45,5234938
5908722711648010240:0,91,1,['1297036693220622336:0'],103,0.009708738,1,1,0,0,0,1241,5,1191,45,5234938
5908722713258622976:0,93,1,['1297036694831235072:0'],104,0.009615385,1,1,0,0,0,1241,5,1191,45,5234938
5908722719701073920:0,98,1,['1297036701273686016:0'],104,0.009615385,1,1,0,0,0,1241,5,1191,45,5234938
5908722728291008512:0,92,1,['1297036709863620608:0'],105,0.00952381,1,1,0,0,0,1241,5,1191,45,5234938
5908722745470877696:0,97,1,['1297036727043489792:0'],105,0.00952381,1,1,0,0,0,1241,5,1191,45,5234938
5908722848550092800:0,90,1,['1297036830122704896:0'],101,0.00990099,1,1,0,0,0,1241,5,1191,45,5234938
5908723260866953216:0,93,1,['1297037242439565312:0'],103,0.009708738,1,1,0,0,0,1241,5,1191,45,5234938
5908731507204161536:0,99,1,['1297045488776773632:0'],108,0.009259259,1,1,0,0,0,1241,5,1191,45,5234938
5908757895483228160:0,95,1,['1297071877055840256:0'],103,0.009708738,1,1,0,0,0,1241,5,1191,45,5234938
5908793079855316992:0,91,1,['1297107061427929088:0'],101,0.00990099,1,1,0,0,0,1241,5,1191,45,5234938
5913226310738509824:0,90,1,['1301540292311121920:0'],101,0.00990099,1,1,0,0,0,1241,5,1191,45,5234938
5917729910365880320:0,92,1,['1306043891938492416:0'],102,0.009803922,1,1,0,0,0,1241,5,1191,45,5234938
5926737109620621312:0,95,1,['1315051091193233408:0'],108,0.009259259,1,1,0,0,0,1241,5,1191,45,5234938
10376293541461622785:68719476737,102,1,['1152921504606852096:536870912'],103,0.009708738,1,1,0,0,0,535,0,528,7,5932112
10376293541461622786:68719476737,100,1,['1152921504607897600:536870912'],104,0.009615385,1,1,0,0,0,535,0,528,7,5932112
10376293541461622788:68719476737,105,1,['1152921504612089856:536870912'],101,0.00990099,1,1,0,0,0,535,0,528,7,5932112
10376293541461622792:68723671040,104,1,['1297036709863620608:0'],105,0.00952381,1,1,0,0,0,535,0,528,7,5932112
10376293541461623808:68719484928,100,1,['1297045488776773632:0'],108,0.009259259,1,1,0,0,0,535,0,528,7,5932112
10376293541461625856:68719476736,101,1,['1152921504606851584:536870912'],106,0.009433962,1,1,0,0,0,535,0,528,7,5932112
10376293541461626880:10240,108,1,['10376293541461626880:8192'],108,0.009259259,1,1,0,0,0,535,0,528,7,5932112
10376293541461626880:12,101,1,['10376293541461626880:4'],103,0.009708738,1,1,0,0,0,535,0,528,7,5932112
10376293541461626880:134217729,102,1,['10376293541461626880:134217728'],107,0.009345794,1,1,0,0,0,535,0,528,7,5932112
10376293541461626880:134217736,102,1,['10376293541461626880:134217728'],107,0.009345794,1,1,0,0,0,535,0,528,7,5932112
10376293541461626880:134218240,106,1,['10376293541461626880:134217728'],107,0.009345794,1,1,0,0,0,535,0,528,7,5932112
10376293541461626880:134218752,105,1,['10376293541461626880:134217728'],107,0.009345794,1,1,0,0,0,535,0,528,7,5932112
10376293541461626880:134219776,107,1,['10376293541461626880:134217728'],107,0.009345794,1,1,0,0,0,535,0,528,7,5932112
10376293541461626880:138412032,108,1,['10376293541461626880:134217728'],107,0.009345794,1,1,0,0,0,535,0,528,7,5932112
10376293541461626880:139264,100,1,['10376293541461626880:8192'],108,0.009259259,1,1,0,0,0,535,0,528,7,5932112
10376293541461626880:167772160,105,1,['10376293541461626880:134217728'],107,0.009345794,1,1,0,0,0,535,0,528,7,5932112
10376293541461626880:16777224,107,1,['10376293541461626880:16777216'],106,0.009433962,1,1,0,0,0,535,0,528,7,5932112
10376293541461626880:16777344,104,1,['10376293541461626880:16777216'],106,0.009433962,1,1,0,0,0,535,0,528,7,5932112
10376293541461626880:16777728,108,1,['10376293541461626880:16777216'],106,0.009433962,1,1,0,0,0,535,0,528,7,5932112
10376293541461626880:16778240,106,1,['10376293541461626880:16777216'],106,0.009433962,1,1,0,0,0,535,0,528,7,5932112
10376293541461626880:16779264,106,1,['10376293541461626880:16777216'],106,0.009433962,1,1,0,0,0,535,0,528,7,5932112
10376293541461626880:16896,103,1,['10376293541461626880:16384'],105,0.00952381,1,1,0,0,0,535,0,528,7,5932112
10376293541461626880:16908288,102,1,['10376293541461626880:16777216'],106,0.009433962,1,1,0,0,0,535,0,528,7,5932112
10376293541461626880:17,104,1,['10376293541461626880:16'],105,0.00952381,1,1,0,0,0,535,0,528,7,5932112
10376293541461626880:18432,103,1,['10376293541461626880:16384'],105,0.00952381,1,1,0,0,0,535,0,528,7,5932112
10376293541461626880:2052,100,1,['10376293541461626880:4'],103,0.009708738,1,1,0,0,0,535,0,528,7,5932112
10376293541461626880:24,101,1,['10376293541461626880:16'],105,0.00952381,1,1,0,0,0,535,0,528,7,5932112
10376293541461626880:262152,102,1,['1297036692683751424:262144'],103,0.009708738,1,1,0,0,0,535,0,528,7,5932112
10376293541461626880:268435460,107,1,['10376293541461626880:4'],103,0.009708738,1,1,0,0,0,535,0,528,7,5932112
10376293541461626880:268435472,109,1,['10376293541461626880:16'],105,0.00952381,1,1,0,0,0,535,0,528,7,5932112
10376293541461626880:268435488,103,1,['10376293541461626880:32'],105,0.00952381,1,1,0,0,0,535,0,528,7,5932112
10376293541461626880:268439552,106,1,['1297036692683751424:4'],104,0.009615385,1,1,0,0,0,535,0,528,7,5932112
10376293541461626880:268451840,102,1,['10376293541461626880:16384'],105,0.00952381,1,1,0,0,0,535,0,528,7,5932112
10376293541461626880:268468224,100,1,['10376293541461626880:32768'],105,0.00952381,1,1,0,0,0,535,0,528,7,5932112
10376293541461626880:268697600,104,1,['1297036692683751424:262144'],103,0.009708738,1,1,0,0,0,535,0,528,7,5932112
10376293541461626880:268959744,100,1,['1297036692683751424:131072'],102,0.009803922,1,1,0,0,0,535,0,528,7,5932112
10376293541461626880:270532608,109,1,['1297036692683751424:32768'],106,0.009433962,1,1,0,0,0,535,0,528,7,5932112
10376293541461626880:276824064,109,1,['1297036692683751424:8192'],104,0.009615385,1,1,0,0,0,535,0,528,7,5932112
10376293541461626880:32769,102,1,['10376293541461626880:32768'],105,0.00952381,1,1,0,0,0,535,0,528,7,5932112
10376293541461626880:32896,101,1,['10376293541461626880:32768'],105,0.00952381,1,1,0,0,0,535,0,528,7,5932112
10376293541461626880:33,101,1,['10376293541461626880:32'],105,0.00952381,1,1,0,0,0,535,0,528,7,5932112
10376293541461626880:33280,101,1,['10376293541461626880:32768'],105,0.00952381,1,1,0,0,0,535,0,528,7,5932112
10376293541461626880:33554464,100,1,['10376293541461626880:32'],105,0.00952381,1,1,0,0,0,535,0,528,7,5932112
10376293541461626880:33558528,103,1,['1297036692683751424:4'],104,0.009615385,1,1,0,0,0,535,0,528,7,5932112
10376293541461626880:33562624,100,1,['10376293541461626880:8192'],108,0.009259259,1,1,0,0,0,535,0,528,7,5932112
10376293541461626880:33587200,102,1,['10376293541461626880:32768'],105,0.00952381,1,1,0,0,0,535,0,528,7,5932112
10376293541461626880:33816576,102,1,['1297036692683751424:262144'],103,0.009708738,1,1,0,0,0,535,0,528,7,5932112
10376293541461626880:34359738369,105,1,['1152921504606851584:536870912'],106,0.009433962,1,1,0,0,0,535,0,528,7,5932112
10376293541461626880:34359740416,104,1,['1152921504606851584:536870912'],106,0.009433962,1,1,0,0,0,535,0,528,7,5932112
10376293541461626880:34816,105,1,['10376293541461626880:32768'],105,0.00952381,1,1,0,0,0,535,0,528,7,5932112
10376293541461626880:35651584,103,1,['1297036692683751424:32768'],106,0.009433962,1,1,0,0,0,535,0,528,7,5932112
10376293541461626880:40,102,1,['10376293541461626880:32'],105,0.00952381,1,1,0,0,0,535,0,528,7,5932112
10376293541461626880:402653184,109,1,['10376293541461626880:134217728'],107,0.009345794,1,1,0,0,0,535,0,528,7,5932112
10376293541461626880:41943040,103,1,['1297036692683751424:8192'],104,0.009615385,1,1,0,0,0,535,0,528,7,5932112
10376293541461626880:4202496,104,1,['10376293541461626880:8192'],108,0.009259259,1,1,0,0,0,535,0,528,7,5932112
10376293541461626880:5,102,1,['10376293541461626880:4'],103,0.009708738,1,1,0,0,0,535,0,528,7,5932112
10376293541461626880:50331648,102,1,['10376293541461626880:16777216'],106,0.009433962,1,1,0,0,0,535,0,528,7,5932112
10376293541461626880:51539607552,109,1,['1152921504606851584:536870912'],106,0.009433962,1,1,0,0,0,535,0,528,7,5932112
10376293541461626880:66048,100,1,['10376293541461626880:65536'],101,0.00990099,1,1,0,0,0,535,0,528,7,5932112
10376293541461626880:66560,100,1,['10376293541461626880:65536'],101,0.00990099,1,1,0,0,0,535,0,528,7,5932112
10376293541461626880:67112960,102,1,['1297036692683751424:4'],104,0.009615385,1,1,0,0,0,535,0,528,7,5932112
10376293541461626880:67117056,103,1,['10376293541461626880:8192'],108,0.009259259,1,1,0,0,0,535,0,528,7,5932112
10376293541461626880:67584,102,1,['10376293541461626880:65536'],101,0.00990099,1,1,0,0,0,535,0,528,7,5932112
10376293541461626880:69206016,102,1,['1297036692683751424:32768'],106,0.009433962,1,1,0,0,0,535,0,528,7,5932112
10376293541461626880:75497472,101,1,['1297036692683751424:8192'],104,0.009615385,1,1,0,0,0,535,0,528,7,5932112
10376293541461626880:8193,105,1,['10376293541461626880:8192'],108,0.009259259,1,1,0,0,0,535,0,528,7,5932112
10376293541461626880:8200,106,1,['10376293541461626880:8192'],108,0.009259259,1,1,0,0,0,535,0,528,7,5932112
10376293541461626880:8320,104,1,['10376293541461626880:8192'],108,0.009259259,1,1,0,0,0,535,0,528,7,5932112
10376293541461626880:83886080,102,1,['10376293541461626880:16777216'],106,0.009433962,1,1,0,0,0,535,0,528,7,5932112
10376293541461626880:8704,108,1,['10376293541461626880:8192'],108,0.009259259,1,1,0,0,0,535,0,528,7,5932112
10376293541461626880:9216,106,1,['10376293541461626880:8192'],108,0.009259259,1,1,0,0,0,535,0,528,7,5932112
10376293541461626882:268435456,109,1,['1297036692683751936:0'],106,0.009433962,1,1,0,0,0,535,0,528,7,5932112
10376293541461626882:67108864,102,1,['1297036692683751936:0'],106,0.009433962,1,1,0,0,0,535,0,528,7,5932112
10376293541461626884:134217728,105,1,['10376293541461626880:134217728'],107,0.009345794,1,1,0,0,0,535,0,528,7,5932112
10376293541461626884:16777216,104,1,['10376293541461626880:16777216'],106,0.009433962,1,1,0,0,0,535,0,528,7,5932112
10376293541461626884:32,102,1,['10376293541461626880:32'],105,0.00952381,1,1,0,0,0,535,0,528,7,5932112
10376293541461626884:65536,100,1,['10376293541461626880:65536'],101,0.00990099,1,1,0,0,0,535,0,528,7,5932112
10376293541461626884:8192,107,1,['10376293541461626880:8192'],108,0.009259259,1,1,0,0,0,535,0,528,7,5932112
10376293541461626888:16,105,1,['10376293541461626880:16'],105,0.00952381,1,1,0,0,0,535,0,528,7,5932112
10376293541461626888:16384,101,1,['10376293541461626880:16384'],105,0.00952381,1,1,0,0,0,535,0,528,7,5932112
10376293541461626888:16777216,106,1,['10376293541461626880:16777216'],106,0.009433962,1,1,0,0,0,535,0,528,7,5932112
10376293541461626888:32768,102,1,['10376293541461626880:32768'],105,0.00952381,1,1,0,0,0,535,0,528,7,5932112
10376293541461626888:8192,102,1,['10376293541461626880:8192'],108,0.009259259,1,1,0,0,0,535,0,528,7,5932112
10376293541461626896:268435456,107,1,['1297036692683751488:0'],107,0.009345794,1,1,0,0,0,535,0,528,7,5932112
10376293541461626896:33554432,104,1,['1297036692683751488:0'],107,0.009345794,1,1,0,0,0,535,0,528,7,5932112
10376293541461626896:67108864,103,1,['1297036692683751488:0'],107,0.009345794,1,1,0,0,0,535,0,528,7,5932112
10376293541461626912:16777216,103,1,['10376293541461626880:16777216'],106,0.009433962,1,1,0,0,0,535,0,528,7,5932112
10376293541461626912:32768,100,1,['10376293541461626880:32768'],105,0.00952381,1,1,0,0,0,535,0,528,7,5932112
10376293541461626912:4,100,1,['10376293541461626880:4'],103,0.009708738,1,1,0,0,0,535,0,528,7,5932112
10376293541461626912:8192,103,1,['10376293541461626880:8192'],108,0.009259259,1,1,0,0,0,535,0,528,7,5932112
10376293541461626944:131072,101,1,['1297036692683751440:0'],109,0.009174312,1,1,0,0,0,535,0,528,7,5932112
10376293541461626944:33554432,105,1,['1297036692683751440:0'],109,0.009174312,1,1,0,0,0,535,0,528,7,5932112
10376293541461626944:67108864,103,1,['1297036692683751440:0'],109,0.009174312,1,1,0,0,0,535,0,528,7,5932112
10376293541461626944:8,105,1,['1297036692683751440:0'],109,0.009174312,1,1,0,0,0,535,0,528,7,5932112
10376293541461627008:131072,101,1,['1297036692683751432:0'],106,0.009433962,1,1,0,0,0,535,0,528,7,5932112
10376293541461627008:33554432,105,1,['1297036692683751432:0'],106,0.009433962,1,1,0,0,0,535,0,528,7,5932112
10376293541461627008:67108864,104,1,['1297036692683751432:0'],106,0.009433962,1,1,0,0,0,535,0,528,7,5932112
10376293541461627136:134217728,106,1,['10376293541461626880:134217728'],107,0.009345794,1,1,0,0,0,535,0,528,7,5932112
10376293541461627136:16777216,106,1,['10376293541461626880:16777216'],106,0.009433962,1,1,0,0,0,535,0,528,7,5932112
10376293541461627136:32,103,1,['10376293541461626880:32'],105,0.00952381,1,1,0,0,0,535,0,528,7,5932112
10376293541461627136:32768,104,1,['10376293541461626880:32768'],105,0.00952381,1,1,0,0,0,535,0,528,7,5932112
10376293541461627136:4,104,1,['10376293541461626880:4'],103,0.009708738,1,1,0,0,0,535,0,528,7,5932112
10376293541461627136:65536,101,1,['10376293541461626880:65536'],101,0.00990099,1,1,0,0,0,535,0,528,7,5932112
10376293541461627136:8192,107,1,['10376293541461626880:8192'],108,0.009259259,1,1,0,0,0,535,0,528,7,5932112
10376293541461627392:131072,100,1,['1297036692683751426:0'],107,0.009345794,1,1,0,0,0,535,0,528,7,5932112
10376293541461627392:67108864,103,1,['1297036692683751426:0'],107,0.009345794,1,1,0,0,0,535,0,528,7,5932112
10376293541461627392:8,104,1,['1297036692683751426:0'],107,0.009345794,1,1,0,0,0,535,0,528,7,5932112
10376293541461627904:134217728,106,1,['10376293541461626880:134217728'],107,0.009345794,1,1,0,0,0,535,0,528,7,5932112
10376293541461627904:16,106,1,['10376293541461626880:16'],105,0.00952381,1,1,0,0,0,535,0,528,7,5932112
10376293541461627904:16384,102,1,['10376293541461626880:16384'],105,0.00952381,1,1,0,0,0,535,0,528,7,5932112
10376293541461627904:16777216,107,1,['10376293541461626880:16777216'],106,0.009433962,1,1,0,0,0,535,0,528,7,5932112
10376293541461627904:32,103,1,['10376293541461626880:32'],105,0.00952381,1,1,0,0,0,535,0,528,7,5932112
10376293541461627904:32768,104,1,['10376293541461626880:32768'],105,0.00952381,1,1,0,0,0,535,0,528,7,5932112
10376293541461627904:34359738368,107,1,['1152921504606851584:536870912'],106,0.009433962,1,1,0,0,0,535,0,528,7,5932112
10376293541461627904:4,104,1,['10376293541461626880:4'],103,0.009708738,1,1,0,0,0,535,0,528,7,5932112
10376293541461627904:8192,107,1,['10376293541461626880:8192'],108,0.009259259,1,1,0,0,0,535,0,528,7,5932112
10376293541461628928:268435456,106,1,['1297036692685848576:0'],103,0.009708738,1,1,0,0,0,535,0,528,7,5932112
10376293541461628928:67108864,101,1,['1297036692685848576:0'],103,0.009708738,1,1,0,0,0,535,0,528,7,5932112
10376293541461628928:8,101,1,['1297036692685848576:0'],103,0.009708738,1,1,0,0,0,535,0,528,7,5932112
10376293541461630976:68719476737,103,1,['1152921504616284160:536870912'],104,0.009615385,1,1,0,0,0,535,0,528,7,5932112
10376293541461635072:268435456,107,1,['1297036692684275712:0'],103,0.009708738,1,1,0,0,0,535,0,528,7,5932112
10376293541461639168:68719476737,102,1,['1152921521787764736:536870912'],105,0.00952381,1,1,0,0,0,535,0,528,7,5932112
10376293541461643264:268435456,103,1,['1297036692684013568:0'],102,0.009803922,1,1,0,0,0,535,0,528,7,5932112
10376293541461643264:33554432,102,1,['1297036692684013568:0'],102,0.009803922,1,1,0,0,0,535,0,528,7,5932112
10376293541461643264:67108864,101,1,['1297036692684013568:0'],102,0.009803922,1,1,0,0,0,535,0,528,7,5932112
10376293541461643264:8,102,1,['1297036692684013568:0'],102,0.009803922,1,1,0,0,0,535,0,528,7,5932112
10376293541461692416:134217728,108,1,['10376293541461626880:134217728'],107,0.009345794,1,1,0,0,0,535,0,528,7,5932112
10376293541461692416:16,106,1,['10376293541461626880:16'],105,0.00952381,1,1,0,0,0,535,0,528,7,5932112
10376293541461692416:16777216,108,1,['10376293541461626880:16777216'],106,0.009433962,1,1,0,0,0,535,0,528,7,5932112
10376293541461692416:32,104,1,['10376293541461626880:32'],105,0.00952381,1,1,0,0,0,535,0,528,7,5932112
10376293541461692416:65536,103,1,['10376293541461626880:65536'],101,0.00990099,1,1,0,0,0,535,0,528,7,5932112
10376293541461692416:8192,108,1,['10376293541461626880:8192'],108,0.009259259,1,1,0,0,0,535,0,528,7,5932112
10376293541461757952:134217728,103,1,['10376293541461626880:134217728'],107,0.009345794,1,1,0,0,0,535,0,528,7,5932112
10376293541461757952:16,103,1,['10376293541461626880:16'],105,0.00952381,1,1,0,0,0,535,0,528,7,5932112
10376293541461757952:16384,100,1,['10376293541461626880:16384'],105,0.00952381,1,1,0,0,0,535,0,528,7,5932112
10376293541461757952:16777216,102,1,['10376293541461626880:16777216'],106,0.009433962,1,1,0,0,0,535,0,528,7,5932112
10376293541461757952:32,100,1,['10376293541461626880:32'],105,0.00952381,1,1,0,0,0,535,0,528,7,5932112
10376293541461757952:32768,101,1,['10376293541461626880:32768'],105,0.00952381,1,1,0,0,0,535,0,528,7,5932112
10376293541461757952:4,101,1,['10376293541461626880:4'],103,0.009708738,1,1,0,0,0,535,0,528,7,5932112
10376293541461889024:268435456,107,1,['1297036692683767808:0'],103,0.009708738,1,1,0,0,0,535,0,528,7,5932112
10376293541461889024:8,102,1,['1297036692683767808:0'],103,0.009708738,1,1,0,0,0,535,0,528,7,5932112
10376293541462151168:134217728,100,1,['10376293541461626880:134217728'],107,0.009345794,1,1,0,0,0,535,0,528,7,5932112
10376293541462151168:16777216,101,1,['10376293541461626880:16777216'],106,0.009433962,1,1,0,0,0,535,0,528,7,5932112
10376293541462151168:8192,100,1,['10376293541461626880:8192'],108,0.009259259,1,1,0,0,0,535,0,528,7,5932112
10376293541462671360:34896609280,102,1,['1152921504607895552:34896609280'],109,0.009174312,1,1,0,0,0,535,0,528,7,5932112
10376293541462671360:536870916,104,1,['1152921504607895552:536870916'],108,0.009259259,1,1,0,0,0,535,0,528,7,5932112
10376293541462671360:536879104,101,1,['1152921504607895552:536879104'],101,0.00990099,1,1,0,0,0,535,0,528,7,5932112
10376293541462671360:536887296,104,1,['1152921504607895552:536887296'],109,0.009174312,1,1,0,0,0,535,0,528,7,5932112
10376293541462671360:570425344,102,1,['1152921504607895552:570425344'],106,0.009433962,1,1,0,0,0,535,0,528,7,5932112
10376293541462675456:134217728,101,1,['10376293541461626880:134217728'],107,0.009345794,1,1,0,0,0,535,0,528,7,5932112
10376293541462675456:16,105,1,['10376293541461626880:16'],105,0.00952381,1,1,0,0,0,535,0,528,7,5932112
10376293541462675456:16777216,105,1,['10376293541461626880:16777216'],106,0.009433962,1,1,0,0,0,535,0,528,7,5932112
10376293541462675456:32,102,1,['10376293541461626880:32'],105,0.00952381,1,1,0,0,0,535,0,528,7,5932112
10376293541462675456:32768,102,1,['10376293541461626880:32768'],105,0.00952381,1,1,0,0,0,535,0,528,7,5932112
10376293541462675456:34359738368,106,1,['1152921504606851584:536870912'],106,0.009433962,1,1,0,0,0,535,0,528,7,5932112
10376293541462675456:4,103,1,['10376293541461626880:4'],103,0.009708738,1,1,0,0,0,535,0,528,7,5932112
10376293541462675456:8192,106,1,['10376293541461626880:8192'],108,0.009259259,1,1,0,0,0,535,0,528,7,5932112
10376293541463719944:68719476736,108,1,['1297036692683751424:34359738368'],108,0.009259259,1,1,0,0,0,535,0,528,7,5932112
10376293541463724032:268435456,106,1,['1297036692683753472:0'],103,0.009708738,1,1,0,0,0,535,0,528,7,5932112
10376293541463752704:68719476736,102,1,['1297036692683751424:34359738368'],108,0.009259259,1,1,0,0,0,535,0,528,7,5932112
10376293541463785472:68719476736,105,1,['1297036692683751424:34359738368'],108,0.009259259,1,1,0,0,0,535,0,528,7,5932112
10376293541465818112:68719476736,101,1,['10376293541461626880:16777216'],106,0.009433962,1,1,0,0,0,535,0,528,7,5932112
10376293541465821184:268435456,105,1,['1297036696978718720:0'],103,0.009708738,1,1,0,0,0,535,0,528,7,5932112
10376293541470015488:67108864,100,1,['1297036694831235072:0'],104,0.009615385,1,1,0,0,0,535,0,528,7,5932112
10376293541478404096:134217728,103,1,['10376293541461626880:134217728'],107,0.009345794,1,1,0,0,0,535,0,528,7,5932112
10376293541478404096:16777216,104,1,['10376293541461626880:16777216'],106,0.009433962,1,1,0,0,0,535,0,528,7,5932112
10376293541478404096:8192,104,1,['10376293541461626880:8192'],108,0.009259259,1,1,0,0,0,535,0,528,7,5932112
10376293541495178240:68719476736,100,1,['10376293541461626880:134217728'],107,0.009345794,1,1,0,0,0,535,0,528,7,5932112
10376293541495181312:268435456,108,1,['1297036693220622336:0'],103,0.009708738,1,1,0,0,0,535,0,528,7,5932112
10376293541495181312:67108864,101,1,['1297036693220622336:0'],103,0.009708738,1,1,0,0,0,535,0,528,7,5932112
10376293541495181312:8,102,1,['1297036693220622336:0'],103,0.009708738,1,1,0,0,0,535,0,528,7,5932112
10376293541528735744:134217728,105,1,['10376293541461626880:134217728'],107,0.009345794,1,1,0,0,0,535,0,528,7,5932112
10376293541528735744:16384,100,1,['10376293541461626880:16384'],105,0.00952381,1,1,0,0,0,535,0,528,7,5932112
10376293541528735744:16777216,105,1,['10376293541461626880:16777216'],106,0.009433962,1,1,0,0,0,535,0,528,7,5932112
10376293541528735744:32,101,1,['10376293541461626880:32'],105,0.00952381,1,1,0,0,0,535,0,528,7,5932112
10376293541528735744:32768,102,1,['10376293541461626880:32768'],105,0.00952381,1,1,0,0,0,535,0,528,7,5932112
10376293541528735744:4,101,1,['10376293541461626880:4'],103,0.009708738,1,1,0,0,0,535,0,528,7,5932112
10376293541528735744:8192,105,1,['10376293541461626880:8192'],108,0.009259259,1,1,0,0,0,535,0,528,7,5932112
10376293541595844608:134217728,101,1,['10376293541461626880:134217728'],107,0.009345794,1,1,0,0,0,535,0,528,7,5932112
10376293541595844608:16,103,1,['10376293541461626880:16'],105,0.00952381,1,1,0,0,0,535,0,528,7,5932112
10376293541595844608:16777216,105,1,['10376293541461626880:16777216'],106,0.009433962,1,1,0,0,0,535,0,528,7,5932112
10376293541595844608:32768,101,1,['10376293541461626880:32768'],105,0.00952381,1,1,0,0,0,535,0,528,7,5932112
10376293541595844608:4,101,1,['10376293541461626880:4'],103,0.009708738,1,1,0,0,0,535,0,528,7,5932112
10376293541730062336:268435456,106,1,['1297036692750860288:0'],101,0.00990099,1,1,0,0,0,535,0,528,7,5932112
10376293541730062336:33554432,100,1,['1297036692750860288:0'],101,0.00990099,1,1,0,0,0,535,0,528,7,5932112
10376293541730062336:8,101,1,['1297036692750860288:0'],101,0.00990099,1,1,0,0,0,535,0,528,7,5932112
10376293541998497792:131072,101,1,['1297036692717305856:0'],105,0.00952381,1,1,0,0,0,535,0,528,7,5932112
10376293541998497792:268435456,101,1,['1297036692717305856:0'],105,0.00952381,1,1,0,0,0,535,0,528,7,5932112
10376293541998497792:67108864,104,1,['1297036692717305856:0'],105,0.00952381,1,1,0,0,0,535,0,528,7,5932112
10376293541998497792:8,105,1,['1297036692717305856:0'],105,0.00952381,1,1,0,0,0,535,0,528,7,5932112
10376293542535368704:134217728,105,1,['10376293541461626880:134217728'],107,0.009345794,1,1,0,0,0,535,0,528,7,5932112
10376293542535368704:16,103,1,['10376293541461626880:16'],105,0.00952381,1,1,0,0,0,535,0,528,7,5932112
10376293542535368704:16384,100,1,['10376293541461626880:16384'],105,0.00952381,1,1,0,0,0,535,0,528,7,5932112
10376293542535368704:32,100,1,['10376293541461626880:32'],105,0.00952381,1,1,0,0,0,535,0,528,7,5932112
10376293542535368704:32768,102,1,['10376293541461626880:32768'],105,0.00952381,1,1,0,0,0,535,0,528,7,5932112
10376293542535368704:4,100,1,['10376293541461626880:4'],103,0.009708738,1,1,0,0,0,535,0,528,7,5932112
10376293542535368704:8192,105,1,['10376293541461626880:8192'],108,0.009259259,1,1,0,0,0,535,0,528,7,5932112
10376293543609106440:68719476736,102,1,['1297036692683751424:33554432'],104,0.009615385,1,1,0,0,0,535,0,528,7,5932112
10376293543609110528:33554432,106,1,['1297036692692140032:0'],106,0.009433962,1,1,0,0,0,535,0,528,7,5932112
10376293543609110528:67108864,101,1,['1297036692692140032:0'],106,0.009433962,1,1,0,0,0,535,0,528,7,5932112
10376293543609110528:8,102,1,['1297036692692140032:0'],106,0.009433962,1,1,0,0,0,535,0,528,7,5932112
10376293543609139200:68719476736,105,1,['1297036692683751424:33554432'],104,0.009615385,1,1,0,0,0,535,0,528,7,5932112
10376293543609171968:68719476736,106,1,['1297036692683751424:33554432'],104,0.009615385,1,1,0,0,0,535,0,528,7,5932112
10376293545756590081:68719476736,106,1,['1152921504606852096:536870912'],103,0.009708738,1,1,0,0,0,535,0,528,7,5932112
10376293545756590082:68719476736,104,1,['1152921504607897600:536870912'],104,0.009615385,1,1,0,0,0,535,0,528,7,5932112
10376293545756590084:68719476736,106,1,['1152921504612089856:536870912'],101,0.00990099,1,1,0,0,0,535,0,528,7,5932112
10376293545756590112:68719476736,103,1,['1188950301626859520:536870912'],95,0.010526316,1,1,0,0,0,535,0,528,7,5932112
10376293545756594176:131072,101,1,['1297036692687945728:0'],105,0.00952381,1,1,0,0,0,535,0,528,7,5932112
10376293545756594176:268435456,107,1,['1297036692687945728:0'],105,0.00952381,1,1,0,0,0,535,0,528,7,5932112
10376293545756594176:33554432,105,1,['1297036692687945728:0'],105,0.00952381,1,1,0,0,0,535,0,528,7,5932112
10376293545756594176:67108864,104,1,['1297036692687945728:0'],105,0.00952381,1,1,0,0,0,535,0,528,7,5932112
10376293545756594176:68719476736,105,1,['1297036692687945728:0'],105,0.00952381,1,1,0,0,0,535,0,528,7,5932112
10376293545756594176:8,105,1,['1297036692687945728:0'],105,0.00952381,1,1,0,0,0,535,0,528,7,5932112
10376293545756606464:68719476736,108,1,['1152921521787764736:536870912'],105,0.00952381,1,1,0,0,0,535,0,528,7,5932112
10376293550051558400:68719476736,101,1,['10376293541461626880:8192'],108,0.009259259,1,1,0,0,0,535,0,528,7,5932112
10376293550051561472:67108864,104,1,['1297045488776773632:0'],108,0.009259259,1,1,0,0,0,535,0,528,7,5932112
10376293558641496064:268435456,109,1,['1297041090730262528:0'],104,0.009615385,1,1,0,0,0,535,0,528,7,5932112
10376293558641496064:67108864,101,1,['1297041090730262528:0'],104,0.009615385,1,1,0,0,0,535,0,528,7,5932112
10376293610181103616:16,101,1,['10376293541461626880:16'],105,0.00952381,1,1,0,0,0,535,0,528,7,5932112
10376293610181103616:16777216,102,1,['10376293541461626880:16777216'],106,0.009433962,1,1,0,0,0,535,0,528,7,5932112
10376293610181103616:8192,101,1,['10376293541461626880:8192'],108,0.009259259,1,1,0,0,0,535,0,528,7,5932112
10376293678900580352:33554432,100,1,['1297037242439565312:0'],103,0.009708738,1,1,0,0,0,535,0,528,7,5932112
10376293816339533824:134217728,107,1,['10376293541461626880:134217728'],107,0.009345794,1,1,0,0,0,535,0,528,7,5932112
10376293816339533824:16,101,1,['10376293541461626880:16'],105,0.00952381,1,1,0,0,0,535,0,528,7,5932112
10376293816339533824:16777216,106,1,['10376293541461626880:16777216'],106,0.009433962,1,1,0,0,0,535,0,528,7,5932112
10376293816339533824:32768,105,1,['10376293541461626880:32768'],105,0.00952381,1,1,0,0,0,535,0,528,7,5932112
10376293816339533824:4,105,1,['10376293541461626880:4'],103,0.009708738,1,1,0,0,0,535,0,528,7,5932112
10376293816339533824:8192,108,1,['10376293541461626880:8192'],108,0.009259259,1,1,0,0,0,535,0,528,7,5932112
10376294091217440768:268435456,102,1,['1297036830122704896:0'],101,0.00990099,1,1,0,0,0,535,0,528,7,5932112
10376294640973254656:16777216,101,1,['10376293541461626880:16777216'],106,0.009433962,1,1,0,0,0,535,0,528,7,5932112
10376294640973254656:8192,101,1,['10376293541461626880:8192'],108,0.009259259,1,1,0,0,0,535,0,528,7,5932112
10376295740484882432:268435456,109,1,['1297036727043489792:0'],105,0.00952381,1,1,0,0,0,535,0,528,7,5932112
10376295740484882432:33554432,103,1,['1297036727043489792:0'],105,0.00952381,1,1,0,0,0,535,0,528,7,5932112
10376295740484882432:67108864,102,1,['1297036727043489792:0'],105,0.00952381,1,1,0,0,0,535,0,528,7,5932112
10376295740484882432:8,103,1,['1297036727043489792:0'],105,0.00952381,1,1,0,0,0,535,0,528,7,5932112
10376297939508133890:68719476736,105,1,['1152921504607897600:536870912'],104,0.009615385,1,1,0,0,0,535,0,528,7,5932112
10376297939508133892:68719476736,109,1,['1152921504612089856:536870912'],101,0.00990099,1,1,0,0,0,535,0,528,7,5932112
10376297939508133904:68719476736,105,1,['1152939096793939968:536870912'],106,0.009433962,1,1,0,0,0,535,0,528,7,5932112
10376297939508137984:131072,100,1,['1297036709863620608:0'],105,0.00952381,1,1,0,0,0,535,0,528,7,5932112
10376297939508137984:268435456,106,1,['1297036709863620608:0'],105,0.00952381,1,1,0,0,0,535,0,528,7,5932112
10376297939508137984:33554432,103,1,['1297036709863620608:0'],105,0.00952381,1,1,0,0,0,535,0,528,7,5932112
10376297939508137984:67108864,102,1,['1297036709863620608:0'],105,0.00952381,1,1,0,0,0,535,0,528,7,5932112
10376297939508137984:68719476736,103,1,['1297036709863620608:0'],105,0.00952381,1,1,0,0,0,535,0,528,7,5932112
10376297939508137984:8,103,1,['1297036709863620608:0'],105,0.00952381,1,1,0,0,0,535,0,528,7,5932112
10376297939508150272:68719476736,105,1,['1152921521787764736:536870912'],105,0.00952381,1,1,0,0,0,535,0,528,7,5932112
10376302337554649088:268435456,109,1,['1297036701273686016:0'],104,0.009615385,1,1,0,0,0,535,0,528,7,5932112
10376302337554649088:33554432,103,1,['1297036701273686016:0'],104,0.009615385,1,1,0,0,0,535,0,528,7,5932112
10376302337554649088:67108864,103,1,['1297036701273686016:0'],104,0.009615385,1,1,0,0,0,535,0,528,7,5932112
10376302337554649088:8,102,1,['1297036701273686016:0'],104,0.009615385,1,1,0,0,0,535,0,528,7,5932112
10376302337554677760:68719476736,101,1,['1297036692683751424:8192'],104,0.009615385,1,1,0,0,0,535,0,528,7,5932112
10376302337554710528:68719476736,104,1,['1297036692683751424:8192'],104,0.009615385,1,1,0,0,0,535,0,528,7,5932112
10376311133647671296:268435456,108,1,['1315051091193233408:0'],108,0.009259259,1,1,0,0,0,535,0,528,7,5932112
10376311133647671296:33554432,103,1,['1315051091193233408:0'],108,0.009259259,1,1,0,0,0,535,0,528,7,5932112
10376363910205804544:268435456,102,1,['1301540292311121920:0'],101,0.00990099,1,1,0,0,0,535,0,528,7,5932112
10376363910205804544:33554432,101,1,['1301540292311121920:0'],101,0.00990099,1,1,0,0,0,535,0,528,7,5932112
10376363910205804544:8,103,1,['1301540292311121920:0'],101,0.00990099,1,1,0,0,0,535,0,528,7,5932112
10376856491415048192:134217728,100,1,['10376293541461626880:134217728'],107,0.009345794,1,1,0,0,0,535,0,528,7,5932112
10376856491415048192:16,101,1,['10376293541461626880:16'],105,0.00952381,1,1,0,0,0,535,0,528,7,5932112
10376856491415048192:16777216,101,1,['10376293541461626880:16777216'],106,0.009433962,1,1,0,0,0,535,0,528,7,5932112
10377419441368469504:134217728,101,1,['10376293541461626880:134217728'],107,0.009345794,1,1,0,0,0,535,0,528,7,5932112
10377419441368469504:16,101,1,['10376293541461626880:16'],105,0.00952381,1,1,0,0,0,535,0,528,7,5932112
10377419441368469504:16777216,103,1,['10376293541461626880:16777216'],106,0.009433962,1,1,0,0,0,535,0,528,7,5932112
10378545341275312128:8192,101,1,['10376293541461626880:8192'],108,0.009259259,1,1,0,0,0,535,0,528,7,5932112
10385300740716363777:68719476736,105,1,['1152921504606852096:536870912'],103,0.009708738,1,1,0,0,0,535,0,528,7,5932112
10385300740716363778:68719476736,103,1,['1152921504607897600:536870912'],104,0.009615385,1,1,0,0,0,535,0,528,7,5932112
10385300740716363780:68719476736,108,1,['1152921504612089856:536870912'],101,0.00990099,1,1,0,0,0,535,0,528,7,5932112
10385300740716363792:68719476736,104,1,['1152939096793939968:536870912'],106,0.009433962,1,1,0,0,0,535,0,528,7,5932112
10385300740716367872:268435456,107,1,['1297071877055840256:0'],103,0.009708738,1,1,0,0,0,535,0,528,7,5932112
10385300740716367872:33554432,101,1,['1297071877055840256:0'],103,0.009708738,1,1,0,0,0,535,0,528,7,5932112
10385300740716367872:68719476736,104,1,['1297071877055840256:0'],103,0.009708738,1,1,0,0,0,535,0,528,7,5932112
10385300740716367872:8,102,1,['1297071877055840256:0'],103,0.009708738,1,1,0,0,0,535,0,528,7,5932112
10385300740716371968:68719476736,106,1,['1152921504616284160:536870912'],104,0.009615385,1,1,0,0,0,535,0,528,7,5932112
10385300740716380160:68719476736,107,1,['1152921521787764736:536870912'],105,0.00952381,1,1,0,0,0,535,0,528,7,5932112
10394307939971104776:68719476736,107,1,['1297036692683751424:4'],104,0.009615385,1,1,0,0,0,535,0,528,7,5932112
10394307939971137536:68719476736,101,1,['1297036692683751424:4'],104,0.009615385,1,1,0,0,0,535,0,528,7,5932112
10394307939971170304:68719476736,104,1,['1297036692683751424:4'],104,0.009615385,1,1,0,0,0,535,0,528,7,5932112
10664523917613338624:8192,100,1,['10376293541461626880:8192'],108,0.009259259,1,1,0,0,0,535,0,528,7,5932112
1152921504606851072:34896609281,106,1,['1297036692683751426:0'],107,0.009345794,1,1,0,0,0,535,0,528,7,5932112
1152921504606851072:52076478464,105,1,['1297036692683751426:0'],107,0.009345794,1,1,0,0,0,535,0,528,7,5932112
1152921504606851072:536870917,107,1,['1297036692683751440:0'],109,0.009174312,1,1,0,0,0,535,0,528,7,5932112
1152921504606851072:536870929,102,1,['1297036692750860288:0'],101,0.00990099,1,1,0,0,0,535,0,528,7,5932112
1152921504606851072:536870945,100,1,['1297036830122704896:0'],101,0.00990099,1,1,0,0,0,535,0,528,7,5932112
1152921504606851072:536879105,107,1,['1297036692683751432:0'],106,0.009433962,1,1,0,0,0,535,0,528,7,5932112
1152921504606851072:536903681,107,1,['1297036692717305856:0'],105,0.00952381,1,1,0,0,0,535,0,528,7,5932112
1152921504606851072:536938496,100,1,['1152921504607895552:536870920'],106,0.009433962,1,1,0,0,0,535,0,528,7,5932112
1152921504606851072:536940544,101,1,['1152921504607895552:536870916'],108,0.009259259,1,1,0,0,0,535,0,528,7,5932112
1152921504606851072:553648130,102,1,['1188950301626859520:536870912'],95,0.010526316,1,1,0,0,0,535,0,528,7,5932112
1152921504606851072:553650176,104,1,['1152921504607895552:536870920'],106,0.009433962,1,1,0,0,0,535,0,528,7,5932112
1152921504606851072:553652224,105,1,['1152921504607895552:536870916'],108,0.009259259,1,1,0,0,0,535,0,528,7,5932112
1152921504606851072:557842432,106,1,['1152921504607895552:536887296'],109,0.009174312,1,1,0,0,0,535,0,528,7,5932112
1152921504606851072:562036736,103,1,['1152921504607895552:536879104'],101,0.00990099,1,1,0,0,0,535,0,528,7,5932112
1152921504606851072:570429440,100,1,['1152921504607895552:536870916'],108,0.009259259,1,1,0,0,0,535,0,528,7,5932112
1152921504606851072:574619648,100,1,['1152921504607895552:536887296'],109,0.009174312,1,1,0,0,0,535,0,528,7,5932112
1152921504606851072:603979778,101,1,['1188950301626859520:536870912'],95,0.010526316,1,1,0,0,0,535,0,528,7,5932112
1152921504606851072:603981824,105,1,['1152921504607895552:536870920'],106,0.009433962,1,1,0,0,0,535,0,528,7,5932112
1152921504606851072:603983872,105,1,['1152921504607895552:536870916'],108,0.009259259,1,1,0,0,0,535,0,528,7,5932112
1152921504606851072:612368384,101,1,['1152921504607895552:536879104'],101,0.00990099,1,1,0,0,0,535,0,528,7,5932112
1152921504606851072:671088641,104,1,['1297036727043489792:0'],105,0.00952381,1,1,0,0,0,535,0,528,7,5932112
1152921504606851072:805306369,100,1,['1297107061427929088:0'],101,0.00990099,1,1,0,0,0,535,0,528,7,5932112
1152921504606851584:536870976,103,1,['1152921504606851584:536870912'],106,0.009433962,1,1,0,0,0,535,0,528,7,5932112
1152921504606851584:536871040,101,1,['1152921504606851584:536870912'],106,0.009433962,1,1,0,0,0,535,0,528,7,5932112
1152921504606851584:537001984,101,1,['1152921504606851584:536870912'],106,0.009433962,1,1,0,0,0,535,0,528,7,5932112
1152921504606851584:537133056,103,1,['1152921504606851584:536870912'],106,0.009433962,1,1,0,0,0,535,0,528,7,5932112
1152921504606851584:553648128,107,1,['1152921504606851584:536870912'],106,0.009433962,1,1,0,0,0,535,0,528,7,5932112
1152921504606851584:603979776,106,1,['1152921504606851584:536870912'],106,0.009433962,1,1,0,0,0,535,0,528,7,5932112
1152921504606852096:536870920,100,1,['1152921504606852096:536870912'],103,0.009708738,1,1,0,0,0,535,0,528,7,5932112
1152921504606852096:537133056,102,1,['1152921504606852096:536870912'],103,0.009708738,1,1,0,0,0,535,0,528,7,5932112
1152921504606852096:553648128,104,1,['1152921504606852096:536870912'],103,0.009708738,1,1,0,0,0,535,0,528,7,5932112
1152921504606982656:536870912,103,1,['1152921504606851584:536870912'],106,0.009433962,1,1,0,0,0,535,0,528,7,5932112
1152921504606983168:536870912,104,1,['1152921504606852096:536870912'],103,0.009708738,1,1,0,0,0,535,0,528,7,5932112
1152921504607375872:536870912,104,1,['1152921504606851584:536870912'],106,0.009433962,1,1,0,0,0,535,0,528,7,5932112
1152921504607376384:536870912,102,1,['1152921504606852096:536870912'],103,0.009708738,1,1,0,0,0,535,0,528,7,5932112
1152921504607895552:34896609281,108,1,['1152921504607895552:34896609280'],109,0.009174312,1,1,0,0,0,535,0,528,7,5932112
1152921504607895552:34896609282,102,1,['1152921504607895552:34896609280'],109,0.009174312,1,1,0,0,0,535,0,528,7,5932112
1152921504607895552:34896609536,101,1,['1152921504607895552:34896609280'],109,0.009174312,1,1,0,0,0,535,0,528,7,5932112
1152921504607895552:34896611328,104,1,['1152921504607895552:34896609280'],109,0.009174312,1,1,0,0,0,535,0,528,7,5932112
1152921504607895552:34896740352,107,1,['1152921504607895552:34896609280'],109,0.009174312,1,1,0,0,0,535,0,528,7,5932112
1152921504607895552:34896871424,102,1,['1152921504607895552:34896609280'],109,0.009174312,1,1,0,0,0,535,0,528,7,5932112
1152921504607895552:34897657856,100,1,['1152921504607895552:34896609280'],109,0.009174312,1,1,0,0,0,535,0,528,7,5932112
1152921504607895552:34913386496,103,1,['1152921504607895552:34896609280'],109,0.009174312,1,1,0,0,0,535,0,528,7,5932112
1152921504607895552:35165044736,105,1,['1152921504607895552:34896609280'],109,0.009174312,1,1,0,0,0,535,0,528,7,5932112
1152921504607895552:39191576576,104,1,['1152921504607895552:34896609280'],109,0.009174312,1,1,0,0,0,535,0,528,7,5932112
1152921504607895552:43486543872,100,1,['1152921504607895552:34896609280'],109,0.009174312,1,1,0,0,0,535,0,528,7,5932112
1152921504607895552:52076478464,106,1,['1152921504607895552:34896609280'],109,0.009174312,1,1,0,0,0,535,0,528,7,5932112
1152921504607895552:536870917,107,1,['1152921504607895552:536870916'],108,0.009259259,1,1,0,0,0,535,0,528,7,5932112
1152921504607895552:536870918,102,1,['1152921504607895552:536870916'],108,0.009259259,1,1,0,0,0,535,0,528,7,5932112
1152921504607895552:536870921,105,1,['1152921504607895552:536870920'],106,0.009433962,1,1,0,0,0,535,0,528,7,5932112
1152921504607895552:536870922,102,1,['1152921504607895552:536870920'],106,0.009433962,1,1,0,0,0,535,0,528,7,5932112
1152921504607895552:536879105,104,1,['1152921504607895552:536879104'],101,0.00990099,1,1,0,0,0,535,0,528,7,5932112
1152921504607895552:536887297,106,1,['1152921504607895552:536887296'],109,0.009174312,1,1,0,0,0,535,0,528,7,5932112
1152921504607895552:536887298,100,1,['1152921504607895552:536887296'],109,0.009174312,1,1,0,0,0,535,0,528,7,5932112
1152921504607895552:536887424,100,1,['1152921504607895552:536887296'],109,0.009174312,1,1,0,0,0,535,0,528,7,5932112
1152921504607895552:536887552,101,1,['1152921504607895552:536887296'],109,0.009174312,1,1,0,0,0,535,0,528,7,5932112
1152921504607895552:536889344,103,1,['1152921504607895552:536887296'],109,0.009174312,1,1,0,0,0,535,0,528,7,5932112
1152921504607895552:537001988,107,1,['1152921504607895552:536870916'],108,0.009259259,1,1,0,0,0,535,0,528,7,5932112
1152921504607895552:537001992,107,1,['1152921504607895552:536870920'],106,0.009433962,1,1,0,0,0,535,0,528,7,5932112
1152921504607895552:537010176,104,1,['1152921504607895552:536879104'],101,0.00990099,1,1,0,0,0,535,0,528,7,5932112
1152921504607895552:537018368,103,1,['1152921504607895552:536887296'],109,0.009174312,1,1,0,0,0,535,0,528,7,5932112
1152921504607895552:537133060,103,1,['1152921504607895552:536870916'],108,0.009259259,1,1,0,0,0,535,0,528,7,5932112
1152921504607895552:537133064,103,1,['1152921504607895552:536870920'],106,0.009433962,1,1,0,0,0,535,0,528,7,5932112
1152921504607895552:553648132,104,1,['1152921504607895552:536870916'],108,0.009259259,1,1,0,0,0,535,0,528,7,5932112
1152921504607895552:553648136,103,1,['1152921504607895552:536870920'],106,0.009433962,1,1,0,0,0,535,0,528,7,5932112
1152921504607895552:553648144,102,1,['1297036692683751424:268435456'],106,0.009433962,1,1,0,0,0,535,0,528,7,5932112
1152921504607895552:553649152,101,1,['1297036692750860288:0'],101,0.00990099,1,1,0,0,0,535,0,528,7,5932112
1152921504607895552:553664512,104,1,['1152921504607895552:536887296'],109,0.009174312,1,1,0,0,0,535,0,528,7,5932112
1152921504607895552:555745280,106,1,['1297036692717305856:0'],105,0.00952381,1,1,0,0,0,535,0,528,7,5932112
1152921504607895552:557842432,101,1,['1297036692683767808:0'],103,0.009708738,1,1,0,0,0,535,0,528,7,5932112
1152921504607895552:562036736,106,1,['1297036692683751432:0'],106,0.009433962,1,1,0,0,0,535,0,528,7,5932112
1152921504607895552:570425345,106,1,['1152921504607895552:570425344'],106,0.009433962,1,1,0,0,0,535,0,528,7,5932112
1152921504607895552:570427392,103,1,['1152921504607895552:570425344'],106,0.009433962,1,1,0,0,0,535,0,528,7,5932112
1152921504607895552:570687488,100,1,['1152921504607895552:570425344'],106,0.009433962,1,1,0,0,0,535,0,528,7,5932112
1152921504607895552:805306372,105,1,['1152921504607895552:536870916'],108,0.009259259,1,1,0,0,0,535,0,528,7,5932112
1152921504607895552:805306376,101,1,['1152921504607895552:536870920'],106,0.009433962,1,1,0,0,0,535,0,528,7,5932112
1152921504607895552:805314560,101,1,['1152921504607895552:536879104'],101,0.00990099,1,1,0,0,0,535,0,528,7,5932112
1152921504607895553:537001984,105,1,['1152921504606852096:536870912'],103,0.009708738,1,1,0,0,0,535,0,528,7,5932112
1152921504607895553:805306368,102,1,['1152921504606852096:536870912'],103,0.009708738,1,1,0,0,0,535,0,528,7,5932112
1152921504607895554:537001984,108,1,['1152921504606851584:536870912'],106,0.009433962,1,1,0,0,0,535,0,528,7,5932112
1152921504607895554:805306368,106,1,['1152921504606851584:536870912'],106,0.009433962,1,1,0,0,0,535,0,528,7,5932112
1152921504607895556:553648128,103,1,['10376293541461626880:16777216'],106,0.009433962,1,1,0,0,0,535,0,528,7,5932112
1152921504607895560:553648128,106,1,['10376293541461626880:8192'],108,0.009259259,1,1,0,0,0,535,0,528,7,5932112
1152921504607895568:553648128,102,1,['10376293541461626880:4'],103,0.009708738,1,1,0,0,0,535,0,528,7,5932112
1152921504607895616:553648128,105,1,['1315051091193233408:0'],108,0.009259259,1,1,0,0,0,535,0,528,7,5932112
1152921504607895680:553648128,106,1,['1297045488776773632:0'],108,0.009259259,1,1,0,0,0,535,0,528,7,5932112
1152921504607896064:553648128,103,1,['1297036692685848576:0'],103,0.009708738,1,1,0,0,0,535,0,528,7,5932112
1152921504607896576:553648128,100,1,['1297036692683752448:0'],100,0.01,1,1,0,0,0,535,0,528,7,5932112
1152921504607897600:537001984,103,1,['1152921504607897600:536870912'],104,0.009615385,1,1,0,0,0,535,0,528,7,5932112
1152921504607897600:537133056,100,1,['1152921504607897600:536870912'],104,0.009615385,1,1,0,0,0,535,0,528,7,5932112
1152921504607899648:536870920,101,1,['1152921504607895552:536870920'],106,0.009433962,1,1,0,0,0,535,0,528,7,5932112
1152921504607899648:805306368,102,1,['1297107061427929088:0'],101,0.00990099,1,1,0,0,0,535,0,528,7,5932112
1152921504607903744:34896609280,106,1,['1152921504607895552:34896609280'],109,0.009174312,1,1,0,0,0,535,0,528,7,5932112
1152921504607903744:536870916,101,1,['1152921504607895552:536870916'],108,0.009259259,1,1,0,0,0,535,0,528,7,5932112
1152921504607903744:536870920,105,1,['1152921504607895552:536870920'],106,0.009433962,1,1,0,0,0,535,0,528,7,5932112
1152921504607903744:536870928,100,1,['1297036692683751424:268435456'],106,0.009433962,1,1,0,0,0,535,0,528,7,5932112
1152921504607903744:536887296,105,1,['1152921504607895552:536887296'],109,0.009174312,1,1,0,0,0,535,0,528,7,5932112
1152921504607911936:553648128,102,1,['10376293541461626880:16384'],105,0.00952381,1,1,0,0,0,535,0,528,7,5932112
1152921504607928320:34896609280,106,1,['1152921504607895552:34896609280'],109,0.009174312,1,1,0,0,0,535,0,528,7,5932112
1152921504607928320:536870916,106,1,['1152921504607895552:536870916'],108,0.009259259,1,1,0,0,0,535,0,528,7,5932112
1152921504607928320:536870920,101,1,['1152921504607895552:536870920'],106,0.009433962,1,1,0,0,0,535,0,528,7,5932112
1152921504607928320:536879104,103,1,['1152921504607895552:536879104'],101,0.00990099,1,1,0,0,0,535,0,528,7,5932112
1152921504607928320:536887296,105,1,['1152921504607895552:536887296'],109,0.009174312,1,1,0,0,0,535,0,528,7,5932112
1152921504607928320:570425344,103,1,['1152921504607895552:570425344'],106,0.009433962,1,1,0,0,0,535,0,528,7,5932112
1152921504608419840:553648128,102,1,['1297036694831235072:0'],104,0.009615385,1,1,0,0,0,535,0,528,7,5932112
1152921504608948224:536870976,101,1,['1152921504607897600:536870912'],104,0.009615385,1,1,0,0,0,535,0,528,7,5932112
1152921504608948224:553648128,103,1,['1152921504607897600:536870912'],104,0.009615385,1,1,0,0,0,535,0,528,7,5932112
1152921504608948224:603979776,101,1,['1152921504607897600:536870912'],104,0.009615385,1,1,0,0,0,535,0,528,7,5932112
1152921504608948224:69256347648,102,1,['1152921504607897600:536870912'],104,0.009615385,1,1,0,0,0,535,0,528,7,5932112
1152921504609992704:553648128,104,1,['1297036692683751936:0'],106,0.009433962,1,1,0,0,0,535,0,528,7,5932112
1152921504611045888:536870912,107,1,['1152921504606851584:536870912'],106,0.009433962,1,1,0,0,0,535,0,528,7,5932112
1152921504611046400:536870912,104,1,['1152921504606852096:536870912'],103,0.009708738,1,1,0,0,0,535,0,528,7,5932112
1152921504612089856:537001984,108,1,['1152921504612089856:536870912'],101,0.00990099,1,1,0,0,0,535,0,528,7,5932112
1152921504612089856:537133056,102,1,['1152921504612089856:536870912'],101,0.00990099,1,1,0,0,0,535,0,528,7,5932112
1152921504612089856:553648128,105,1,['1152921504612089856:536870912'],101,0.00990099,1,1,0,0,0,535,0,528,7,5932112
1152921504612089856:603979776,100,1,['1152921504612089856:536870912'],101,0.00990099,1,1,0,0,0,535,0,528,7,5932112
1152921504612089856:805306368,106,1,['1152921504612089856:536870912'],101,0.00990099,1,1,0,0,0,535,0,528,7,5932112
1152921504612093952:536870912,101,1,['1152921504612089856:536870912'],101,0.00990099,1,1,0,0,0,535,0,528,7,5932112
1152921504612098048:536870912,107,1,['1152921504612089856:536870912'],101,0.00990099,1,1,0,0,0,535,0,528,7,5932112
1152921504612122624:536870912,102,1,['1152921504612089856:536870912'],101,0.00990099,1,1,0,0,0,535,0,528,7,5932112
1152921504613142528:536870912,103,1,['1152921504607897600:536870912'],104,0.009615385,1,1,0,0,0,535,0,528,7,5932112
1152921504616284160:537001984,106,1,['1152921504616284160:536870912'],104,0.009615385,1,1,0,0,0,535,0,528,7,5932112
1152921504616284160:537133056,102,1,['1152921504616284160:536870912'],104,0.009615385,1,1,0,0,0,535,0,528,7,5932112
1152921504616284160:553648128,104,1,['1152921504616284160:536870912'],104,0.009615385,1,1,0,0,0,535,0,528,7,5932112
1152921504616316928:536870912,105,1,['1152921504616284160:536870912'],104,0.009615385,1,1,0,0,0,535,0,528,7,5932112
1152921504623628800:536870912,104,1,['1152921504606851584:536870912'],106,0.009433962,1,1,0,0,0,535,0,528,7,5932112
1152921504624672768:34896609280,104,1,['1152921504607895552:34896609280'],109,0.009174312,1,1,0,0,0,535,0,528,7,5932112
1152921504624672768:536870916,103,1,['1152921504607895552:536870916'],108,0.009259259,1,1,0,0,0,535,0,528,7,5932112
1152921504624672768:536870920,104,1,['1152921504607895552:536870920'],106,0.009433962,1,1,0,0,0,535,0,528,7,5932112
1152921504624672768:536887296,102,1,['1152921504607895552:536887296'],109,0.009174312,1,1,0,0,0,535,0,528,7,5932112
1152921504624672768:570425344,102,1,['1152921504607895552:570425344'],106,0.009433962,1,1,0,0,0,535,0,528,7,5932112
1152921504624672770:536870912,102,1,['1152921504606851584:536870912'],106,0.009433962,1,1,0,0,0,535,0,528,7,5932112
1152921504624674816:536870912,100,1,['1152921504607897600:536870912'],104,0.009615385,1,1,0,0,0,535,0,528,7,5932112
1152921504628867072:536870912,102,1,['1152921504612089856:536870912'],101,0.00990099,1,1,0,0,0,535,0,528,7,5932112
1152921504675004416:553648128,102,1,['10376293541461626880:16'],105,0.00952381,1,1,0,0,0,535,0,528,7,5932112
1152921504741064705:68719476738,100,1,['1188950301626859520:536870912'],95,0.010526316,1,1,0,0,0,535,0,528,7,5932112
1152921504741064705:68719480832,101,1,['1152939096793939968:536870912'],106,0.009433962,1,1,0,0,0,535,0,528,7,5932112
1152921504741064705:68723671040,106,1,['1152921521787764736:536870912'],105,0.00952381,1,1,0,0,0,535,0,528,7,5932112
1152921504741064705:77309411328,105,1,['1152921504616284160:536870912'],104,0.009615385,1,1,0,0,0,535,0,528,7,5932112
1152921504741064705:85899345920,104,1,['1152921504612089856:536870912'],101,0.00990099,1,1,0,0,0,535,0,528,7,5932112
1152921504741064706:68719476737,102,1,['1297036692683753472:0'],103,0.009708738,1,1,0,0,0,535,0,528,7,5932112
1152921504741064706:68719478784,101,1,['1297036692683753472:0'],103,0.009708738,1,1,0,0,0,535,0,528,7,5932112
1152921504741064706:68727865344,104,1,['1297036692683753472:0'],103,0.009708738,1,1,0,0,0,535,0,528,7,5932112
1152921504741064708:68719476737,107,1,['1297036692687945728:0'],105,0.00952381,1,1,0,0,0,535,0,528,7,5932112
1152921504741064708:68719478784,104,1,['1297036692687945728:0'],105,0.00952381,1,1,0,0,0,535,0,528,7,5932112
1152921504741064708:68727865344,109,1,['1297036692687945728:0'],105,0.00952381,1,1,0,0,0,535,0,528,7,5932112
1152921504741064712:68719476737,105,1,['1297036701273686016:0'],104,0.009615385,1,1,0,0,0,535,0,528,7,5932112
1152921504741064712:68727865344,102,1,['1297036701273686016:0'],104,0.009615385,1,1,0,0,0,535,0,528,7,5932112
1152921504741065728:17626545782784,103,1,['1152921504607897600:536870912'],104,0.009615385,1,1,0,0,0,535,0,528,7,5932112
1152921504741067776:68719476736,100,1,['1297036692683751426:0'],107,0.009345794,1,1,0,0,0,535,0,528,7,5932112
1152921504741068800:68719476738,102,1,['1188950301626859520:536870912'],95,0.010526316,1,1,0,0,0,535,0,528,7,5932112
1152921504741068800:68719480832,102,1,['1152939096793939968:536870912'],106,0.009433962,1,1,0,0,0,535,0,528,7,5932112
1152921504741068800:68723671040,103,1,['1152921521787764736:536870912'],105,0.00952381,1,1,0,0,0,535,0,528,7,5932112
1152921504741072896:68719476737,106,1,['1297036692692140032:0'],106,0.009433962,1,1,0,0,0,535,0,528,7,5932112
1152921504741072896:68719478784,105,1,['1297036692692140032:0'],106,0.009433962,1,1,0,0,0,535,0,528,7,5932112
1152921504741072896:68727865344,109,1,['1297036692692140032:0'],106,0.009433962,1,1,0,0,0,535,0,528,7,5932112
1152921504741081088:68719476737,103,1,['1297036709863620608:0'],105,0.00952381,1,1,0,0,0,535,0,528,7,5932112
1152921504741081088:68719478784,103,1,['1297036709863620608:0'],105,0.00952381,1,1,0,0,0,535,0,528,7,5932112
1152921504741097472:68719476737,102,1,['1297071877055840256:0'],103,0.009708738,1,1,0,0,0,535,0,528,7,5932112
1152921504743161857:68719476736,106,1,['1152921504607895552:34896609280'],109,0.009174312,1,1,0,0,0,535,0,528,7,5932112
1152921504743162112:68719476736,108,1,['1152921504607895552:34896609280'],109,0.009174312,1,1,0,0,0,535,0,528,7,5932112
1152921504743165952:68719476736,101,1,['1152921504607895552:34896609280'],109,0.009174312,1,1,0,0,0,535,0,528,7,5932112
1152921504743227392:68719476736,100,1,['1152921504607895552:34896609280'],109,0.009174312,1,1,0,0,0,535,0,528,7,5932112
1152921504743292928:68719476736,104,1,['1152921504607895552:34896609280'],109,0.009174312,1,1,0,0,0,535,0,528,7,5932112
1152921504743424000:68719476736,105,1,['1152921504607895552:34896609280'],109,0.009174312,1,1,0,0,0,535,0,528,7,5932112
1152921505681637376:34896609280,103,1,['1152921504607895552:34896609280'],109,0.009174312,1,1,0,0,0,535,0,528,7,5932112
1152921505681637376:536870916,102,1,['1152921504607895552:536870916'],108,0.009259259,1,1,0,0,0,535,0,528,7,5932112
1152921505681637376:536879104,100,1,['1152921504607895552:536879104'],101,0.00990099,1,1,0,0,0,535,0,528,7,5932112
1152921505681637376:536887296,103,1,['1152921504607895552:536887296'],109,0.009174312,1,1,0,0,0,535,0,528,7,5932112
1152921505681637376:570425344,100,1,['1152921504607895552:570425344'],106,0.009433962,1,1,0,0,0,535,0,528,7,5932112
1152921505685831680:536870912,100,1,['1152921504612089856:536870912'],101,0.00990099,1,1,0,0,0,535,0,528,7,5932112
1152921506754334720:536870976,101,1,['1152921504616284160:536870912'],104,0.009615385,1,1,0,0,0,535,0,528,7,5932112
1152921506754334720:553648128,105,1,['1152921504616284160:536870912'],104,0.009615385,1,1,0,0,0,535,0,528,7,5932112
1152921506754334720:603979776,103,1,['1152921504616284160:536870912'],104,0.009615385,1,1,0,0,0,535,0,528,7,5932112
1152921506754334720:69256347648,104,1,['1152921504616284160:536870912'],104,0.009615385,1,1,0,0,0,535,0,528,7,5932112
1152921506755379200:553648128,102,1,['1297036692684275712:0'],103,0.009708738,1,1,0,0,0,535,0,528,7,5932112
1152921506888548353:68719476736,104,1,['1152921504607895552:570425344'],106,0.009433962,1,1,0,0,0,535,0,528,7,5932112
1152921506888548608:68719476736,105,1,['1152921504607895552:570425344'],106,0.009433962,1,1,0,0,0,535,0,528,7,5932112
1152921506888552448:68719476736,103,1,['1152921504607895552:570425344'],106,0.009433962,1,1,0,0,0,535,0,528,7,5932112
1152921506888613888:68719476736,100,1,['1152921504607895552:570425344'],106,0.009433962,1,1,0,0,0,535,0,528,7,5932112
1152921506888679424:68719476736,100,1,['1152921504607895552:570425344'],106,0.009433962,1,1,0,0,0,535,0,528,7,5932112
1152921508901818368:536870920,104,1,['1152921504612089856:536870912'],101,0.00990099,1,1,0,0,0,535,0,528,7,5932112
1152921508901818368:536870976,103,1,['1152921504612089856:536870912'],101,0.00990099,1,1,0,0,0,535,0,528,7,5932112
1152921508901818368:536936448,101,1,['1152921504612089856:536870912'],101,0.00990099,1,1,0,0,0,535,0,528,7,5932112
1152921508901818368:537001984,101,1,['1152921504612089856:536870912'],101,0.00990099,1,1,0,0,0,535,0,528,7,5932112
1152921508901818368:553648128,107,1,['1152921504612089856:536870912'],101,0.00990099,1,1,0,0,0,535,0,528,7,5932112
1152921508901818368:570425344,101,1,['1152921504612089856:536870912'],101,0.00990099,1,1,0,0,0,535,0,528,7,5932112
1152921508901818368:603979776,106,1,['1152921504612089856:536870912'],101,0.00990099,1,1,0,0,0,535,0,528,7,5932112
1152921508901818368:69256347648,105,1,['1152921504612089856:536870912'],101,0.00990099,1,1,0,0,0,535,0,528,7,5932112
1152921508902862848:34896609280,106,1,['1152921504607895552:34896609280'],109,0.009174312,1,1,0,0,0,535,0,528,7,5932112
1152921508902862848:536870916,106,1,['1152921504607895552:536870916'],108,0.009259259,1,1,0,0,0,535,0,528,7,5932112
1152921508902862848:536870920,105,1,['1152921504607895552:536870920'],106,0.009433962,1,1,0,0,0,535,0,528,7,5932112
1152921508902862848:536887296,105,1,['1152921504607895552:536887296'],109,0.009174312,1,1,0,0,0,535,0,528,7,5932112
1152921508902862848:570425344,103,1,['1152921504607895552:570425344'],106,0.009433962,1,1,0,0,0,535,0,528,7,5932112
1152921508906012672:536870912,104,1,['1152921504612089856:536870912'],101,0.00990099,1,1,0,0,0,535,0,528,7,5932112
1152921509036032002:68719476736,101,1,['1297036692683753472:0'],103,0.009708738,1,1,0,0,0,535,0,528,7,5932112
1152921509036032004:68719476736,103,1,['1297036692687945728:0'],105,0.00952381,1,1,0,0,0,535,0,528,7,5932112
1152921509036032008:68719476736,104,1,['1297036701273686016:0'],104,0.009615385,1,1,0,0,0,535,0,528,7,5932112
1152921509036032064:68719476736,101,1,['1297036692683751424:4'],104,0.009615385,1,1,0,0,0,535,0,528,7,5932112
1152921509036032512:68719476736,103,1,['1297036692683751424:34359738368'],108,0.009259259,1,1,0,0,0,535,0,528,7,5932112
1152921509036048384:68719476736,104,1,['1297036709863620608:0'],105,0.00952381,1,1,0,0,0,535,0,528,7,5932112
1152921509036064768:68719476736,102,1,['1297071877055840256:0'],103,0.009708738,1,1,0,0,0,535,0,528,7,5932112
1152921513196786688:536870912,103,1,['1152921504606852096:536870912'],103,0.009708738,1,1,0,0,0,535,0,528,7,5932112
1152921513197830144:34896609280,105,1,['1152921504607895552:34896609280'],109,0.009174312,1,1,0,0,0,535,0,528,7,5932112
1152921513197830144:536870916,102,1,['1152921504607895552:536870916'],108,0.009259259,1,1,0,0,0,535,0,528,7,5932112
1152921513197830144:536870920,103,1,['1152921504607895552:536870920'],106,0.009433962,1,1,0,0,0,535,0,528,7,5932112
1152921513197830144:536870928,109,1,['1297036692683751424:268435456'],106,0.009433962,1,1,0,0,0,535,0,528,7,5932112
1152921513197830144:536887296,109,1,['1152921504607895552:536887296'],109,0.009174312,1,1,0,0,0,535,0,528,7,5932112
1152921513197830144:536903680,102,1,['1297036692683751424:134217728'],100,0.01,1,1,0,0,0,535,0,528,7,5932112
1152921513197830144:570425344,103,1,['1152921504607895552:570425344'],106,0.009433962,1,1,0,0,0,535,0,528,7,5932112
1152921513197830144:671088640,101,1,['1297036692683751424:32768'],106,0.009433962,1,1,0,0,0,535,0,528,7,5932112
1152921513197830145:536870912,102,1,['1152921504606852096:536870912'],103,0.009708738,1,1,0,0,0,535,0,528,7,5932112
1152921513197830146:536870912,103,1,['1152921504606851584:536870912'],106,0.009433962,1,1,0,0,0,535,0,528,7,5932112
1152921513197830152:536870912,104,1,['10376293541461626880:8192'],108,0.009259259,1,1,0,0,0,535,0,528,7,5932112
1152921513197830160:536870912,106,1,['10376293541461626880:4'],103,0.009708738,1,1,0,0,0,535,0,528,7,5932112
1152921513197830208:536870912,104,1,['1315051091193233408:0'],108,0.009259259,1,1,0,0,0,535,0,528,7,5932112
1152921513197830272:536870912,104,1,['1297045488776773632:0'],108,0.009259259,1,1,0,0,0,535,0,528,7,5932112
1152921513197830400:536870912,103,1,['1297036696978718720:0'],103,0.009708738,1,1,0,0,0,535,0,528,7,5932112
1152921513197831168:536870912,103,1,['1297036692683752448:0'],100,0.01,1,1,0,0,0,535,0,528,7,5932112
1152921513197832192:536870912,102,1,['1152921504607897600:536870912'],104,0.009615385,1,1,0,0,0,535,0,528,7,5932112
1152921513197846528:536870912,107,1,['10376293541461626880:16384'],105,0.00952381,1,1,0,0,0,535,0,528,7,5932112
1152921513197961216:536870912,103,1,['1306043891938492416:0'],102,0.009803922,1,1,0,0,0,535,0,528,7,5932112
1152921513198092288:536870912,107,1,['1297041090730262528:0'],104,0.009615385,1,1,0,0,0,535,0,528,7,5932112
1152921513198354432:536870912,104,1,['1297036694831235072:0'],104,0.009615385,1,1,0,0,0,535,0,528,7,5932112
1152921513199927296:536870912,107,1,['1297036692683751936:0'],106,0.009433962,1,1,0,0,0,535,0,528,7,5932112
1152921513202024448:536870912,107,1,['1152921504612089856:536870912'],101,0.00990099,1,1,0,0,0,535,0,528,7,5932112
1152921513206218752:536870912,103,1,['1152921504616284160:536870912'],104,0.009615385,1,1,0,0,0,535,0,528,7,5932112
1152921513231384576:536870912,100,1,['10376293541461626880:32768'],105,0.00952381,1,1,0,0,0,535,0,528,7,5932112
1152921513331000320:68719476736,100,1,['1297036692683751432:0'],106,0.009433962,1,1,0,0,0,535,0,528,7,5932112
1152921513466265600:536870912,105,1,['1301540292311121920:0'],101,0.00990099,1,1,0,0,0,535,0,528,7,5932112
1152921515344269312:536870912,104,1,['1152921504616284160:536870912'],104,0.009615385,1,1,0,0,0,535,0,528,7,5932112
1152921515345313792:536870912,104,1,['1297036692684275712:0'],103,0.009708738,1,1,0,0,0,535,0,528,7,5932112
1152921517491752960:536870912,106,1,['1152921504612089856:536870912'],101,0.00990099,1,1,0,0,0,535,0,528,7,5932112
1152921521787764736:536871040,100,1,['1152921521787764736:536870912'],105,0.00952381,1,1,0,0,0,535,0,528,7,5932112
1152921521787764736:537001984,104,1,['1152921521787764736:536870912'],105,0.00952381,1,1,0,0,0,535,0,528,7,5932112
1152921521787764736:537133056,100,1,['1152921521787764736:536870912'],105,0.00952381,1,1,0,0,0,535,0,528,7,5932112
1152921521787764736:553648128,105,1,['1152921521787764736:536870912'],105,0.00952381,1,1,0,0,0,535,0,528,7,5932112
1152921521787764736:805306368,105,1,['1152921521787764736:536870912'],105,0.00952381,1,1,0,0,0,535,0,528,7,5932112
1152921521787797504:536870912,106,1,['1152921521787764736:536870912'],105,0.00952381,1,1,0,0,0,535,0,528,7,5932112
1152921522861506560:536870912,103,1,['1152921521787764736:536870912'],105,0.00952381,1,1,0,0,0,535,0,528,7,5932112
1152921526082732032:536870912,105,1,['1152921521787764736:536870912'],105,0.00952381,1,1,0,0,0,535,0,528,7,5932112
1152921530377699328:536870912,108,1,['1152921521787764736:536870912'],105,0.00952381,1,1,0,0,0,535,0,528,7,5932112
1152921538967633920:553648128,105,1,['10376293541461626880:134217728'],107,0.009345794,1,1,0,0,0,535,0,528,7,5932112
1152921547557568512:536870912,108,1,['10376293541461626880:134217728'],107,0.009345794,1,1,0,0,0,535,0,528,7,5932112
1152921573326328320:536870912,101,1,['1152921504606851584:536870912'],106,0.009433962,1,1,0,0,0,535,0,528,7,5932112
1152921573327372288:553648128,100,1,['10376293541461626880:65536'],101,0.00990099,1,1,0,0,0,535,0,528,7,5932112
1152921575473811456:536870912,100,1,['1152921504616284160:536870912'],104,0.009615385,1,1,0,0,0,535,0,528,7,5932112
1152921642046849024:553648128,102,1,['10376293541461626880:32'],105,0.00952381,1,1,0,0,0,535,0,528,7,5932112
1152921650636783616:536870912,103,1,['10376293541461626880:32'],105,0.00952381,1,1,0,0,0,535,0,528,7,5932112
1152921779484758528:536870912,100,1,['1152921504606851584:536870912'],106,0.009433962,1,1,0,0,0,535,0,528,7,5932112
1152922604119523328:34896609280,101,1,['1152921504607895552:34896609280'],109,0.009174312,1,1,0,0,0,535,0,528,7,5932112
1152922604119523328:536887296,101,1,['1152921504607895552:536887296'],109,0.009174312,1,1,0,0,0,535,0,528,7,5932112
1152923703631151104:553648128,103,1,['1297036693220622336:0'],103,0.009708738,1,1,0,0,0,535,0,528,7,5932112
1152923712221085696:536870912,100,1,['1297036693220622336:0'],103,0.009708738,1,1,0,0,0,535,0,528,7,5932112
1152925902653362176:536870920,103,1,['1152921521787764736:536870912'],105,0.00952381,1,1,0,0,0,535,0,528,7,5932112
1152925902653362176:536936448,100,1,['1152921521787764736:536870912'],105,0.00952381,1,1,0,0,0,535,0,528,7,5932112
1152925902653362176:537001984,100,1,['1152921521787764736:536870912'],105,0.00952381,1,1,0,0,0,535,0,528,7,5932112
1152925902653362176:553648128,106,1,['1152921521787764736:536870912'],105,0.00952381,1,1,0,0,0,535,0,528,7,5932112
1152925902653362176:570425344,100,1,['1152921521787764736:536870912'],105,0.00952381,1,1,0,0,0,535,0,528,7,5932112
1152925902653362176:603979776,105,1,['1152921521787764736:536870912'],105,0.00952381,1,1,0,0,0,535,0,528,7,5932112
1152925902654406656:553648128,103,1,['1297036692684013568:0'],102,0.009803922,1,1,0,0,0,535,0,528,7,5932112
1152925902787575809:68719476736,102,1,['1152921504607895552:536887296'],109,0.009174312,1,1,0,0,0,535,0,528,7,5932112
1152925902787576064:68719476736,107,1,['1152921504607895552:536887296'],109,0.009174312,1,1,0,0,0,535,0,528,7,5932112
1152925902787579904:68719476736,103,1,['1152921504607895552:536887296'],109,0.009174312,1,1,0,0,0,535,0,528,7,5932112
1152925902787706880:68719476736,106,1,['1152921504607895552:536887296'],109,0.009174312,1,1,0,0,0,535,0,528,7,5932112
1152925902787837952:68719476736,107,1,['1152921504607895552:536887296'],109,0.009174312,1,1,0,0,0,535,0,528,7,5932112
1152925911244341248:536870912,100,1,['1297036692684013568:0'],102,0.009803922,1,1,0,0,0,535,0,528,7,5932112
1152930300699873280:34896609280,107,1,['1297036692683751426:0'],107,0.009345794,1,1,0,0,0,535,0,528,7,5932112
1152930300699873280:536870916,109,1,['1297036692683751440:0'],109,0.009174312,1,1,0,0,0,535,0,528,7,5932112
1152930300699873280:536870928,103,1,['1297036692750860288:0'],101,0.00990099,1,1,0,0,0,535,0,528,7,5932112
1152930300699873280:536879104,109,1,['1297036692683751432:0'],106,0.009433962,1,1,0,0,0,535,0,528,7,5932112
1152930300699873280:536887296,104,1,['1297036692683767808:0'],103,0.009708738,1,1,0,0,0,535,0,528,7,5932112
1152930300699873280:536903680,103,1,['1297036692717305856:0'],105,0.00952381,1,1,0,0,0,535,0,528,7,5932112
1152930300699873280:671088640,107,1,['1297036727043489792:0'],105,0.00952381,1,1,0,0,0,535,0,528,7,5932112
1152930300699873280:805306368,103,1,['1297107061427929088:0'],101,0.00990099,1,1,0,0,0,535,0,528,7,5932112
1152930300700917760:34896609280,104,1,['1152921504607895552:34896609280'],109,0.009174312,1,1,0,0,0,535,0,528,7,5932112
1152930300700917760:536870916,105,1,['1152921504607895552:536870916'],108,0.009259259,1,1,0,0,0,535,0,528,7,5932112
1152930300700917760:536879104,101,1,['1152921504607895552:536879104'],101,0.00990099,1,1,0,0,0,535,0,528,7,5932112
1152930300700917760:536887296,105,1,['1152921504607895552:536887296'],109,0.009174312,1,1,0,0,0,535,0,528,7,5932112
1152930300700917760:570425344,103,1,['1152921504607895552:570425344'],106,0.009433962,1,1,0,0,0,535,0,528,7,5932112
1152930300834086913:68719476736,102,1,['1152921504607895552:536879104'],101,0.00990099,1,1,0,0,0,535,0,528,7,5932112
1152930300834091008:68719476736,102,1,['1152921504607895552:536879104'],101,0.00990099,1,1,0,0,0,535,0,528,7,5932112
1152930300834217984:68719476736,102,1,['1152921504607895552:536879104'],101,0.00990099,1,1,0,0,0,535,0,528,7,5932112
1152930300834349056:68719476736,104,1,['1152921504607895552:536879104'],101,0.00990099,1,1,0,0,0,535,0,528,7,5932112
1152939096793939968:537001984,104,1,['1152939096793939968:536870912'],106,0.009433962,1,1,0,0,0,535,0,528,7,5932112
1152939096793939968:537133056,100,1,['1152939096793939968:536870912'],106,0.009433962,1,1,0,0,0,535,0,528,7,5932112
1152939096793939968:553648128,100,1,['1152939096793939968:536870912'],106,0.009433962,1,1,0,0,0,535,0,528,7,5932112
1152939096793972736:536870912,102,1,['1152939096793939968:536870912'],106,0.009433962,1,1,0,0,0,535,0,528,7,5932112
1152939096927110144:68719476736,100,1,['1297036692683751440:0'],109,0.009174312,1,1,0,0,0,535,0,528,7,5932112
1152939105383874560:536870912,100,1,['1152939096793939968:536870912'],106,0.009433962,1,1,0,0,0,535,0,528,7,5932112
1152947892885917696:536870912,108,1,['1297036692683751488:0'],107,0.009345794,1,1,0,0,0,535,0,528,7,5932112
1152947892886962176:536870912,102,1,['1152939096793939968:536870912'],106,0.009433962,1,1,0,0,0,535,0,528,7,5932112
1152956688979984384:34896609280,106,1,['1152921504607895552:34896609280'],109,0.009174312,1,1,0,0,0,535,0,528,7,5932112
1152956688979984384:536870916,105,1,['1152921504607895552:536870916'],108,0.009259259,1,1,0,0,0,535,0,528,7,5932112
1152956688979984384:536870920,100,1,['1152921504607895552:536870920'],106,0.009433962,1,1,0,0,0,535,0,528,7,5932112
1152956688979984384:536870928,102,1,['1297036692683751424:268435456'],106,0.009433962,1,1,0,0,0,535,0,528,7,5932112
1152956688979984384:536879104,101,1,['1152921504607895552:536879104'],101,0.00990099,1,1,0,0,0,535,0,528,7,5932112
1152956688979984384:570425344,102,1,['1152921504607895552:570425344'],106,0.009433962,1,1,0,0,0,535,0,528,7,5932112
1152956688979984384:671088640,100,1,['1297036692683751424:32768'],106,0.009433962,1,1,0,0,0,535,0,528,7,5932112
1152956688979984385:536870912,103,1,['1152921504606852096:536870912'],103,0.009708738,1,1,0,0,0,535,0,528,7,5932112
1152956688979984386:536870912,105,1,['1152921504606851584:536870912'],106,0.009433962,1,1,0,0,0,535,0,528,7,5932112
1152956688979984388:536870912,101,1,['10376293541461626880:16777216'],106,0.009433962,1,1,0,0,0,535,0,528,7,5932112
1152956688979984392:536870912,106,1,['10376293541461626880:8192'],108,0.009259259,1,1,0,0,0,535,0,528,7,5932112
1152956688979984400:536870912,103,1,['10376293541461626880:4'],103,0.009708738,1,1,0,0,0,535,0,528,7,5932112
1152956688979984448:536870912,105,1,['1315051091193233408:0'],108,0.009259259,1,1,0,0,0,535,0,528,7,5932112
1152956688979984512:536870912,105,1,['1297045488776773632:0'],108,0.009259259,1,1,0,0,0,535,0,528,7,5932112
1152956688979984896:536870912,103,1,['1297036692685848576:0'],103,0.009708738,1,1,0,0,0,535,0,528,7,5932112
1152956688979985408:536870912,100,1,['1297036692683752448:0'],100,0.01,1,1,0,0,0,535,0,528,7,5932112
1152956688979986432:536870912,101,1,['1152921504607897600:536870912'],104,0.009615385,1,1,0,0,0,535,0,528,7,5932112
1152956688980000768:536870912,102,1,['10376293541461626880:16384'],105,0.00952381,1,1,0,0,0,535,0,528,7,5932112
1152956688980246528:536870912,103,1,['1297041090730262528:0'],104,0.009615385,1,1,0,0,0,535,0,528,7,5932112
1152956688980508672:536870912,102,1,['1297036694831235072:0'],104,0.009615385,1,1,0,0,0,535,0,528,7,5932112
1152956688982081536:536870912,104,1,['1297036692683751936:0'],106,0.009433962,1,1,0,0,0,535,0,528,7,5932112
1152956688984178688:536870912,106,1,['1152921504612089856:536870912'],101,0.00990099,1,1,0,0,0,535,0,528,7,5932112
1152956688988372992:536870912,102,1,['1152921504616284160:536870912'],104,0.009615385,1,1,0,0,0,535,0,528,7,5932112
1152956689047093248:536870912,105,1,['10376293541461626880:16'],105,0.00952381,1,1,0,0,0,535,0,528,7,5932112
1152956689248419840:536870912,101,1,['1301540292311121920:0'],101,0.00990099,1,1,0,0,0,535,0,528,7,5932112
1152956691127468032:536870912,101,1,['1297036692684275712:0'],103,0.009708738,1,1,0,0,0,535,0,528,7,5932112
1152956706159853568:536870912,101,1,['1152921521787764736:536870912'],105,0.00952381,1,1,0,0,0,535,0,528,7,5932112
1152956723339722752:536870912,100,1,['10376293541461626880:134217728'],107,0.009345794,1,1,0,0,0,535,0,528,7,5932112
1152956826418937856:536870912,102,1,['10376293541461626880:32'],105,0.00952381,1,1,0,0,0,535,0,528,7,5932112
1152958888003239936:536870912,102,1,['1297036693220622336:0'],103,0.009708738,1,1,0,0,0,535,0,528,7,5932112
1152961087026495488:536870912,101,1,['1297036692684013568:0'],102,0.009803922,1,1,0,0,0,535,0,528,7,5932112
1152974281166028800:536870912,101,1,['1152939096793939968:536870912'],106,0.009433962,1,1,0,0,0,535,0,528,7,5932112
1152991873351029248:536870912,103,1,['1152921504606851584:536870912'],106,0.009433962,1,1,0,0,0,535,0,528,7,5932112
1152991873352073216:34896609280,108,1,['1152921504607895552:34896609280'],109,0.009174312,1,1,0,0,0,535,0,528,7,5932112
1152991873352073216:536870916,109,1,['1152921504607895552:536870916'],108,0.009259259,1,1,0,0,0,535,0,528,7,5932112
1152991873352073216:536870920,108,1,['1152921504607895552:536870920'],106,0.009433962,1,1,0,0,0,535,0,528,7,5932112
1152991873352073216:536870928,109,1,['1297036692683751424:268435456'],106,0.009433962,1,1,0,0,0,535,0,528,7,5932112
1152991873352073216:536879104,107,1,['1152921504607895552:536879104'],101,0.00990099,1,1,0,0,0,535,0,528,7,5932112
1152991873352073216:536887296,106,1,['1152921504607895552:536887296'],109,0.009174312,1,1,0,0,0,535,0,528,7,5932112
1152991873352073216:536903680,107,1,['1297036692683751424:134217728'],100,0.01,1,1,0,0,0,535,0,528,7,5932112
1152991873352073216:570425344,108,1,['1152921504607895552:570425344'],106,0.009433962,1,1,0,0,0,535,0,528,7,5932112
1152991873352073217:536870912,105,1,['1152921504606852096:536870912'],103,0.009708738,1,1,0,0,0,535,0,528,7,5932112
1152991873352075264:536870912,107,1,['1152921504607897600:536870912'],104,0.009615385,1,1,0,0,0,535,0,528,7,5932112
1152991873353125888:536870912,100,1,['1152921504607897600:536870912'],104,0.009615385,1,1,0,0,0,535,0,528,7,5932112
1152991873360461824:536870912,105,1,['1152921504616284160:536870912'],104,0.009615385,1,1,0,0,0,535,0,528,7,5932112
1152991875498512384:536870912,103,1,['1152921504616284160:536870912'],104,0.009615385,1,1,0,0,0,535,0,528,7,5932112
1152991877645996032:536870912,105,1,['1152921504612089856:536870912'],101,0.00990099,1,1,0,0,0,535,0,528,7,5932112
1152991890531942400:536870912,107,1,['1152921521787764736:536870912'],105,0.00952381,1,1,0,0,0,535,0,528,7,5932112
1152996271397539840:536870912,100,1,['1152921521787764736:536870912'],105,0.00952381,1,1,0,0,0,535,0,528,7,5932112
1153009465538117632:536870912,106,1,['1152939096793939968:536870912'],106,0.009433962,1,1,0,0,0,535,0,528,7,5932112
1153062242096250880:34896609280,101,1,['1152921504607895552:34896609280'],109,0.009174312,1,1,0,0,0,535,0,528,7,5932112
1153062242096250880:536870920,100,1,['1152921504607895552:536870920'],106,0.009433962,1,1,0,0,0,535,0,528,7,5932112
1153062242096250880:536887296,101,1,['1152921504607895552:536887296'],109,0.009174312,1,1,0,0,0,535,0,528,7,5932112
1153062242100445184:536870912,102,1,['1152921504612089856:536870912'],101,0.00990099,1,1,0,0,0,535,0,528,7,5932112
1153071038188228608:536870912,103,1,['1297037242439565312:0'],103,0.009708738,1,1,0,0,0,535,0,528,7,5932112
1157425104235266048:34896609280,104,1,['1152921504607895552:34896609280'],109,0.009174312,1,1,0,0,0,535,0,528,7,5932112
1157425104235266048:536870916,104,1,['1152921504607895552:536870916'],108,0.009259259,1,1,0,0,0,535,0,528,7,5932112
1157425104235266048:536870920,104,1,['1152921504607895552:536870920'],106,0.009433962,1,1,0,0,0,535,0,528,7,5932112
1157425104235266048:536879104,100,1,['1152921504607895552:536879104'],101,0.00990099,1,1,0,0,0,535,0,528,7,5932112
1157425104235266048:536887296,104,1,['1152921504607895552:536887296'],109,0.009174312,1,1,0,0,0,535,0,528,7,5932112
1157425104235266048:570425344,102,1,['1152921504607895552:570425344'],106,0.009433962,1,1,0,0,0,535,0,528,7,5932112
1161928703861592064:34896609280,105,1,['1297036692683751426:0'],107,0.009345794,1,1,0,0,0,535,0,528,7,5932112
1161928703861592064:536870916,106,1,['1297036692683751440:0'],109,0.009174312,1,1,0,0,0,535,0,528,7,5932112
1161928703861592064:536870928,100,1,['1297036692750860288:0'],101,0.00990099,1,1,0,0,0,535,0,528,7,5932112
1161928703861592064:536879104,102,1,['1297036692683751432:0'],106,0.009433962,1,1,0,0,0,535,0,528,7,5932112
1161928703861592064:536887296,101,1,['1297036692683767808:0'],103,0.009708738,1,1,0,0,0,535,0,528,7,5932112
1161928703861592064:536903680,105,1,['1297036692717305856:0'],105,0.00952381,1,1,0,0,0,535,0,528,7,5932112
1161928703861592064:671088640,104,1,['1297036727043489792:0'],105,0.00952381,1,1,0,0,0,535,0,528,7,5932112
1161928703995805697:68719476736,106,1,['1152921504607895552:536870920'],106,0.009433962,1,1,0,0,0,535,0,528,7,5932112
1161928703995805952:68719476736,103,1,['1152921504607895552:536870920'],106,0.009433962,1,1,0,0,0,535,0,528,7,5932112
1161928703995809792:68719476736,105,1,['1152921504607895552:536870920'],106,0.009433962,1,1,0,0,0,535,0,528,7,5932112
1161928703995871232:68719476736,103,1,['1152921504607895552:536870920'],106,0.009433962,1,1,0,0,0,535,0,528,7,5932112
1161928703995936768:68719476736,102,1,['1152921504607895552:536870920'],106,0.009433962,1,1,0,0,0,535,0,528,7,5932112
1161928703996067840:68719476736,108,1,['1152921504607895552:536870920'],106,0.009433962,1,1,0,0,0,535,0,528,7,5932112
1161946296047636480:536870912,100,1,['1297036692683751488:0'],107,0.009345794,1,1,0,0,0,535,0,528,7,5932112
1170935903116333056:553648128,103,1,['1152939096793939968:536870912'],106,0.009433962,1,1,0,0,0,535,0,528,7,5932112
1170935903117377536:553648128,105,1,['1297036692683751488:0'],107,0.009345794,1,1,0,0,0,535,0,528,7,5932112
1170935903250546689:68719476736,106,1,['1152921504607895552:536870916'],108,0.009259259,1,1,0,0,0,535,0,528,7,5932112
1170935903250546944:68719476736,108,1,['1152921504607895552:536870916'],108,0.009259259,1,1,0,0,0,535,0,528,7,5932112
1170935903250550784:68719476736,102,1,['1152921504607895552:536870916'],108,0.009259259,1,1,0,0,0,535,0,528,7,5932112
1170935903250612224:68719476736,103,1,['1152921504607895552:536870916'],108,0.009259259,1,1,0,0,0,535,0,528,7,5932112
1170935903250677760:68719476736,106,1,['1152921504607895552:536870916'],108,0.009259259,1,1,0,0,0,535,0,528,7,5932112
1170935903250808832:68719476736,105,1,['1152921504607895552:536870916'],108,0.009259259,1,1,0,0,0,535,0,528,7,5932112
1188950301625815552:536870912,103,1,['1152921504606851584:536870912'],106,0.009433962,1,1,0,0,0,535,0,528,7,5932112
1188950301626859520:537001984,100,1,['1188950301626859520:536870912'],95,0.010526316,1,1,0,0,0,535,0,528,7,5932112
1188950301626859520:805306368,100,1,['1188950301626859520:536870912'],95,0.010526316,1,1,0,0,0,535,0,528,7,5932112
1188950301626867712:536870912,101,1,['1188950301626859520:536870912'],95,0.010526316,1,1,0,0,0,535,0,528,7,5932112
1188950302700601344:536870912,100,1,['1188950301626859520:536870912'],95,0.010526316,1,1,0,0,0,535,0,528,7,5932112
1188950305920782336:536870912,103,1,['1152921504612089856:536870912'],101,0.00990099,1,1,0,0,0,535,0,528,7,5932112
1188950305921826816:536870912,102,1,['1188950301626859520:536870912'],95,0.010526316,1,1,0,0,0,535,0,528,7,5932112
1188959097719881728:536870912,101,1,['1188950301626859520:536870912'],95,0.010526316,1,1,0,0,0,535,0,528,7,5932112
1189020670371037184:536870912,102,1,['1188950301626859520:536870912'],95,0.010526316,1,1,0,0,0,535,0,528,7,5932112
1193453901254230016:536870912,100,1,['1188950301626859520:536870912'],95,0.010526316,1,1,0,0,0,535,0,528,7,5932112
1224979098644779520:536870912,108,1,['1152921504606851584:536870912'],106,0.009433962,1,1,0,0,0,535,0,528,7,5932112
1224979098644780032:536870912,105,1,['1152921504606852096:536870912'],103,0.009708738,1,1,0,0,0,535,0,528,7,5932112
1224979098645823488:34896609280,106,1,['1152921504607895552:34896609280'],109,0.009174312,1,1,0,0,0,535,0,528,7,5932112
1224979098645823488:536870916,104,1,['1152921504607895552:536870916'],108,0.009259259,1,1,0,0,0,535,0,528,7,5932112
1224979098645823488:536870920,104,1,['1152921504607895552:536870920'],106,0.009433962,1,1,0,0,0,535,0,528,7,5932112
1224979098645823488:536870928,101,1,['1297036692683751424:268435456'],106,0.009433962,1,1,0,0,0,535,0,528,7,5932112
1224979098645823488:536870944,100,1,['1297036692683751424:131072'],102,0.009803922,1,1,0,0,0,535,0,528,7,5932112
1224979098645823488:536879104,101,1,['1152921504607895552:536879104'],101,0.00990099,1,1,0,0,0,535,0,528,7,5932112
1224979098645823488:536887296,100,1,['1152921504607895552:536887296'],109,0.009174312,1,1,0,0,0,535,0,528,7,5932112
1224979098645823488:671088640,105,1,['1297036692683751424:32768'],106,0.009433962,1,1,0,0,0,535,0,528,7,5932112
1224979098645823489:536870912,102,1,['1152921504606852096:536870912'],103,0.009708738,1,1,0,0,0,535,0,528,7,5932112
1224979098645823490:536870912,104,1,['1152921504606851584:536870912'],106,0.009433962,1,1,0,0,0,535,0,528,7,5932112
1224979098645823492:536870912,107,1,['10376293541461626880:16777216'],106,0.009433962,1,1,0,0,0,535,0,528,7,5932112
1224979098645823496:536870912,108,1,['10376293541461626880:8192'],108,0.009259259,1,1,0,0,0,535,0,528,7,5932112
1224979098645823504:536870912,103,1,['10376293541461626880:4'],103,0.009708738,1,1,0,0,0,535,0,528,7,5932112
1224979098645823616:536870912,107,1,['1297045488776773632:0'],108,0.009259259,1,1,0,0,0,535,0,528,7,5932112
1224979098645823744:536870912,101,1,['1297036696978718720:0'],103,0.009708738,1,1,0,0,0,535,0,528,7,5932112
1224979098645824000:536870912,105,1,['1297036692685848576:0'],103,0.009708738,1,1,0,0,0,535,0,528,7,5932112
1224979098645824512:536870912,100,1,['1297036692683752448:0'],100,0.01,1,1,0,0,0,535,0,528,7,5932112
1224979098645825536:536870912,100,1,['1152921504607897600:536870912'],104,0.009615385,1,1,0,0,0,535,0,528,7,5932112
1224979098645954560:536870912,102,1,['1306043891938492416:0'],102,0.009803922,1,1,0,0,0,535,0,528,7,5932112
1224979098646085632:536870912,102,1,['1297041090730262528:0'],104,0.009615385,1,1,0,0,0,535,0,528,7,5932112
1224979098646347776:536870912,102,1,['1297036694831235072:0'],104,0.009615385,1,1,0,0,0,535,0,528,7,5932112
1224979098646876160:536870912,104,1,['1152921504607897600:536870912'],104,0.009615385,1,1,0,0,0,535,0,528,7,5932112
1224979098647920640:536870912,105,1,['1297036692683751936:0'],106,0.009433962,1,1,0,0,0,535,0,528,7,5932112
1224979098650017792:536870912,107,1,['1152921504612089856:536870912'],101,0.00990099,1,1,0,0,0,535,0,528,7,5932112
1224979098679377920:536870912,105,1,['10376293541461626880:32768'],105,0.00952381,1,1,0,0,0,535,0,528,7,5932112
1224979098914258944:536870912,102,1,['1301540292311121920:0'],101,0.00990099,1,1,0,0,0,535,0,528,7,5932112
1224979100792262656:536870912,106,1,['1152921504616284160:536870912'],104,0.009615385,1,1,0,0,0,535,0,528,7,5932112
1224979100793307136:536870912,104,1,['1297036692684275712:0'],103,0.009708738,1,1,0,0,0,535,0,528,7,5932112
1224979102939746304:536870912,107,1,['1152921504612089856:536870912'],101,0.00990099,1,1,0,0,0,535,0,528,7,5932112
1224979133005561856:536870912,106,1,['10376293541461626880:134217728'],107,0.009345794,1,1,0,0,0,535,0,528,7,5932112
1224979167365300224:536870912,100,1,['10376293541461626880:65536'],101,0.00990099,1,1,0,0,0,535,0,528,7,5932112
1224979236084776960:536870912,103,1,['10376293541461626880:32'],105,0.00952381,1,1,0,0,0,535,0,528,7,5932112
1224981297669079040:536870912,104,1,['1297036693220622336:0'],103,0.009708738,1,1,0,0,0,535,0,528,7,5932112
1224983496691290112:536870912,107,1,['1152921521787764736:536870912'],105,0.00952381,1,1,0,0,0,535,0,528,7,5932112
1224983496692334592:536870912,100,1,['1297036692684013568:0'],102,0.009803922,1,1,0,0,0,535,0,528,7,5932112
1227230898459508736:536870912,102,1,['1297037242439565312:0'],103,0.009708738,1,1,0,0,0,535,0,528,7,5932112
1242993497154260992:536870912,105,1,['1152939096793939968:536870912'],106,0.009433962,1,1,0,0,0,535,0,528,7,5932112
1242993497155305472:536870912,106,1,['1297036692683751488:0'],107,0.009345794,1,1,0,0,0,535,0,528,7,5932112
12682136550675320832:16777216,100,1,['10376293541461626880:16777216'],106,0.009433962,1,1,0,0,0,535,0,528,7,5932112
12682136550675320832:8192,102,1,['10376293541461626880:8192'],108,0.009259259,1,1,0,0,0,535,0,528,7,5932112
1297036692682707968:536870912,103,1,['1152921504606852096:536870912'],103,0.009708738,1,1,0,0,0,535,0,528,7,5932112
1297036692683751424:10240,103,1,['1297036692683751424:8192'],104,0.009615385,1,1,0,0,0,535,0,528,7,5932112
1297036692683751424:1032,103,1,['10376293541461626880:16'],105,0.00952381,1,1,0,0,0,535,0,528,7,5932112
1297036692683751424:1040,100,1,['10376293541461626880:16'],105,0.00952381,1,1,0,0,0,535,0,528,7,5932112
1297036692683751424:12,101,1,['1297036692683751424:4'],104,0.009615385,1,1,0,0,0,535,0,528,7,5932112
1297036692683751424:134217736,100,1,['1297036692683751424:134217728'],100,0.01,1,1,0,0,0,535,0,528,7,5932112
1297036692683751424:134217760,102,1,['1297036692683751424:134217728'],100,0.01,1,1,0,0,0,535,0,528,7,5932112
1297036692683751424:134234112,101,1,['1297036692683751424:134217728'],100,0.01,1,1,0,0,0,535,0,528,7,5932112
1297036692683751424:150994944,106,1,['1297036692683751424:134217728'],100,0.01,1,1,0,0,0,535,0,528,7,5932112
1297036692683751424:16777220,104,1,['1297036692683751424:4'],104,0.009615385,1,1,0,0,0,535,0,528,7,5932112
1297036692683751424:16777728,105,1,['10376293541461626880:32'],105,0.00952381,1,1,0,0,0,535,0,528,7,5932112
1297036692683751424:16778240,108,1,['10376293541461626880:16'],105,0.00952381,1,1,0,0,0,535,0,528,7,5932112
1297036692683751424:16785408,100,1,['1297036692683751424:8192'],104,0.009615385,1,1,0,0,0,535,0,528,7,5932112
1297036692683751424:16896,105,1,['10376293541461626880:32'],105,0.00952381,1,1,0,0,0,535,0,528,7,5932112
1297036692683751424:16908288,103,1,['1297036692683751424:131072'],102,0.009803922,1,1,0,0,0,535,0,528,7,5932112
1297036692683751424:17196646400,107,1,['10376293541461626880:16777216'],106,0.009433962,1,1,0,0,0,535,0,528,7,5932112
1297036692683751424:17408,104,1,['10376293541461626880:16'],105,0.00952381,1,1,0,0,0,535,0,528,7,5932112
1297036692683751424:17825792,103,1,['10376293541461626880:65536'],101,0.00990099,1,1,0,0,0,535,0,528,7,5932112
1297036692683751424:18874368,106,1,['10376293541461626880:32768'],105,0.00952381,1,1,0,0,0,535,0,528,7,5932112
1297036692683751424:20,102,1,['1297036692683751424:4'],104,0.009615385,1,1,0,0,0,535,0,528,7,5932112
1297036692683751424:20480,106,1,['10376293541461626880:4'],103,0.009708738,1,1,0,0,0,535,0,528,7,5932112
1297036692683751424:20971520,104,1,['10376293541461626880:16384'],105,0.00952381,1,1,0,0,0,535,0,528,7,5932112
1297036692683751424:25165824,109,1,['10376293541461626880:8192'],108,0.009259259,1,1,0,0,0,535,0,528,7,5932112
1297036692683751424:262152,103,1,['1297036692683751424:262144'],103,0.009708738,1,1,0,0,0,535,0,528,7,5932112
1297036692683751424:262160,102,1,['1297036692683751424:262144'],103,0.009708738,1,1,0,0,0,535,0,528,7,5932112
1297036692683751424:262176,100,1,['1297036692683751424:262144'],103,0.009708738,1,1,0,0,0,535,0,528,7,5932112
1297036692683751424:268435464,107,1,['1297036692683751424:268435456'],106,0.009433962,1,1,0,0,0,535,0,528,7,5932112
1297036692683751424:268435472,101,1,['1297036692683751424:268435456'],106,0.009433962,1,1,0,0,0,535,0,528,7,5932112
1297036692683751424:268435488,102,1,['1297036692683751424:268435456'],106,0.009433962,1,1,0,0,0,535,0,528,7,5932112
1297036692683751424:268437504,106,1,['1297036692683751424:268435456'],106,0.009433962,1,1,0,0,0,535,0,528,7,5932112
1297036692683751424:278528,100,1,['1297036692683751424:262144'],103,0.009708738,1,1,0,0,0,535,0,528,7,5932112
1297036692683751424:285212672,108,1,['1297036692683751424:268435456'],106,0.009433962,1,1,0,0,0,535,0,528,7,5932112
1297036692683751424:32776,104,1,['1297036692683751424:32768'],106,0.009433962,1,1,0,0,0,535,0,528,7,5932112
1297036692683751424:32800,102,1,['1297036692683751424:32768'],106,0.009433962,1,1,0,0,0,535,0,528,7,5932112
1297036692683751424:32896,102,1,['1297036692683751424:32768'],106,0.009433962,1,1,0,0,0,535,0,528,7,5932112
1297036692683751424:33554440,101,1,['1297036692683751424:33554432'],104,0.009615385,1,1,0,0,0,535,0,528,7,5932112
1297036692683751424:33554448,100,1,['1297036692683751424:33554432'],104,0.009615385,1,1,0,0,0,535,0,528,7,5932112
1297036692683751424:33554464,100,1,['1297036692683751424:33554432'],104,0.009615385,1,1,0,0,0,535,0,528,7,5932112
1297036692683751424:33556480,106,1,['1297036692683751424:33554432'],104,0.009615385,1,1,0,0,0,535,0,528,7,5932112
1297036692683751424:33570816,100,1,['1297036692683751424:33554432'],104,0.009615385,1,1,0,0,0,535,0,528,7,5932112
1297036692683751424:34359738369,100,1,['1297036692683751424:34359738368'],108,0.009259259,1,1,15000000,1,15000000,535,0,528,7,5932112
1297036692683751424:34359738376,103,1,['1297036692683751424:34359738368'],108,0.009259259,1,1,0,0,0,535,0,528,7,5932112
1297036692683751424:34359738384,105,1,['1297036692683751424:34359738368'],108,0.009259259,1,1,0,0,0,535,0,528,7,5932112
1297036692683751424:34359738400,104,1,['1297036692683751424:34359738368'],108,0.009259259,1,1,0,0,0,535,0,528,7,5932112
1297036692683751424:34359738496,103,1,['1297036692683751424:34359738368'],108,0.009259259,1,1,0,0,0,535,0,528,7,5932112
1297036692683751424:34359740416,102,1,['1297036692683751424:34359738368'],108,0.009259259,1,1,0,0,0,535,0,528,7,5932112
1297036692683751424:34359754752,106,1,['1297036692683751424:34359738368'],108,0.009259259,1,1,0,0,0,535,0,528,7,5932112
1297036692683751424:34376515584,105,1,['1297036692683751424:34359738368'],108,0.009259259,1,1,0,0,0,535,0,528,7,5932112
1297036692683751424:34816,104,1,['1297036692683751424:32768'],106,0.009433962,1,1,0,0,0,535,0,528,7,5932112
1297036692683751424:38654705664,100,1,['1297036692683751424:34359738368'],108,0.009259259,1,1,0,0,0,535,0,528,7,5932112
1297036692683751424:42949672960,105,1,['1297036692683751424:34359738368'],108,0.009259259,1,1,0,0,0,535,0,528,7,5932112
1297036692683751424:49152,105,1,['1297036692683751424:32768'],106,0.009433962,1,1,0,0,0,535,0,528,7,5932112
1297036692683751424:50331648,108,1,['1297036692683751424:33554432'],104,0.009615385,1,1,0,0,0,535,0,528,7,5932112
1297036692683751424:520,100,1,['10376293541461626880:32'],105,0.00952381,1,1,0,0,0,535,0,528,7,5932112
1297036692683751424:536887296,103,1,['1152921504607895552:536887296'],109,0.009174312,1,1,0,0,0,535,0,528,7,5932112
1297036692683751424:8200,100,1,['1297036692683751424:8192'],104,0.009615385,1,1,0,0,0,535,0,528,7,5932112
1297036692683751424:8208,102,1,['1297036692683751424:8192'],104,0.009615385,1,1,0,0,0,535,0,528,7,5932112
1297036692683751424:8224,100,1,['1297036692683751424:8192'],104,0.009615385,1,1,0,0,0,535,0,528,7,5932112
1297036692683751424:8320,101,1,['1297036692683751424:8192'],104,0.009615385,1,1,0,0,0,535,0,528,7,5932112
1297036692683751424:8623489024,104,1,['1297036692683751424:33554432'],104,0.009615385,1,1,0,0,0,535,0,528,7,5932112
1297036692683751425:131072,100,1,['1297036692683751424:131072'],102,0.009803922,1,1,0,0,0,535,0,528,7,5932112
1297036692683751425:134217728,105,1,['1297036692683751424:134217728'],100,0.01,1,1,0,0,0,535,0,528,7,5932112
1297036692683751425:262144,103,1,['1297036692683751424:262144'],103,0.009708738,1,1,0,0,0,535,0,528,7,5932112
1297036692683751425:268435456,102,1,['1297036692683751424:268435456'],106,0.009433962,1,1,0,0,0,535,0,528,7,5932112
1297036692683751425:32768,105,1,['1297036692683751424:32768'],106,0.009433962,1,1,0,0,0,535,0,528,7,5932112
1297036692683751425:33554432,106,1,['1297036692683751424:33554432'],104,0.009615385,1,1,0,0,0,535,0,528,7,5932112
1297036692683751425:34359738368,101,1,['1297036692683751424:34359738368'],108,0.009259259,1,1,0,0,0,535,0,528,7,5932112
1297036692683751425:536870912,102,1,['1152921504606852096:536870912'],103,0.009708738,1,1,0,0,0,535,0,528,7,5932112
1297036692683751426:128,103,1,['1297036692683751426:0'],107,0.009345794,1,1,0,0,0,535,0,528,7,5932112
1297036692683751426:16,105,1,['1297036692683751426:0'],107,0.009345794,1,1,0,0,0,535,0,528,7,5932112
1297036692683751426:16384,103,1,['1297036692683751426:0'],107,0.009345794,1,1,0,0,0,535,0,528,7,5932112
1297036692683751426:32,103,1,['1297036692683751426:0'],107,0.009345794,1,1,0,0,0,535,0,528,7,5932112
1297036692683751426:8,103,1,['1297036692683751426:0'],107,0.009345794,1,1,0,0,0,535,0,528,7,5932112
1297036692683751427:0,102,1,['1297036692683751426:0'],107,0.009345794,1,1,0,0,0,535,0,528,7,5932112
1297036692683751428:131072,100,1,['1297036692683751424:131072'],102,0.009803922,1,1,0,0,0,535,0,528,7,5932112
1297036692683751428:134217728,105,1,['1297036692683751424:134217728'],100,0.01,1,1,0,0,0,535,0,528,7,5932112
1297036692683751428:262144,103,1,['1297036692683751424:262144'],103,0.009708738,1,1,0,0,0,535,0,528,7,5932112
1297036692683751428:268435456,106,1,['1297036692683751424:268435456'],106,0.009433962,1,1,0,0,0,535,0,528,7,5932112
1297036692683751428:33554432,106,1,['1297036692683751424:33554432'],104,0.009615385,1,1,0,0,0,535,0,528,7,5932112
1297036692683751428:34359738368,106,1,['1297036692683751424:34359738368'],108,0.009259259,1,1,0,0,0,535,0,528,7,5932112
1297036692683751428:4,102,1,['1297036692683751424:4'],104,0.009615385,1,1,0,0,0,535,0,528,7,5932112
1297036692683751428:536870912,102,1,['10376293541461626880:16777216'],106,0.009433962,1,1,0,0,0,535,0,528,7,5932112
1297036692683751428:8192,103,1,['1297036692683751424:8192'],104,0.009615385,1,1,0,0,0,535,0,528,7,5932112
1297036692683751430:0,102,1,['1297036692683751426:0'],107,0.009345794,1,1,0,0,0,535,0,528,7,5932112
1297036692683751432:128,104,1,['1297036692683751432:0'],106,0.009433962,1,1,0,0,0,535,0,528,7,5932112
1297036692683751432:16,102,1,['1297036692683751432:0'],106,0.009433962,1,1,0,0,0,535,0,528,7,5932112
1297036692683751432:16384,108,1,['1297036692683751432:0'],106,0.009433962,1,1,0,0,0,535,0,528,7,5932112
1297036692683751432:16777216,108,1,['1297036692683751432:0'],106,0.009433962,1,1,0,0,0,535,0,528,7,5932112
1297036692683751432:32,100,1,['1297036692683751432:0'],106,0.009433962,1,1,0,0,0,535,0,528,7,5932112
1297036692683751432:8,106,1,['1297036692683751432:0'],106,0.009433962,1,1,0,0,0,535,0,528,7,5932112
1297036692683751433:0,102,1,['1297036692683751432:0'],106,0.009433962,1,1,0,0,0,535,0,528,7,5932112
1297036692683751436:0,100,1,['1297036692683751432:0'],106,0.009433962,1,1,0,0,0,535,0,528,7,5932112
1297036692683751440:128,104,1,['1297036692683751440:0'],109,0.009174312,1,1,0,0,0,535,0,528,7,5932112
1297036692683751440:16,106,1,['1297036692683751440:0'],109,0.009174312,1,1,0,0,0,535,0,528,7,5932112
1297036692683751440:16384,108,1,['1297036692683751440:0'],109,0.009174312,1,1,0,0,0,535,0,528,7,5932112
1297036692683751440:16777216,108,1,['1297036692683751440:0'],109,0.009174312,1,1,0,0,0,535,0,528,7,5932112
1297036692683751440:32,106,1,['1297036692683751440:0'],109,0.009174312,1,1,0,0,0,535,0,528,7,5932112
1297036692683751440:8,107,1,['1297036692683751440:0'],109,0.009174312,1,1,0,0,0,535,0,528,7,5932112
1297036692683751441:0,103,1,['1297036692683751440:0'],109,0.009174312,1,1,0,0,0,535,0,528,7,5932112
1297036692683751444:0,104,1,['1297036692683751440:0'],109,0.009174312,1,1,0,0,0,535,0,528,7,5932112
1297036692683751456:268435456,102,1,['1297036692683751424:268435456'],106,0.009433962,1,1,0,0,0,535,0,528,7,5932112
1297036692683751456:32768,101,1,['1297036692683751424:32768'],106,0.009433962,1,1,0,0,0,535,0,528,7,5932112
1297036692683751456:33554432,102,1,['1297036692683751424:33554432'],104,0.009615385,1,1,0,0,0,535,0,528,7,5932112
1297036692683751456:34359738368,102,1,['1297036692683751424:34359738368'],108,0.009259259,1,1,0,0,0,535,0,528,7,5932112
1297036692683751456:4,100,1,['1297036692683751424:4'],104,0.009615385,1,1,0,0,0,535,0,528,7,5932112
1297036692683751456:8192,100,1,['1297036692683751424:8192'],104,0.009615385,1,1,0,0,0,535,0,528,7,5932112
1297036692683751464:0,100,1,['1297036692683751432:0'],106,0.009433962,1,1,0,0,0,535,0,528,7,5932112
1297036692683751488:128,103,1,['1297036692683751488:0'],107,0.009345794,1,1,0,0,0,535,0,528,7,5932112
1297036692683751488:16,105,1,['1297036692683751488:0'],107,0.009345794,1,1,0,0,0,535,0,528,7,5932112
1297036692683751488:16777216,107,1,['1297036692683751488:0'],107,0.009345794,1,1,0,0,0,535,0,528,7,5932112
1297036692683751488:32,105,1,['1297036692683751488:0'],107,0.009345794,1,1,0,0,0,535,0,528,7,5932112
1297036692683751488:8,106,1,['1297036692683751488:0'],107,0.009345794,1,1,0,0,0,535,0,528,7,5932112
1297036692683751489:0,103,1,['1297036692683751488:0'],107,0.009345794,1,1,0,0,0,535,0,528,7,5932112
1297036692683751492:0,103,1,['1297036692683751488:0'],107,0.009345794,1,1,0,0,0,535,0,528,7,5932112
1297036692683751552:262144,101,1,['1297036692683751424:262144'],103,0.009708738,1,1,0,0,0,535,0,528,7,5932112
1297036692683751552:268435456,104,1,['1297036692683751424:268435456'],106,0.009433962,1,1,0,0,0,535,0,528,7,5932112
1297036692683751552:32768,103,1,['1297036692683751424:32768'],106,0.009433962,1,1,0,0,0,535,0,528,7,5932112
1297036692683751552:33554432,105,1,['1297036692683751424:33554432'],104,0.009615385,1,1,0,0,0,535,0,528,7,5932112
1297036692683751552:34359738368,105,1,['1297036692683751424:34359738368'],108,0.009259259,1,1,0,0,0,535,0,528,7,5932112
1297036692683751552:4,103,1,['1297036692683751424:4'],104,0.009615385,1,1,0,0,0,535,0,528,7,5932112
1297036692683751554:0,101,1,['1297036692683751426:0'],107,0.009345794,1,1,0,0,0,535,0,528,7,5932112
1297036692683751680:134217728,104,1,['1297036692683751424:134217728'],100,0.01,1,1,0,0,0,535,0,528,7,5932112
1297036692683751680:262144,102,1,['1297036692683751424:262144'],103,0.009708738,1,1,0,0,0,535,0,528,7,5932112
1297036692683751680:268435456,105,1,['1297036692683751424:268435456'],106,0.009433962,1,1,0,0,0,535,0,528,7,5932112
1297036692683751680:32768,105,1,['1297036692683751424:32768'],106,0.009433962,1,1,0,0,0,535,0,528,7,5932112
1297036692683751680:33554432,106,1,['1297036692683751424:33554432'],104,0.009615385,1,1,0,0,0,535,0,528,7,5932112
1297036692683751680:34359738368,106,1,['1297036692683751424:34359738368'],108,0.009259259,1,1,0,0,0,535,0,528,7,5932112
1297036692683751680:4,103,1,['1297036692683751424:4'],104,0.009615385,1,1,0,0,0,535,0,528,7,5932112
1297036692683751680:536870912,101,1,['1297036696978718720:0'],103,0.009708738,1,1,0,0,0,535,0,528,7,5932112
1297036692683751680:8192,103,1,['1297036692683751424:8192'],104,0.009615385,1,1,0,0,0,535,0,528,7,5932112
1297036692683751936:128,102,1,['1297036692683751936:0'],106,0.009433962,1,1,0,0,0,535,0,528,7,5932112
1297036692683751936:16,104,1,['1297036692683751936:0'],106,0.009433962,1,1,0,0,0,535,0,528,7,5932112
1297036692683751936:16384,106,1,['1297036692683751936:0'],106,0.009433962,1,1,0,0,0,535,0,528,7,5932112
1297036692683751936:16777216,106,1,['1297036692683751936:0'],106,0.009433962,1,1,0,0,0,535,0,528,7,5932112
1297036692683751936:32,101,1,['1297036692683751936:0'],106,0.009433962,1,1,0,0,0,535,0,528,7,5932112
1297036692683751936:8,105,1,['1297036692683751936:0'],106,0.009433962,1,1,0,0,0,535,0,528,7,5932112
1297036692683752064:0,102,1,['1297036692683751936:0'],106,0.009433962,1,1,0,0,0,535,0,528,7,5932112
1297036692683752192:0,103,1,['1297036692683751936:0'],106,0.009433962,1,1,0,0,0,535,0,528,7,5932112
1297036692683752448:16,100,1,['1297036692683752448:0'],100,0.01,1,1,0,0,0,535,0,528,7,5932112
1297036692683752448:16777216,101,1,['1297036692683752448:0'],100,0.01,1,1,0,0,0,535,0,528,7,5932112
1297036692683752448:32,101,1,['1297036692683752448:0'],100,0.01,1,1,0,0,0,535,0,528,7,5932112
1297036692683752448:536870912,102,1,['1297036692683752448:0'],100,0.01,1,1,0,0,0,535,0,528,7,5932112
1297036692683752448:8,100,1,['1297036692683752448:0'],100,0.01,1,1,0,0,0,535,0,528,7,5932112
1297036692683753472:16,100,1,['1297036692683753472:0'],103,0.009708738,1,1,0,0,0,535,0,528,7,5932112
1297036692683753472:16384,103,1,['1297036692683753472:0'],103,0.009708738,1,1,0,0,0,535,0,528,7,5932112
1297036692683753472:32,101,1,['1297036692683753472:0'],103,0.009708738,1,1,0,0,0,535,0,528,7,5932112
1297036692683753472:8,102,1,['1297036692683753472:0'],103,0.009708738,1,1,0,0,0,535,0,528,7,5932112
1297036692683753600:0,101,1,['1297036692683753472:0'],103,0.009708738,1,1,0,0,0,535,0,528,7,5932112
1297036692683755520:134217728,104,1,['1297036692683751424:134217728'],100,0.01,1,1,0,0,0,535,0,528,7,5932112
1297036692683755520:262144,103,1,['1297036692683751424:262144'],103,0.009708738,1,1,0,0,0,535,0,528,7,5932112
1297036692683755520:268435456,105,1,['1297036692683751424:268435456'],106,0.009433962,1,1,0,0,0,535,0,528,7,5932112
1297036692683755520:32768,104,1,['1297036692683751424:32768'],106,0.009433962,1,1,0,0,0,535,0,528,7,5932112
1297036692683755520:34359738368,105,1,['1297036692683751424:34359738368'],108,0.009259259,1,1,0,0,0,535,0,528,7,5932112
1297036692683755520:4,103,1,['1297036692683751424:4'],104,0.009615385,1,1,0,0,0,535,0,528,7,5932112
1297036692683755520:8192,103,1,['1297036692683751424:8192'],104,0.009615385,1,1,0,0,0,535,0,528,7,5932112
1297036692683755528:0,104,1,['1297036692683751432:0'],106,0.009433962,1,1,0,0,0,535,0,528,7,5932112
1297036692683755536:0,104,1,['1297036692683751440:0'],109,0.009174312,1,1,0,0,0,535,0,528,7,5932112
1297036692683755584:0,104,1,['1297036692683751488:0'],107,0.009345794,1,1,0,0,0,535,0,528,7,5932112
1297036692683756032:0,102,1,['1297036692683751936:0'],106,0.009433962,1,1,0,0,0,535,0,528,7,5932112
1297036692683759616:268435456,100,1,['1297036692683751424:268435456'],106,0.009433962,1,1,0,0,0,535,0,528,7,5932112
1297036692683759616:34359738368,101,1,['1297036692683751424:34359738368'],108,0.009259259,1,1,0,0,0,535,0,528,7,5932112
1297036692683767808:16,100,1,['1297036692683767808:0'],103,0.009708738,1,1,0,0,0,535,0,528,7,5932112
1297036692683767808:16384,101,1,['1297036692683767808:0'],103,0.009708738,1,1,0,0,0,535,0,528,7,5932112
1297036692683767808:16777216,104,1,['1297036692683767808:0'],103,0.009708738,1,1,0,0,0,535,0,528,7,5932112
1297036692683767808:8,103,1,['1297036692683767808:0'],103,0.009708738,1,1,0,0,0,535,0,528,7,5932112
1297036692683784192:262144,100,1,['1297036692683751424:262144'],103,0.009708738,1,1,0,0,0,535,0,528,7,5932112
1297036692683784192:32768,101,1,['1297036692683751424:32768'],106,0.009433962,1,1,0,0,0,535,0,528,7,5932112
1297036692683784192:33554432,104,1,['1297036692683751424:33554432'],104,0.009615385,1,1,0,0,0,535,0,528,7,5932112
1297036692683784192:34359738368,102,1,['1297036692683751424:34359738368'],108,0.009259259,1,1,0,0,0,535,0,528,7,5932112
1297036692683784192:4,102,1,['1297036692683751424:4'],104,0.009615385,1,1,0,0,0,535,0,528,7,5932112
1297036692683784192:8192,102,1,['1297036692683751424:8192'],104,0.009615385,1,1,0,0,0,535,0,528,7,5932112
1297036692683784194:0,103,1,['1297036692683751426:0'],107,0.009345794,1,1,0,0,0,535,0,528,7,5932112
1297036692683784200:0,103,1,['1297036692683751432:0'],106,0.009433962,1,1,0,0,0,535,0,528,7,5932112
1297036692683784208:0,100,1,['1297036692683751440:0'],109,0.009174312,1,1,0,0,0,535,0,528,7,5932112
1297036692683816960:131072,101,1,['1297036692683751424:131072'],102,0.009803922,1,1,0,0,0,535,0,528,7,5932112
1297036692683816960:134217728,107,1,['1297036692683751424:134217728'],100,0.01,1,1,0,0,0,535,0,528,7,5932112
1297036692683816960:268435456,107,1,['1297036692683751424:268435456'],106,0.009433962,1,1,0,0,0,535,0,528,7,5932112
1297036692683816960:32768,104,1,['1297036692683751424:32768'],106,0.009433962,1,1,0,0,0,535,0,528,7,5932112
1297036692683816960:33554432,107,1,['1297036692683751424:33554432'],104,0.009615385,1,1,0,0,0,535,0,528,7,5932112
1297036692683816960:34359738368,108,1,['1297036692683751424:34359738368'],108,0.009259259,1,1,0,0,0,535,0,528,7,5932112
1297036692683816960:4,101,1,['1297036692683751424:4'],104,0.009615385,1,1,0,0,0,535,0,528,7,5932112
1297036692683816960:8192,106,1,['1297036692683751424:8192'],104,0.009615385,1,1,0,0,0,535,0,528,7,5932112
1297036692683816962:0,106,1,['1297036692683751426:0'],107,0.009345794,1,1,0,0,0,535,0,528,7,5932112
1297036692683816968:0,107,1,['1297036692683751432:0'],106,0.009433962,1,1,0,0,0,535,0,528,7,5932112
1297036692683816976:0,103,1,['1297036692683751440:0'],109,0.009174312,1,1,0,0,0,535,0,528,7,5932112
1297036692683817472:0,104,1,['1297036692683751936:0'],106,0.009433962,1,1,0,0,0,535,0,528,7,5932112
1297036692684013568:128,100,1,['1297036692684013568:0'],102,0.009803922,1,1,0,0,0,535,0,528,7,5932112
1297036692684013568:16384,102,1,['1297036692684013568:0'],102,0.009803922,1,1,0,0,0,535,0,528,7,5932112
1297036692684013568:16777216,100,1,['1297036692684013568:0'],102,0.009803922,1,1,0,0,0,535,0,528,7,5932112
1297036692684013568:32,104,1,['1297036692684013568:0'],102,0.009803922,1,1,0,0,0,535,0,528,7,5932112
1297036692684013568:8,104,1,['1297036692684013568:0'],102,0.009803922,1,1,0,0,0,535,0,528,7,5932112
1297036692684013569:0,104,1,['1297036692684013568:0'],102,0.009803922,1,1,0,0,0,535,0,528,7,5932112
1297036692684013572:0,103,1,['1297036692684013568:0'],102,0.009803922,1,1,0,0,0,535,0,528,7,5932112
1297036692684013696:0,100,1,['1297036692684013568:0'],102,0.009803922,1,1,0,0,0,535,0,528,7,5932112
1297036692684013824:0,101,1,['1297036692684013568:0'],102,0.009803922,1,1,0,0,0,535,0,528,7,5932112
1297036692684275712:16,101,1,['1297036692684275712:0'],103,0.009708738,1,1,0,0,0,535,0,528,7,5932112
1297036692684275712:16777216,105,1,['1297036692684275712:0'],103,0.009708738,1,1,0,0,0,535,0,528,7,5932112
1297036692684275712:8,103,1,['1297036692684275712:0'],103,0.009708738,1,1,0,0,0,535,0,528,7,5932112
1297036692684275713:0,102,1,['1297036692684275712:0'],103,0.009708738,1,1,0,0,0,535,0,528,7,5932112
1297036692684275716:0,101,1,['1297036692684275712:0'],103,0.009708738,1,1,0,0,0,535,0,528,7,5932112
1297036692684275968:0,101,1,['1297036692684275712:0'],103,0.009708738,1,1,0,0,0,535,0,528,7,5932112
1297036692685848576:16,105,1,['1297036692685848576:0'],103,0.009708738,1,1,0,0,0,535,0,528,7,5932112
1297036692685848576:16777216,105,1,['1297036692685848576:0'],103,0.009708738,1,1,0,0,0,535,0,528,7,5932112
1297036692685848576:32,104,1,['1297036692685848576:0'],103,0.009708738,1,1,0,0,0,535,0,528,7,5932112
1297036692685848576:8,104,1,['1297036692685848576:0'],103,0.009708738,1,1,0,0,0,535,0,528,7,5932112
1297036692685848577:0,103,1,['1297036692685848576:0'],103,0.009708738,1,1,0,0,0,535,0,528,7,5932112
1297036692685848580:0,101,1,['1297036692685848576:0'],103,0.009708738,1,1,0,0,0,535,0,528,7,5932112
1297036692685848832:0,103,1,['1297036692685848576:0'],103,0.009708738,1,1,0,0,0,535,0,528,7,5932112
1297036692687945728:128,100,1,['1297036692687945728:0'],105,0.00952381,1,1,0,0,0,535,0,528,7,5932112
1297036692687945728:16,105,1,['1297036692687945728:0'],105,0.00952381,1,1,0,0,0,535,0,528,7,5932112
1297036692687945728:16384,108,1,['1297036692687945728:0'],105,0.00952381,1,1,0,0,0,535,0,528,7,5932112
1297036692687945728:16777216,107,1,['1297036692687945728:0'],105,0.00952381,1,1,0,0,0,535,0,528,7,5932112
1297036692687945728:32,105,1,['1297036692687945728:0'],105,0.00952381,1,1,0,0,0,535,0,528,7,5932112
1297036692687945728:8,102,1,['1297036692687945728:0'],105,0.00952381,1,1,0,0,0,535,0,528,7,5932112
1297036692687945729:0,103,1,['1297036692687945728:0'],105,0.00952381,1,1,0,0,0,535,0,528,7,5932112
1297036692687945732:0,100,1,['1297036692687945728:0'],105,0.00952381,1,1,0,0,0,535,0,528,7,5932112
1297036692687945760:0,101,1,['1297036692687945728:0'],105,0.00952381,1,1,0,0,0,535,0,528,7,5932112
1297036692687945984:0,102,1,['1297036692687945728:0'],105,0.00952381,1,1,0,0,0,535,0,528,7,5932112
1297036692687953920:0,101,1,['1297036692687945728:0'],105,0.00952381,1,1,0,0,0,535,0,528,7,5932112
1297036692688011264:0,108,1,['1297036692687945728:0'],105,0.00952381,1,1,0,0,0,535,0,528,7,5932112
1297036692692140032:16,105,1,['1297036692692140032:0'],106,0.009433962,1,1,0,0,0,535,0,528,7,5932112
1297036692692140032:16384,105,1,['1297036692692140032:0'],106,0.009433962,1,1,0,0,0,535,0,528,7,5932112
1297036692692140032:16777216,109,1,['1297036692692140032:0'],106,0.009433962,1,1,0,0,0,535,0,528,7,5932112
1297036692692140032:32,101,1,['1297036692692140032:0'],106,0.009433962,1,1,0,0,0,535,0,528,7,5932112
1297036692692140032:8,104,1,['1297036692692140032:0'],106,0.009433962,1,1,0,0,0,535,0,528,7,5932112
1297036692692140033:0,104,1,['1297036692692140032:0'],106,0.009433962,1,1,0,0,0,535,0,528,7,5932112
1297036692692140064:0,101,1,['1297036692692140032:0'],106,0.009433962,1,1,0,0,0,535,0,528,7,5932112
1297036692692140288:0,105,1,['1297036692692140032:0'],106,0.009433962,1,1,0,0,0,535,0,528,7,5932112
1297036692692205568:0,107,1,['1297036692692140032:0'],106,0.009433962,1,1,0,0,0,535,0,528,7,5932112
1297036692700528640:134217728,104,1,['1297036692683751424:134217728'],100,0.01,1,1,0,0,0,535,0,528,7,5932112
1297036692700528640:33554432,105,1,['1297036692683751424:33554432'],104,0.009615385,1,1,0,0,0,535,0,528,7,5932112
1297036692700528640:34359738368,105,1,['1297036692683751424:34359738368'],108,0.009259259,1,1,0,0,0,535,0,528,7,5932112
1297036692700528640:4,101,1,['1297036692683751424:4'],104,0.009615385,1,1,0,0,0,535,0,528,7,5932112
1297036692700528640:8192,101,1,['1297036692683751424:8192'],104,0.009615385,1,1,0,0,0,535,0,528,7,5932112
1297036692700528642:0,100,1,['1297036692683751426:0'],107,0.009345794,1,1,0,0,0,535,0,528,7,5932112
1297036692700528648:0,101,1,['1297036692683751432:0'],106,0.009433962,1,1,0,0,0,535,0,528,7,5932112
1297036692700529152:0,102,1,['1297036692683751936:0'],106,0.009433962,1,1,0,0,0,535,0,528,7,5932112
1297036692700790784:0,100,1,['1297036692684013568:0'],102,0.009803922,1,1,0,0,0,535,0,528,7,5932112
1297036692701052928:0,100,1,['1297036692684275712:0'],103,0.009708738,1,1,0,0,0,535,0,528,7,5932112
1297036692702625792:0,100,1,['1297036692685848576:0'],103,0.009708738,1,1,0,0,0,535,0,528,7,5932112
1297036692704722944:0,101,1,['1297036692687945728:0'],105,0.00952381,1,1,0,0,0,535,0,528,7,5932112
1297036692717305856:16,104,1,['1297036692717305856:0'],105,0.00952381,1,1,0,0,0,535,0,528,7,5932112
1297036692717305856:16777216,108,1,['1297036692717305856:0'],105,0.00952381,1,1,0,0,0,535,0,528,7,5932112
1297036692717305856:32,100,1,['1297036692717305856:0'],105,0.00952381,1,1,0,0,0,535,0,528,7,5932112
1297036692717305856:67108864,100,1,['1297036692717305856:0'],105,0.00952381,1,1,0,0,0,535,0,528,7,5932112
1297036692717305856:8,107,1,['1297036692717305856:0'],105,0.00952381,1,1,0,0,0,535,0,528,7,5932112
1297036692717305857:0,106,1,['1297036692717305856:0'],105,0.00952381,1,1,0,0,0,535,0,528,7,5932112
1297036692717305860:0,103,1,['1297036692717305856:0'],105,0.00952381,1,1,0,0,0,535,0,528,7,5932112
1297036692717306112:0,105,1,['1297036692717305856:0'],105,0.00952381,1,1,0,0,0,535,0,528,7,5932112
1297036692717309952:0,102,1,['1297036692717305856:0'],105,0.00952381,1,1,0,0,0,535,0,528,7,5932112
1297036692750860288:16384,103,1,['1297036692750860288:0'],101,0.00990099,1,1,0,0,0,535,0,528,7,5932112
1297036692750860288:16777216,100,1,['1297036692750860288:0'],101,0.00990099,1,1,0,0,0,535,0,528,7,5932112
1297036692750860288:32,102,1,['1297036692750860288:0'],101,0.00990099,1,1,0,0,0,535,0,528,7,5932112
1297036692750860288:8,102,1,['1297036692750860288:0'],101,0.00990099,1,1,0,0,0,535,0,528,7,5932112
1297036692750860416:0,100,1,['1297036692750860288:0'],101,0.00990099,1,1,0,0,0,535,0,528,7,5932112
1297036692750860544:0,100,1,['1297036692750860288:0'],101,0.00990099,1,1,0,0,0,535,0,528,7,5932112
1297036692817969152:268435456,104,1,['1297036692683751424:268435456'],106,0.009433962,1,1,0,0,0,535,0,528,7,5932112
1297036692817969152:33554432,102,1,['1297036692683751424:33554432'],104,0.009615385,1,1,0,0,0,535,0,528,7,5932112
1297036692817969152:34359738368,104,1,['1297036692683751424:34359738368'],108,0.009259259,1,1,0,0,0,535,0,528,7,5932112
1297036692817969152:4,101,1,['1297036692683751424:4'],104,0.009615385,1,1,0,0,0,535,0,528,7,5932112
1297036692817969154:0,102,1,['1297036692683751426:0'],107,0.009345794,1,1,0,0,0,535,0,528,7,5932112
1297036692817969168:0,103,1,['1297036692683751440:0'],109,0.009174312,1,1,0,0,0,535,0,528,7,5932112
1297036692817969216:0,100,1,['1297036692683751488:0'],107,0.009345794,1,1,0,0,0,535,0,528,7,5932112
1297036692817969664:0,101,1,['1297036692683751936:0'],106,0.009433962,1,1,0,0,0,535,0,528,7,5932112
1297036692952186880:262144,101,1,['1297036692683751424:262144'],103,0.009708738,1,1,0,0,0,535,0,528,7,5932112
1297036692952186880:268435456,104,1,['1297036692683751424:268435456'],106,0.009433962,1,1,0,0,0,535,0,528,7,5932112
1297036692952186880:32768,103,1,['1297036692683751424:32768'],106,0.009433962,1,1,0,0,0,535,0,528,7,5932112
1297036692952186880:33554432,104,1,['1297036692683751424:33554432'],104,0.009615385,1,1,0,0,0,535,0,528,7,5932112
1297036692952186880:34359738368,104,1,['1297036692683751424:34359738368'],108,0.009259259,1,1,0,0,0,535,0,528,7,5932112
1297036692952186880:4,102,1,['1297036692683751424:4'],104,0.009615385,1,1,0,0,0,535,0,528,7,5932112
1297036692952186880:536870912,100,1,['1301540292311121920:0'],101,0.00990099,1,1,0,0,0,535,0,528,7,5932112
1297036692952186880:8192,102,1,['1297036692683751424:8192'],104,0.009615385,1,1,0,0,0,535,0,528,7,5932112
1297036692952186882:0,103,1,['1297036692683751426:0'],107,0.009345794,1,1,0,0,0,535,0,528,7,5932112
1297036692952186888:0,104,1,['1297036692683751432:0'],106,0.009433962,1,1,0,0,0,535,0,528,7,5932112
1297036692952186896:0,102,1,['1297036692683751440:0'],109,0.009174312,1,1,0,0,0,535,0,528,7,5932112
1297036692952186944:0,102,1,['1297036692683751488:0'],107,0.009345794,1,1,0,0,0,535,0,528,7,5932112
1297036692952187392:0,102,1,['1297036692683751936:0'],106,0.009433962,1,1,0,0,0,535,0,528,7,5932112
1297036692956381184:0,102,1,['1297036692687945728:0'],105,0.00952381,1,1,0,0,0,535,0,528,7,5932112
1297036692985741312:0,101,1,['1297036692717305856:0'],105,0.00952381,1,1,0,0,0,535,0,528,7,5932112
1297036693220622336:128,100,1,['1297036693220622336:0'],103,0.009708738,1,1,0,0,0,535,0,528,7,5932112
1297036693220622336:16,102,1,['1297036693220622336:0'],103,0.009708738,1,1,0,0,0,535,0,528,7,5932112
1297036693220622336:16384,105,1,['1297036693220622336:0'],103,0.009708738,1,1,0,0,0,535,0,528,7,5932112
1297036693220622336:16777216,104,1,['1297036693220622336:0'],103,0.009708738,1,1,0,0,0,535,0,528,7,5932112
1297036693220622336:8,104,1,['1297036693220622336:0'],103,0.009708738,1,1,0,0,0,535,0,528,7,5932112
1297036693220622337:0,103,1,['1297036693220622336:0'],103,0.009708738,1,1,0,0,0,535,0,528,7,5932112
1297036693220622340:0,102,1,['1297036693220622336:0'],103,0.009708738,1,1,0,0,0,535,0,528,7,5932112
1297036693220622464:0,101,1,['1297036693220622336:0'],103,0.009708738,1,1,0,0,0,535,0,528,7,5932112
1297036693220622592:0,102,1,['1297036693220622336:0'],103,0.009708738,1,1,0,0,0,535,0,528,7,5932112
1297036693220626432:0,102,1,['1297036693220622336:0'],103,0.009708738,1,1,0,0,0,535,0,528,7,5932112
1297036693220655104:0,100,1,['1297036693220622336:0'],103,0.009708738,1,1,0,0,0,535,0,528,7,5932112
1297036693220687872:0,106,1,['1297036693220622336:0'],103,0.009708738,1,1,0,0,0,535,0,528,7,5932112
1297036693757493248:134217728,102,1,['1297036692683751424:134217728'],100,0.01,1,1,0,0,0,535,0,528,7,5932112
1297036693757493248:268435456,102,1,['1297036692683751424:268435456'],106,0.009433962,1,1,0,0,0,535,0,528,7,5932112
1297036693757493248:32768,101,1,['1297036692683751424:32768'],106,0.009433962,1,1,0,0,0,535,0,528,7,5932112
1297036693757493248:33554432,101,1,['1297036692683751424:33554432'],104,0.009615385,1,1,0,0,0,535,0,528,7,5932112
1297036693757493248:34359738368,103,1,['1297036692683751424:34359738368'],108,0.009259259,1,1,0,0,0,535,0,528,7,5932112
1297036693757493248:8192,102,1,['1297036692683751424:8192'],104,0.009615385,1,1,0,0,0,535,0,528,7,5932112
1297036693757493250:0,103,1,['1297036692683751426:0'],107,0.009345794,1,1,0,0,0,535,0,528,7,5932112
1297036693757493256:0,103,1,['1297036692683751432:0'],106,0.009433962,1,1,0,0,0,535,0,528,7,5932112
1297036693757493264:0,102,1,['1297036692683751440:0'],109,0.009174312,1,1,0,0,0,535,0,528,7,5932112
1297036694830190592:536870912,103,1,['1152921504616284160:536870912'],104,0.009615385,1,1,0,0,0,535,0,528,7,5932112
1297036694831235072:16,102,1,['1297036694831235072:0'],104,0.009615385,1,1,0,0,0,535,0,528,7,5932112
1297036694831235072:16384,104,1,['1297036694831235072:0'],104,0.009615385,1,1,0,0,0,535,0,528,7,5932112
1297036694831235072:16777216,105,1,['1297036694831235072:0'],104,0.009615385,1,1,0,0,0,535,0,528,7,5932112
1297036694831235072:32,103,1,['1297036694831235072:0'],104,0.009615385,1,1,0,0,0,535,0,528,7,5932112
1297036694831235072:8,103,1,['1297036694831235072:0'],104,0.009615385,1,1,0,0,0,535,0,528,7,5932112
1297036694831235073:0,102,1,['1297036694831235072:0'],104,0.009615385,1,1,0,0,0,535,0,528,7,5932112
1297036694831235076:0,100,1,['1297036694831235072:0'],104,0.009615385,1,1,0,0,0,535,0,528,7,5932112
1297036694831300608:0,103,1,['1297036694831235072:0'],104,0.009615385,1,1,0,0,0,535,0,528,7,5932112
1297036696977674240:536870912,105,1,['1152921504612089856:536870912'],101,0.00990099,1,1,0,0,0,535,0,528,7,5932112
1297036696978718720:16384,102,1,['1297036696978718720:0'],103,0.009708738,1,1,0,0,0,535,0,528,7,5932112
1297036696978718720:16777216,103,1,['1297036696978718720:0'],103,0.009708738,1,1,0,0,0,535,0,528,7,5932112
1297036696978718720:32,101,1,['1297036696978718720:0'],103,0.009708738,1,1,0,0,0,535,0,528,7,5932112
1297036696978718720:8,104,1,['1297036696978718720:0'],103,0.009708738,1,1,0,0,0,535,0,528,7,5932112
1297036696978718721:0,101,1,['1297036696978718720:0'],103,0.009708738,1,1,0,0,0,535,0,528,7,5932112
1297036696978718976:0,100,1,['1297036696978718720:0'],103,0.009708738,1,1,0,0,0,535,0,528,7,5932112
1297036701273686016:16,103,1,['1297036701273686016:0'],104,0.009615385,1,1,0,0,0,535,0,528,7,5932112
1297036701273686016:16777216,103,1,['1297036701273686016:0'],104,0.009615385,1,1,0,0,0,535,0,528,7,5932112
1297036701273686016:8,102,1,['1297036701273686016:0'],104,0.009615385,1,1,0,0,0,535,0,528,7,5932112
1297036701273686272:0,103,1,['1297036701273686016:0'],104,0.009615385,1,1,0,0,0,535,0,528,7,5932112
1297036701273718784:0,102,1,['1297036701273686016:0'],104,0.009615385,1,1,0,0,0,535,0,528,7,5932112
1297036701273751552:0,105,1,['1297036701273686016:0'],104,0.009615385,1,1,0,0,0,535,0,528,7,5932112
1297036701542121472:0,102,1,['1297036701273686016:0'],104,0.009615385,1,1,0,0,0,535,0,528,7,5932112
1297036702347427840:0,102,1,['1297036701273686016:0'],104,0.009615385,1,1,0,0,0,535,0,528,7,5932112
1297036709863620608:16777216,106,1,['1297036709863620608:0'],105,0.00952381,1,1,0,0,0,535,0,528,7,5932112
1297036709863620608:32,101,1,['1297036709863620608:0'],105,0.00952381,1,1,0,0,0,535,0,528,7,5932112
1297036709863620608:8,100,1,['1297036709863620608:0'],105,0.00952381,1,1,0,0,0,535,0,528,7,5932112
1297036709863620609:0,100,1,['1297036709863620608:0'],105,0.00952381,1,1,0,0,0,535,0,528,7,5932112
1297036709863620864:0,103,1,['1297036709863620608:0'],105,0.00952381,1,1,0,0,0,535,0,528,7,5932112
1297036709863653376:0,102,1,['1297036709863620608:0'],105,0.00952381,1,1,0,0,0,535,0,528,7,5932112
1297036709997838336:0,101,1,['1297036709863620608:0'],105,0.00952381,1,1,0,0,0,535,0,528,7,5932112
1297036710132056064:0,102,1,['1297036709863620608:0'],105,0.00952381,1,1,0,0,0,535,0,528,7,5932112
1297036727043489792:16777216,106,1,['1297036727043489792:0'],105,0.00952381,1,1,0,0,0,535,0,528,7,5932112
1297036727043489792:32,101,1,['1297036727043489792:0'],105,0.00952381,1,1,0,0,0,535,0,528,7,5932112
1297036727043489792:8,105,1,['1297036727043489792:0'],105,0.00952381,1,1,0,0,0,535,0,528,7,5932112
1297036727043489793:0,104,1,['1297036727043489792:0'],105,0.00952381,1,1,0,0,0,535,0,528,7,5932112
1297036727043490048:0,103,1,['1297036727043489792:0'],105,0.00952381,1,1,0,0,0,535,0,528,7,5932112
1297036727043493888:0,102,1,['1297036727043489792:0'],105,0.00952381,1,1,0,0,0,535,0,528,7,5932112
1297036727043555328:0,106,1,['1297036727043489792:0'],105,0.00952381,1,1,0,0,0,535,0,528,7,5932112
1297036727311925248:0,102,1,['1297036727043489792:0'],105,0.00952381,1,1,0,0,0,535,0,528,7,5932112
1297036728117231616:0,101,1,['1297036727043489792:0'],105,0.00952381,1,1,0,0,0,535,0,528,7,5932112
1297036761403228160:268435456,100,1,['1297036692683751424:268435456'],106,0.009433962,1,1,0,0,0,535,0,528,7,5932112
1297036830122704896:16777216,101,1,['1297036830122704896:0'],101,0.00990099,1,1,0,0,0,535,0,528,7,5932112
1297036967561658368:131072,101,1,['1297036692683751424:131072'],102,0.009803922,1,1,0,0,0,535,0,528,7,5932112
1297036967561658368:134217728,106,1,['1297036692683751424:134217728'],100,0.01,1,1,0,0,0,535,0,528,7,5932112
1297036967561658368:268435456,102,1,['1297036692683751424:268435456'],106,0.009433962,1,1,0,0,0,535,0,528,7,5932112
1297036967561658368:32768,105,1,['1297036692683751424:32768'],106,0.009433962,1,1,0,0,0,535,0,528,7,5932112
1297036967561658368:33554432,107,1,['1297036692683751424:33554432'],104,0.009615385,1,1,0,0,0,535,0,528,7,5932112
1297036967561658368:34359738368,108,1,['1297036692683751424:34359738368'],108,0.009259259,1,1,0,0,0,535,0,528,7,5932112
1297036967561658368:4,105,1,['1297036692683751424:4'],104,0.009615385,1,1,0,0,0,535,0,528,7,5932112
1297036967561658368:8192,106,1,['1297036692683751424:8192'],104,0.009615385,1,1,0,0,0,535,0,528,7,5932112
1297036967561658370:0,106,1,['1297036692683751426:0'],107,0.009345794,1,1,0,0,0,535,0,528,7,5932112
1297036967561658376:0,102,1,['1297036692683751432:0'],106,0.009433962,1,1,0,0,0,535,0,528,7,5932112
1297036967561658384:0,107,1,['1297036692683751440:0'],109,0.009174312,1,1,0,0,0,535,0,528,7,5932112
1297036967561658432:0,101,1,['1297036692683751488:0'],107,0.009345794,1,1,0,0,0,535,0,528,7,5932112
1297036967561658880:0,105,1,['1297036692683751936:0'],106,0.009433962,1,1,0,0,0,535,0,528,7,5932112
1297036967561660416:0,103,1,['1297036692683753472:0'],103,0.009708738,1,1,0,0,0,535,0,528,7,5932112
1297036967562182656:0,100,1,['1297036692684275712:0'],103,0.009708738,1,1,0,0,0,535,0,528,7,5932112
1297036967563755520:0,104,1,['1297036692685848576:0'],103,0.009708738,1,1,0,0,0,535,0,528,7,5932112
1297036967565852672:0,102,1,['1297036692687945728:0'],105,0.00952381,1,1,0,0,0,535,0,528,7,5932112
1297036967570046976:0,107,1,['1297036692692140032:0'],106,0.009433962,1,1,0,0,0,535,0,528,7,5932112
1297036967595212800:0,107,1,['1297036692717305856:0'],105,0.00952381,1,1,0,0,0,535,0,528,7,5932112
1297036968098529280:0,102,1,['1297036693220622336:0'],103,0.009708738,1,1,0,0,0,535,0,528,7,5932112
1297036969709142016:0,102,1,['1297036694831235072:0'],104,0.009615385,1,1,0,0,0,535,0,528,7,5932112
1297036971856625664:0,101,1,['1297036696978718720:0'],103,0.009708738,1,1,0,0,0,535,0,528,7,5932112
1297036976151592960:0,100,1,['1297036701273686016:0'],104,0.009615385,1,1,0,0,0,535,0,528,7,5932112
1297037242439565312:16384,103,1,['1297037242439565312:0'],103,0.009708738,1,1,0,0,0,535,0,528,7,5932112
1297037242439565312:16777216,103,1,['1297037242439565312:0'],103,0.009708738,1,1,0,0,0,535,0,528,7,5932112
1297037242439565312:8,101,1,['1297037242439565312:0'],103,0.009708738,1,1,0,0,0,535,0,528,7,5932112
1297037242439565316:0,100,1,['1297037242439565312:0'],103,0.009708738,1,1,0,0,0,535,0,528,7,5932112
1297037242439565568:0,101,1,['1297037242439565312:0'],103,0.009708738,1,1,0,0,0,535,0,528,7,5932112
1297037792195379200:33554432,101,1,['1297036692683751424:33554432'],104,0.009615385,1,1,0,0,0,535,0,528,7,5932112
1297037792195379200:34359738368,101,1,['1297036692683751424:34359738368'],108,0.009259259,1,1,0,0,0,535,0,528,7,5932112
1297037792195379200:8192,100,1,['1297036692683751424:8192'],104,0.009615385,1,1,0,0,0,535,0,528,7,5932112
1297037792195379202:0,100,1,['1297036692683751426:0'],107,0.009345794,1,1,0,0,0,535,0,528,7,5932112
1297037792195379208:0,100,1,['1297036692683751432:0'],106,0.009433962,1,1,0,0,0,535,0,528,7,5932112
1297037792199573504:0,101,1,['1297036692687945728:0'],105,0.00952381,1,1,0,0,0,535,0,528,7,5932112
1297037792203767808:0,101,1,['1297036692692140032:0'],106,0.009433962,1,1,0,0,0,535,0,528,7,5932112
1297037792228933632:0,100,1,['1297036692717305856:0'],105,0.00952381,1,1,0,0,0,535,0,528,7,5932112
1297041090729218048:536870912,104,1,['1152921521787764736:536870912'],105,0.00952381,1,1,0,0,0,535,0,528,7,5932112
1297041090730262528:128,101,1,['1297041090730262528:0'],104,0.009615385,1,1,0,0,0,535,0,528,7,5932112
1297041090730262528:16,103,1,['1297041090730262528:0'],104,0.009615385,1,1,0,0,0,535,0,528,7,5932112
1297041090730262528:16384,105,1,['1297041090730262528:0'],104,0.009615385,1,1,0,0,0,535,0,528,7,5932112
1297041090730262528:16777216,106,1,['1297041090730262528:0'],104,0.009615385,1,1,0,0,0,535,0,528,7,5932112
1297041090730262528:32,105,1,['1297041090730262528:0'],104,0.009615385,1,1,0,0,0,535,0,528,7,5932112
1297041090730262528:8,105,1,['1297041090730262528:0'],104,0.009615385,1,1,0,0,0,535,0,528,7,5932112
1297041090730262529:0,100,1,['1297041090730262528:0'],104,0.009615385,1,1,0,0,0,535,0,528,7,5932112
1297041090730262532:0,102,1,['1297041090730262528:0'],104,0.009615385,1,1,0,0,0,535,0,528,7,5932112
1297041090730262656:0,102,1,['1297041090730262528:0'],104,0.009615385,1,1,0,0,0,535,0,528,7,5932112
1297041090730266624:0,101,1,['1297041090730262528:0'],104,0.009615385,1,1,0,0,0,535,0,528,7,5932112
1297041090730295296:0,102,1,['1297041090730262528:0'],104,0.009615385,1,1,0,0,0,535,0,528,7,5932112
1297041090747039744:0,102,1,['1297041090730262528:0'],104,0.009615385,1,1,0,0,0,535,0,528,7,5932112
1297041090864480256:0,101,1,['1297041090730262528:0'],104,0.009615385,1,1,0,0,0,535,0,528,7,5932112
1297045488776773632:128,103,1,['1297045488776773632:0'],108,0.009259259,1,1,0,0,0,535,0,528,7,5932112
1297045488776773632:16,105,1,['1297045488776773632:0'],108,0.009259259,1,1,0,0,0,535,0,528,7,5932112
1297045488776773632:16384,108,1,['1297045488776773632:0'],108,0.009259259,1,1,0,0,0,535,0,528,7,5932112
1297045488776773632:32,107,1,['1297045488776773632:0'],108,0.009259259,1,1,0,0,0,535,0,528,7,5932112
1297045488776773632:8,106,1,['1297045488776773632:0'],108,0.009259259,1,1,0,0,0,535,0,528,7,5932112
1297045488776773633:0,106,1,['1297045488776773632:0'],108,0.009259259,1,1,0,0,0,535,0,528,7,5932112
1297045488776773636:0,105,1,['1297045488776773632:0'],108,0.009259259,1,1,0,0,0,535,0,528,7,5932112
1297045488776777728:0,100,1,['1297045488776773632:0'],108,0.009259259,1,1,0,0,0,535,0,528,7,5932112
1297045488776839168:0,107,1,['1297045488776773632:0'],108,0.009259259,1,1,0,0,0,535,0,528,7,5932112
1297045488793550848:0,101,1,['1297045488776773632:0'],108,0.009259259,1,1,0,0,0,535,0,528,7,5932112
1297045488910991360:0,103,1,['1297045488776773632:0'],108,0.009259259,1,1,0,0,0,535,0,528,7,5932112
1297045489045209088:0,104,1,['1297045488776773632:0'],108,0.009259259,1,1,0,0,0,535,0,528,7,5932112
1297045489850515456:0,101,1,['1297045488776773632:0'],108,0.009259259,1,1,0,0,0,535,0,528,7,5932112
1297045763654680576:0,104,1,['1297045488776773632:0'],108,0.009259259,1,1,0,0,0,535,0,528,7,5932112
1297071877055840256:16,100,1,['1297071877055840256:0'],103,0.009708738,1,1,0,0,0,535,0,528,7,5932112
1297071877055840256:16384,100,1,['1297071877055840256:0'],103,0.009708738,1,1,0,0,0,535,0,528,7,5932112
1297071877055840256:8,101,1,['1297071877055840256:0'],103,0.009708738,1,1,0,0,0,535,0,528,7,5932112
1297071877055840257:0,101,1,['1297071877055840256:0'],103,0.009708738,1,1,0,0,0,535,0,528,7,5932112
1297071877055840512:0,102,1,['1297071877055840256:0'],103,0.009708738,1,1,0,0,0,535,0,528,7,5932112
1297071877055905792:0,103,1,['1297071877055840256:0'],103,0.009708738,1,1,0,0,0,535,0,528,7,5932112
1297071878129582080:0,100,1,['1297071877055840256:0'],103,0.009708738,1,1,0,0,0,535,0,528,7,5932112
1297072151933747200:0,103,1,['1297071877055840256:0'],103,0.009708738,1,1,0,0,0,535,0,528,7,5932112
1297107061427929088:16777216,102,1,['1297107061427929088:0'],101,0.00990099,1,1,0,0,0,535,0,528,7,5932112
1297107336305836032:0,102,1,['1297107061427929088:0'],101,0.00990099,1,1,0,0,0,535,0,528,7,5932112
1297177430176301056:0,100,1,['1297036692687945728:0'],105,0.00952381,1,1,0,0,0,535,0,528,7,5932112
1297318167660462080:32768,100,1,['1297036692683751424:32768'],106,0.009433962,1,1,0,0,0,535,0,528,7,5932112
1297318167660462080:34359738368,102,1,['1297036692683751424:34359738368'],108,0.009259259,1,1,0,0,0,535,0,528,7,5932112
1297318167660462082:0,100,1,['1297036692683751426:0'],107,0.009345794,1,1,0,0,0,535,0,528,7,5932112
1297318167660462088:0,101,1,['1297036692683751432:0'],106,0.009433962,1,1,0,0,0,535,0,528,7,5932112
1297318167660462144:0,100,1,['1297036692683751488:0'],107,0.009345794,1,1,0,0,0,535,0,528,7,5932112
1297318167660462592:0,100,1,['1297036692683751936:0'],106,0.009433962,1,1,0,0,0,535,0,528,7,5932112
1297318167664656384:0,101,1,['1297036692687945728:0'],105,0.00952381,1,1,0,0,0,535,0,528,7,5932112
1297318167668850688:0,101,1,['1297036692692140032:0'],106,0.009433962,1,1,0,0,0,535,0,528,7,5932112
1297326963753484288:0,102,1,['1297045488776773632:0'],108,0.009259259,1,1,0,0,0,535,0,528,7,5932112
1297599642637172744:0,100,1,['1297036692683751432:0'],106,0.009433962,1,1,0,0,0,535,0,528,7,5932112
1297599642637172752:0,100,1,['1297036692683751440:0'],109,0.009174312,1,1,0,0,0,535,0,528,7,5932112
1297599642641367040:0,100,1,['1297036692687945728:0'],105,0.00952381,1,1,0,0,0,535,0,528,7,5932112
1297608438730194944:0,100,1,['1297045488776773632:0'],108,0.009259259,1,1,0,0,0,535,0,528,7,5932112
1301540292311121920:128,100,1,['1301540292311121920:0'],101,0.00990099,1,1,0,0,0,535,0,528,7,5932112
1301540292311121920:16,102,1,['1301540292311121920:0'],101,0.00990099,1,1,0,0,0,535,0,528,7,5932112
1301540292311121920:16384,104,1,['1301540292311121920:0'],101,0.00990099,1,1,0,0,0,535,0,528,7,5932112
1301540292311121920:16777216,103,1,['1301540292311121920:0'],101,0.00990099,1,1,0,0,0,535,0,528,7,5932112
1301540292311121920:32,102,1,['1301540292311121920:0'],101,0.00990099,1,1,0,0,0,535,0,528,7,5932112
1301540292311121920:8,103,1,['1301540292311121920:0'],101,0.00990099,1,1,0,0,0,535,0,528,7,5932112
1301540292311121924:0,101,1,['1301540292311121920:0'],101,0.00990099,1,1,0,0,0,535,0,528,7,5932112
1301540292311122048:0,100,1,['1301540292311121920:0'],101,0.00990099,1,1,0,0,0,535,0,528,7,5932112
1301540292445339648:0,101,1,['1301540292311121920:0'],101,0.00990099,1,1,0,0,0,535,0,528,7,5932112
1301540292579557376:0,100,1,['1301540292311121920:0'],101,0.00990099,1,1,0,0,0,535,0,528,7,5932112
1306043891938492416:16,101,1,['1306043891938492416:0'],102,0.009803922,1,1,0,0,0,535,0,528,7,5932112
1306043891938492416:16384,103,1,['1306043891938492416:0'],102,0.009803922,1,1,0,0,0,535,0,528,7,5932112
1306043891938492416:16777216,103,1,['1306043891938492416:0'],102,0.009803922,1,1,0,0,0,535,0,528,7,5932112
1306043891938492416:32,102,1,['1306043891938492416:0'],102,0.009803922,1,1,0,0,0,535,0,528,7,5932112
1306043891938492416:8,102,1,['1306043891938492416:0'],102,0.009803922,1,1,0,0,0,535,0,528,7,5932112
1306043891938492417:0,100,1,['1306043891938492416:0'],102,0.009803922,1,1,0,0,0,535,0,528,7,5932112
1306043891938496512:0,104,1,['1306043891938492416:0'],102,0.009803922,1,1,0,0,0,535,0,528,7,5932112
1306044166816399360:0,102,1,['1306043891938492416:0'],102,0.009803922,1,1,0,0,0,535,0,528,7,5932112
1315051091192188928:536870912,101,1,['1152939096793939968:536870912'],106,0.009433962,1,1,0,0,0,535,0,528,7,5932112
1315051091193233408:128,103,1,['1315051091193233408:0'],108,0.009259259,1,1,0,0,0,535,0,528,7,5932112
1315051091193233408:16,105,1,['1315051091193233408:0'],108,0.009259259,1,1,0,0,0,535,0,528,7,5932112
1315051091193233408:16777216,108,1,['1315051091193233408:0'],108,0.009259259,1,1,0,0,0,535,0,528,7,5932112
1315051091193233408:32,107,1,['1315051091193233408:0'],108,0.009259259,1,1,0,0,0,535,0,528,7,5932112
1315051091193233408:8,107,1,['1315051091193233408:0'],108,0.009259259,1,1,0,0,0,535,0,528,7,5932112
1315051091193233409:0,106,1,['1315051091193233408:0'],108,0.009259259,1,1,0,0,0,535,0,528,7,5932112
1315051091193233440:0,101,1,['1315051091193233408:0'],108,0.009259259,1,1,0,0,0,535,0,528,7,5932112
1315051091193298944:0,106,1,['1315051091193233408:0'],108,0.009259259,1,1,0,0,0,535,0,528,7,5932112
1315051091210010624:0,104,1,['1315051091193233408:0'],108,0.009259259,1,1,0,0,0,535,0,528,7,5932112
1315051091327451136:0,103,1,['1315051091193233408:0'],108,0.009259259,1,1,0,0,0,535,0,528,7,5932112
1315051366071140352:0,105,1,['1315051091193233408:0'],108,0.009259259,1,1,0,0,0,535,0,528,7,5932112
1315052190704861184:0,100,1,['1315051091193233408:0'],108,0.009259259,1,1,0,0,0,535,0,528,7,5932112
1369094286721679360:134217728,102,1,['1297036692683751424:134217728'],100,0.01,1,1,0,0,0,535,0,528,7,5932112
1369094286721679360:34359738368,102,1,['1297036692683751424:34359738368'],108,0.009259259,1,1,0,0,0,535,0,528,7,5932112
1369094286721679368:0,103,1,['1297036692683751432:0'],106,0.009433962,1,1,0,0,0,535,0,528,7,5932112
1369094286721679376:0,102,1,['1297036692683751440:0'],109,0.009174312,1,1,0,0,0,535,0,528,7,5932112
1369094286721679872:0,103,1,['1297036692683751936:0'],106,0.009433962,1,1,0,0,0,535,0,528,7,5932112
1369094286723776512:0,101,1,['1297036692685848576:0'],103,0.009708738,1,1,0,0,0,535,0,528,7,5932112
1369094286725873664:0,102,1,['1297036692687945728:0'],105,0.00952381,1,1,0,0,0,535,0,528,7,5932112
1369094286755233792:0,103,1,['1297036692717305856:0'],105,0.00952381,1,1,0,0,0,535,0,528,7,5932112
1369094288869163008:0,101,1,['1297036694831235072:0'],104,0.009615385,1,1,0,0,0,535,0,528,7,5932112
1369094321081417728:0,101,1,['1297036727043489792:0'],105,0.00952381,1,1,0,0,0,535,0,528,7,5932112
1369098684768190464:0,100,1,['1297041090730262528:0'],104,0.009615385,1,1,0,0,0,535,0,528,7,5932112
1369103082814701568:0,100,1,['1297045488776773632:0'],108,0.009259259,1,1,0,0,0,535,0,528,7,5932112
1373597886349049856:0,100,1,['1301540292311121920:0'],101,0.00990099,1,1,0,0,0,535,0,528,7,5932112
1387108685231161344:0,104,1,['1315051091193233408:0'],108,0.009259259,1,1,0,0,0,535,0,528,7,5932112
1441151880758563328:536870912,109,1,['1152921504606851584:536870912'],106,0.009433962,1,1,0,0,0,535,0,528,7,5932112
1441151880758563840:536870912,106,1,['1152921504606852096:536870912'],103,0.009708738,1,1,0,0,0,535,0,528,7,5932112
1441151880759611392:536870912,100,1,['1297036692683751424:262144'],103,0.009708738,1,1,0,0,0,535,0,528,7,5932112
1441151880760659968:536870912,104,1,['1152921504607897600:536870912'],104,0.009615385,1,1,0,0,0,535,0,528,7,5932112
1441151882906046464:536870912,104,1,['1152921504616284160:536870912'],104,0.009615385,1,1,0,0,0,535,0,528,7,5932112
1441151885053530112:536870912,109,1,['1152921504612089856:536870912'],101,0.00990099,1,1,0,0,0,535,0,528,7,5932112
1441151889349541888:536870912,105,1,['1297036692683751424:262144'],103,0.009708738,1,1,0,0,0,535,0,528,7,5932112
1441156278805073920:536870912,108,1,['1152921521787764736:536870912'],105,0.00952381,1,1,0,0,0,535,0,528,7,5932112
1441187065131696128:536870912,101,1,['1297036692683751424:262144'],103,0.009708738,1,1,0,0,0,535,0,528,7,5932112
1459166279268044800:536870912,102,1,['1152939096793939968:536870912'],106,0.009433962,1,1,0,0,0,535,0,528,7,5932112
14987979559889014784:134217728,103,1,['10376293541461626880:134217728'],107,0.009345794,1,1,0,0,0,535,0,528,7,5932112
14987979559889014784:16384,100,1,['10376293541461626880:16384'],105,0.00952381,1,1,0,0,0,535,0,528,7,5932112
14987979559889014784:16777216,105,1,['10376293541461626880:16777216'],106,0.009433962,1,1,0,0,0,535,0,528,7,5932112
14987979559889014784:32,100,1,['10376293541461626880:32'],105,0.00952381,1,1,0,0,0,535,0,528,7,5932112
14987979559889014784:32768,100,1,['10376293541461626880:32768'],105,0.00952381,1,1,0,0,0,535,0,528,7,5932112
14987979559889014784:4,102,1,['10376293541461626880:4'],103,0.009708738,1,1,0,0,0,535,0,528,7,5932112
14987979559889014784:8192,105,1,['10376293541461626880:8192'],108,0.009259259,1,1,0,0,0,535,0,528,7,5932112
1585267068835463168:268435456,103,1,['1297036692683751424:268435456'],106,0.009433962,1,1,0,0,0,535,0,528,7,5932112
1585267068835463168:32768,101,1,['1297036692683751424:32768'],106,0.009433962,1,1,0,0,0,535,0,528,7,5932112
1585267068835463168:33554432,102,1,['1297036692683751424:33554432'],104,0.009615385,1,1,0,0,0,535,0,528,7,5932112
1585267068835463168:34359738368,102,1,['1297036692683751424:34359738368'],108,0.009259259,1,1,0,0,0,535,0,528,7,5932112
1585267068835463170:0,101,1,['1297036692683751426:0'],107,0.009345794,1,1,0,0,0,535,0,528,7,5932112
1585267068835463232:0,102,1,['1297036692683751488:0'],107,0.009345794,1,1,0,0,0,535,0,528,7,5932112
1585267068835463680:0,103,1,['1297036692683751936:0'],106,0.009433962,1,1,0,0,0,535,0,528,7,5932112
1585267068835465216:0,100,1,['1297036692683753472:0'],103,0.009708738,1,1,0,0,0,535,0,528,7,5932112
1585267068837560320:0,101,1,['1297036692685848576:0'],103,0.009708738,1,1,0,0,0,535,0,528,7,5932112
1585267068843851776:0,100,1,['1297036692692140032:0'],106,0.009433962,1,1,0,0,0,535,0,528,7,5932112
1585267069372334080:0,100,1,['1297036693220622336:0'],103,0.009708738,1,1,0,0,0,535,0,528,7,5932112
1585267103195201536:0,101,1,['1297036727043489792:0'],105,0.00952381,1,1,0,0,0,535,0,528,7,5932112
1585271466881974272:0,103,1,['1297041090730262528:0'],104,0.009615385,1,1,0,0,0,535,0,528,7,5932112
1585275864928485376:0,104,1,['1297045488776773632:0'],108,0.009259259,1,1,0,0,0,535,0,528,7,5932112
1589770668462833664:0,101,1,['1301540292311121920:0'],101,0.00990099,1,1,0,0,0,535,0,528,7,5932112
1603281467344945152:0,104,1,['1315051091193233408:0'],108,0.009259259,1,1,0,0,0,535,0,528,7,5932112
1729382256911319040:34896609280,100,1,['1152921504607895552:34896609280'],109,0.009174312,1,1,0,0,0,535,0,528,7,5932112
1729382256911319040:536870916,103,1,['1152921504607895552:536870916'],108,0.009259259,1,1,0,0,0,535,0,528,7,5932112
1729382256911319040:536887296,103,1,['1152921504607895552:536887296'],109,0.009174312,1,1,0,0,0,535,0,528,7,5932112
1729382256911319042:536870912,104,1,['1152921504606851584:536870912'],106,0.009433962,1,1,0,0,0,535,0,528,7,5932112
1729382256915513344:536870912,104,1,['1152921504612089856:536870912'],101,0.00990099,1,1,0,0,0,535,0,528,7,5932112
1729382261205241856:536870912,100,1,['1152921504612089856:536870912'],101,0.00990099,1,1,0,0,0,535,0,528,7,5932112
1729382274091188224:536870912,103,1,['1152921521787764736:536870912'],105,0.00952381,1,1,0,0,0,535,0,528,7,5932112
1729386654956785664:536870912,100,1,['1152921521787764736:536870912'],105,0.00952381,1,1,0,0,0,535,0,528,7,5932112
1729399849097363456:536870912,100,1,['1152939096793939968:536870912'],106,0.009433962,1,1,0,0,0,535,0,528,7,5932112
1873497444987174920:0,100,1,['1297036692683751432:0'],106,0.009433962,1,1,0,0,0,535,0,528,7,5932112
1873497445020729344:0,100,1,['1297036692717305856:0'],105,0.00952381,1,1,0,0,0,535,0,528,7,5932112
1873506241080197120:0,101,1,['1297045488776773632:0'],108,0.009259259,1,1,0,0,0,535,0,528,7,5932112
1891511843496656896:0,101,1,['1315051091193233408:0'],108,0.009259259,1,1,0,0,0,535,0,528,7,5932112
3458764513821589504:34896609280,101,1,['1152921504607895552:34896609280'],109,0.009174312,1,1,0,0,0,535,0,528,7,5932112
3458764513821589504:536870916,101,1,['1152921504607895552:536870916'],108,0.009259259,1,1,0,0,0,535,0,528,7,5932112
3458764513821589504:536870920,100,1,['1152921504607895552:536870920'],106,0.009433962,1,1,0,0,0,535,0,528,7,5932112
3458764513821589504:536887296,100,1,['1152921504607895552:536887296'],109,0.009174312,1,1,0,0,0,535,0,528,7,5932112
5764607523035283456:34896609280,105,1,['1152921504607895552:34896609280'],109,0.009174312,1,1,0,0,0,535,0,528,7,5932112
5764607523035283456:536870916,108,1,['1152921504607895552:536870916'],108,0.009259259,1,1,0,0,0,535,0,528,7,5932112
5764607523035283456:536870920,108,1,['1152921504607895552:536870920'],106,0.009433962,1,1,0,0,0,535,0,528,7,5932112
5764607523035283456:536879104,104,1,['1152921504607895552:536879104'],101,0.00990099,1,1,0,0,0,535,0,528,7,5932112
5764607523035283456:536887296,106,1,['1152921504607895552:536887296'],109,0.009174312,1,1,0,0,0,535,0,528,7,5932112
5764607523035283456:570425344,103,1,['1152921504607895552:570425344'],106,0.009433962,1,1,0,0,0,535,0,528,7,5932112
