target,0,6,1152921504606851072,537133061,85,0,1,0,0,0
target,1,6,1152921504606851072,537133062,91,0,1,0,0,0
target,2,6,1152921504606851072,537133066,88,0,1,0,0,0
target,3,6,1152921504606851072,537133073,82,0,1,0,0,0
target,4,6,1152921504606851072,537133074,91,0,1,0,0,0
target,5,6,1152921504606851072,537133089,78,0,1,0,0,0
target,6,6,1152921504606851072,537133090,83,0,1,0,0,0
target,7,6,1152921504606851072,537133121,75,0,1,0,0,0
target,8,6,1152921504606851072,537133122,81,0,1,0,0,0
target,9,6,1152921504606851072,537135108,92,0,1,0,0,0
target,10,6,1152921504606851072,537135112,87,0,1,0,0,0
target,11,6,1152921504606851072,537137156,95,0,1,0,0,0
target,12,6,1152921504606851072,537141249,83,0,1,0,0,0
target,13,6,1152921504606851072,537141250,89,0,1,0,0,0
target,14,6,1152921504606851072,537143296,94,0,1,0,0,0
target,15,6,1152921504606851072,537145344,94,0,1,0,0,0
target,16,6,1152921504606851072,537149441,72,0,1,0,0,0
target,17,6,1152921504606851072,537149442,82,0,1,0,0,0
target,18,6,1152921504606851072,537151488,88,0,1,0,0,0
target,19,6,1152921504606851072,537153536,88,0,1,0,0,0
target,20,6,1152921504606851072,537165825,83,0,1,0,0,0
target,21,6,1152921504606851072,537165826,89,0,1,0,0,0
target,22,6,1152921504606851072,537167872,88,0,1,0,0,0
target,23,6,1152921504606851072,537169920,92,0,1,0,0,0
target,24,6,1152921504606851072,537198593,70,0,1,0,0,0
target,25,6,1152921504606851072,537198594,84,0,1,0,0,0
target,26,6,1152921504606851072,537200640,88,0,1,0,0,0
target,27,6,1152921504606851072,537202688,89,0,1,0,0,0
target,28,6,1152921504606851072,537264129,73,0,1,0,0,0
target,29,6,1152921504606851072,537264130,78,0,1,0,0,0
target,30,6,1152921504606851072,537266176,84,0,1,0,0,0
target,31,6,1152921504606851072,537268224,85,0,1,0,0,0
target,32,6,1152921504606851072,541335552,78,0,1,0,0,0
target,33,6,1152921504606851072,541343744,68,0,1,0,0,0
target,34,6,1152921504606851072,553910273,73,0,1,0,0,0
target,35,6,1152921504606851072,553910274,85,0,1,0,0,0
target,36,6,1152921504606851072,553912320,88,0,1,0,0,0
target,37,6,1152921504606851072,553914368,89,0,1,0,0,0
target,38,6,1152921504606851072,558104576,85,0,1,0,0,0
target,39,6,1152921504606851072,562298880,82,0,1,0,0,0
target,40,6,1152921504606851072,570687489,81,0,1,0,0,0
target,41,6,1152921504606851072,570687490,82,0,1,0,0,0
target,42,6,1152921504606851072,570689536,89,0,1,0,0,0
target,43,6,1152921504606851072,570691584,90,0,1,0,0,0
target,44,6,1152921504606851072,574881792,85,0,1,0,0,0
target,45,6,1152921504606851072,579076096,83,0,1,0,0,0
target,46,6,1152921504606851072,604241921,75,0,1,0,0,0
target,47,6,1152921504606851072,604241922,81,0,1,0,0,0
target,48,6,1152921504606851072,604243968,86,0,1,0,0,0
target,49,6,1152921504606851072,604246016,86,0,1,0,0,0
target,50,6,1152921504606851072,608436224,76,0,1,0,0,0
target,51,6,1152921504606851072,612630528,77,0,1,0,0,0
target,52,6,1152921504606851072,671350785,84,0,1,0,0,0
target,53,6,1152921504606851072,671350786,93,0,1,0,0,0
target,54,6,1152921504606851072,671352832,98,0,1,0,0,0
target,55,6,1152921504606851072,671354880,95,0,1,0,0,0
target,56,6,1152921504606851072,675545088,93,0,1,0,0,0
target,57,6,1152921504606851072,679739392,89,0,1,0,0,0
target,58,6,1152921504606851072,805568513,77,0,1,0,0,0
target,59,6,1152921504606851072,805568514,82,0,1,0,0,0
target,60,6,1152921504606851072,805570560,89,0,1,0,0,0
target,61,6,1152921504606851072,805572608,88,0,1,0,0,0
target,62,6,1152921504606851072,809762816,83,0,1,0,0,0
target,63,6,1152921504606851072,813957120,82,0,1,0,0,0
target,64,6,1152921504606851072,9143844864,76,0,1,0,0,0
target,65,6,1152921504606851072,9160622080,81,0,1,0,0,0
target,66,6,1152921504606851072,17733779456,70,0,1,0,0,0
target,67,6,1152921504606851072,34896871425,87,0,1,0,0,0
target,68,6,1152921504606851072,34896871426,93,0,1,0,0,0
target,69,6,1152921504606851072,34896873472,98,0,1,0,0,0
target,70,6,1152921504606851072,34896875520,98,0,1,0,0,0
target,71,6,1152921504606851072,34901065728,93,0,1,0,0,0
target,72,6,1152921504606851072,34905260032,81,0,1,0,0,0
target,73,6,1152921504606851072,43486806016,95,0,1,0,0,0
target,74,6,1152921504606851072,52076740608,86,0,1,0,0,0
target,75,6,1152921504606851584,537133060,84,0,1,0,0,0
target,76,6,1152921504606851584,537133064,88,0,1,0,0,0
target,77,6,1152921504606851584,537133072,96,0,1,0,0,0
target,78,6,1152921504606851584,537133088,86,0,1,0,0,0
target,79,6,1152921504606851584,537133120,86,0,1,0,0,0
target,80,6,1152921504606851584,537141248,94,0,1,0,0,0
target,81,6,1152921504606851584,537149440,88,0,1,0,0,0
target,82,6,1152921504606851584,537165824,83,0,1,0,0,0
target,83,6,1152921504606851584,537198592,85,0,1,0,0,0
target,84,6,1152921504606851584,537264128,85,0,1,0,0,0
target,85,6,1152921504606851584,553910272,91,0,1,0,0,0
target,86,6,1152921504606851584,570687488,81,0,1,0,0,0
target,87,6,1152921504606851584,604241920,86,0,1,0,0,0
target,88,6,1152921504606851584,671350784,98,0,1,0,0,0
target,89,6,1152921504606851584,805568512,89,0,1,0,0,0
target,90,6,1152921504606851585,537133056,87,0,1,0,0,0
target,91,6,1152921504606851586,537133056,89,0,1,0,0,0
target,92,6,1152921504606851588,537133056,86,0,1,0,0,0
target,93,6,1152921504606851592,537133056,96,0,1,0,0,0
target,94,6,1152921504606851600,537133056,97,0,1,0,0,0
target,95,6,1152921504606851648,537133056,95,0,1,0,0,0
target,96,6,1152921504606851712,537133056,100,0,1,0,0,0
target,97,6,1152921504606851840,537133056,102,0,1,0,0,0
target,98,6,1152921504606852096,537133060,94,0,1,0,0,0
target,99,6,1152921504606852096,537133064,91,0,1,0,0,0
target,100,6,1152921504606852096,537133072,94,0,1,0,0,0
target,101,6,1152921504606852096,537133088,89,0,1,0,0,0
target,102,6,1152921504606852096,537133120,78,0,1,0,0,0
target,103,6,1152921504606852096,537141248,93,0,1,0,0,0
target,104,6,1152921504606852096,537149440,87,0,1,0,0,0
target,105,6,1152921504606852096,537165824,93,0,1,0,0,0
target,106,6,1152921504606852096,537198592,78,0,1,0,0,0
target,107,6,1152921504606852096,537264128,86,0,1,0,0,0
target,108,6,1152921504606852096,553910272,89,0,1,0,0,0
target,109,6,1152921504606852096,570687488,89,0,1,0,0,0
target,110,6,1152921504606852096,604241920,76,0,1,0,0,0
target,111,6,1152921504606852096,671350784,97,0,1,0,0,0
target,112,6,1152921504606852096,805568512,89,0,1,0,0,0
target,113,6,1152921504606852096,34896871424,97,0,1,0,0,0
target,114,6,1152921504606852096,69256609792,77,0,1,0,0,0
target,115,6,1152921504606852097,537133056,88,0,1,0,0,0
target,116,6,1152921504606852100,537133056,87,0,1,0,0,0
target,117,6,1152921504606852104,537133056,95,0,1,0,0,0
target,118,6,1152921504606852112,537133056,95,0,1,0,0,0
target,119,6,1152921504606852160,537133056,96,0,1,0,0,0
target,120,6,1152921504606852224,537133056,99,0,1,0,0,0
target,121,6,1152921504606852352,537133056,99,0,1,0,0,0
target,122,6,1152921504606852608,537133056,97,0,1,0,0,0
target,123,6,1152921504606853632,537133056,97,0,1,0,0,0
target,124,6,1152921504606854144,537133056,99,0,1,0,0,0
target,125,6,1152921504606859776,537133056,94,0,1,0,0,0
target,126,6,1152921504606860288,537133056,95,0,1,0,0,0
target,127,6,1152921504606867968,537133056,100,0,1,0,0,0
target,128,6,1152921504606868480,537133056,99,0,1,0,0,0
target,129,6,1152921504606884352,537133056,96,0,1,0,0,0
target,130,6,1152921504606884864,537133056,94,0,1,0,0,0
target,131,6,1152921504606982656,537133056,94,0,1,0,0,0
target,132,6,1152921504606983168,537133056,95,0,1,0,0,0
target,133,6,1152921504607113728,537133056,94,0,1,0,0,0
target,134,6,1152921504607114240,537133056,92,0,1,0,0,0
target,135,6,1152921504607375872,537133056,89,0,1,0,0,0
target,136,6,1152921504607376384,537133056,90,0,1,0,0,0
target,137,6,1152921504607895552,537133061,89,0,1,0,0,0
target,138,6,1152921504607895552,537133062,91,0,1,0,0,0
target,139,6,1152921504607895552,537133065,87,0,1,0,0,0
target,140,6,1152921504607895552,537133066,91,0,1,0,0,0
target,141,6,1152921504607895552,537133068,99,0,1,0,0,0
target,142,6,1152921504607895552,537133076,98,0,1,0,0,0
target,143,6,1152921504607895552,537133080,97,0,1,0,0,0
target,144,6,1152921504607895552,537133092,88,0,1,0,0,0
target,145,6,1152921504607895552,537133096,91,0,1,0,0,0
target,146,6,1152921504607895552,537133124,77,0,1,0,0,0
target,147,6,1152921504607895552,537133128,72,0,1,0,0,0
target,148,6,1152921504607895552,537133316,80,0,1,0,0,0
target,149,6,1152921504607895552,537133320,79,0,1,0,0,0
target,150,6,1152921504607895552,537133572,80,0,1,0,0,0
target,151,6,1152921504607895552,537133576,84,0,1,0,0,0
target,152,6,1152921504607895552,537134084,93,0,1,0,0,0
target,153,6,1152921504607895552,537134088,87,0,1,0,0,0
target,154,6,1152921504607895552,537135108,88,0,1,0,0,0
target,155,6,1152921504607895552,537141249,82,0,1,0,0,0
target,156,6,1152921504607895552,537141250,83,0,1,0,0,0
target,157,6,1152921504607895552,537141256,89,0,1,0,0,0
target,158,6,1152921504607895552,537141264,89,0,1,0,0,0
target,159,6,1152921504607895552,537141280,81,0,1,0,0,0
target,160,6,1152921504607895552,537141312,70,0,1,0,0,0
target,161,6,1152921504607895552,537141504,76,0,1,0,0,0
target,162,6,1152921504607895552,537141760,79,0,1,0,0,0
target,163,6,1152921504607895552,537143296,84,0,1,0,0,0
target,164,6,1152921504607895552,537145344,87,0,1,0,0,0
target,165,6,1152921504607895552,537149441,82,0,1,0,0,0
target,166,6,1152921504607895552,537149442,85,0,1,0,0,0
target,167,6,1152921504607895552,537149444,90,0,1,0,0,0
target,168,6,1152921504607895552,537149456,86,0,1,0,0,0
target,169,6,1152921504607895552,537149472,84,0,1,0,0,0
target,170,6,1152921504607895552,537149504,71,0,1,0,0,0
target,171,6,1152921504607895552,537149696,77,0,1,0,0,0
target,172,6,1152921504607895552,537149952,84,0,1,0,0,0
target,173,6,1152921504607895552,537150464,87,0,1,0,0,0
target,174,6,1152921504607895552,537151488,89,0,1,0,0,0
target,175,6,1152921504607895552,537153536,91,0,1,0,0,0
target,176,6,1152921504607895552,537157632,79,0,1,0,0,0
target,177,6,1152921504607895552,537165828,90,0,1,0,0,0
target,178,6,1152921504607895552,537165832,84,0,1,0,0,0
target,179,6,1152921504607895552,537174016,81,0,1,0,0,0
target,180,6,1152921504607895552,537182208,81,0,1,0,0,0
target,181,6,1152921504607895552,537198596,81,0,1,0,0,0
target,182,6,1152921504607895552,537198600,80,0,1,0,0,0
target,183,6,1152921504607895552,537206784,67,0,1,0,0,0
target,184,6,1152921504607895552,537214976,70,0,1,0,0,0
target,185,6,1152921504607895552,537264132,93,0,1,0,0,0
target,186,6,1152921504607895552,537264136,92,0,1,0,0,0
target,187,6,1152921504607895552,537272320,79,0,1,0,0,0
target,188,6,1152921504607895552,537280512,79,0,1,0,0,0
target,189,6,1152921504607895552,537665536,69,0,1,0,0,0
target,190,6,1152921504607895552,537673728,70,0,1,0,0,0
target,191,6,1152921504607895552,538198016,73,0,1,0,0,0
target,192,6,1152921504607895552,539238400,78,0,1,0,0,0
target,193,6,1152921504607895552,539246592,78,0,1,0,0,0
target,194,6,1152921504607895552,541335552,71,0,1,0,0,0
target,195,6,1152921504607895552,553910273,76,0,1,0,0,0
target,196,6,1152921504607895552,553910274,79,0,1,0,0,0
target,197,6,1152921504607895552,553910276,89,0,1,0,0,0
target,198,6,1152921504607895552,553910280,86,0,1,0,0,0
target,199,6,1152921504607895552,553910288,85,0,1,0,0,0
target,200,6,1152921504607895552,553910304,80,0,1,0,0,0
target,201,6,1152921504607895552,553910336,67,0,1,0,0,0
target,202,6,1152921504607895552,553910528,65,0,1,0,0,0
target,203,6,1152921504607895552,553910784,77,0,1,0,0,0
target,204,6,1152921504607895552,553911296,85,0,1,0,0,0
target,205,6,1152921504607895552,553912320,80,0,1,0,0,0
target,206,6,1152921504607895552,553914368,78,0,1,0,0,0
target,207,6,1152921504607895552,553926656,82,0,1,0,0,0
target,208,6,1152921504607895552,553975808,69,0,1,0,0,0
target,209,6,1152921504607895552,554041344,80,0,1,0,0,0
target,210,6,1152921504607895552,554434560,76,0,1,0,0,0
target,211,6,1152921504607895552,554958848,76,0,1,0,0,0
target,212,6,1152921504607895552,556007424,82,0,1,0,0,0
target,213,6,1152921504607895552,558104576,77,0,1,0,0,0
target,214,6,1152921504607895552,562298880,82,0,1,0,0,0
target,215,6,1152921504607895552,570687489,87,0,1,0,0,0
target,216,6,1152921504607895552,570687490,86,0,1,0,0,0
target,217,6,1152921504607895552,570687492,96,0,1,0,0,0
target,218,6,1152921504607895552,570687496,94,0,1,0,0,0
target,219,6,1152921504607895552,570687504,91,0,1,0,0,0
target,220,6,1152921504607895552,570687520,85,0,1,0,0,0
target,221,6,1152921504607895552,570687552,75,0,1,0,0,0
target,222,6,1152921504607895552,570687744,81,0,1,0,0,0
target,223,6,1152921504607895552,570688000,82,0,1,0,0,0
target,224,6,1152921504607895552,570688512,92,0,1,0,0,0
target,225,6,1152921504607895552,570689536,92,0,1,0,0,0
target,226,6,1152921504607895552,570691584,93,0,1,0,0,0
target,227,6,1152921504607895552,570695680,80,0,1,0,0,0
target,228,6,1152921504607895552,570720256,88,0,1,0,0,0
target,229,6,1152921504607895552,570753024,79,0,1,0,0,0
target,230,6,1152921504607895552,570818560,83,0,1,0,0,0
target,231,6,1152921504607895552,571211776,79,0,1,0,0,0
target,232,6,1152921504607895552,571736064,85,0,1,0,0,0
target,233,6,1152921504607895552,572784640,91,0,1,0,0,0
target,234,6,1152921504607895552,574881792,85,0,1,0,0,0
target,235,6,1152921504607895552,579076096,91,0,1,0,0,0
target,236,6,1152921504607895552,587464704,78,0,1,0,0,0
target,237,6,1152921504607895552,604241924,68,0,1,0,0,0
target,238,6,1152921504607895552,604241928,77,0,1,0,0,0
target,239,6,1152921504607895552,637796352,65,0,1,0,0,0
target,240,6,1152921504607895552,671350788,93,0,1,0,0,0
target,241,6,1152921504607895552,671350792,91,0,1,0,0,0
target,242,6,1152921504607895552,671358976,85,0,1,0,0,0
target,243,6,1152921504607895552,671367168,87,0,1,0,0,0
target,244,6,1152921504607895552,688128000,78,0,1,0,0,0
target,245,6,1152921504607895552,704905216,88,0,1,0,0,0
target,246,6,1152921504607895552,805568516,88,0,1,0,0,0
target,247,6,1152921504607895552,805568520,86,0,1,0,0,0
target,248,6,1152921504607895552,805576704,77,0,1,0,0,0
target,249,6,1152921504607895552,822345728,71,0,1,0,0,0
target,250,6,1152921504607895552,839122944,77,0,1,0,0,0
target,251,6,1152921504607895552,1627652096,71,0,1,0,0,0
target,252,6,1152921504607895552,1644429312,78,0,1,0,0,0
target,253,6,1152921504607895552,2701393920,78,0,1,0,0,0
target,254,6,1152921504607895552,2718171136,85,0,1,0,0,0
target,255,6,1152921504607895552,4848877568,67,0,1,0,0,0
target,256,6,1152921504607895552,4865654784,70,0,1,0,0,0
target,257,6,1152921504607895552,9143844864,66,0,1,0,0,0
target,258,6,1152921504607895552,34896871425,89,0,1,0,0,0
target,259,6,1152921504607895552,34896871426,90,0,1,0,0,0
target,260,6,1152921504607895552,34896871432,99,0,1,0,0,0
target,261,6,1152921504607895552,34896871440,97,0,1,0,0,0
target,262,6,1152921504607895552,34896871456,88,0,1,0,0,0
target,263,6,1152921504607895552,34896871488,77,0,1,0,0,0
target,264,6,1152921504607895552,34896871680,82,0,1,0,0,0
target,265,6,1152921504607895552,34896871936,85,0,1,0,0,0
target,266,6,1152921504607895552,34896872448,94,0,1,0,0,0
target,267,6,1152921504607895552,34896873472,93,0,1,0,0,0
target,268,6,1152921504607895552,34896875520,95,0,1,0,0,0
target,269,6,1152921504607895552,34896879616,91,0,1,0,0,0
target,270,6,1152921504607895552,34896887808,93,0,1,0,0,0
target,271,6,1152921504607895552,34896904192,92,0,1,0,0,0
target,272,6,1152921504607895552,34896936960,81,0,1,0,0,0
target,273,6,1152921504607895552,34897002496,92,0,1,0,0,0
target,274,6,1152921504607895552,34897395712,79,0,1,0,0,0
target,275,6,1152921504607895552,34897920000,87,0,1,0,0,0
target,276,6,1152921504607895552,34898968576,93,0,1,0,0,0
target,277,6,1152921504607895552,34901065728,88,0,1,0,0,0
target,278,6,1152921504607895552,34905260032,93,0,1,0,0,0
target,279,6,1152921504607895552,34913648640,86,0,1,0,0,0
target,280,6,1152921504607895552,34930425856,95,0,1,0,0,0
target,281,6,1152921504607895552,34963980288,75,0,1,0,0,0
target,282,6,1152921504607895552,35031089152,96,0,1,0,0,0
target,283,6,1152921504607895552,35165306880,88,0,1,0,0,0
target,284,6,1152921504607895552,35970613248,89,0,1,0,0,0
target,285,6,1152921504607895552,37044355072,97,0,1,0,0,0
target,286,6,1152921504607895552,39191838720,84,0,1,0,0,0
target,287,6,1152921504607895552,43486806016,89,0,1,0,0,0
target,288,6,1152921504607895552,52076740608,89,0,1,0,0,0
target,289,6,1152921504607895553,537133060,96,0,1,0,0,0
target,290,6,1152921504607895553,537133064,99,0,1,0,0,0
target,291,6,1152921504607895553,537133072,96,0,1,0,0,0
target,292,6,1152921504607895553,537133088,88,0,1,0,0,0
target,293,6,1152921504607895553,537133120,76,0,1,0,0,0
target,294,6,1152921504607895553,537141248,85,0,1,0,0,0
target,295,6,1152921504607895553,537149440,93,0,1,0,0,0
target,296,6,1152921504607895553,537165824,92,0,1,0,0,0
target,297,6,1152921504607895553,537198592,80,0,1,0,0,0
target,298,6,1152921504607895553,537264128,95,0,1,0,0,0
target,299,6,1152921504607895553,553910272,85,0,1,0,0,0
target,300,6,1152921504607895553,570687488,95,0,1,0,0,0
target,301,6,1152921504607895553,604241920,75,0,1,0,0,0
target,302,6,1152921504607895553,671350784,96,0,1,0,0,0
target,303,6,1152921504607895553,805568512,87,0,1,0,0,0
target,304,6,1152921504607895553,34896871424,95,0,1,0,0,0
target,305,6,1152921504607895554,537133060,100,0,1,0,0,0
target,306,6,1152921504607895554,537133064,93,0,1,0,0,0
target,307,6,1152921504607895554,537133072,100,0,1,0,0,0
target,308,6,1152921504607895554,537133088,87,0,1,0,0,0
target,309,6,1152921504607895554,537133120,74,0,1,0,0,0
target,310,6,1152921504607895554,537141248,91,0,1,0,0,0
target,311,6,1152921504607895554,537149440,90,0,1,0,0,0
target,312,6,1152921504607895554,537165824,86,0,1,0,0,0
target,313,6,1152921504607895554,537198592,82,0,1,0,0,0
target,314,6,1152921504607895554,537264128,93,0,1,0,0,0
target,315,6,1152921504607895554,553910272,79,0,1,0,0,0
target,316,6,1152921504607895554,570687488,96,0,1,0,0,0
target,317,6,1152921504607895554,604241920,79,0,1,0,0,0
target,318,6,1152921504607895554,671350784,95,0,1,0,0,0
target,319,6,1152921504607895554,805568512,90,0,1,0,0,0
target,320,6,1152921504607895554,34896871424,97,0,1,0,0,0
target,321,6,1152921504607895556,537133060,102,0,1,0,0,0
target,322,6,1152921504607895556,537133064,102,0,1,0,0,0
target,323,6,1152921504607895556,537133072,101,0,1,0,0,0
target,324,6,1152921504607895556,537141248,91,0,1,0,0,0
target,325,6,1152921504607895556,537149440,90,0,1,0,0,0
target,326,6,1152921504607895556,537165824,92,0,1,0,0,0
target,327,6,1152921504607895556,553910272,88,0,1,0,0,0
target,328,6,1152921504607895556,570687488,98,0,1,0,0,0
target,329,6,1152921504607895556,604241920,73,0,1,0,0,0
target,330,6,1152921504607895556,34896871424,101,0,1,0,0,0
target,331,6,1152921504607895560,537133060,102,0,1,0,0,0
target,332,6,1152921504607895560,537133064,102,0,1,0,0,0
target,333,6,1152921504607895560,537141248,90,0,1,0,0,0
target,334,6,1152921504607895560,537149440,97,0,1,0,0,0
target,335,6,1152921504607895560,553910272,89,0,1,0,0,0
target,336,6,1152921504607895560,570687488,99,0,1,0,0,0
target,337,6,1152921504607895560,34896871424,101,0,1,0,0,0
target,338,6,1152921504607895568,537133060,97,0,1,0,0,0
target,339,6,1152921504607895568,537133064,95,0,1,0,0,0
target,340,6,1152921504607895568,537141248,79,0,1,0,0,0
target,341,6,1152921504607895568,537149440,93,0,1,0,0,0
target,342,6,1152921504607895568,553910272,85,0,1,0,0,0
target,343,6,1152921504607895568,570687488,95,0,1,0,0,0
target,344,6,1152921504607895568,34896871424,98,0,1,0,0,0
target,345,6,1152921504607895616,537133060,98,0,1,0,0,0
target,346,6,1152921504607895616,537133064,101,0,1,0,0,0
target,347,6,1152921504607895616,537141248,92,0,1,0,0,0
target,348,6,1152921504607895616,537149440,95,0,1,0,0,0
target,349,6,1152921504607895616,553910272,89,0,1,0,0,0
target,350,6,1152921504607895616,570687488,97,0,1,0,0,0
target,351,6,1152921504607895616,34896871424,96,0,1,0,0,0
target,352,6,1152921504607895680,537133060,101,0,1,0,0,0
target,353,6,1152921504607895680,537133064,97,0,1,0,0,0
target,354,6,1152921504607895680,537141248,82,0,1,0,0,0
target,355,6,1152921504607895680,537149440,90,0,1,0,0,0
target,356,6,1152921504607895680,553910272,89,0,1,0,0,0
target,357,6,1152921504607895680,570687488,97,0,1,0,0,0
target,358,6,1152921504607895680,34896871424,100,0,1,0,0,0
target,359,6,1152921504607895808,537133060,95,0,1,0,0,0
target,360,6,1152921504607895808,537133064,93,0,1,0,0,0
target,361,6,1152921504607895808,537141248,87,0,1,0,0,0
target,362,6,1152921504607895808,537149440,85,0,1,0,0,0
target,363,6,1152921504607895808,553910272,79,0,1,0,0,0
target,364,6,1152921504607895808,570687488,94,0,1,0,0,0
target,365,6,1152921504607895808,34896871424,93,0,1,0,0,0
target,366,6,1152921504607896064,537133060,94,0,1,0,0,0
target,367,6,1152921504607896064,537133064,92,0,1,0,0,0
target,368,6,1152921504607896064,537141248,89,0,1,0,0,0
target,369,6,1152921504607896064,537149440,93,0,1,0,0,0
target,370,6,1152921504607896064,553910272,86,0,1,0,0,0
target,371,6,1152921504607896064,570687488,92,0,1,0,0,0
target,372,6,1152921504607896064,34896871424,90,0,1,0,0,0
target,373,6,1152921504607896576,537133060,93,0,1,0,0,0
target,374,6,1152921504607896576,537133064,94,0,1,0,0,0
target,375,6,1152921504607896576,537141248,86,0,1,0,0,0
target,376,6,1152921504607896576,537149440,90,0,1,0,0,0
target,377,6,1152921504607896576,553910272,84,0,1,0,0,0
target,378,6,1152921504607896576,570687488,91,0,1,0,0,0
target,379,6,1152921504607896576,34896871424,93,0,1,0,0,0
target,380,6,1152921504607897600,537133060,94,0,1,0,0,0
target,381,6,1152921504607897600,537133064,96,0,1,0,0,0
target,382,6,1152921504607897600,537133072,96,0,1,0,0,0
target,383,6,1152921504607897600,537133088,90,0,1,0,0,0
target,384,6,1152921504607897600,537133120,75,0,1,0,0,0
target,385,6,1152921504607897600,537141248,87,0,1,0,0,0
target,386,6,1152921504607897600,537149440,91,0,1,0,0,0
target,387,6,1152921504607897600,537165824,89,0,1,0,0,0
target,388,6,1152921504607897600,537198592,79,0,1,0,0,0
target,389,6,1152921504607897600,553910272,77,0,1,0,0,0
target,390,6,1152921504607897600,570687488,92,0,1,0,0,0
target,391,6,1152921504607897600,604241920,72,0,1,0,0,0
target,392,6,1152921504607897600,671350784,93,0,1,0,0,0
target,393,6,1152921504607897600,34896871424,95,0,1,0,0,0
target,394,6,1152921504607897602,537133056,87,0,1,0,0,0
target,395,6,1152921504607897604,537133056,98,0,1,0,0,0
target,396,6,1152921504607897608,537133056,98,0,1,0,0,0
target,397,6,1152921504607897616,537133056,96,0,1,0,0,0
target,398,6,1152921504607897664,537133056,97,0,1,0,0,0
target,399,6,1152921504607897728,537133056,97,0,1,0,0,0
target,400,6,1152921504607897856,537133056,85,0,1,0,0,0
target,401,6,1152921504607898624,537133056,91,0,1,0,0,0
target,402,6,1152921504607899648,537133060,94,0,1,0,0,0
target,403,6,1152921504607899648,537133064,92,0,1,0,0,0
target,404,6,1152921504607899648,537133072,93,0,1,0,0,0
target,405,6,1152921504607899648,537133088,87,0,1,0,0,0
target,406,6,1152921504607899648,537133120,71,0,1,0,0,0
target,407,6,1152921504607899648,537141248,88,0,1,0,0,0
target,408,6,1152921504607899648,537149440,82,0,1,0,0,0
target,409,6,1152921504607899648,537165824,91,0,1,0,0,0
target,410,6,1152921504607899648,537198592,72,0,1,0,0,0
target,411,6,1152921504607899648,537264128,83,0,1,0,0,0
target,412,6,1152921504607899648,553910272,85,0,1,0,0,0
target,413,6,1152921504607899648,570687488,89,0,1,0,0,0
target,414,6,1152921504607899648,604241920,66,0,1,0,0,0
target,415,6,1152921504607899648,671350784,95,0,1,0,0,0
target,416,6,1152921504607899648,805568512,87,0,1,0,0,0
target,417,6,1152921504607899648,34896871424,96,0,1,0,0,0
target,418,6,1152921504607899649,537133056,89,0,1,0,0,0
target,419,6,1152921504607899650,537133056,92,0,1,0,0,0
target,420,6,1152921504607899652,537133056,88,0,1,0,0,0
target,421,6,1152921504607899656,537133056,100,0,1,0,0,0
target,422,6,1152921504607899664,537133056,96,0,1,0,0,0
target,423,6,1152921504607901696,537133056,87,0,1,0,0,0
target,424,6,1152921504607903744,537133060,88,0,1,0,0,0
target,425,6,1152921504607903744,537133064,90,0,1,0,0,0
target,426,6,1152921504607903744,537133072,80,0,1,0,0,0
target,427,6,1152921504607903744,537141248,72,0,1,0,0,0
target,428,6,1152921504607903744,537149440,85,0,1,0,0,0
target,429,6,1152921504607903744,537165824,82,0,1,0,0,0
target,430,6,1152921504607903744,553910272,81,0,1,0,0,0
target,431,6,1152921504607903744,570687488,84,0,1,0,0,0
target,432,6,1152921504607903744,604241920,61,0,1,0,0,0
target,433,6,1152921504607903744,34896871424,91,0,1,0,0,0
target,434,6,1152921504607905792,537133056,82,0,1,0,0,0
target,435,6,1152921504607907840,537133056,79,0,1,0,0,0
target,436,6,1152921504607911936,537133060,97,0,1,0,0,0
target,437,6,1152921504607911936,537133064,97,0,1,0,0,0
target,438,6,1152921504607911936,537141248,84,0,1,0,0,0
target,439,6,1152921504607911936,537149440,90,0,1,0,0,0
target,440,6,1152921504607911936,553910272,84,0,1,0,0,0
target,441,6,1152921504607911936,570687488,94,0,1,0,0,0
target,442,6,1152921504607911936,34896871424,96,0,1,0,0,0
target,443,6,1152921504607913984,537133056,87,0,1,0,0,0
target,444,6,1152921504607916032,537133056,87,0,1,0,0,0
target,445,6,1152921504607928320,537133060,96,0,1,0,0,0
target,446,6,1152921504607928320,537133064,92,0,1,0,0,0
target,447,6,1152921504607928320,537141248,87,0,1,0,0,0
target,448,6,1152921504607928320,537149440,91,0,1,0,0,0
target,449,6,1152921504607928320,553910272,84,0,1,0,0,0
target,450,6,1152921504607928320,570687488,92,0,1,0,0,0
target,451,6,1152921504607928320,34896871424,95,0,1,0,0,0
target,452,6,1152921504607930368,537133056,86,0,1,0,0,0
target,453,6,1152921504607932416,537133056,82,0,1,0,0,0
target,454,6,1152921504608026624,537133060,96,0,1,0,0,0
target,455,6,1152921504608026624,537133064,94,0,1,0,0,0
target,456,6,1152921504608026624,537141248,82,0,1,0,0,0
target,457,6,1152921504608026624,537149440,90,0,1,0,0,0
target,458,6,1152921504608026624,553910272,82,0,1,0,0,0
target,459,6,1152921504608026624,570687488,92,0,1,0,0,0
target,460,6,1152921504608026624,34896871424,95,0,1,0,0,0
target,461,6,1152921504608028672,537133056,83,0,1,0,0,0
target,462,6,1152921504608157696,537133060,100,0,1,0,0,0
target,463,6,1152921504608157696,537133064,100,0,1,0,0,0
target,464,6,1152921504608157696,537141248,92,0,1,0,0,0
target,465,6,1152921504608157696,537149440,91,0,1,0,0,0
target,466,6,1152921504608157696,553910272,80,0,1,0,0,0
target,467,6,1152921504608157696,570687488,97,0,1,0,0,0
target,468,6,1152921504608157696,34896871424,99,0,1,0,0,0
target,469,6,1152921504608159744,537133056,87,0,1,0,0,0
target,470,6,1152921504608419840,537133060,96,0,1,0,0,0
target,471,6,1152921504608419840,537133064,96,0,1,0,0,0
target,472,6,1152921504608419840,537141248,85,0,1,0,0,0
target,473,6,1152921504608419840,537149440,91,0,1,0,0,0
target,474,6,1152921504608419840,553910272,84,0,1,0,0,0
target,475,6,1152921504608419840,570687488,88,0,1,0,0,0
target,476,6,1152921504608419840,34896871424,88,0,1,0,0,0
target,477,6,1152921504608421888,537133056,83,0,1,0,0,0
target,478,6,1152921504608948224,537133060,85,0,1,0,0,0
target,479,6,1152921504608948224,537133064,88,0,1,0,0,0
target,480,6,1152921504608948224,537133072,91,0,1,0,0,0
target,481,6,1152921504608948224,537133088,87,0,1,0,0,0
target,482,6,1152921504608948224,537133120,85,0,1,0,0,0
target,483,6,1152921504608948224,537141248,91,0,1,0,0,0
target,484,6,1152921504608948224,537149440,85,0,1,0,0,0
target,485,6,1152921504608948224,537165824,90,0,1,0,0,0
target,486,6,1152921504608948224,537198592,85,0,1,0,0,0
target,487,6,1152921504608948224,537264128,80,0,1,0,0,0
target,488,6,1152921504608948224,553910272,87,0,1,0,0,0
target,489,6,1152921504608948224,570687488,80,0,1,0,0,0
target,490,6,1152921504608948224,604241920,82,0,1,0,0,0
target,491,6,1152921504608948224,671350784,89,0,1,0,0,0
target,492,6,1152921504608948224,805568512,87,0,1,0,0,0
target,493,6,1152921504608948224,34896871424,95,0,1,0,0,0
target,494,6,1152921504608948224,69256609792,87,0,1,0,0,0
target,495,6,1152921504608950272,537133056,90,0,1,0,0,0
target,496,6,1152921504609992704,537133060,99,0,1,0,0,0
target,497,6,1152921504609992704,537133064,100,0,1,0,0,0
target,498,6,1152921504609992704,537141248,91,0,1,0,0,0
target,499,6,1152921504609992704,537149440,94,0,1,0,0,0
target,500,6,1152921504609992704,553910272,88,0,1,0,0,0
target,501,6,1152921504609992704,570687488,97,0,1,0,0,0
target,502,6,1152921504609992704,34896871424,99,0,1,0,0,0
target,503,6,1152921504611045888,537133056,90,0,1,0,0,0
target,504,6,1152921504611046400,537133056,89,0,1,0,0,0
target,505,6,1152921504612089856,537133060,94,0,1,0,0,0
target,506,6,1152921504612089856,537133064,95,0,1,0,0,0
target,507,6,1152921504612089856,537133072,95,0,1,0,0,0
target,508,6,1152921504612089856,537133088,88,0,1,0,0,0
target,509,6,1152921504612089856,537133120,68,0,1,0,0,0
target,510,6,1152921504612089856,537141248,85,0,1,0,0,0
target,511,6,1152921504612089856,537149440,90,0,1,0,0,0
target,512,6,1152921504612089856,537165824,90,0,1,0,0,0
target,513,6,1152921504612089856,537198592,82,0,1,0,0,0
target,514,6,1152921504612089856,537264128,90,0,1,0,0,0
target,515,6,1152921504612089856,553910272,85,0,1,0,0,0
target,516,6,1152921504612089856,570687488,95,0,1,0,0,0
target,517,6,1152921504612089856,604241920,74,0,1,0,0,0
target,518,6,1152921504612089856,671350784,91,0,1,0,0,0
target,519,6,1152921504612089856,805568512,86,0,1,0,0,0
target,520,6,1152921504612089856,34896871424,95,0,1,0,0,0
target,521,6,1152921504612089857,537133056,94,0,1,0,0,0
target,522,6,1152921504612089858,537133056,97,0,1,0,0,0
target,523,6,1152921504612089860,537133056,96,0,1,0,0,0
target,524,6,1152921504612089864,537133056,100,0,1,0,0,0
target,525,6,1152921504612089872,537133056,98,0,1,0,0,0
target,526,6,1152921504612089920,537133056,99,0,1,0,0,0
target,527,6,1152921504612089984,537133056,100,0,1,0,0,0
target,528,6,1152921504612090112,537133056,91,0,1,0,0,0
target,529,6,1152921504612090368,537133056,97,0,1,0,0,0
target,530,6,1152921504612090880,537133056,94,0,1,0,0,0
target,531,6,1152921504612091904,537133056,93,0,1,0,0,0
target,532,6,1152921504612093952,537133056,87,0,1,0,0,0
target,533,6,1152921504612098048,537133056,87,0,1,0,0,0
target,534,6,1152921504612106240,537133056,90,0,1,0,0,0
target,535,6,1152921504612122624,537133056,91,0,1,0,0,0
target,536,6,1152921504612220928,537133056,95,0,1,0,0,0
target,537,6,1152921504612352000,537133056,98,0,1,0,0,0
target,538,6,1152921504612614144,537133056,93,0,1,0,0,0
target,539,6,1152921504613142528,537133056,87,0,1,0,0,0
target,540,6,1152921504614187008,537133056,99,0,1,0,0,0
target,541,6,1152921504615240192,537133056,94,0,1,0,0,0
target,542,6,1152921504615240704,537133056,94,0,1,0,0,0
target,543,6,1152921504616284160,537133060,99,0,1,0,0,0
target,544,6,1152921504616284160,537133064,94,0,1,0,0,0
target,545,6,1152921504616284160,537133072,99,0,1,0,0,0
target,546,6,1152921504616284160,537133088,88,0,1,0,0,0
target,547,6,1152921504616284160,537133120,77,0,1,0,0,0
target,548,6,1152921504616284160,537141248,78,0,1,0,0,0
target,549,6,1152921504616284160,537149440,94,0,1,0,0,0
target,550,6,1152921504616284160,537165824,92,0,1,0,0,0
target,551,6,1152921504616284160,537198592,81,0,1,0,0,0
target,552,6,1152921504616284160,537264128,92,0,1,0,0,0
target,553,6,1152921504616284160,553910272,86,0,1,0,0,0
target,554,6,1152921504616284160,570687488,93,0,1,0,0,0
target,555,6,1152921504616284160,604241920,76,0,1,0,0,0
target,556,6,1152921504616284160,671350784,96,0,1,0,0,0
target,557,6,1152921504616284160,805568512,82,0,1,0,0,0
target,558,6,1152921504616284160,34896871424,97,0,1,0,0,0
target,559,6,1152921504616284161,537133056,96,0,1,0,0,0
target,560,6,1152921504616284162,537133056,97,0,1,0,0,0
target,561,6,1152921504616284164,537133056,99,0,1,0,0,0
target,562,6,1152921504616284168,537133056,97,0,1,0,0,0
target,563,6,1152921504616284176,537133056,85,0,1,0,0,0
target,564,6,1152921504616284224,537133056,99,0,1,0,0,0
target,565,6,1152921504616284288,537133056,91,0,1,0,0,0
target,566,6,1152921504616284416,537133056,94,0,1,0,0,0
target,567,6,1152921504616284672,537133056,96,0,1,0,0,0
target,568,6,1152921504616285184,537133056,93,0,1,0,0,0
target,569,6,1152921504616286208,537133056,94,0,1,0,0,0
target,570,6,1152921504616288256,537133056,90,0,1,0,0,0
target,571,6,1152921504616292352,537133056,80,0,1,0,0,0
target,572,6,1152921504616300544,537133056,95,0,1,0,0,0
target,573,6,1152921504616316928,537133056,95,0,1,0,0,0
target,574,6,1152921504616415232,537133056,96,0,1,0,0,0
target,575,6,1152921504616546304,537133056,99,0,1,0,0,0
target,576,6,1152921504616808448,537133056,90,0,1,0,0,0
target,577,6,1152921504617336832,537133056,91,0,1,0,0,0
target,578,6,1152921504618381312,537133056,99,0,1,0,0,0
target,579,6,1152921504620478464,537133056,98,0,1,0,0,0
target,580,6,1152921504623628800,537133056,90,0,1,0,0,0
target,581,6,1152921504623629312,537133056,86,0,1,0,0,0
target,582,6,1152921504624672768,537133060,89,0,1,0,0,0
target,583,6,1152921504624672768,537133064,87,0,1,0,0,0
target,584,6,1152921504624672768,537133072,82,0,1,0,0,0
target,585,6,1152921504624672768,537141248,80,0,1,0,0,0
target,586,6,1152921504624672768,537149440,83,0,1,0,0,0
target,587,6,1152921504624672768,537165824,71,0,1,0,0,0
target,588,6,1152921504624672768,553910272,76,0,1,0,0,0
target,589,6,1152921504624672768,570687488,87,0,1,0,0,0
target,590,6,1152921504624672768,604241920,67,0,1,0,0,0
target,591,6,1152921504624672768,34896871424,89,0,1,0,0,0
target,592,6,1152921504624672769,537133056,82,0,1,0,0,0
target,593,6,1152921504624672770,537133056,87,0,1,0,0,0
target,594,6,1152921504624674816,537133056,86,0,1,0,0,0
target,595,6,1152921504624676864,537133056,80,0,1,0,0,0
target,596,6,1152921504625725440,537133056,85,0,1,0,0,0
target,597,6,1152921504633061376,537133056,85,0,1,0,0,0
target,598,6,1152921504641449984,537133060,97,0,1,0,0,0
target,599,6,1152921504641449984,537133064,93,0,1,0,0,0
target,600,6,1152921504641449984,537141248,87,0,1,0,0,0
target,601,6,1152921504641449984,537149440,92,0,1,0,0,0
target,602,6,1152921504641449984,553910272,80,0,1,0,0,0
target,603,6,1152921504641449984,570687488,94,0,1,0,0,0
target,604,6,1152921504641449984,34896871424,94,0,1,0,0,0
target,605,6,1152921504641449985,537133056,96,0,1,0,0,0
target,606,6,1152921504641449986,537133056,97,0,1,0,0,0
target,607,6,1152921504641452032,537133056,93,0,1,0,0,0
target,608,6,1152921504645644288,537133056,94,0,1,0,0,0
target,609,6,1152921504649838592,537133056,96,0,1,0,0,0
target,610,6,1152921504673960448,537133056,98,0,1,0,0,0
target,611,6,1152921504673960960,537133056,94,0,1,0,0,0
target,612,6,1152921504675004416,537133060,94,0,1,0,0,0
target,613,6,1152921504675004416,537133064,96,0,1,0,0,0
target,614,6,1152921504675004416,537141248,86,0,1,0,0,0
target,615,6,1152921504675004416,537149440,90,0,1,0,0,0
target,616,6,1152921504675004416,553910272,78,0,1,0,0,0
target,617,6,1152921504675004416,570687488,88,0,1,0,0,0
target,618,6,1152921504675004416,34896871424,95,0,1,0,0,0
target,619,6,1152921504675004417,537133056,91,0,1,0,0,0
target,620,6,1152921504675004418,537133056,91,0,1,0,0,0
target,621,6,1152921504675006464,537133056,93,0,1,0,0,0
target,622,6,1152921504675008512,537133056,91,0,1,0,0,0
target,623,6,1152921504676057088,537133056,93,0,1,0,0,0
target,624,6,1152921504679198720,537133056,93,0,1,0,0,0
target,625,6,1152921504683393024,537133056,92,0,1,0,0,0
target,626,6,1152921504876331008,537133060,94,0,1,0,0,0
target,627,6,1152921504876331008,537133064,98,0,1,0,0,0
target,628,6,1152921504876331008,537141248,89,0,1,0,0,0
target,629,6,1152921504876331008,537149440,86,0,1,0,0,0
target,630,6,1152921504876331008,553910272,82,0,1,0,0,0
target,631,6,1152921504876331008,570687488,94,0,1,0,0,0
target,632,6,1152921504876331008,34896871424,97,0,1,0,0,0
target,633,6,1152921504880525312,537133056,91,0,1,0,0,0
target,634,6,1152921504884719616,537133056,94,0,1,0,0,0
target,635,6,1152921505681637376,537133060,89,0,1,0,0,0
target,636,6,1152921505681637376,537133064,87,0,1,0,0,0
target,637,6,1152921505681637376,537141248,82,0,1,0,0,0
target,638,6,1152921505681637376,537149440,86,0,1,0,0,0
target,639,6,1152921505681637376,553910272,80,0,1,0,0,0
target,640,6,1152921505681637376,570687488,84,0,1,0,0,0
target,641,6,1152921505681637376,34896871424,89,0,1,0,0,0
target,642,6,1152921505685831680,537133056,84,0,1,0,0,0
target,643,6,1152921505690025984,537133056,77,0,1,0,0,0
target,644,6,1152921506754334720,537133060,95,0,1,0,0,0
target,645,6,1152921506754334720,537133072,87,0,1,0,0,0
target,646,6,1152921506754334720,537133088,89,0,1,0,0,0
target,647,6,1152921506754334720,537133120,85,0,1,0,0,0
target,648,6,1152921506754334720,537141248,93,0,1,0,0,0
target,649,6,1152921506754334720,537149440,88,0,1,0,0,0
target,650,6,1152921506754334720,537165824,93,0,1,0,0,0
target,651,6,1152921506754334720,537198592,87,0,1,0,0,0
target,652,6,1152921506754334720,537264128,76,0,1,0,0,0
target,653,6,1152921506754334720,553910272,89,0,1,0,0,0
target,654,6,1152921506754334720,570687488,89,0,1,0,0,0
target,655,6,1152921506754334720,604241920,84,0,1,0,0,0
target,656,6,1152921506754334720,671350784,93,0,1,0,0,0
target,657,6,1152921506754334720,805568512,88,0,1,0,0,0
target,658,6,1152921506754334720,34896871424,85,0,1,0,0,0
target,659,6,1152921506754334720,69256609792,90,0,1,0,0,0
target,660,6,1152921506755379200,537133060,96,0,1,0,0,0
target,661,6,1152921506755379200,537133064,94,0,1,0,0,0
target,662,6,1152921506755379200,537141248,87,0,1,0,0,0
target,663,6,1152921506755379200,537149440,91,0,1,0,0,0
target,664,6,1152921506755379200,553910272,85,0,1,0,0,0
target,665,6,1152921506755379200,570687488,94,0,1,0,0,0
target,666,6,1152921506755379200,34896871424,92,0,1,0,0,0
target,667,6,1152921506758529024,537133056,76,0,1,0,0,0
target,668,6,1152921506759573504,537133056,89,0,1,0,0,0
target,669,6,1152921506762723328,537133056,92,0,1,0,0,0
target,670,6,1152921508901818368,537133060,95,0,1,0,0,0
target,671,6,1152921508901818368,537133064,92,0,1,0,0,0
target,672,6,1152921508901818368,537133072,90,0,1,0,0,0
target,673,6,1152921508901818368,537133088,87,0,1,0,0,0
target,674,6,1152921508901818368,537133120,82,0,1,0,0,0
target,675,6,1152921508901818368,537141248,91,0,1,0,0,0
target,676,6,1152921508901818368,537149440,87,0,1,0,0,0
target,677,6,1152921508901818368,537165824,93,0,1,0,0,0
target,678,6,1152921508901818368,537198592,86,0,1,0,0,0
target,679,6,1152921508901818368,537264128,85,0,1,0,0,0
target,680,6,1152921508901818368,553910272,88,0,1,0,0,0
target,681,6,1152921508901818368,570687488,88,0,1,0,0,0
target,682,6,1152921508901818368,604241920,85,0,1,0,0,0
target,683,6,1152921508901818368,671350784,97,0,1,0,0,0
target,684,6,1152921508901818368,805568512,81,0,1,0,0,0
target,685,6,1152921508901818368,34896871424,97,0,1,0,0,0
target,686,6,1152921508901818368,69256609792,88,0,1,0,0,0
target,687,6,1152921508902862848,537133060,90,0,1,0,0,0
target,688,6,1152921508902862848,537133064,90,0,1,0,0,0
target,689,6,1152921508902862848,537141248,72,0,1,0,0,0
target,690,6,1152921508902862848,537149440,84,0,1,0,0,0
target,691,6,1152921508902862848,553910272,77,0,1,0,0,0
target,692,6,1152921508902862848,570687488,85,0,1,0,0,0
target,693,6,1152921508902862848,34896871424,89,0,1,0,0,0
target,694,6,1152921508906012672,537133056,84,0,1,0,0,0
target,695,6,1152921513196786176,537133056,79,0,1,0,0,0
target,696,6,1152921513196786688,537133056,92,0,1,0,0,0
target,697,6,1152921513197830144,537133060,93,0,1,0,0,0
target,698,6,1152921513197830144,537133064,91,0,1,0,0,0
target,699,6,1152921513197830144,537133072,97,0,1,0,0,0
target,700,6,1152921513197830144,537133088,82,0,1,0,0,0
target,701,6,1152921513197830144,537133120,75,0,1,0,0,0
target,702,6,1152921513197830144,537149440,92,0,1,0,0,0
target,703,6,1152921513197830144,537165824,84,0,1,0,0,0
target,704,6,1152921513197830144,537198592,77,0,1,0,0,0
target,705,6,1152921513197830144,537264128,82,0,1,0,0,0
target,706,6,1152921513197830144,553910272,79,0,1,0,0,0
target,707,6,1152921513197830144,570687488,91,0,1,0,0,0
target,708,6,1152921513197830144,604241920,73,0,1,0,0,0
target,709,6,1152921513197830144,671350784,89,0,1,0,0,0
target,710,6,1152921513197830144,805568512,84,0,1,0,0,0
target,711,6,1152921513197830145,537133056,91,0,1,0,0,0
target,712,6,1152921513197830146,537133056,90,0,1,0,0,0
target,713,6,1152921513197830148,537133056,98,0,1,0,0,0
target,714,6,1152921513197830152,537133056,93,0,1,0,0,0
target,715,6,1152921513197830160,537133056,95,0,1,0,0,0
target,716,6,1152921513197830208,537133056,94,0,1,0,0,0
target,717,6,1152921513197830272,537133056,93,0,1,0,0,0
target,718,6,1152921513197830400,537133056,92,0,1,0,0,0
target,719,6,1152921513197830656,537133056,88,0,1,0,0,0
target,720,6,1152921513197831168,537133056,92,0,1,0,0,0
target,721,6,1152921513197832192,537133056,90,0,1,0,0,0
target,722,6,1152921513197834240,537133056,89,0,1,0,0,0
target,723,6,1152921513197838336,537133056,82,0,1,0,0,0
target,724,6,1152921513197846528,537133056,95,0,1,0,0,0
target,725,6,1152921513197862912,537133056,92,0,1,0,0,0
target,726,6,1152921513197961216,537133056,92,0,1,0,0,0
target,727,6,1152921513198092288,537133056,97,0,1,0,0,0
target,728,6,1152921513198354432,537133056,92,0,1,0,0,0
target,729,6,1152921513198882816,537133056,82,0,1,0,0,0
target,730,6,1152921513199927296,537133056,97,0,1,0,0,0
target,731,6,1152921513202024448,537133056,92,0,1,0,0,0
target,732,6,1152921513206218752,537133056,92,0,1,0,0,0
target,733,6,1152921513214607360,537133056,81,0,1,0,0,0
target,734,6,1152921513231384576,537133056,89,0,1,0,0,0
target,735,6,1152921513264939008,537133056,92,0,1,0,0,0
target,736,6,1152921513466265600,537133056,95,0,1,0,0,0
target,737,6,1152921514271571968,537133056,85,0,1,0,0,0
target,738,6,1152921515344269312,537133056,89,0,1,0,0,0
target,739,6,1152921515345313792,537133056,89,0,1,0,0,0
target,740,6,1152921517491752960,537133056,93,0,1,0,0,0
target,741,6,1152921517492797440,537133056,87,0,1,0,0,0
target,742,6,1152921521786720768,537133056,92,0,1,0,0,0
target,743,6,1152921521786721280,537133056,87,0,1,0,0,0
target,744,6,1152921521787764736,537133060,96,0,1,0,0,0
target,745,6,1152921521787764736,537133064,94,0,1,0,0,0
target,746,6,1152921521787764736,537133072,85,0,1,0,0,0
target,747,6,1152921521787764736,537133088,84,0,1,0,0,0
target,748,6,1152921521787764736,537133120,68,0,1,0,0,0
target,749,6,1152921521787764736,537141248,84,0,1,0,0,0
target,750,6,1152921521787764736,537149440,86,0,1,0,0,0
target,751,6,1152921521787764736,537165824,84,0,1,0,0,0
target,752,6,1152921521787764736,537198592,78,0,1,0,0,0
target,753,6,1152921521787764736,537264128,81,0,1,0,0,0
target,754,6,1152921521787764736,553910272,85,0,1,0,0,0
target,755,6,1152921521787764736,570687488,90,0,1,0,0,0
target,756,6,1152921521787764736,604241920,74,0,1,0,0,0
target,757,6,1152921521787764736,671350784,93,0,1,0,0,0
target,758,6,1152921521787764736,805568512,82,0,1,0,0,0
target,759,6,1152921521787764736,34896871424,97,0,1,0,0,0
target,760,6,1152921521787764737,537133056,91,0,1,0,0,0
target,761,6,1152921521787764738,537133056,92,0,1,0,0,0
target,762,6,1152921521787764740,537133056,98,0,1,0,0,0
target,763,6,1152921521787764744,537133056,98,0,1,0,0,0
target,764,6,1152921521787764752,537133056,85,0,1,0,0,0
target,765,6,1152921521787764800,537133056,97,0,1,0,0,0
target,766,6,1152921521787764864,537133056,94,0,1,0,0,0
target,767,6,1152921521787764992,537133056,92,0,1,0,0,0
target,768,6,1152921521787765248,537133056,96,0,1,0,0,0
target,769,6,1152921521787765760,537133056,88,0,1,0,0,0
target,770,6,1152921521787766784,537133056,92,0,1,0,0,0
target,771,6,1152921521787768832,537133056,89,0,1,0,0,0
target,772,6,1152921521787772928,537133056,77,0,1,0,0,0
target,773,6,1152921521787781120,537133056,91,0,1,0,0,0
target,774,6,1152921521787797504,537133056,92,0,1,0,0,0
target,775,6,1152921521787895808,537133056,93,0,1,0,0,0
target,776,6,1152921521788026880,537133056,86,0,1,0,0,0
target,777,6,1152921521788289024,537133056,92,0,1,0,0,0
target,778,6,1152921521788817408,537133056,87,0,1,0,0,0
target,779,6,1152921521789861888,537133056,97,0,1,0,0,0
target,780,6,1152921521791959040,537133056,89,0,1,0,0,0
target,781,6,1152921521796153344,537133056,93,0,1,0,0,0
target,782,6,1152921521804541952,537133056,79,0,1,0,0,0
target,783,6,1152921521821319168,537133056,93,0,1,0,0,0
target,784,6,1152921521854873600,537133056,89,0,1,0,0,0
target,785,6,1152921522056200192,537133056,95,0,1,0,0,0
target,786,6,1152921522861506560,537133056,87,0,1,0,0,0
target,787,6,1152921523934203904,537133056,92,0,1,0,0,0
target,788,6,1152921523935248384,537133056,92,0,1,0,0,0
target,789,6,1152921526081687552,537133056,89,0,1,0,0,0
target,790,6,1152921526082732032,537133056,84,0,1,0,0,0
target,791,6,1152921538966589952,537133056,97,0,1,0,0,0
target,792,6,1152921538966590464,537133056,96,0,1,0,0,0
target,793,6,1152921538967633920,537133060,96,0,1,0,0,0
target,794,6,1152921538967633920,537133064,100,0,1,0,0,0
target,795,6,1152921538967633920,537133072,100,0,1,0,0,0
target,796,6,1152921538967633920,537141248,91,0,1,0,0,0
target,797,6,1152921538967633920,537149440,91,0,1,0,0,0
target,798,6,1152921538967633920,537165824,91,0,1,0,0,0
target,799,6,1152921538967633920,553910272,88,0,1,0,0,0
target,800,6,1152921538967633920,570687488,96,0,1,0,0,0
target,801,6,1152921538967633920,604241920,69,0,1,0,0,0
target,802,6,1152921538967633920,34896871424,99,0,1,0,0,0
target,803,6,1152921538967633921,537133056,99,0,1,0,0,0
target,804,6,1152921538967633922,537133056,98,0,1,0,0,0
target,805,6,1152921538967635968,537133056,96,0,1,0,0,0
target,806,6,1152921538967638016,537133056,95,0,1,0,0,0
target,807,6,1152921538968686592,537133056,93,0,1,0,0,0
target,808,6,1152921538971828224,537133056,98,0,1,0,0,0
target,809,6,1152921538976022528,537133056,98,0,1,0,0,0
target,810,6,1152921541114073088,537133056,95,0,1,0,0,0
target,811,6,1152921543261556736,537133056,96,0,1,0,0,0
target,812,6,1152921547557568512,537133056,97,0,1,0,0,0
target,813,6,1152921556147503104,537133056,95,0,1,0,0,0
target,814,6,1152921573326328320,537133056,85,0,1,0,0,0
target,815,6,1152921573326328832,537133056,84,0,1,0,0,0
target,816,6,1152921573327372288,537133060,87,0,1,0,0,0
target,817,6,1152921573327372288,537133064,93,0,1,0,0,0
target,818,6,1152921573327372288,537141248,83,0,1,0,0,0
target,819,6,1152921573327372288,537149440,85,0,1,0,0,0
target,820,6,1152921573327372288,553910272,82,0,1,0,0,0
target,821,6,1152921573327372288,570687488,90,0,1,0,0,0
target,822,6,1152921573327372288,34896871424,91,0,1,0,0,0
target,823,6,1152921573327372289,537133056,84,0,1,0,0,0
target,824,6,1152921573327372290,537133056,92,0,1,0,0,0
target,825,6,1152921573327374336,537133056,87,0,1,0,0,0
target,826,6,1152921573327376384,537133056,83,0,1,0,0,0
target,827,6,1152921573328424960,537133056,84,0,1,0,0,0
target,828,6,1152921573331566592,537133056,89,0,1,0,0,0
target,829,6,1152921573335760896,537133056,89,0,1,0,0,0
target,830,6,1152921575473811456,537133056,87,0,1,0,0,0
target,831,6,1152921577621295104,537133056,87,0,1,0,0,0
target,832,6,1152921642046849024,537133060,97,0,1,0,0,0
target,833,6,1152921642046849024,537133064,95,0,1,0,0,0
target,834,6,1152921642046849024,537141248,84,0,1,0,0,0
target,835,6,1152921642046849024,537149440,88,0,1,0,0,0
target,836,6,1152921642046849024,553910272,85,0,1,0,0,0
target,837,6,1152921642046849024,570687488,89,0,1,0,0,0
target,838,6,1152921642046849024,34896871424,96,0,1,0,0,0
target,839,6,1152921642046849025,537133056,95,0,1,0,0,0
target,840,6,1152921642046849026,537133056,97,0,1,0,0,0
target,841,6,1152921642046851072,537133056,94,0,1,0,0,0
target,842,6,1152921642051043328,537133056,96,0,1,0,0,0
target,843,6,1152921642055237632,537133056,92,0,1,0,0,0
target,844,6,1152921650636783616,537133056,94,0,1,0,0,0
target,845,6,1152921659226718208,537133056,86,0,1,0,0,0
target,846,6,1152921779618971649,68719476737,82,0,1,0,0,0
target,847,6,1152921779618971649,68719476738,86,0,1,0,0,0
target,848,6,1152921779618971649,68719478784,84,0,1,0,0,0
target,849,6,1152921779618971649,68719480832,89,0,1,0,0,0
target,850,6,1152921779618971649,68723671040,89,0,1,0,0,0
target,851,6,1152921779618971649,68727865344,90,0,1,0,0,0
target,852,6,1152921779618971649,77309411328,92,0,1,0,0,0
target,853,6,1152921779618971649,85899345920,91,0,1,0,0,0
target,854,6,1152921779618971650,68719476737,85,0,1,0,0,0
target,855,6,1152921779618971650,68719476738,91,0,1,0,0,0
target,856,6,1152921779618971650,68719478784,88,0,1,0,0,0
target,857,6,1152921779618971650,68719480832,85,0,1,0,0,0
target,858,6,1152921779618971650,68723671040,93,0,1,0,0,0
target,859,6,1152921779618971650,68727865344,93,0,1,0,0,0
target,860,6,1152921779618971650,77309411328,84,0,1,0,0,0
target,861,6,1152921779618971650,85899345920,95,0,1,0,0,0
target,862,6,1152921779618971652,68719476737,82,0,1,0,0,0
target,863,6,1152921779618971652,68719476738,88,0,1,0,0,0
target,864,6,1152921779618971652,68719478784,84,0,1,0,0,0
target,865,6,1152921779618971652,68719480832,91,0,1,0,0,0
target,866,6,1152921779618971652,68723671040,82,0,1,0,0,0
target,867,6,1152921779618971652,77309411328,92,0,1,0,0,0
target,868,6,1152921779618971652,85899345920,85,0,1,0,0,0
target,869,6,1152921779618971656,68719476737,83,0,1,0,0,0
target,870,6,1152921779618971656,68719476738,89,0,1,0,0,0
target,871,6,1152921779618971656,68719478784,78,0,1,0,0,0
target,872,6,1152921779618971656,68719480832,91,0,1,0,0,0
target,873,6,1152921779618971656,68723671040,88,0,1,0,0,0
target,874,6,1152921779618971656,68727865344,85,0,1,0,0,0
target,875,6,1152921779618972160,17626545782784,91,0,1,0,0,0
target,876,6,1152921779618972672,68719476740,80,0,1,0,0,0
target,877,6,1152921779618972672,68719476744,70,0,1,0,0,0
target,878,6,1152921779618972672,68719476752,74,0,1,0,0,0
target,879,6,1152921779618972672,68719476768,79,0,1,0,0,0
target,880,6,1152921779618972672,68719493120,79,0,1,0,0,0
target,881,6,1152921779618972672,68719509504,81,0,1,0,0,0
target,882,6,1152921779618972672,68736253952,77,0,1,0,0,0
target,883,6,1152921779618972672,68753031168,79,0,1,0,0,0
target,884,6,1152921779618972672,103079215104,85,0,1,0,0,0
target,885,6,1152921779618972672,17626545782784,90,0,1,0,0,0
target,886,6,1152921779618972673,68719476736,75,0,1,0,0,0
target,887,6,1152921779618972674,68719476736,76,0,1,0,0,0
target,888,6,1152921779618972680,68719476736,73,0,1,0,0,0
target,889,6,1152921779618972736,68719476736,77,0,1,0,0,0
target,890,6,1152921779618973184,68719476736,78,0,1,0,0,0
target,891,6,1152921779618974720,68719476736,84,0,1,0,0,0
target,892,6,1152921779618975744,68719476737,76,0,1,0,0,0
target,893,6,1152921779618975744,68719476738,86,0,1,0,0,0
target,894,6,1152921779618975744,68719478784,81,0,1,0,0,0
target,895,6,1152921779618975744,68719480832,87,0,1,0,0,0
target,896,6,1152921779618975744,68723671040,85,0,1,0,0,0
target,897,6,1152921779618975744,68727865344,86,0,1,0,0,0
target,898,6,1152921779618976768,68719476736,72,0,1,0,0,0
target,899,6,1152921779618979840,68719476737,85,0,1,0,0,0
target,900,6,1152921779618979840,68719476738,92,0,1,0,0,0
target,901,6,1152921779618979840,68719478784,88,0,1,0,0,0
target,902,6,1152921779618979840,68719480832,95,0,1,0,0,0
target,903,6,1152921779618979840,68723671040,93,0,1,0,0,0
target,904,6,1152921779618979840,68727865344,94,0,1,0,0,0
target,905,6,1152921779618979840,77309411328,92,0,1,0,0,0
target,906,6,1152921779618980864,68719476736,82,0,1,0,0,0
target,907,6,1152921779618988032,68719476737,78,0,1,0,0,0
target,908,6,1152921779618988032,68719476738,86,0,1,0,0,0
target,909,6,1152921779618988032,68719478784,82,0,1,0,0,0
target,910,6,1152921779618988032,68719480832,89,0,1,0,0,0
target,911,6,1152921779618988032,68723671040,81,0,1,0,0,0
target,912,6,1152921779618989056,68719476736,79,0,1,0,0,0
target,913,6,1152921779619004416,68719476737,81,0,1,0,0,0
target,914,6,1152921779619004416,68719476738,87,0,1,0,0,0
target,915,6,1152921779619004416,68719478784,78,0,1,0,0,0
target,916,6,1152921779619005440,68719476736,80,0,1,0,0,0
target,917,6,1152921779619103744,68719476736,79,0,1,0,0,0
target,918,6,1152921779619234816,68719476736,74,0,1,0,0,0
target,919,6,1152921779619496960,68719476736,81,0,1,0,0,0
target,920,6,1152921779620020225,68719476736,75,0,1,0,0,0
target,921,6,1152921779620020226,68719476736,71,0,1,0,0,0
target,922,6,1152921779620020228,68719476736,79,0,1,0,0,0
target,923,6,1152921779620020232,68719476736,80,0,1,0,0,0
target,924,6,1152921779620020288,68719476736,74,0,1,0,0,0
target,925,6,1152921779620020352,68719476736,70,0,1,0,0,0
target,926,6,1152921779620020480,68719476736,61,0,1,0,0,0
target,927,6,1152921779620020736,68719476736,77,0,1,0,0,0
target,928,6,1152921779620022272,68719476736,68,0,1,0,0,0
target,929,6,1152921779620024320,68719476736,74,0,1,0,0,0
target,930,6,1152921779620028416,68719476736,66,0,1,0,0,0
target,931,6,1152921779620036608,68719476736,70,0,1,0,0,0
target,932,6,1152921779620052992,68719476736,72,0,1,0,0,0
target,933,6,1152921779620544512,68719476736,73,0,1,0,0,0
target,934,6,1152921779621068801,68719476736,92,0,1,0,0,0
target,935,6,1152921779621068802,68719476736,92,0,1,0,0,0
target,936,6,1152921779621068804,68719476736,90,0,1,0,0,0
target,937,6,1152921779621068808,68719476736,93,0,1,0,0,0
target,938,6,1152921779621068864,68719476736,94,0,1,0,0,0
target,939,6,1152921779621068928,68719476736,90,0,1,0,0,0
target,940,6,1152921779621069056,68719476736,88,0,1,0,0,0
target,941,6,1152921779621069312,68719476736,96,0,1,0,0,0
target,942,6,1152921779621069824,68719476736,80,0,1,0,0,0
target,943,6,1152921779621070848,68719476736,96,0,1,0,0,0
target,944,6,1152921779621072896,68719476736,84,0,1,0,0,0
target,945,6,1152921779621076992,68719476736,93,0,1,0,0,0
target,946,6,1152921779621085184,68719476736,86,0,1,0,0,0
target,947,6,1152921779621101568,68719476736,88,0,1,0,0,0
target,948,6,1152921779621199872,68719476736,90,0,1,0,0,0
target,949,6,1152921779621330944,68719476736,84,0,1,0,0,0
target,950,6,1152921779621593088,68719476736,95,0,1,0,0,0
target,951,6,1152921779622117376,68719476736,76,0,1,0,0,0
target,952,6,1152921779623166976,68719476736,76,0,1,0,0,0
target,953,6,1152921779624214528,68719476736,76,0,1,0,0,0
target,954,6,1152921779627361280,68719476736,73,0,1,0,0,0
target,955,6,1152921779628408832,68719476736,67,0,1,0,0,0
target,956,6,1152921779635749888,68719476736,71,0,1,0,0,0
target,957,6,1152921779636797440,68719476736,66,0,1,0,0,0
target,958,6,1152921779652527104,68719476736,83,0,1,0,0,0
target,959,6,1152921779653574656,68719476736,81,0,1,0,0,0
target,960,6,1152921779686081536,68719476736,74,0,1,0,0,0
target,961,6,1152921779687129088,68719476736,72,0,1,0,0,0
target,962,6,1152921779887408128,68719476736,72,0,1,0,0,0
target,963,6,1152921779888455680,68719476736,69,0,1,0,0,0
target,964,6,1152921780155843584,68719476736,83,0,1,0,0,0
target,965,6,1152921780156891136,68719476736,76,0,1,0,0,0
target,966,6,1152921781766455297,68719476736,88,0,1,0,0,0
target,967,6,1152921781766455298,68719476736,93,0,1,0,0,0
target,968,6,1152921781766455300,68719476736,90,0,1,0,0,0
target,969,6,1152921781766455304,68719476736,91,0,1,0,0,0
target,970,6,1152921781766455360,68719476736,92,0,1,0,0,0
target,971,6,1152921781766455424,68719476736,85,0,1,0,0,0
target,972,6,1152921781766455552,68719476736,85,0,1,0,0,0
target,973,6,1152921781766455808,68719476736,95,0,1,0,0,0
target,974,6,1152921781766456320,68719476736,80,0,1,0,0,0
target,975,6,1152921781766459392,68719476736,87,0,1,0,0,0
target,976,6,1152921781766463488,68719476736,89,0,1,0,0,0
target,977,6,1152921781766471680,68719476736,88,0,1,0,0,0
target,978,6,1152921781766488064,68719476736,88,0,1,0,0,0
target,979,6,1152921781766586368,68719476736,86,0,1,0,0,0
target,980,6,1152921781766979584,68719476736,91,0,1,0,0,0
target,981,6,1152921781767503872,68719476736,76,0,1,0,0,0
target,982,6,1152921783913938945,68719476736,81,0,1,0,0,0
target,983,6,1152921783913938946,68719476736,84,0,1,0,0,0
target,984,6,1152921783913938948,68719476736,79,0,1,0,0,0
target,985,6,1152921783913938952,68719476736,82,0,1,0,0,0
target,986,6,1152921783913939008,68719476736,81,0,1,0,0,0
target,987,6,1152921783913939456,68719476736,84,0,1,0,0,0
target,988,6,1152921783913939968,68719476736,73,0,1,0,0,0
target,989,6,1152921783913943040,68719476736,78,0,1,0,0,0
target,990,6,1152921783913947136,68719476736,79,0,1,0,0,0
target,991,6,1152921783913955328,68719476736,79,0,1,0,0,0
target,992,6,1152921783913971712,68719476736,80,0,1,0,0,0
target,993,6,1152921783914201088,68719476736,75,0,1,0,0,0
target,994,6,1152921783914463232,68719476736,81,0,1,0,0,0
target,995,6,1152921788209954816,68719476736,79,0,1,0,0,0
target,996,6,1152921796798841856,68719476736,72,0,1,0,0,0
target,997,6,1152921796799889408,68719476736,73,0,1,0,0,0
target,998,6,1152921813978711040,68719476736,81,0,1,0,0,0
target,999,6,1152921813979758592,68719476736,77,0,1,0,0,0
target,1000,6,1152921848338449408,68719476736,72,0,1,0,0,0
target,1001,6,1152921848339496960,68719476736,70,0,1,0,0,0
target,1002,6,1152921917057926144,68719476736,72,0,1,0,0,0
target,1003,6,1152921917058973696,68719476736,65,0,1,0,0,0
target,1004,6,1152922329374786560,68719476736,79,0,1,0,0,0
target,1005,6,1152922329375834112,68719476736,74,0,1,0,0,0
target,1006,6,1152922604119523328,537133060,85,0,1,0,0,0
target,1007,6,1152922604119523328,537133064,87,0,1,0,0,0
target,1008,6,1152922604119523328,537141248,80,0,1,0,0,0
target,1009,6,1152922604119523328,537149440,82,0,1,0,0,0
target,1010,6,1152922604119523328,553910272,78,0,1,0,0,0
target,1011,6,1152922604119523328,570687488,85,0,1,0,0,0
target,1012,6,1152922604119523328,34896871424,87,0,1,0,0,0
target,1013,6,1152922612709457920,537133056,77,0,1,0,0,0
target,1014,6,1152922621299392512,537133056,79,0,1,0,0,0
target,1015,6,1152923703631151104,537133060,97,0,1,0,0,0
target,1016,6,1152923703631151104,537133064,97,0,1,0,0,0
target,1017,6,1152923703631151104,537141248,87,0,1,0,0,0
target,1018,6,1152923703631151104,537149440,91,0,1,0,0,0
target,1019,6,1152923703631151104,553910272,87,0,1,0,0,0
target,1020,6,1152923703631151104,570687488,94,0,1,0,0,0
target,1021,6,1152923703631151104,34896871424,97,0,1,0,0,0
target,1022,6,1152923712221085696,537133056,88,0,1,0,0,0
target,1023,6,1152923720811020288,537133056,83,0,1,0,0,0
target,1024,6,1152923978642228224,68719476736,80,0,1,0,0,0
target,1025,6,1152923978643275776,68719476736,80,0,1,0,0,0
target,1026,6,1152925902653362176,537133060,89,0,1,0,0,0
target,1027,6,1152925902653362176,537133064,90,0,1,0,0,0
target,1028,6,1152925902653362176,537133072,91,0,1,0,0,0
target,1029,6,1152925902653362176,537133088,77,0,1,0,0,0
target,1030,6,1152925902653362176,537133120,77,0,1,0,0,0
target,1031,6,1152925902653362176,537141248,91,0,1,0,0,0
target,1032,6,1152925902653362176,537149440,79,0,1,0,0,0
target,1033,6,1152925902653362176,537165824,87,0,1,0,0,0
target,1034,6,1152925902653362176,537198592,84,0,1,0,0,0
target,1035,6,1152925902653362176,537264128,80,0,1,0,0,0
target,1036,6,1152925902653362176,553910272,87,0,1,0,0,0
target,1037,6,1152925902653362176,570687488,87,0,1,0,0,0
target,1038,6,1152925902653362176,604241920,82,0,1,0,0,0
target,1039,6,1152925902653362176,671350784,94,0,1,0,0,0
target,1040,6,1152925902653362176,805568512,77,0,1,0,0,0
target,1041,6,1152925902653362176,34896871424,95,0,1,0,0,0
target,1042,6,1152925902654406656,537133060,89,0,1,0,0,0
target,1043,6,1152925902654406656,537133064,93,0,1,0,0,0
target,1044,6,1152925902654406656,537141248,84,0,1,0,0,0
target,1045,6,1152925902654406656,537149440,85,0,1,0,0,0
target,1046,6,1152925902654406656,553910272,81,0,1,0,0,0
target,1047,6,1152925902654406656,570687488,90,0,1,0,0,0
target,1048,6,1152925902654406656,34896871424,92,0,1,0,0,0
target,1049,6,1152925911243296768,537133056,78,0,1,0,0,0
target,1050,6,1152925911244341248,537133056,81,0,1,0,0,0
target,1051,6,1152925919833231360,537133056,84,0,1,0,0,0
target,1052,6,1152926177665482753,68719476736,83,0,1,0,0,0
target,1053,6,1152926177665482754,68719476736,91,0,1,0,0,0
target,1054,6,1152926177665482756,68719476736,88,0,1,0,0,0
target,1055,6,1152926177665482760,68719476736,85,0,1,0,0,0
target,1056,6,1152926177665482816,68719476736,84,0,1,0,0,0
target,1057,6,1152926177665482880,68719476736,86,0,1,0,0,0
target,1058,6,1152926177665483008,68719476736,81,0,1,0,0,0
target,1059,6,1152926177665483264,68719476736,94,0,1,0,0,0
target,1060,6,1152926177665483776,68719476736,76,0,1,0,0,0
target,1061,6,1152926177665486848,68719476736,82,0,1,0,0,0
target,1062,6,1152926177665490944,68719476736,92,0,1,0,0,0
target,1063,6,1152926177665499136,68719476736,83,0,1,0,0,0
target,1064,6,1152926177665515520,68719476736,86,0,1,0,0,0
target,1065,6,1152926177665613824,68719476736,86,0,1,0,0,0
target,1066,6,1152926177665744896,68719476736,86,0,1,0,0,0
target,1067,6,1152926177666007040,68719476736,92,0,1,0,0,0
target,1068,6,1152926177666531328,68719476736,74,0,1,0,0,0
target,1069,6,1152930300699873280,537133060,93,0,1,0,0,0
target,1070,6,1152930300699873280,537133064,83,0,1,0,0,0
target,1071,6,1152930300699873280,537133072,91,0,1,0,0,0
target,1072,6,1152930300699873280,537133088,84,0,1,0,0,0
target,1073,6,1152930300699873280,537133120,77,0,1,0,0,0
target,1074,6,1152930300699873280,537149440,85,0,1,0,0,0
target,1075,6,1152930300699873280,537165824,85,0,1,0,0,0
target,1076,6,1152930300699873280,537198592,81,0,1,0,0,0
target,1077,6,1152930300699873280,537264128,80,0,1,0,0,0
target,1078,6,1152930300699873280,553910272,85,0,1,0,0,0
target,1079,6,1152930300699873280,570687488,87,0,1,0,0,0
target,1080,6,1152930300699873280,604241920,82,0,1,0,0,0
target,1081,6,1152930300699873280,671350784,94,0,1,0,0,0
target,1082,6,1152930300699873280,805568512,86,0,1,0,0,0
target,1083,6,1152930300699873280,34896871424,94,0,1,0,0,0
target,1084,6,1152930300700917760,537133060,93,0,1,0,0,0
target,1085,6,1152930300700917760,537133064,87,0,1,0,0,0
target,1086,6,1152930300700917760,537149440,88,0,1,0,0,0
target,1087,6,1152930300700917760,553910272,73,0,1,0,0,0
target,1088,6,1152930300700917760,570687488,90,0,1,0,0,0
target,1089,6,1152930300700917760,34896871424,91,0,1,0,0,0
target,1090,6,1152930575711993857,68719476736,84,0,1,0,0,0
target,1091,6,1152930575711993858,68719476736,79,0,1,0,0,0
target,1092,6,1152930575711993864,68719476736,84,0,1,0,0,0
target,1093,6,1152930575711993920,68719476736,84,0,1,0,0,0
target,1094,6,1152930575711994368,68719476736,88,0,1,0,0,0
target,1095,6,1152930575711997952,68719476736,82,0,1,0,0,0
target,1096,6,1152930575712002048,68719476736,89,0,1,0,0,0
target,1097,6,1152930575712010240,68719476736,82,0,1,0,0,0
target,1098,6,1152930575712026624,68719476736,81,0,1,0,0,0
target,1099,6,1152930575712124928,68719476736,82,0,1,0,0,0
target,1100,6,1152930575712256000,68719476736,80,0,1,0,0,0
target,1101,6,1152930575712518144,68719476736,85,0,1,0,0,0
target,1102,6,1152930575713042432,68719476736,66,0,1,0,0,0
target,1103,6,1152939096792896000,537133056,99,0,1,0,0,0
target,1104,6,1152939096792896512,537133056,98,0,1,0,0,0
target,1105,6,1152939096793939968,537133060,97,0,1,0,0,0
target,1106,6,1152939096793939968,537133064,97,0,1,0,0,0
target,1107,6,1152939096793939968,537133072,94,0,1,0,0,0
target,1108,6,1152939096793939968,537133088,88,0,1,0,0,0
target,1109,6,1152939096793939968,537133120,72,0,1,0,0,0
target,1110,6,1152939096793939968,537141248,78,0,1,0,0,0
target,1111,6,1152939096793939968,537149440,85,0,1,0,0,0
target,1112,6,1152939096793939968,537165824,88,0,1,0,0,0
target,1113,6,1152939096793939968,537198592,73,0,1,0,0,0
target,1114,6,1152939096793939968,537264128,90,0,1,0,0,0
target,1115,6,1152939096793939968,570687488,89,0,1,0,0,0
target,1116,6,1152939096793939968,604241920,70,0,1,0,0,0
target,1117,6,1152939096793939968,671350784,92,0,1,0,0,0
target,1118,6,1152939096793939968,805568512,79,0,1,0,0,0
target,1119,6,1152939096793939969,537133056,92,0,1,0,0,0
target,1120,6,1152939096793939970,537133056,96,0,1,0,0,0
target,1121,6,1152939096793939972,537133056,92,0,1,0,0,0
target,1122,6,1152939096793939976,537133056,99,0,1,0,0,0
target,1123,6,1152939096793939984,537133056,85,0,1,0,0,0
target,1124,6,1152939096793940032,537133056,95,0,1,0,0,0
target,1125,6,1152939096793940096,537133056,89,0,1,0,0,0
target,1126,6,1152939096793940224,537133056,86,0,1,0,0,0
target,1127,6,1152939096793940480,537133056,95,0,1,0,0,0
target,1128,6,1152939096793940992,537133056,90,0,1,0,0,0
target,1129,6,1152939096793942016,537133056,91,0,1,0,0,0
target,1130,6,1152939096793944064,537133056,88,0,1,0,0,0
target,1131,6,1152939096793948160,537133056,80,0,1,0,0,0
target,1132,6,1152939096793956352,537133056,90,0,1,0,0,0
target,1133,6,1152939096793972736,537133056,92,0,1,0,0,0
target,1134,6,1152939096794071040,537133056,93,0,1,0,0,0
target,1135,6,1152939096794202112,537133056,97,0,1,0,0,0
target,1136,6,1152939096794464256,537133056,93,0,1,0,0,0
target,1137,6,1152939096794992640,537133056,96,0,1,0,0,0
target,1138,6,1152939096796037120,537133056,97,0,1,0,0,0
target,1139,6,1152939096798134272,537133056,92,0,1,0,0,0
target,1140,6,1152939096802328576,537133056,87,0,1,0,0,0
target,1141,6,1152939096810717184,537133056,82,0,1,0,0,0
target,1142,6,1152939096827494400,537133056,90,0,1,0,0,0
target,1143,6,1152939096861048832,537133056,93,0,1,0,0,0
target,1144,6,1152939097062375424,537133056,93,0,1,0,0,0
target,1145,6,1152939097867681792,537133056,84,0,1,0,0,0
target,1146,6,1152939098940379136,537133056,97,0,1,0,0,0
target,1147,6,1152939098941423616,537133056,92,0,1,0,0,0
target,1148,6,1152939101087862784,537133056,98,0,1,0,0,0
target,1149,6,1152939101088907264,537133056,78,0,1,0,0,0
target,1150,6,1152939105383874560,537133056,90,0,1,0,0,0
target,1151,6,1152939113973809152,537133056,89,0,1,0,0,0
target,1152,6,1152939131153678336,537133056,97,0,1,0,0,0
target,1153,6,1152939165513416704,537133056,88,0,1,0,0,0
target,1154,6,1152939234232893440,537133056,90,0,1,0,0,0
target,1155,6,1152939371805017088,68719476736,82,0,1,0,0,0
target,1156,6,1152939371806064640,68719476736,71,0,1,0,0,0
target,1157,6,1152940196305567744,537133056,85,0,1,0,0,0
target,1158,6,1152943494839406592,537133056,93,0,1,0,0,0
target,1159,6,1152943494840451072,537133056,86,0,1,0,0,0
target,1160,6,1152947892885917696,537133056,96,0,1,0,0,0
target,1161,6,1152947892886962176,537133056,90,0,1,0,0,0
target,1162,6,1152956688978940928,537133056,82,0,1,0,0,0
target,1163,6,1152956688979984384,537133060,91,0,1,0,0,0
target,1164,6,1152956688979984384,537133064,88,0,1,0,0,0
target,1165,6,1152956688979984384,537133072,80,0,1,0,0,0
target,1166,6,1152956688979984384,537133088,77,0,1,0,0,0
target,1167,6,1152956688979984384,537133120,70,0,1,0,0,0
target,1168,6,1152956688979984384,537141248,84,0,1,0,0,0
target,1169,6,1152956688979984384,537149440,84,0,1,0,0,0
target,1170,6,1152956688979984384,537165824,80,0,1,0,0,0
target,1171,6,1152956688979984384,537198592,71,0,1,0,0,0
target,1172,6,1152956688979984384,537264128,74,0,1,0,0,0
target,1173,6,1152956688979984384,604241920,73,0,1,0,0,0
target,1174,6,1152956688979984384,671350784,84,0,1,0,0,0
target,1175,6,1152956688979984384,805568512,79,0,1,0,0,0
target,1176,6,1152956688979984384,34896871424,91,0,1,0,0,0
target,1177,6,1152956688979984385,537133056,91,0,1,0,0,0
target,1178,6,1152956688979984386,537133056,90,0,1,0,0,0
target,1179,6,1152956688979984388,537133056,89,0,1,0,0,0
target,1180,6,1152956688979984392,537133056,93,0,1,0,0,0
target,1181,6,1152956688979984400,537133056,82,0,1,0,0,0
target,1182,6,1152956688979984448,537133056,92,0,1,0,0,0
target,1183,6,1152956688979984512,537133056,92,0,1,0,0,0
target,1184,6,1152956688979984896,537133056,89,0,1,0,0,0
target,1185,6,1152956688979985408,537133056,87,0,1,0,0,0
target,1186,6,1152956688979986432,537133056,88,0,1,0,0,0
target,1187,6,1152956688979988480,537133056,81,0,1,0,0,0
target,1188,6,1152956688979992576,537133056,75,0,1,0,0,0
target,1189,6,1152956688980000768,537133056,88,0,1,0,0,0
target,1190,6,1152956688980017152,537133056,83,0,1,0,0,0
target,1191,6,1152956688980115456,537133056,83,0,1,0,0,0
target,1192,6,1152956688980246528,537133056,83,0,1,0,0,0
target,1193,6,1152956688980508672,537133056,88,0,1,0,0,0
target,1194,6,1152956688981037056,537133056,78,0,1,0,0,0
target,1195,6,1152956688982081536,537133056,92,0,1,0,0,0
target,1196,6,1152956688984178688,537133056,88,0,1,0,0,0
target,1197,6,1152956688988372992,537133056,89,0,1,0,0,0
target,1198,6,1152956688996761600,537133056,76,0,1,0,0,0
target,1199,6,1152956689013538816,537133056,83,0,1,0,0,0
target,1200,6,1152956689047093248,537133056,88,0,1,0,0,0
target,1201,6,1152956689248419840,537133056,89,0,1,0,0,0
target,1202,6,1152956690053726208,537133056,82,0,1,0,0,0
target,1203,6,1152956691126423552,537133056,82,0,1,0,0,0
target,1204,6,1152956691127468032,537133056,87,0,1,0,0,0
target,1205,6,1152956693273907200,537133056,81,0,1,0,0,0
target,1206,6,1152956693274951680,537133056,80,0,1,0,0,0
target,1207,6,1152956697569918976,537133056,84,0,1,0,0,0
target,1208,6,1152956706159853568,537133056,78,0,1,0,0,0
target,1209,6,1152956723339722752,537133056,87,0,1,0,0,0
target,1210,6,1152956757699461120,537133056,82,0,1,0,0,0
target,1211,6,1152956826418937856,537133056,90,0,1,0,0,0
target,1212,6,1152956963991061504,68719476736,80,0,1,0,0,0
target,1213,6,1152956963992109056,68719476736,76,0,1,0,0,0
target,1214,6,1152957788491612160,537133056,80,0,1,0,0,0
target,1215,6,1152958888003239936,537133056,80,0,1,0,0,0
target,1216,6,1152961087025451008,537133056,79,0,1,0,0,0
target,1217,6,1152961087026495488,537133056,83,0,1,0,0,0
target,1218,6,1152965485071962112,537133056,77,0,1,0,0,0
target,1219,6,1152965485073006592,537133056,82,0,1,0,0,0
target,1220,6,1152974281166028800,537133056,89,0,1,0,0,0
target,1221,6,1152991873351029248,537133056,86,0,1,0,0,0
target,1222,6,1152991873351029760,537133056,81,0,1,0,0,0
target,1223,6,1152991873352073216,537133060,88,0,1,0,0,0
target,1224,6,1152991873352073216,537133064,91,0,1,0,0,0
target,1225,6,1152991873352073216,537133072,88,0,1,0,0,0
target,1226,6,1152991873352073216,537141248,82,0,1,0,0,0
target,1227,6,1152991873352073216,537165824,86,0,1,0,0,0
target,1228,6,1152991873352073216,553910272,82,0,1,0,0,0
target,1229,6,1152991873352073216,570687488,92,0,1,0,0,0
target,1230,6,1152991873352073216,34896871424,88,0,1,0,0,0
target,1231,6,1152991873352073217,537133056,87,0,1,0,0,0
target,1232,6,1152991873352073218,537133056,92,0,1,0,0,0
target,1233,6,1152991873352075264,537133056,89,0,1,0,0,0
target,1234,6,1152991873352077312,537133056,83,0,1,0,0,0
target,1235,6,1152991873353125888,537133056,82,0,1,0,0,0
target,1236,6,1152991873356267520,537133056,83,0,1,0,0,0
target,1237,6,1152991873360461824,537133056,87,0,1,0,0,0
target,1238,6,1152991875498512384,537133056,84,0,1,0,0,0
target,1239,6,1152991877645996032,537133056,84,0,1,0,0,0
target,1240,6,1152991881942007808,537133056,87,0,1,0,0,0
target,1241,6,1152991890531942400,537133056,79,0,1,0,0,0
target,1242,6,1152992148363150336,68719476736,76,0,1,0,0,0
target,1243,6,1152992148364197888,68719476736,78,0,1,0,0,0
target,1244,6,1152996271397539840,537133056,72,0,1,0,0,0
target,1245,6,1153000669444050944,537133056,82,0,1,0,0,0
target,1246,6,1153009465538117632,537133056,87,0,1,0,0,0
target,1247,6,1153062242095206912,537133056,87,0,1,0,0,0
target,1248,6,1153062242095207424,537133056,93,0,1,0,0,0
target,1249,6,1153062242096250880,537133060,89,0,1,0,0,0
target,1250,6,1153062242096250880,537133064,89,0,1,0,0,0
target,1251,6,1153062242096250880,537141248,79,0,1,0,0,0
target,1252,6,1153062242096250880,537149440,88,0,1,0,0,0
target,1253,6,1153062242096250880,553910272,79,0,1,0,0,0
target,1254,6,1153062242096250880,34896871424,90,0,1,0,0,0
target,1255,6,1153062242096250881,537133056,88,0,1,0,0,0
target,1256,6,1153062242096250882,537133056,88,0,1,0,0,0
target,1257,6,1153062242096252928,537133056,87,0,1,0,0,0
target,1258,6,1153062242096254976,537133056,83,0,1,0,0,0
target,1259,6,1153062242097303552,537133056,90,0,1,0,0,0
target,1260,6,1153062242100445184,537133056,91,0,1,0,0,0
target,1261,6,1153062242104639488,537133056,88,0,1,0,0,0
target,1262,6,1153062244242690048,537133056,88,0,1,0,0,0
target,1263,6,1153062246390173696,537133056,92,0,1,0,0,0
target,1264,6,1153062250686185472,537133056,85,0,1,0,0,0
target,1265,6,1153062259276120064,537133056,86,0,1,0,0,0
target,1266,6,1153062517108375552,68719476736,64,0,1,0,0,0
target,1267,6,1153066640141717504,537133056,90,0,1,0,0,0
target,1268,6,1153071038188228608,537133056,91,0,1,0,0,0
target,1269,6,1153079834282295296,537133056,86,0,1,0,0,0
target,1270,6,1153097426468339712,537133056,82,0,1,0,0,0
target,1271,6,1153202979583562240,537133056,85,0,1,0,0,0
target,1272,6,1153202979583562752,537133056,80,0,1,0,0,0
target,1273,6,1153202979584606208,537133060,86,0,1,0,0,0
target,1274,6,1153202979584606208,537133064,88,0,1,0,0,0
target,1275,6,1153202979584606208,570687488,87,0,1,0,0,0
target,1276,6,1153202979584606208,34896871424,86,0,1,0,0,0
target,1277,6,1153202979584606209,537133056,79,0,1,0,0,0
target,1278,6,1153202979584606210,537133056,87,0,1,0,0,0
target,1279,6,1153202979584608256,537133056,84,0,1,0,0,0
target,1280,6,1153202979584610304,537133056,78,0,1,0,0,0
target,1281,6,1153202979585658880,537133056,80,0,1,0,0,0
target,1282,6,1153202979588800512,537133056,84,0,1,0,0,0
target,1283,6,1153202979592994816,537133056,86,0,1,0,0,0
target,1284,6,1153202981731045376,537133056,82,0,1,0,0,0
target,1285,6,1153202983878529024,537133056,79,0,1,0,0,0
target,1286,6,1153202996764475392,537133056,82,0,1,0,0,0
target,1287,6,1153203254596730880,68719476736,70,0,1,0,0,0
target,1288,6,1153207377630072832,537133056,80,0,1,0,0,0
target,1289,6,1153220571770650624,537133056,82,0,1,0,0,0
target,1290,6,1154047404514738176,537133060,83,0,1,0,0,0
target,1291,6,1154047404514738176,537133064,84,0,1,0,0,0
target,1292,6,1154047404514738176,537149440,75,0,1,0,0,0
target,1293,6,1154047404514738176,553910272,75,0,1,0,0,0
target,1294,6,1154047404514738176,570687488,79,0,1,0,0,0
target,1295,6,1154047404514738176,34896871424,83,0,1,0,0,0
target,1296,6,1154064996700782592,537133056,76,0,1,0,0,0
target,1297,6,1154082588886827008,537133056,69,0,1,0,0,0
target,1298,6,1155173304421580800,537133060,94,0,1,0,0,0
target,1299,6,1155173304421580800,537133064,89,0,1,0,0,0
target,1300,6,1155173304421580800,537141248,87,0,1,0,0,0
target,1301,6,1155173304421580800,537149440,85,0,1,0,0,0
target,1302,6,1155173304421580800,553910272,78,0,1,0,0,0
target,1303,6,1155173304421580800,570687488,89,0,1,0,0,0
target,1304,6,1155173304421580800,34896871424,94,0,1,0,0,0
target,1305,6,1155173579432657920,68719476736,78,0,1,0,0,0
target,1306,6,1155173579433705472,68719476736,77,0,1,0,0,0
target,1307,6,1155208488793669632,537133056,80,0,1,0,0,0
target,1308,6,1157425104235266048,537133060,86,0,1,0,0,0
target,1309,6,1157425104235266048,537133064,85,0,1,0,0,0
target,1310,6,1157425104235266048,537141248,81,0,1,0,0,0
target,1311,6,1157425104235266048,537149440,81,0,1,0,0,0
target,1312,6,1157425104235266048,570687488,82,0,1,0,0,0
target,1313,6,1157425104235266048,34896871424,85,0,1,0,0,0
target,1314,6,1157425379246343168,68719476736,81,0,1,0,0,0
target,1315,6,1157425379247390720,68719476736,74,0,1,0,0,0
target,1316,6,1157442696421310464,537133056,76,0,1,0,0,0
target,1317,6,1157460288607354880,537133056,64,0,1,0,0,0
target,1318,6,1161928703861592064,537133060,88,0,1,0,0,0
target,1319,6,1161928703861592064,537133064,84,0,1,0,0,0
target,1320,6,1161928703861592064,537133072,86,0,1,0,0,0
target,1321,6,1161928703861592064,537133088,71,0,1,0,0,0
target,1322,6,1161928703861592064,537133120,76,0,1,0,0,0
target,1323,6,1161928703861592064,537141248,80,0,1,0,0,0
target,1324,6,1161928703861592064,537149440,80,0,1,0,0,0
target,1325,6,1161928703861592064,537165824,85,0,1,0,0,0
target,1326,6,1161928703861592064,537198592,72,0,1,0,0,0
target,1327,6,1161928703861592064,537264128,74,0,1,0,0,0
target,1328,6,1161928703861592064,553910272,82,0,1,0,0,0
target,1329,6,1161928703861592064,570687488,81,0,1,0,0,0
target,1330,6,1161928703861592064,604241920,73,0,1,0,0,0
target,1331,6,1161928703861592064,671350784,89,0,1,0,0,0
target,1332,6,1161928703861592064,805568512,79,0,1,0,0,0
target,1333,6,1161928703861592064,34896871424,90,0,1,0,0,0
target,1334,6,1161928703862636544,537133060,85,0,1,0,0,0
target,1335,6,1161928703862636544,537133064,83,0,1,0,0,0
target,1336,6,1161928703862636544,537149440,82,0,1,0,0,0
target,1337,6,1161928703862636544,553910272,76,0,1,0,0,0
target,1338,6,1161928703862636544,570687488,81,0,1,0,0,0
target,1339,6,1161928703862636544,34896871424,83,0,1,0,0,0
target,1340,6,1161928978873712641,68719476736,93,0,1,0,0,0
target,1341,6,1161928978873712642,68719476736,94,0,1,0,0,0
target,1342,6,1161928978873712644,68719476736,93,0,1,0,0,0
target,1343,6,1161928978873712648,68719476736,94,0,1,0,0,0
target,1344,6,1161928978873712704,68719476736,92,0,1,0,0,0
target,1345,6,1161928978873712768,68719476736,92,0,1,0,0,0
target,1346,6,1161928978873712896,68719476736,88,0,1,0,0,0
target,1347,6,1161928978873713152,68719476736,96,0,1,0,0,0
target,1348,6,1161928978873713664,68719476736,85,0,1,0,0,0
target,1349,6,1161928978873716736,68719476736,90,0,1,0,0,0
target,1350,6,1161928978873720832,68719476736,97,0,1,0,0,0
target,1351,6,1161928978873729024,68719476736,88,0,1,0,0,0
target,1352,6,1161928978873745408,68719476736,90,0,1,0,0,0
target,1353,6,1161928978873843712,68719476736,87,0,1,0,0,0
target,1354,6,1161928978873974784,68719476736,90,0,1,0,0,0
target,1355,6,1161928978874236928,68719476736,95,0,1,0,0,0
target,1356,6,1161946296047636480,537133056,85,0,1,0,0,0
target,1357,6,1161946296048680960,537133056,73,0,1,0,0,0
target,1358,6,1161963888233680896,537133056,77,0,1,0,0,0
target,1359,6,1170935903116333056,537133060,93,0,1,0,0,0
target,1360,6,1170935903116333056,537133064,87,0,1,0,0,0
target,1361,6,1170935903116333056,537133072,92,0,1,0,0,0
target,1362,6,1170935903116333056,537133088,86,0,1,0,0,0
target,1363,6,1170935903116333056,537133120,79,0,1,0,0,0
target,1364,6,1170935903116333056,537141248,91,0,1,0,0,0
target,1365,6,1170935903116333056,537149440,79,0,1,0,0,0
target,1366,6,1170935903116333056,537165824,91,0,1,0,0,0
target,1367,6,1170935903116333056,537198592,85,0,1,0,0,0
target,1368,6,1170935903116333056,537264128,79,0,1,0,0,0
target,1369,6,1170935903116333056,553910272,87,0,1,0,0,0
target,1370,6,1170935903116333056,570687488,88,0,1,0,0,0
target,1371,6,1170935903116333056,604241920,76,0,1,0,0,0
target,1372,6,1170935903116333056,671350784,94,0,1,0,0,0
target,1373,6,1170935903116333056,805568512,87,0,1,0,0,0
target,1374,6,1170935903116333056,34896871424,86,0,1,0,0,0
target,1375,6,1170935903117377536,537133060,99,0,1,0,0,0
target,1376,6,1170935903117377536,537133064,98,0,1,0,0,0
target,1377,6,1170935903117377536,537141248,91,0,1,0,0,0
target,1378,6,1170935903117377536,537149440,87,0,1,0,0,0
target,1379,6,1170935903117377536,553910272,87,0,1,0,0,0
target,1380,6,1170935903117377536,570687488,96,0,1,0,0,0
target,1381,6,1170935903117377536,34896871424,98,0,1,0,0,0
target,1382,6,1170936178128453633,68719476736,93,0,1,0,0,0
target,1383,6,1170936178128453634,68719476736,96,0,1,0,0,0
target,1384,6,1170936178128453636,68719476736,92,0,1,0,0,0
target,1385,6,1170936178128453640,68719476736,92,0,1,0,0,0
target,1386,6,1170936178128453696,68719476736,93,0,1,0,0,0
target,1387,6,1170936178128453760,68719476736,91,0,1,0,0,0
target,1388,6,1170936178128453888,68719476736,90,0,1,0,0,0
target,1389,6,1170936178128454144,68719476736,99,0,1,0,0,0
target,1390,6,1170936178128454656,68719476736,84,0,1,0,0,0
target,1391,6,1170936178128457728,68719476736,87,0,1,0,0,0
target,1392,6,1170936178128461824,68719476736,97,0,1,0,0,0
target,1393,6,1170936178128470016,68719476736,91,0,1,0,0,0
target,1394,6,1170936178128486400,68719476736,92,0,1,0,0,0
target,1395,6,1170936178128584704,68719476736,90,0,1,0,0,0
target,1396,6,1170936178128715776,68719476736,85,0,1,0,0,0
target,1397,6,1170936178128977920,68719476736,97,0,1,0,0,0
target,1398,6,1170936178129502208,68719476736,81,0,1,0,0,0
target,1399,6,1170953495302377472,537133056,89,0,1,0,0,0
target,1400,6,1188950301625815040,537133057,67,0,1,0,0,0
target,1401,6,1188950301625815040,537133058,77,0,1,0,0,0
target,1402,6,1188950301625815552,537133056,92,0,1,0,0,0
target,1403,6,1188950301625816064,537133056,88,0,1,0,0,0
target,1404,6,1188950301626859520,537133057,75,0,1,0,0,0
target,1405,6,1188950301626859520,537133060,91,0,1,0,0,0
target,1406,6,1188950301626859520,537133064,91,0,1,0,0,0
target,1407,6,1188950301626859520,537133072,92,0,1,0,0,0
target,1408,6,1188950301626859520,537133088,84,0,1,0,0,0
target,1409,6,1188950301626859520,537133120,73,0,1,0,0,0
target,1410,6,1188950301626859520,537149440,87,0,1,0,0,0
target,1411,6,1188950301626859520,537165824,82,0,1,0,0,0
target,1412,6,1188950301626859520,537198592,76,0,1,0,0,0
target,1413,6,1188950301626859520,537264128,85,0,1,0,0,0
target,1414,6,1188950301626859520,570687488,91,0,1,0,0,0
target,1415,6,1188950301626859520,604241920,74,0,1,0,0,0
target,1416,6,1188950301626859520,671350784,84,0,1,0,0,0
target,1417,6,1188950301626859520,805568512,83,0,1,0,0,0
target,1418,6,1188950301626859520,34896871424,94,0,1,0,0,0
target,1419,6,1188950301626859521,537133056,90,0,1,0,0,0
target,1420,6,1188950301626859522,537133056,93,0,1,0,0,0
target,1421,6,1188950301626859524,537133056,93,0,1,0,0,0
target,1422,6,1188950301626859528,537133056,92,0,1,0,0,0
target,1423,6,1188950301626859536,537133056,93,0,1,0,0,0
target,1424,6,1188950301626859584,537133056,96,0,1,0,0,0
target,1425,6,1188950301626859648,537133056,96,0,1,0,0,0
target,1426,6,1188950301626859776,537133056,93,0,1,0,0,0
target,1427,6,1188950301626860032,537133056,93,0,1,0,0,0
target,1428,6,1188950301626860544,537133056,89,0,1,0,0,0
target,1429,6,1188950301626861568,537133056,91,0,1,0,0,0
target,1430,6,1188950301626863616,537133056,89,0,1,0,0,0
target,1431,6,1188950301626867712,537133056,86,0,1,0,0,0
target,1432,6,1188950301626875904,537133056,91,0,1,0,0,0
target,1433,6,1188950301626892288,537133056,86,0,1,0,0,0
target,1434,6,1188950301626990592,537133056,91,0,1,0,0,0
target,1435,6,1188950301627121664,537133056,95,0,1,0,0,0
target,1436,6,1188950301627383808,537133056,91,0,1,0,0,0
target,1437,6,1188950301627912192,537133056,88,0,1,0,0,0
target,1438,6,1188950301628956672,537133056,95,0,1,0,0,0
target,1439,6,1188950301631053824,537133056,87,0,1,0,0,0
target,1440,6,1188950301635248128,537133056,93,0,1,0,0,0
target,1441,6,1188950301643636736,537133056,84,0,1,0,0,0
target,1442,6,1188950301660413952,537133056,87,0,1,0,0,0
target,1443,6,1188950301693968384,537133056,90,0,1,0,0,0
target,1444,6,1188950301895294976,537133056,90,0,1,0,0,0
target,1445,6,1188950302700601344,537133056,87,0,1,0,0,0
target,1446,6,1188950303773298688,537133056,87,0,1,0,0,0
target,1447,6,1188950303774343168,537133056,88,0,1,0,0,0
target,1448,6,1188950305920782336,537133056,90,0,1,0,0,0
target,1449,6,1188950305921826816,537133056,85,0,1,0,0,0
target,1450,6,1188950310216794112,537133056,88,0,1,0,0,0
target,1451,6,1188950318806728704,537133056,89,0,1,0,0,0
target,1452,6,1188950335986597888,537133056,90,0,1,0,0,0
target,1453,6,1188950370346336256,537133056,86,0,1,0,0,0
target,1454,6,1188950439065812992,537133056,90,0,1,0,0,0
target,1455,6,1188950576637936640,68719476736,73,0,1,0,0,0
target,1456,6,1188950576638984192,68719476736,75,0,1,0,0,0
target,1457,6,1188951401138487296,537133056,85,0,1,0,0,0
target,1458,6,1188952500650115072,537133056,88,0,1,0,0,0
target,1459,6,1188954699672326144,537133056,83,0,1,0,0,0
target,1460,6,1188954699673370624,537133056,88,0,1,0,0,0
target,1461,6,1188959097718837248,537133056,88,0,1,0,0,0
target,1462,6,1188959097719881728,537133056,88,0,1,0,0,0
target,1463,6,1188967893812903936,537133056,88,0,1,0,0,0
target,1464,6,1189020670371037184,537133056,86,0,1,0,0,0
target,1465,6,1189091039115214848,537133056,83,0,1,0,0,0
target,1466,6,1190076201533702144,537133056,81,0,1,0,0,0
target,1467,6,1191202101440544768,537133056,87,0,1,0,0,0
target,1468,6,1193453901254230016,537133056,82,0,1,0,0,0
target,1469,6,1197957500880556032,537133056,83,0,1,0,0,0
target,1470,6,1197957500881600512,537133056,80,0,1,0,0,0
target,1471,6,1206964700135297024,537133056,88,0,1,0,0,0
target,1472,6,1206964700136341504,537133056,94,0,1,0,0,0
target,1473,6,1224979098644779008,537133057,65,0,1,0,0,0
target,1474,6,1224979098644779520,537133056,89,0,1,0,0,0
target,1475,6,1224979098644780032,537133056,88,0,1,0,0,0
target,1476,6,1224979098645823488,537133060,85,0,1,0,0,0
target,1477,6,1224979098645823488,537133064,89,0,1,0,0,0
target,1478,6,1224979098645823488,537133072,80,0,1,0,0,0
target,1479,6,1224979098645823488,537133088,80,0,1,0,0,0
target,1480,6,1224979098645823488,537133120,63,0,1,0,0,0
target,1481,6,1224979098645823488,537141248,77,0,1,0,0,0
target,1482,6,1224979098645823488,537165824,71,0,1,0,0,0
target,1483,6,1224979098645823488,537198592,65,0,1,0,0,0
target,1484,6,1224979098645823488,537264128,80,0,1,0,0,0
target,1485,6,1224979098645823488,553910272,74,0,1,0,0,0
target,1486,6,1224979098645823488,671350784,87,0,1,0,0,0
target,1487,6,1224979098645823488,34896871424,87,0,1,0,0,0
target,1488,6,1224979098645823489,537133056,85,0,1,0,0,0
target,1489,6,1224979098645823492,537133056,90,0,1,0,0,0
target,1490,6,1224979098645823496,537133056,91,0,1,0,0,0
target,1491,6,1224979098645823504,537133056,86,0,1,0,0,0
target,1492,6,1224979098645823552,537133056,81,0,1,0,0,0
target,1493,6,1224979098645823616,537133056,90,0,1,0,0,0
target,1494,6,1224979098645823744,537133056,88,0,1,0,0,0
target,1495,6,1224979098645824000,537133056,88,0,1,0,0,0
target,1496,6,1224979098645824512,537133056,84,0,1,0,0,0
target,1497,6,1224979098645825536,537133056,83,0,1,0,0,0
target,1498,6,1224979098645827584,537133056,82,0,1,0,0,0
target,1499,6,1224979098645831680,537133056,76,0,1,0,0,0
target,1500,6,1224979098645839872,537133056,77,0,1,0,0,0
target,1501,6,1224979098645856256,537133056,81,0,1,0,0,0
target,1502,6,1224979098645954560,537133056,85,0,1,0,0,0
target,1503,6,1224979098646085632,537133056,86,0,1,0,0,0
target,1504,6,1224979098646347776,537133056,81,0,1,0,0,0
target,1505,6,1224979098646876160,537133056,86,0,1,0,0,0
target,1506,6,1224979098647920640,537133056,89,0,1,0,0,0
target,1507,6,1224979098650017792,537133056,83,0,1,0,0,0
target,1508,6,1224979098662600704,537133056,67,0,1,0,0,0
target,1509,6,1224979098679377920,537133056,86,0,1,0,0,0
target,1510,6,1224979098712932352,537133056,77,0,1,0,0,0
target,1511,6,1224979098914258944,537133056,86,0,1,0,0,0
target,1512,6,1224979099719565312,537133056,80,0,1,0,0,0
target,1513,6,1224979100792262656,537133056,88,0,1,0,0,0
target,1514,6,1224979100793307136,537133056,86,0,1,0,0,0
target,1515,6,1224979102939746304,537133056,83,0,1,0,0,0
target,1516,6,1224979102940790784,537133056,70,0,1,0,0,0
target,1517,6,1224979107235758080,537133056,81,0,1,0,0,0
target,1518,6,1224979115825692672,537133056,75,0,1,0,0,0
target,1519,6,1224979133005561856,537133056,86,0,1,0,0,0
target,1520,6,1224979167365300224,537133056,81,0,1,0,0,0
target,1521,6,1224979236084776960,537133056,85,0,1,0,0,0
target,1522,6,1224979373656900608,68719476736,75,0,1,0,0,0
target,1523,6,1224979373657948160,68719476736,72,0,1,0,0,0
target,1524,6,1224980198157451264,537133056,75,0,1,0,0,0
target,1525,6,1224981297669079040,537133056,86,0,1,0,0,0
target,1526,6,1224983496691290112,537133056,86,0,1,0,0,0
target,1527,6,1224983496692334592,537133056,78,0,1,0,0,0
target,1528,6,1224987894737801216,537133056,87,0,1,0,0,0
target,1529,6,1224987894738845696,537133056,77,0,1,0,0,0
target,1530,6,1224996690831867904,537133056,79,0,1,0,0,0
target,1531,6,1225014283017912320,537133056,77,0,1,0,0,0
target,1532,6,1226104998552666112,537133056,71,0,1,0,0,0
target,1533,6,1227230898459508736,537133056,83,0,1,0,0,0
target,1534,6,1229482698273193984,537133056,69,0,1,0,0,0
target,1535,6,1233986297899520000,537133056,78,0,1,0,0,0
target,1536,6,1242993497154260992,537133056,88,0,1,0,0,0
target,1537,6,1242993497155305472,537133056,88,0,1,0,0,0
target,1538,6,1261007895664787456,537133056,77,0,1,0,0,0
target,1539,6,1297036692682707456,537133056,90,0,1,0,0,0
target,1540,6,1297036692682707968,537133056,89,0,1,0,0,0
target,1541,6,1297036692683751424,537133060,86,0,1,0,0,0
target,1542,6,1297036692683751424,537133064,82,0,1,0,0,0
target,1543,6,1297036692683751424,537133072,81,0,1,0,0,0
target,1544,6,1297036692683751424,537149440,81,0,1,0,0,0
target,1545,6,1297036692683751424,570687488,81,0,1,0,0,0
target,1546,6,1297036692683751424,34896871424,87,0,1,0,0,0
target,1547,6,1297036692683751425,537133056,84,0,1,0,0,0
target,1548,6,1297036692683751426,537133056,80,0,1,0,0,0
target,1549,6,1297036692683751428,537133056,85,0,1,0,0,0
target,1550,6,1297036692683753472,537133056,83,0,1,0,0,0
target,1551,6,1297036692683755520,537133056,82,0,1,0,0,0
target,1552,6,1297036692684804096,537133056,83,0,1,0,0,0
target,1553,6,1297036692687945728,537133056,88,0,1,0,0,0
target,1554,6,1297036692692140032,537133056,84,0,1,0,0,0
target,1555,6,1297036692700528640,537133056,79,0,1,0,0,0
target,1556,6,1297036694830190592,537133056,88,0,1,0,0,0
target,1557,6,1297036696977674240,537133056,88,0,1,0,0,0
target,1558,6,1297036701273686016,537133056,79,0,1,0,0,0
target,1559,6,1297036709863620608,537133056,81,0,1,0,0,0
target,1560,6,1297036727043489792,537133056,85,0,1,0,0,0
target,1561,6,1297041090729218048,537133056,86,0,1,0,0,0
target,1562,6,1297071877055840256,537133056,72,0,1,0,0,0
target,1563,6,1297107061427929088,537133056,67,0,1,0,0,0
target,1564,6,1306043891937447936,537133056,79,0,1,0,0,0
target,1565,6,1315051091192188928,537133056,86,0,1,0,0,0
target,1566,6,1333065489702715392,537133056,80,0,1,0,0,0
target,1567,6,1369094286721679360,537133056,72,0,1,0,0,0
target,1568,6,1441151880758563328,537133056,90,0,1,0,0,0
target,1569,6,1441151880758563840,537133056,90,0,1,0,0,0
target,1570,6,1441151880759607296,537133060,92,0,1,0,0,0
target,1571,6,1441151880759607296,537133064,91,0,1,0,0,0
target,1572,6,1441151880759607296,537149440,83,0,1,0,0,0
target,1573,6,1441151880759607296,570687488,89,0,1,0,0,0
target,1574,6,1441151880759607296,34896871424,90,0,1,0,0,0
target,1575,6,1441151880759607297,537133056,88,0,1,0,0,0
target,1576,6,1441151880759607298,537133056,91,0,1,0,0,0
target,1577,6,1441151880759609344,537133056,87,0,1,0,0,0
target,1578,6,1441151880759611392,537133056,85,0,1,0,0,0
target,1579,6,1441151880760659968,537133056,86,0,1,0,0,0
target,1580,6,1441151880763801600,537133056,84,0,1,0,0,0
target,1581,6,1441151880767995904,537133056,88,0,1,0,0,0
target,1582,6,1441151882906046464,537133056,86,0,1,0,0,0
target,1583,6,1441151885053530112,537133056,87,0,1,0,0,0
target,1584,6,1441151889349541888,537133056,89,0,1,0,0,0
target,1585,6,1441151897939476480,537133056,81,0,1,0,0,0
target,1586,6,1441152155770684416,68719476736,77,0,1,0,0,0
target,1587,6,1441156278805073920,537133056,87,0,1,0,0,0
target,1588,6,1441160676851585024,537133056,88,0,1,0,0,0
target,1589,6,1441169472945651712,537133056,91,0,1,0,0,0
target,1590,6,1441187065131696128,537133056,83,0,1,0,0,0
target,1591,6,1450159080013303808,537133056,82,0,1,0,0,0
target,1592,6,1459166279268044800,537133056,84,0,1,0,0,0
target,1593,6,1477180677778571264,537133056,83,0,1,0,0,0
target,1594,6,1513209474797535232,537133056,75,0,1,0,0,0
target,1595,6,1585267068834415616,17626545782784,96,0,1,0,0,0
target,1596,6,1585267068835463168,12,81,0,1,0,0,0
target,1597,6,1585267068835463168,20,83,0,1,0,0,0
target,1598,6,1585267068835463168,24,80,0,1,0,0,0
target,1599,6,1585267068835463168,36,81,0,1,0,0,0
target,1600,6,1585267068835463168,40,85,0,1,0,0,0
target,1601,6,1585267068835463168,68,67,0,1,0,0,0
target,1602,6,1585267068835463168,80,70,0,1,0,0,0
target,1603,6,1585267068835463168,136,77,0,1,0,0,0
target,1604,6,1585267068835463168,192,65,0,1,0,0,0
target,1605,6,1585267068835463168,260,80,0,1,0,0,0
target,1606,6,1585267068835463168,288,71,0,1,0,0,0
target,1607,6,1585267068835463168,320,63,0,1,0,0,0
target,1608,6,1585267068835463168,528,74,0,1,0,0,0
target,1609,6,1585267068835463168,544,83,0,1,0,0,0
target,1610,6,1585267068835463168,1032,83,0,1,0,0,0
target,1611,6,1585267068835463168,1040,79,0,1,0,0,0
target,1612,6,1585267068835463168,2052,88,0,1,0,0,0
target,1613,6,1585267068835463168,2056,84,0,1,0,0,0
target,1614,6,1585267068835463168,4100,93,0,1,0,0,0
target,1615,6,1585267068835463168,8196,83,0,1,0,0,0
target,1616,6,1585267068835463168,8200,76,0,1,0,0,0
target,1617,6,1585267068835463168,8208,78,0,1,0,0,0
target,1618,6,1585267068835463168,8224,82,0,1,0,0,0
target,1619,6,1585267068835463168,8256,70,0,1,0,0,0
target,1620,6,1585267068835463168,8320,81,0,1,0,0,0
target,1621,6,1585267068835463168,8448,80,0,1,0,0,0
target,1622,6,1585267068835463168,8704,89,0,1,0,0,0
target,1623,6,1585267068835463168,9216,83,0,1,0,0,0
target,1624,6,1585267068835463168,10240,87,0,1,0,0,0
target,1625,6,1585267068835463168,12288,91,0,1,0,0,0
target,1626,6,1585267068835463168,16388,80,0,1,0,0,0
target,1627,6,1585267068835463168,16400,72,0,1,0,0,0
target,1628,6,1585267068835463168,16416,81,0,1,0,0,0
target,1629,6,1585267068835463168,16512,81,0,1,0,0,0
target,1630,6,1585267068835463168,16640,80,0,1,0,0,0
target,1631,6,1585267068835463168,16896,88,0,1,0,0,0
target,1632,6,1585267068835463168,17408,82,0,1,0,0,0
target,1633,6,1585267068835463168,18432,85,0,1,0,0,0
target,1634,6,1585267068835463168,20480,89,0,1,0,0,0
target,1635,6,1585267068835463168,24576,78,0,1,0,0,0
target,1636,6,1585267068835463168,32772,89,0,1,0,0,0
target,1637,6,1585267068835463168,32776,87,0,1,0,0,0
target,1638,6,1585267068835463168,32784,79,0,1,0,0,0
target,1639,6,1585267068835463168,32800,86,0,1,0,0,0
target,1640,6,1585267068835463168,32832,76,0,1,0,0,0
target,1641,6,1585267068835463168,32896,86,0,1,0,0,0
target,1642,6,1585267068835463168,33024,82,0,1,0,0,0
target,1643,6,1585267068835463168,33280,95,0,1,0,0,0
target,1644,6,1585267068835463168,33792,94,0,1,0,0,0
target,1645,6,1585267068835463168,34816,93,0,1,0,0,0
target,1646,6,1585267068835463168,36864,95,0,1,0,0,0
target,1647,6,1585267068835463168,40960,92,0,1,0,0,0
target,1648,6,1585267068835463168,49152,84,0,1,0,0,0
target,1649,6,1585267068835463168,65540,75,0,1,0,0,0
target,1650,6,1585267068835463168,65544,77,0,1,0,0,0
target,1651,6,1585267068835463168,65568,66,0,1,0,0,0
target,1652,6,1585267068835463168,65792,68,0,1,0,0,0
target,1653,6,1585267068835463168,66048,79,0,1,0,0,0
target,1654,6,1585267068835463168,66560,79,0,1,0,0,0
target,1655,6,1585267068835463168,67584,75,0,1,0,0,0
target,1656,6,1585267068835463168,73728,71,0,1,0,0,0
target,1657,6,1585267068835463168,81920,74,0,1,0,0,0
target,1658,6,1585267068835463168,131076,86,0,1,0,0,0
target,1659,6,1585267068835463168,131104,81,0,1,0,0,0
target,1660,6,1585267068835463168,131328,77,0,1,0,0,0
target,1661,6,1585267068835463168,131584,85,0,1,0,0,0
target,1662,6,1585267068835463168,132096,89,0,1,0,0,0
target,1663,6,1585267068835463168,133120,84,0,1,0,0,0
target,1664,6,1585267068835463168,135168,91,0,1,0,0,0
target,1665,6,1585267068835463168,139264,82,0,1,0,0,0
target,1666,6,1585267068835463168,163840,90,0,1,0,0,0
target,1667,6,1585267068835463168,262148,87,0,1,0,0,0
target,1668,6,1585267068835463168,262152,83,0,1,0,0,0
target,1669,6,1585267068835463168,262160,81,0,1,0,0,0
target,1670,6,1585267068835463168,262176,80,0,1,0,0,0
target,1671,6,1585267068835463168,262208,61,0,1,0,0,0
target,1672,6,1585267068835463168,262272,74,0,1,0,0,0
target,1673,6,1585267068835463168,278528,80,0,1,0,0,0
target,1674,6,1585267068835463168,393216,78,0,1,0,0,0
target,1675,6,1585267068835463168,532480,82,0,1,0,0,0
target,1676,6,1585267068835463168,589824,69,0,1,0,0,0
target,1677,6,1585267068835463168,655360,79,0,1,0,0,0
target,1678,6,1585267068835463168,1081344,84,0,1,0,0,0
target,1679,6,1585267068835463168,1114112,75,0,1,0,0,0
target,1680,6,1585267068835463168,2113536,78,0,1,0,0,0
target,1681,6,1585267068835463168,2129920,90,0,1,0,0,0
target,1682,6,1585267068835463168,4202496,86,0,1,0,0,0
target,1683,6,1585267068835463168,4210688,79,0,1,0,0,0
target,1684,6,1585267068835463168,8396800,93,0,1,0,0,0
target,1685,6,1585267068835463168,16777220,79,0,1,0,0,0
target,1686,6,1585267068835463168,16777224,78,0,1,0,0,0
target,1687,6,1585267068835463168,16777232,75,0,1,0,0,0
target,1688,6,1585267068835463168,16777248,81,0,1,0,0,0
target,1689,6,1585267068835463168,16777280,66,0,1,0,0,0
target,1690,6,1585267068835463168,16777344,79,0,1,0,0,0
target,1691,6,1585267068835463168,16777728,87,0,1,0,0,0
target,1692,6,1585267068835463168,16778240,86,0,1,0,0,0
target,1693,6,1585267068835463168,16779264,85,0,1,0,0,0
target,1694,6,1585267068835463168,16781312,80,0,1,0,0,0
target,1695,6,1585267068835463168,16793600,73,0,1,0,0,0
target,1696,6,1585267068835463168,16842752,76,0,1,0,0,0
target,1697,6,1585267068835463168,16908288,80,0,1,0,0,0
target,1698,6,1585267068835463168,17301504,85,0,1,0,0,0
target,1699,6,1585267068835463168,17825792,85,0,1,0,0,0
target,1700,6,1585267068835463168,18874368,88,0,1,0,0,0
target,1701,6,1585267068835463168,20971520,86,0,1,0,0,0
target,1702,6,1585267068835463168,25165824,92,0,1,0,0,0
target,1703,6,1585267068835463168,33554436,91,0,1,0,0,0
target,1704,6,1585267068835463168,33554440,84,0,1,0,0,0
target,1705,6,1585267068835463168,33554448,83,0,1,0,0,0
target,1706,6,1585267068835463168,33554464,85,0,1,0,0,0
target,1707,6,1585267068835463168,33554496,77,0,1,0,0,0
target,1708,6,1585267068835463168,33554560,85,0,1,0,0,0
target,1709,6,1585267068835463168,33554688,86,0,1,0,0,0
target,1710,6,1585267068835463168,33554944,92,0,1,0,0,0
target,1711,6,1585267068835463168,33555456,95,0,1,0,0,0
target,1712,6,1585267068835463168,33556480,95,0,1,0,0,0
target,1713,6,1585267068835463168,33558528,98,0,1,0,0,0
target,1714,6,1585267068835463168,33562624,86,0,1,0,0,0
target,1715,6,1585267068835463168,33570816,80,0,1,0,0,0
target,1716,6,1585267068835463168,33587200,93,0,1,0,0,0
target,1717,6,1585267068835463168,33619968,77,0,1,0,0,0
target,1718,6,1585267068835463168,33685504,86,0,1,0,0,0
target,1719,6,1585267068835463168,33816576,90,0,1,0,0,0
target,1720,6,1585267068835463168,34078720,88,0,1,0,0,0
target,1721,6,1585267068835463168,34603008,92,0,1,0,0,0
target,1722,6,1585267068835463168,35651584,90,0,1,0,0,0
target,1723,6,1585267068835463168,37748736,95,0,1,0,0,0
target,1724,6,1585267068835463168,41943040,101,0,1,0,0,0
target,1725,6,1585267068835463168,50331648,87,0,1,0,0,0
target,1726,6,1585267068835463168,67108868,67,0,1,0,0,0
target,1727,6,1585267068835463168,67108896,64,0,1,0,0,0
target,1728,6,1585267068835463168,67108992,70,0,1,0,0,0
target,1729,6,1585267068835463168,67109376,75,0,1,0,0,0
target,1730,6,1585267068835463168,67109888,67,0,1,0,0,0
target,1731,6,1585267068835463168,67110912,72,0,1,0,0,0
target,1732,6,1585267068835463168,67112960,76,0,1,0,0,0
target,1733,6,1585267068835463168,67117056,68,0,1,0,0,0
target,1734,6,1585267068835463168,67141632,60,0,1,0,0,0
target,1735,6,1585267068835463168,67371008,70,0,1,0,0,0
target,1736,6,1585267068835463168,67633152,70,0,1,0,0,0
target,1737,6,1585267068835463168,68157440,67,0,1,0,0,0
target,1738,6,1585267068835463168,69206016,74,0,1,0,0,0
target,1739,6,1585267068835463168,71303168,66,0,1,0,0,0
target,1740,6,1585267068835463168,75497472,78,0,1,0,0,0
target,1741,6,1585267068835463168,83886080,68,0,1,0,0,0
target,1742,6,1585267068835463168,100663296,71,0,1,0,0,0
target,1743,6,1585267068835463168,134217732,86,0,1,0,0,0
target,1744,6,1585267068835463168,134217744,78,0,1,0,0,0
target,1745,6,1585267068835463168,134217760,79,0,1,0,0,0
target,1746,6,1585267068835463168,134217856,81,0,1,0,0,0
target,1747,6,1585267068835463168,134217984,83,0,1,0,0,0
target,1748,6,1585267068835463168,134218240,91,0,1,0,0,0
target,1749,6,1585267068835463168,134218752,90,0,1,0,0,0
target,1750,6,1585267068835463168,134219776,82,0,1,0,0,0
target,1751,6,1585267068835463168,134221824,92,0,1,0,0,0
target,1752,6,1585267068835463168,134225920,87,0,1,0,0,0
target,1753,6,1585267068835463168,134250496,88,0,1,0,0,0
target,1754,6,1585267068835463168,134283264,68,0,1,0,0,0
target,1755,6,1585267068835463168,134479872,86,0,1,0,0,0
target,1756,6,1585267068835463168,134742016,83,0,1,0,0,0
target,1757,6,1585267068835463168,135266304,86,0,1,0,0,0
target,1758,6,1585267068835463168,136314880,86,0,1,0,0,0
target,1759,6,1585267068835463168,138412032,89,0,1,0,0,0
target,1760,6,1585267068835463168,142606336,95,0,1,0,0,0
target,1761,6,1585267068835463168,150994944,86,0,1,0,0,0
target,1762,6,1585267068835463168,167772160,94,0,1,0,0,0
target,1763,6,1585267068835463168,268435460,91,0,1,0,0,0
target,1764,6,1585267068835463168,268435464,92,0,1,0,0,0
target,1765,6,1585267068835463168,268435472,84,0,1,0,0,0
target,1766,6,1585267068835463168,268435488,83,0,1,0,0,0
target,1767,6,1585267068835463168,268435520,73,0,1,0,0,0
target,1768,6,1585267068835463168,268435584,83,0,1,0,0,0
target,1769,6,1585267068835463168,268435712,82,0,1,0,0,0
target,1770,6,1585267068835463168,268435968,93,0,1,0,0,0
target,1771,6,1585267068835463168,268436480,93,0,1,0,0,0
target,1772,6,1585267068835463168,268437504,96,0,1,0,0,0
target,1773,6,1585267068835463168,268439552,91,0,1,0,0,0
target,1774,6,1585267068835463168,268443648,91,0,1,0,0,0
target,1775,6,1585267068835463168,268451840,88,0,1,0,0,0
target,1776,6,1585267068835463168,268468224,95,0,1,0,0,0
target,1777,6,1585267068835463168,268500992,68,0,1,0,0,0
target,1778,6,1585267068835463168,268566528,85,0,1,0,0,0
target,1779,6,1585267068835463168,268697600,87,0,1,0,0,0
target,1780,6,1585267068835463168,268959744,87,0,1,0,0,0
target,1781,6,1585267068835463168,269484032,89,0,1,0,0,0
target,1782,6,1585267068835463168,270532608,96,0,1,0,0,0
target,1783,6,1585267068835463168,272629760,96,0,1,0,0,0
target,1784,6,1585267068835463168,276824064,97,0,1,0,0,0
target,1785,6,1585267068835463168,285212672,86,0,1,0,0,0
target,1786,6,1585267068835463168,335544320,75,0,1,0,0,0
target,1787,6,1585267068835463168,536870916,83,0,1,0,0,0
target,1788,6,1585267068835463168,536870920,79,0,1,0,0,0
target,1789,6,1585267068835463168,536870928,76,0,1,0,0,0
target,1790,6,1585267068835463168,536870944,70,0,1,0,0,0
target,1791,6,1585267068835463168,536870976,64,0,1,0,0,0
target,1792,6,1585267068835463168,536871040,69,0,1,0,0,0
target,1793,6,1585267068835463168,536887296,79,0,1,0,0,0
target,1794,6,1585267068835463168,536903680,87,0,1,0,0,0
target,1795,6,1585267068835463168,536936448,61,0,1,0,0,0
target,1796,6,1585267068835463168,537001984,71,0,1,0,0,0
target,1797,6,1585267068835463168,570425344,83,0,1,0,0,0
target,1798,6,1585267068835463168,1090519040,82,0,1,0,0,0
target,1799,6,1585267068835463168,4328521728,79,0,1,0,0,0
target,1800,6,1585267068835463168,8606711808,78,0,1,0,0,0
target,1801,6,1585267068835463168,8623489024,88,0,1,0,0,0
target,1802,6,1585267068835463168,17196646400,91,0,1,0,0,0
target,1803,6,1585267068835463168,34359738372,89,0,1,0,0,0
target,1804,6,1585267068835463168,34359738376,85,0,1,0,0,0
target,1805,6,1585267068835463168,34359738384,87,0,1,0,0,0
target,1806,6,1585267068835463168,34359738400,88,0,1,0,0,0
target,1807,6,1585267068835463168,34359738432,74,0,1,0,0,0
target,1808,6,1585267068835463168,34359738496,88,0,1,0,0,0
target,1809,6,1585267068835463168,34359738624,85,0,1,0,0,0
target,1810,6,1585267068835463168,34359738880,93,0,1,0,0,0
target,1811,6,1585267068835463168,34359739392,95,0,1,0,0,0
target,1812,6,1585267068835463168,34359740416,92,0,1,0,0,0
target,1813,6,1585267068835463168,34359742464,98,0,1,0,0,0
target,1814,6,1585267068835463168,34359746560,89,0,1,0,0,0
target,1815,6,1585267068835463168,34359754752,87,0,1,0,0,0
target,1816,6,1585267068835463168,34359771136,95,0,1,0,0,0
target,1817,6,1585267068835463168,34359803904,80,0,1,0,0,0
target,1818,6,1585267068835463168,34359869440,89,0,1,0,0,0
target,1819,6,1585267068835463168,34360000512,90,0,1,0,0,0
target,1820,6,1585267068835463168,34360262656,86,0,1,0,0,0
target,1821,6,1585267068835463168,34360786944,93,0,1,0,0,0
target,1822,6,1585267068835463168,34361835520,96,0,1,0,0,0
target,1823,6,1585267068835463168,34363932672,95,0,1,0,0,0
target,1824,6,1585267068835463168,34368126976,101,0,1,0,0,0
target,1825,6,1585267068835463168,34376515584,87,0,1,0,0,0
target,1826,6,1585267068835463168,34393292800,95,0,1,0,0,0
target,1827,6,1585267068835463168,34426847232,74,0,1,0,0,0
target,1828,6,1585267068835463168,34493956096,91,0,1,0,0,0
target,1829,6,1585267068835463168,34628173824,99,0,1,0,0,0
target,1830,6,1585267068835463168,34896609280,87,0,1,0,0,0
target,1831,6,1585267068835463168,35433480192,92,0,1,0,0,0
target,1832,6,1585267068835463168,36507222016,97,0,1,0,0,0
target,1833,6,1585267068835463168,38654705664,88,0,1,0,0,0
target,1834,6,1585267068835463168,42949672960,90,0,1,0,0,0
target,1835,6,1585267068835463168,51539607552,101,0,1,0,0,0
target,1836,6,1585267068835463169,4,83,0,1,0,0,0
target,1837,6,1585267068835463169,8,84,0,1,0,0,0
target,1838,6,1585267068835463169,16,81,0,1,0,0,0
target,1839,6,1585267068835463169,32,81,0,1,0,0,0
target,1840,6,1585267068835463169,64,72,0,1,0,0,0
target,1841,6,1585267068835463169,128,83,0,1,0,0,0
target,1842,6,1585267068835463169,8192,79,0,1,0,0,0
target,1843,6,1585267068835463169,16384,83,0,1,0,0,0
target,1844,6,1585267068835463169,32768,91,0,1,0,0,0
target,1845,6,1585267068835463169,65536,76,0,1,0,0,0
target,1846,6,1585267068835463169,131072,84,0,1,0,0,0
target,1847,6,1585267068835463169,262144,85,0,1,0,0,0
target,1848,6,1585267068835463169,16777216,77,0,1,0,0,0
target,1849,6,1585267068835463169,33554432,92,0,1,0,0,0
target,1850,6,1585267068835463169,67108864,70,0,1,0,0,0
target,1851,6,1585267068835463169,134217728,87,0,1,0,0,0
target,1852,6,1585267068835463169,268435456,89,0,1,0,0,0
target,1853,6,1585267068835463169,536870912,81,0,1,0,0,0
target,1854,6,1585267068835463169,34359738368,86,0,1,0,0,0
target,1855,6,1585267068835463170,4,93,0,1,0,0,0
target,1856,6,1585267068835463170,8,87,0,1,0,0,0
target,1857,6,1585267068835463170,16,88,0,1,0,0,0
target,1858,6,1585267068835463170,32,89,0,1,0,0,0
target,1859,6,1585267068835463170,128,88,0,1,0,0,0
target,1860,6,1585267068835463170,8192,90,0,1,0,0,0
target,1861,6,1585267068835463170,16384,84,0,1,0,0,0
target,1862,6,1585267068835463170,32768,96,0,1,0,0,0
target,1863,6,1585267068835463170,65536,83,0,1,0,0,0
target,1864,6,1585267068835463170,131072,89,0,1,0,0,0
target,1865,6,1585267068835463170,262144,85,0,1,0,0,0
target,1866,6,1585267068835463170,16777216,78,0,1,0,0,0
target,1867,6,1585267068835463170,33554432,93,0,1,0,0,0
target,1868,6,1585267068835463170,67108864,77,0,1,0,0,0
target,1869,6,1585267068835463170,134217728,93,0,1,0,0,0
target,1870,6,1585267068835463170,268435456,98,0,1,0,0,0
target,1871,6,1585267068835463170,536870912,84,0,1,0,0,0
target,1872,6,1585267068835463170,34359738368,94,0,1,0,0,0
target,1873,6,1585267068835463171,0,89,0,1,0,0,0
target,1874,6,1585267068835463172,4,83,0,1,0,0,0
target,1875,6,1585267068835463172,8,81,0,1,0,0,0
target,1876,6,1585267068835463172,16,71,0,1,0,0,0
target,1877,6,1585267068835463172,32,82,0,1,0,0,0
target,1878,6,1585267068835463172,64,63,0,1,0,0,0
target,1879,6,1585267068835463172,128,73,0,1,0,0,0
target,1880,6,1585267068835463172,8192,81,0,1,0,0,0
target,1881,6,1585267068835463172,16384,76,0,1,0,0,0
target,1882,6,1585267068835463172,32768,77,0,1,0,0,0
target,1883,6,1585267068835463172,65536,72,0,1,0,0,0
target,1884,6,1585267068835463172,131072,80,0,1,0,0,0
target,1885,6,1585267068835463172,262144,82,0,1,0,0,0
target,1886,6,1585267068835463172,16777216,78,0,1,0,0,0
target,1887,6,1585267068835463172,33554432,87,0,1,0,0,0
target,1888,6,1585267068835463172,67108864,58,0,1,0,0,0
target,1889,6,1585267068835463172,134217728,84,0,1,0,0,0
target,1890,6,1585267068835463172,268435456,90,0,1,0,0,0
target,1891,6,1585267068835463172,536870912,78,0,1,0,0,0
target,1892,6,1585267068835463172,34359738368,89,0,1,0,0,0
target,1893,6,1585267068835463173,0,84,0,1,0,0,0
target,1894,6,1585267068835463174,0,87,0,1,0,0,0
target,1895,6,1585267068835463176,4,86,0,1,0,0,0
target,1896,6,1585267068835463176,8,81,0,1,0,0,0
target,1897,6,1585267068835463176,16,80,0,1,0,0,0
target,1898,6,1585267068835463176,32,76,0,1,0,0,0
target,1899,6,1585267068835463176,64,73,0,1,0,0,0
target,1900,6,1585267068835463176,128,78,0,1,0,0,0
target,1901,6,1585267068835463176,8192,84,0,1,0,0,0
target,1902,6,1585267068835463176,16384,84,0,1,0,0,0
target,1903,6,1585267068835463176,32768,91,0,1,0,0,0
target,1904,6,1585267068835463176,65536,60,0,1,0,0,0
target,1905,6,1585267068835463176,131072,81,0,1,0,0,0
target,1906,6,1585267068835463176,262144,86,0,1,0,0,0
target,1907,6,1585267068835463176,33554432,93,0,1,0,0,0
target,1908,6,1585267068835463176,67108864,71,0,1,0,0,0
target,1909,6,1585267068835463176,134217728,78,0,1,0,0,0
target,1910,6,1585267068835463176,268435456,90,0,1,0,0,0
target,1911,6,1585267068835463176,536870912,82,0,1,0,0,0
target,1912,6,1585267068835463176,34359738368,92,0,1,0,0,0
target,1913,6,1585267068835463177,0,86,0,1,0,0,0
target,1914,6,1585267068835463178,0,93,0,1,0,0,0
target,1915,6,1585267068835463184,4,90,0,1,0,0,0
target,1916,6,1585267068835463184,8,88,0,1,0,0,0
target,1917,6,1585267068835463184,16,84,0,1,0,0,0
target,1918,6,1585267068835463184,32,90,0,1,0,0,0
target,1919,6,1585267068835463184,128,86,0,1,0,0,0
target,1920,6,1585267068835463184,8192,79,0,1,0,0,0
target,1921,6,1585267068835463184,16384,87,0,1,0,0,0
target,1922,6,1585267068835463184,32768,94,0,1,0,0,0
target,1923,6,1585267068835463184,65536,77,0,1,0,0,0
target,1924,6,1585267068835463184,131072,78,0,1,0,0,0
target,1925,6,1585267068835463184,262144,88,0,1,0,0,0
target,1926,6,1585267068835463184,16777216,85,0,1,0,0,0
target,1927,6,1585267068835463184,33554432,95,0,1,0,0,0
target,1928,6,1585267068835463184,67108864,74,0,1,0,0,0
target,1929,6,1585267068835463184,134217728,89,0,1,0,0,0
target,1930,6,1585267068835463184,268435456,92,0,1,0,0,0
target,1931,6,1585267068835463184,536870912,77,0,1,0,0,0
target,1932,6,1585267068835463184,34359738368,95,0,1,0,0,0
target,1933,6,1585267068835463185,0,88,0,1,0,0,0
target,1934,6,1585267068835463188,0,87,0,1,0,0,0
target,1935,6,1585267068835463200,4,86,0,1,0,0,0
target,1936,6,1585267068835463200,8,82,0,1,0,0,0
target,1937,6,1585267068835463200,16,79,0,1,0,0,0
target,1938,6,1585267068835463200,32,83,0,1,0,0,0
target,1939,6,1585267068835463200,64,72,0,1,0,0,0
target,1940,6,1585267068835463200,128,72,0,1,0,0,0
target,1941,6,1585267068835463200,8192,83,0,1,0,0,0
target,1942,6,1585267068835463200,16384,81,0,1,0,0,0
target,1943,6,1585267068835463200,32768,89,0,1,0,0,0
target,1944,6,1585267068835463200,65536,75,0,1,0,0,0
target,1945,6,1585267068835463200,131072,82,0,1,0,0,0
target,1946,6,1585267068835463200,262144,72,0,1,0,0,0
target,1947,6,1585267068835463200,16777216,81,0,1,0,0,0
target,1948,6,1585267068835463200,33554432,90,0,1,0,0,0
target,1949,6,1585267068835463200,67108864,71,0,1,0,0,0
target,1950,6,1585267068835463200,134217728,80,0,1,0,0,0
target,1951,6,1585267068835463200,268435456,91,0,1,0,0,0
target,1952,6,1585267068835463200,536870912,68,0,1,0,0,0
target,1953,6,1585267068835463200,34359738368,90,0,1,0,0,0
target,1954,6,1585267068835463202,0,89,0,1,0,0,0
target,1955,6,1585267068835463216,0,84,0,1,0,0,0
target,1956,6,1585267068835463232,4,91,0,1,0,0,0
target,1957,6,1585267068835463232,8,90,0,1,0,0,0
target,1958,6,1585267068835463232,16,89,0,1,0,0,0
target,1959,6,1585267068835463232,32,91,0,1,0,0,0
target,1960,6,1585267068835463232,64,68,0,1,0,0,0
target,1961,6,1585267068835463232,128,89,0,1,0,0,0
target,1962,6,1585267068835463232,8192,91,0,1,0,0,0
target,1963,6,1585267068835463232,16384,89,0,1,0,0,0
target,1964,6,1585267068835463232,32768,94,0,1,0,0,0
target,1965,6,1585267068835463232,65536,81,0,1,0,0,0
target,1966,6,1585267068835463232,131072,89,0,1,0,0,0
target,1967,6,1585267068835463232,262144,91,0,1,0,0,0
target,1968,6,1585267068835463232,16777216,89,0,1,0,0,0
target,1969,6,1585267068835463232,33554432,98,0,1,0,0,0
target,1970,6,1585267068835463232,67108864,72,0,1,0,0,0
target,1971,6,1585267068835463232,134217728,93,0,1,0,0,0
target,1972,6,1585267068835463232,268435456,99,0,1,0,0,0
target,1973,6,1585267068835463232,536870912,87,0,1,0,0,0
target,1974,6,1585267068835463232,34359738368,97,0,1,0,0,0
target,1975,6,1585267068835463232,68719476736,81,0,1,0,0,0
target,1976,6,1585267068835463233,0,91,0,1,0,0,0
target,1977,6,1585267068835463240,0,90,0,1,0,0,0
target,1978,6,1585267068835463248,0,95,0,1,0,0,0
target,1979,6,1585267068835463264,0,85,0,1,0,0,0
target,1980,6,1585267068835463296,4,88,0,1,0,0,0
target,1981,6,1585267068835463296,8,78,0,1,0,0,0
target,1982,6,1585267068835463296,16,83,0,1,0,0,0
target,1983,6,1585267068835463296,32,84,0,1,0,0,0
target,1984,6,1585267068835463296,64,63,0,1,0,0,0
target,1985,6,1585267068835463296,128,79,0,1,0,0,0
target,1986,6,1585267068835463296,8192,73,0,1,0,0,0
target,1987,6,1585267068835463296,16384,80,0,1,0,0,0
target,1988,6,1585267068835463296,32768,91,0,1,0,0,0
target,1989,6,1585267068835463296,131072,81,0,1,0,0,0
target,1990,6,1585267068835463296,262144,85,0,1,0,0,0
target,1991,6,1585267068835463296,33554432,92,0,1,0,0,0
target,1992,6,1585267068835463296,67108864,73,0,1,0,0,0
target,1993,6,1585267068835463296,134217728,76,0,1,0,0,0
target,1994,6,1585267068835463296,268435456,92,0,1,0,0,0
target,1995,6,1585267068835463296,536870912,78,0,1,0,0,0
target,1996,6,1585267068835463296,34359738368,92,0,1,0,0,0
target,1997,6,1585267068835463296,68719476736,70,0,1,0,0,0
target,1998,6,1585267068835463300,0,78,0,1,0,0,0
target,1999,6,1585267068835463312,0,78,0,1,0,0,0
target,2000,6,1585267068835463328,0,76,0,1,0,0,0
target,2001,6,1585267068835463360,0,81,0,1,0,0,0
target,2002,6,1585267068835463424,4,85,0,1,0,0,0
target,2003,6,1585267068835463424,8,81,0,1,0,0,0
target,2004,6,1585267068835463424,16,70,0,1,0,0,0
target,2005,6,1585267068835463424,32,84,0,1,0,0,0
target,2006,6,1585267068835463424,128,75,0,1,0,0,0
target,2007,6,1585267068835463424,8192,81,0,1,0,0,0
target,2008,6,1585267068835463424,16384,70,0,1,0,0,0
target,2009,6,1585267068835463424,32768,88,0,1,0,0,0
target,2010,6,1585267068835463424,65536,73,0,1,0,0,0
target,2011,6,1585267068835463424,262144,79,0,1,0,0,0
target,2012,6,1585267068835463424,16777216,67,0,1,0,0,0
target,2013,6,1585267068835463424,33554432,89,0,1,0,0,0
target,2014,6,1585267068835463424,67108864,66,0,1,0,0,0
target,2015,6,1585267068835463424,134217728,86,0,1,0,0,0
target,2016,6,1585267068835463424,268435456,86,0,1,0,0,0
target,2017,6,1585267068835463424,536870912,77,0,1,0,0,0
target,2018,6,1585267068835463424,34359738368,89,0,1,0,0,0
target,2019,6,1585267068835463424,68719476736,65,0,1,0,0,0
target,2020,6,1585267068835463426,0,80,0,1,0,0,0
target,2021,6,1585267068835463428,0,75,0,1,0,0,0
target,2022,6,1585267068835463432,0,77,0,1,0,0,0
target,2023,6,1585267068835463488,0,81,0,1,0,0,0
target,2024,6,1585267068835463552,0,77,0,1,0,0,0
target,2025,6,1585267068835463680,4,95,0,1,0,0,0
target,2026,6,1585267068835463680,8,91,0,1,0,0,0
target,2027,6,1585267068835463680,16,90,0,1,0,0,0
target,2028,6,1585267068835463680,32,90,0,1,0,0,0
target,2029,6,1585267068835463680,64,79,0,1,0,0,0
target,2030,6,1585267068835463680,128,90,0,1,0,0,0
target,2031,6,1585267068835463680,8192,92,0,1,0,0,0
target,2032,6,1585267068835463680,16384,90,0,1,0,0,0
target,2033,6,1585267068835463680,32768,93,0,1,0,0,0
target,2034,6,1585267068835463680,65536,81,0,1,0,0,0
target,2035,6,1585267068835463680,131072,91,0,1,0,0,0
target,2036,6,1585267068835463680,262144,92,0,1,0,0,0
target,2037,6,1585267068835463680,16777216,90,0,1,0,0,0
target,2038,6,1585267068835463680,33554432,95,0,1,0,0,0
target,2039,6,1585267068835463680,67108864,77,0,1,0,0,0
target,2040,6,1585267068835463680,134217728,94,0,1,0,0,0
target,2041,6,1585267068835463680,268435456,100,0,1,0,0,0
target,2042,6,1585267068835463680,536870912,87,0,1,0,0,0
target,2043,6,1585267068835463680,34359738368,94,0,1,0,0,0
target,2044,6,1585267068835463680,68719476736,80,0,1,0,0,0
target,2045,6,1585267068835463682,0,96,0,1,0,0,0
target,2046,6,1585267068835463684,0,85,0,1,0,0,0
target,2047,6,1585267068835463688,0,93,0,1,0,0,0
target,2048,6,1585267068835463696,0,93,0,1,0,0,0
target,2049,6,1585267068835463712,0,91,0,1,0,0,0
target,2050,6,1585267068835463744,0,96,0,1,0,0,0
target,2051,6,1585267068835463808,0,93,0,1,0,0,0
target,2052,6,1585267068835463936,0,89,0,1,0,0,0
target,2053,6,1585267068835464192,4,88,0,1,0,0,0
target,2054,6,1585267068835464192,8,87,0,1,0,0,0
target,2055,6,1585267068835464192,16,86,0,1,0,0,0
target,2056,6,1585267068835464192,32,89,0,1,0,0,0
target,2057,6,1585267068835464192,128,85,0,1,0,0,0
target,2058,6,1585267068835464192,8192,87,0,1,0,0,0
target,2059,6,1585267068835464192,16384,87,0,1,0,0,0
target,2060,6,1585267068835464192,32768,93,0,1,0,0,0
target,2061,6,1585267068835464192,131072,88,0,1,0,0,0
target,2062,6,1585267068835464192,262144,88,0,1,0,0,0
target,2063,6,1585267068835464192,16777216,85,0,1,0,0,0
target,2064,6,1585267068835464192,33554432,93,0,1,0,0,0
target,2065,6,1585267068835464192,134217728,90,0,1,0,0,0
target,2066,6,1585267068835464192,268435456,94,0,1,0,0,0
target,2067,6,1585267068835464192,536870912,84,0,1,0,0,0
target,2068,6,1585267068835464192,34359738368,93,0,1,0,0,0
target,2069,6,1585267068835464193,0,84,0,1,0,0,0
target,2070,6,1585267068835464194,0,88,0,1,0,0,0
target,2071,6,1585267068835464196,0,81,0,1,0,0,0
target,2072,6,1585267068835464200,0,84,0,1,0,0,0
target,2073,6,1585267068835464208,0,88,0,1,0,0,0
target,2074,6,1585267068835464224,0,82,0,1,0,0,0
target,2075,6,1585267068835464256,0,89,0,1,0,0,0
target,2076,6,1585267068835464320,0,85,0,1,0,0,0
target,2077,6,1585267068835464448,0,83,0,1,0,0,0
target,2078,6,1585267068835464704,0,90,0,1,0,0,0
target,2079,6,1585267068835465216,4,86,0,1,0,0,0
target,2080,6,1585267068835465216,8,87,0,1,0,0,0
target,2081,6,1585267068835465216,16,85,0,1,0,0,0
target,2082,6,1585267068835465216,32,88,0,1,0,0,0
target,2083,6,1585267068835465216,64,72,0,1,0,0,0
target,2084,6,1585267068835465216,128,77,0,1,0,0,0
target,2085,6,1585267068835465216,8192,85,0,1,0,0,0
target,2086,6,1585267068835465216,16384,86,0,1,0,0,0
target,2087,6,1585267068835465216,32768,92,0,1,0,0,0
target,2088,6,1585267068835465216,65536,77,0,1,0,0,0
target,2089,6,1585267068835465216,131072,86,0,1,0,0,0
target,2090,6,1585267068835465216,262144,88,0,1,0,0,0
target,2091,6,1585267068835465216,16777216,76,0,1,0,0,0
target,2092,6,1585267068835465216,33554432,93,0,1,0,0,0
target,2093,6,1585267068835465216,67108864,72,0,1,0,0,0
target,2094,6,1585267068835465216,134217728,90,0,1,0,0,0
target,2095,6,1585267068835465216,268435456,95,0,1,0,0,0
target,2096,6,1585267068835465216,536870912,85,0,1,0,0,0
target,2097,6,1585267068835465216,34359738368,93,0,1,0,0,0
target,2098,6,1585267068835465218,0,84,0,1,0,0,0
target,2099,6,1585267068835465220,0,84,0,1,0,0,0
target,2100,6,1585267068835465224,0,90,0,1,0,0,0
target,2101,6,1585267068835465232,0,92,0,1,0,0,0
target,2102,6,1585267068835465248,0,88,0,1,0,0,0
target,2103,6,1585267068835465280,0,95,0,1,0,0,0
target,2104,6,1585267068835465344,0,91,0,1,0,0,0
target,2105,6,1585267068835465472,0,79,0,1,0,0,0
target,2106,6,1585267068835466240,0,91,0,1,0,0,0
target,2107,6,1585267068835467264,4,85,0,1,0,0,0
target,2108,6,1585267068835467264,8,77,0,1,0,0,0
target,2109,6,1585267068835467264,16,79,0,1,0,0,0
target,2110,6,1585267068835467264,32,81,0,1,0,0,0
target,2111,6,1585267068835467264,64,67,0,1,0,0,0
target,2112,6,1585267068835467264,128,78,0,1,0,0,0
target,2113,6,1585267068835467264,8192,82,0,1,0,0,0
target,2114,6,1585267068835467264,16384,72,0,1,0,0,0
target,2115,6,1585267068835467264,32768,88,0,1,0,0,0
target,2116,6,1585267068835467264,65536,73,0,1,0,0,0
target,2117,6,1585267068835467264,131072,73,0,1,0,0,0
target,2118,6,1585267068835467264,262144,83,0,1,0,0,0
target,2119,6,1585267068835467264,16777216,80,0,1,0,0,0
target,2120,6,1585267068835467264,33554432,82,0,1,0,0,0
target,2121,6,1585267068835467264,67108864,64,0,1,0,0,0
target,2122,6,1585267068835467264,134217728,84,0,1,0,0,0
target,2123,6,1585267068835467264,268435456,90,0,1,0,0,0
target,2124,6,1585267068835467264,536870912,76,0,1,0,0,0
target,2125,6,1585267068835467264,34359738368,89,0,1,0,0,0
target,2126,6,1585267068835467265,0,76,0,1,0,0,0
target,2127,6,1585267068835467266,0,84,0,1,0,0,0
target,2128,6,1585267068835467272,0,83,0,1,0,0,0
target,2129,6,1585267068835467280,0,85,0,1,0,0,0
target,2130,6,1585267068835467328,0,90,0,1,0,0,0
target,2131,6,1585267068835467392,0,85,0,1,0,0,0
target,2132,6,1585267068835467520,0,77,0,1,0,0,0
target,2133,6,1585267068835467776,0,89,0,1,0,0,0
target,2134,6,1585267068835468288,0,84,0,1,0,0,0
target,2135,6,1585267068835469312,0,83,0,1,0,0,0
target,2136,6,1585267068835471360,4,85,0,1,0,0,0
target,2137,6,1585267068835471360,8,80,0,1,0,0,0
target,2138,6,1585267068835471360,16,70,0,1,0,0,0
target,2139,6,1585267068835471360,32,79,0,1,0,0,0
target,2140,6,1585267068835471360,64,67,0,1,0,0,0
target,2141,6,1585267068835471360,128,79,0,1,0,0,0
target,2142,6,1585267068835471360,8192,78,0,1,0,0,0
target,2143,6,1585267068835471360,16384,81,0,1,0,0,0
target,2144,6,1585267068835471360,32768,80,0,1,0,0,0
target,2145,6,1585267068835471360,65536,72,0,1,0,0,0
target,2146,6,1585267068835471360,131072,76,0,1,0,0,0
target,2147,6,1585267068835471360,16777216,83,0,1,0,0,0
target,2148,6,1585267068835471360,33554432,84,0,1,0,0,0
target,2149,6,1585267068835471360,67108864,61,0,1,0,0,0
target,2150,6,1585267068835471360,134217728,84,0,1,0,0,0
target,2151,6,1585267068835471360,268435456,90,0,1,0,0,0
target,2152,6,1585267068835471360,536870912,83,0,1,0,0,0
target,2153,6,1585267068835471360,34359738368,90,0,1,0,0,0
target,2154,6,1585267068835471361,0,81,0,1,0,0,0
target,2155,6,1585267068835471362,0,85,0,1,0,0,0
target,2156,6,1585267068835471364,0,71,0,1,0,0,0
target,2157,6,1585267068835471368,0,72,0,1,0,0,0
target,2158,6,1585267068835471376,0,80,0,1,0,0,0
target,2159,6,1585267068835471392,0,78,0,1,0,0,0
target,2160,6,1585267068835471424,0,83,0,1,0,0,0
target,2161,6,1585267068835471488,0,72,0,1,0,0,0
target,2162,6,1585267068835471616,0,77,0,1,0,0,0
target,2163,6,1585267068835471872,0,86,0,1,0,0,0
target,2164,6,1585267068835472384,0,81,0,1,0,0,0
target,2165,6,1585267068835473408,0,85,0,1,0,0,0
target,2166,6,1585267068835475456,0,77,0,1,0,0,0
target,2167,6,1585267068835479552,4,84,0,1,0,0,0
target,2168,6,1585267068835479552,8,80,0,1,0,0,0
target,2169,6,1585267068835479552,16,76,0,1,0,0,0
target,2170,6,1585267068835479552,32,73,0,1,0,0,0
target,2171,6,1585267068835479552,128,76,0,1,0,0,0
target,2172,6,1585267068835479552,8192,80,0,1,0,0,0
target,2173,6,1585267068835479552,16384,77,0,1,0,0,0
target,2174,6,1585267068835479552,32768,86,0,1,0,0,0
target,2175,6,1585267068835479552,65536,61,0,1,0,0,0
target,2176,6,1585267068835479552,131072,81,0,1,0,0,0
target,2177,6,1585267068835479552,262144,80,0,1,0,0,0
target,2178,6,1585267068835479552,16777216,80,0,1,0,0,0
target,2179,6,1585267068835479552,33554432,88,0,1,0,0,0
target,2180,6,1585267068835479552,67108864,66,0,1,0,0,0
target,2181,6,1585267068835479552,134217728,70,0,1,0,0,0
target,2182,6,1585267068835479552,268435456,84,0,1,0,0,0
target,2183,6,1585267068835479552,536870912,77,0,1,0,0,0
target,2184,6,1585267068835479552,34359738368,88,0,1,0,0,0
target,2185,6,1585267068835479553,0,78,0,1,0,0,0
target,2186,6,1585267068835479554,0,88,0,1,0,0,0
target,2187,6,1585267068835479556,0,76,0,1,0,0,0
target,2188,6,1585267068835479560,0,76,0,1,0,0,0
target,2189,6,1585267068835479584,0,75,0,1,0,0,0
target,2190,6,1585267068835479616,0,81,0,1,0,0,0
target,2191,6,1585267068835479680,0,76,0,1,0,0,0
target,2192,6,1585267068835480064,0,87,0,1,0,0,0
target,2193,6,1585267068835480576,0,83,0,1,0,0,0
target,2194,6,1585267068835481600,0,83,0,1,0,0,0
target,2195,6,1585267068835483648,0,73,0,1,0,0,0
target,2196,6,1585267068835495936,4,89,0,1,0,0,0
target,2197,6,1585267068835495936,8,83,0,1,0,0,0
target,2198,6,1585267068835495936,16,85,0,1,0,0,0
target,2199,6,1585267068835495936,32,86,0,1,0,0,0
target,2200,6,1585267068835495936,64,61,0,1,0,0,0
target,2201,6,1585267068835495936,128,83,0,1,0,0,0
target,2202,6,1585267068835495936,8192,86,0,1,0,0,0
target,2203,6,1585267068835495936,16384,82,0,1,0,0,0
target,2204,6,1585267068835495936,32768,90,0,1,0,0,0
target,2205,6,1585267068835495936,65536,73,0,1,0,0,0
target,2206,6,1585267068835495936,131072,81,0,1,0,0,0
target,2207,6,1585267068835495936,262144,85,0,1,0,0,0
target,2208,6,1585267068835495936,16777216,84,0,1,0,0,0
target,2209,6,1585267068835495936,33554432,93,0,1,0,0,0
target,2210,6,1585267068835495936,67108864,70,0,1,0,0,0
target,2211,6,1585267068835495936,134217728,81,0,1,0,0,0
target,2212,6,1585267068835495936,268435456,81,0,1,0,0,0
target,2213,6,1585267068835495936,536870912,81,0,1,0,0,0
target,2214,6,1585267068835495936,34359738368,93,0,1,0,0,0
target,2215,6,1585267068835495937,0,88,0,1,0,0,0
target,2216,6,1585267068835495938,0,92,0,1,0,0,0
target,2217,6,1585267068835495940,0,86,0,1,0,0,0
target,2218,6,1585267068835495944,0,88,0,1,0,0,0
target,2219,6,1585267068835495952,0,88,0,1,0,0,0
target,2220,6,1585267068835496000,0,84,0,1,0,0,0
target,2221,6,1585267068835496064,0,72,0,1,0,0,0
target,2222,6,1585267068835496448,0,91,0,1,0,0,0
target,2223,6,1585267068835496960,0,87,0,1,0,0,0
target,2224,6,1585267068835497984,0,87,0,1,0,0,0
target,2225,6,1585267068835504128,0,78,0,1,0,0,0
target,2226,6,1585267068835528704,4,79,0,1,0,0,0
target,2227,6,1585267068835528704,8,80,0,1,0,0,0
target,2228,6,1585267068835528704,16,79,0,1,0,0,0
target,2229,6,1585267068835528704,32,82,0,1,0,0,0
target,2230,6,1585267068835528704,64,64,0,1,0,0,0
target,2231,6,1585267068835528704,128,71,0,1,0,0,0
target,2232,6,1585267068835528704,8192,84,0,1,0,0,0
target,2233,6,1585267068835528704,16384,78,0,1,0,0,0
target,2234,6,1585267068835528704,32768,83,0,1,0,0,0
target,2235,6,1585267068835528704,65536,67,0,1,0,0,0
target,2236,6,1585267068835528704,131072,80,0,1,0,0,0
target,2237,6,1585267068835528704,262144,68,0,1,0,0,0
target,2238,6,1585267068835528704,16777216,83,0,1,0,0,0
target,2239,6,1585267068835528704,33554432,88,0,1,0,0,0
target,2240,6,1585267068835528704,67108864,71,0,1,0,0,0
target,2241,6,1585267068835528704,134217728,85,0,1,0,0,0
target,2242,6,1585267068835528704,268435456,85,0,1,0,0,0
target,2243,6,1585267068835528704,34359738368,89,0,1,0,0,0
target,2244,6,1585267068835528705,0,81,0,1,0,0,0
target,2245,6,1585267068835528706,0,87,0,1,0,0,0
target,2246,6,1585267068835528708,0,79,0,1,0,0,0
target,2247,6,1585267068835528712,0,80,0,1,0,0,0
target,2248,6,1585267068835528720,0,82,0,1,0,0,0
target,2249,6,1585267068835528736,0,74,0,1,0,0,0
target,2250,6,1585267068835528768,0,81,0,1,0,0,0
target,2251,6,1585267068835528832,0,78,0,1,0,0,0
target,2252,6,1585267068835528960,0,73,0,1,0,0,0
target,2253,6,1585267068835529216,0,89,0,1,0,0,0
target,2254,6,1585267068835529728,0,81,0,1,0,0,0
target,2255,6,1585267068835532800,0,79,0,1,0,0,0
target,2256,6,1585267068835561472,0,81,0,1,0,0,0
target,2257,6,1585267068835594240,4,79,0,1,0,0,0
target,2258,6,1585267068835594240,8,72,0,1,0,0,0
target,2259,6,1585267068835594240,16,74,0,1,0,0,0
target,2260,6,1585267068835594240,32,76,0,1,0,0,0
target,2261,6,1585267068835594240,64,64,0,1,0,0,0
target,2262,6,1585267068835594240,128,72,0,1,0,0,0
target,2263,6,1585267068835594240,8192,71,0,1,0,0,0
target,2264,6,1585267068835594240,16384,75,0,1,0,0,0
target,2265,6,1585267068835594240,32768,81,0,1,0,0,0
target,2266,6,1585267068835594240,65536,59,0,1,0,0,0
target,2267,6,1585267068835594240,131072,67,0,1,0,0,0
target,2268,6,1585267068835594240,262144,76,0,1,0,0,0
target,2269,6,1585267068835594240,16777216,75,0,1,0,0,0
target,2270,6,1585267068835594240,33554432,82,0,1,0,0,0
target,2271,6,1585267068835594240,134217728,78,0,1,0,0,0
target,2272,6,1585267068835594240,268435456,83,0,1,0,0,0
target,2273,6,1585267068835594240,536870912,67,0,1,0,0,0
target,2274,6,1585267068835594240,34359738368,84,0,1,0,0,0
target,2275,6,1585267068835594240,68719476736,71,0,1,0,0,0
target,2276,6,1585267068835594241,0,78,0,1,0,0,0
target,2277,6,1585267068835594242,0,82,0,1,0,0,0
target,2278,6,1585267068835594248,0,80,0,1,0,0,0
target,2279,6,1585267068835594256,0,79,0,1,0,0,0
target,2280,6,1585267068835594304,0,81,0,1,0,0,0
target,2281,6,1585267068835594368,0,72,0,1,0,0,0
target,2282,6,1585267068835594496,0,70,0,1,0,0,0
target,2283,6,1585267068835594752,0,80,0,1,0,0,0
target,2284,6,1585267068835595264,0,80,0,1,0,0,0
target,2285,6,1585267068835596288,0,76,0,1,0,0,0
target,2286,6,1585267068835610624,0,69,0,1,0,0,0
target,2287,6,1585267068835627008,0,73,0,1,0,0,0
target,2288,6,1585267068835659776,0,67,0,1,0,0,0
target,2289,6,1585267068835725312,4,88,0,1,0,0,0
target,2290,6,1585267068835725312,8,84,0,1,0,0,0
target,2291,6,1585267068835725312,16,76,0,1,0,0,0
target,2292,6,1585267068835725312,32,84,0,1,0,0,0
target,2293,6,1585267068835725312,64,68,0,1,0,0,0
target,2294,6,1585267068835725312,128,83,0,1,0,0,0
target,2295,6,1585267068835725312,8192,86,0,1,0,0,0
target,2296,6,1585267068835725312,16384,77,0,1,0,0,0
target,2297,6,1585267068835725312,32768,91,0,1,0,0,0
target,2298,6,1585267068835725312,131072,76,0,1,0,0,0
target,2299,6,1585267068835725312,262144,84,0,1,0,0,0
target,2300,6,1585267068835725312,16777216,76,0,1,0,0,0
target,2301,6,1585267068835725312,33554432,91,0,1,0,0,0
target,2302,6,1585267068835725312,67108864,73,0,1,0,0,0
target,2303,6,1585267068835725312,134217728,83,0,1,0,0,0
target,2304,6,1585267068835725312,268435456,92,0,1,0,0,0
target,2305,6,1585267068835725312,536870912,80,0,1,0,0,0
target,2306,6,1585267068835725312,34359738368,92,0,1,0,0,0
target,2307,6,1585267068835725312,68719476736,79,0,1,0,0,0
target,2308,6,1585267068835725313,0,89,0,1,0,0,0
target,2309,6,1585267068835725314,0,92,0,1,0,0,0
target,2310,6,1585267068835725316,0,85,0,1,0,0,0
target,2311,6,1585267068835725320,0,85,0,1,0,0,0
target,2312,6,1585267068835725328,0,88,0,1,0,0,0
target,2313,6,1585267068835725344,0,82,0,1,0,0,0
target,2314,6,1585267068835725376,0,87,0,1,0,0,0
target,2315,6,1585267068835725568,0,78,0,1,0,0,0
target,2316,6,1585267068835725824,0,93,0,1,0,0,0
target,2317,6,1585267068835726336,0,84,0,1,0,0,0
target,2318,6,1585267068835733504,0,79,0,1,0,0,0
target,2319,6,1585267068835741696,0,77,0,1,0,0,0
target,2320,6,1585267068835758080,0,79,0,1,0,0,0
target,2321,6,1585267068835790848,0,74,0,1,0,0,0
target,2322,6,1585267068835856384,0,64,0,1,0,0,0
target,2323,6,1585267068835987456,4,91,0,1,0,0,0
target,2324,6,1585267068835987456,8,87,0,1,0,0,0
target,2325,6,1585267068835987456,16,85,0,1,0,0,0
target,2326,6,1585267068835987456,32,82,0,1,0,0,0
target,2327,6,1585267068835987456,64,73,0,1,0,0,0
target,2328,6,1585267068835987456,128,85,0,1,0,0,0
target,2329,6,1585267068835987456,8192,88,0,1,0,0,0
target,2330,6,1585267068835987456,16384,87,0,1,0,0,0
target,2331,6,1585267068835987456,32768,90,0,1,0,0,0
target,2332,6,1585267068835987456,65536,79,0,1,0,0,0
target,2333,6,1585267068835987456,131072,87,0,1,0,0,0
target,2334,6,1585267068835987456,262144,86,0,1,0,0,0
target,2335,6,1585267068835987456,16777216,88,0,1,0,0,0
target,2336,6,1585267068835987456,33554432,90,0,1,0,0,0
target,2337,6,1585267068835987456,67108864,72,0,1,0,0,0
target,2338,6,1585267068835987456,134217728,90,0,1,0,0,0
target,2339,6,1585267068835987456,268435456,92,0,1,0,0,0
target,2340,6,1585267068835987456,536870912,85,0,1,0,0,0
target,2341,6,1585267068835987456,34359738368,89,0,1,0,0,0
target,2342,6,1585267068835987456,68719476736,78,0,1,0,0,0
target,2343,6,1585267068835987457,0,90,0,1,0,0,0
target,2344,6,1585267068835987458,0,94,0,1,0,0,0
target,2345,6,1585267068835987460,0,85,0,1,0,0,0
target,2346,6,1585267068835987464,0,85,0,1,0,0,0
target,2347,6,1585267068835987472,0,92,0,1,0,0,0
target,2348,6,1585267068835987488,0,86,0,1,0,0,0
target,2349,6,1585267068835987520,0,95,0,1,0,0,0
target,2350,6,1585267068835987584,0,84,0,1,0,0,0
target,2351,6,1585267068835987712,0,85,0,1,0,0,0
target,2352,6,1585267068835987968,0,96,0,1,0,0,0
target,2353,6,1585267068835988480,0,87,0,1,0,0,0
target,2354,6,1585267068835991552,0,81,0,1,0,0,0
target,2355,6,1585267068835995648,0,80,0,1,0,0,0
target,2356,6,1585267068836003840,0,82,0,1,0,0,0
target,2357,6,1585267068836020224,0,82,0,1,0,0,0
target,2358,6,1585267068836052992,0,80,0,1,0,0,0
target,2359,6,1585267068836118528,0,76,0,1,0,0,0
target,2360,6,1585267068836249600,0,81,0,1,0,0,0
target,2361,6,1585267068837560320,4,90,0,1,0,0,0
target,2362,6,1585267068837560320,8,90,0,1,0,0,0
target,2363,6,1585267068837560320,16,90,0,1,0,0,0
target,2364,6,1585267068837560320,32,94,0,1,0,0,0
target,2365,6,1585267068837560320,64,78,0,1,0,0,0
target,2366,6,1585267068837560320,8192,89,0,1,0,0,0
target,2367,6,1585267068837560320,32768,95,0,1,0,0,0
target,2368,6,1585267068837560320,65536,77,0,1,0,0,0
target,2369,6,1585267068837560320,131072,87,0,1,0,0,0
target,2370,6,1585267068837560320,262144,90,0,1,0,0,0
target,2371,6,1585267068837560320,16777216,88,0,1,0,0,0
target,2372,6,1585267068837560320,33554432,92,0,1,0,0,0
target,2373,6,1585267068837560320,67108864,76,0,1,0,0,0
target,2374,6,1585267068837560320,134217728,79,0,1,0,0,0
target,2375,6,1585267068837560320,268435456,98,0,1,0,0,0
target,2376,6,1585267068837560320,536870912,86,0,1,0,0,0
target,2377,6,1585267068837560320,34359738368,97,0,1,0,0,0
target,2378,6,1585267068837560320,68719476736,79,0,1,0,0,0
target,2379,6,1585267068837560321,0,91,0,1,0,0,0
target,2380,6,1585267068837560322,0,94,0,1,0,0,0
target,2381,6,1585267068837560324,0,86,0,1,0,0,0
target,2382,6,1585267068837560328,0,91,0,1,0,0,0
target,2383,6,1585267068837560336,0,94,0,1,0,0,0
target,2384,6,1585267068837560352,0,87,0,1,0,0,0
target,2385,6,1585267068837560384,0,97,0,1,0,0,0
target,2386,6,1585267068837560448,0,85,0,1,0,0,0
target,2387,6,1585267068837560576,0,87,0,1,0,0,0
target,2388,6,1585267068837560832,0,95,0,1,0,0,0
target,2389,6,1585267068837561344,0,89,0,1,0,0,0
target,2390,6,1585267068837562368,0,88,0,1,0,0,0
target,2391,6,1585267068837564416,0,81,0,1,0,0,0
target,2392,6,1585267068837568512,0,82,0,1,0,0,0
target,2393,6,1585267068837576704,0,77,0,1,0,0,0
target,2394,6,1585267068837593088,0,80,0,1,0,0,0
target,2395,6,1585267068837625856,0,80,0,1,0,0,0
target,2396,6,1585267068837691392,0,75,0,1,0,0,0
target,2397,6,1585267068837822464,0,81,0,1,0,0,0
target,2398,6,1585267068838084608,0,84,0,1,0,0,0
target,2399,6,1585267068839657472,4,83,0,1,0,0,0
target,2400,6,1585267068839657472,8,82,0,1,0,0,0
target,2401,6,1585267068839657472,16,79,0,1,0,0,0
target,2402,6,1585267068839657472,32,82,0,1,0,0,0
target,2403,6,1585267068839657472,64,61,0,1,0,0,0
target,2404,6,1585267068839657472,128,79,0,1,0,0,0
target,2405,6,1585267068839657472,8192,79,0,1,0,0,0
target,2406,6,1585267068839657472,16384,80,0,1,0,0,0
target,2407,6,1585267068839657472,32768,90,0,1,0,0,0
target,2408,6,1585267068839657472,65536,77,0,1,0,0,0
target,2409,6,1585267068839657472,131072,84,0,1,0,0,0
target,2410,6,1585267068839657472,262144,78,0,1,0,0,0
target,2411,6,1585267068839657472,33554432,92,0,1,0,0,0
target,2412,6,1585267068839657472,67108864,67,0,1,0,0,0
target,2413,6,1585267068839657472,134217728,87,0,1,0,0,0
target,2414,6,1585267068839657472,268435456,92,0,1,0,0,0
target,2415,6,1585267068839657472,536870912,82,0,1,0,0,0
target,2416,6,1585267068839657472,34359738368,86,0,1,0,0,0
target,2417,6,1585267068839657474,0,90,0,1,0,0,0
target,2418,6,1585267068839657488,0,90,0,1,0,0,0
target,2419,6,1585267068839657504,0,88,0,1,0,0,0
target,2420,6,1585267068839657536,0,93,0,1,0,0,0
target,2421,6,1585267068839657984,0,94,0,1,0,0,0
target,2422,6,1585267068839658496,0,88,0,1,0,0,0
target,2423,6,1585267068839659520,0,86,0,1,0,0,0
target,2424,6,1585267068839661568,0,76,0,1,0,0,0
target,2425,6,1585267068839665664,0,83,0,1,0,0,0
target,2426,6,1585267068839673856,0,80,0,1,0,0,0
target,2427,6,1585267068839690240,0,86,0,1,0,0,0
target,2428,6,1585267068839723008,0,82,0,1,0,0,0
target,2429,6,1585267068839788544,0,79,0,1,0,0,0
target,2430,6,1585267068839919616,0,85,0,1,0,0,0
target,2431,6,1585267068840181760,0,89,0,1,0,0,0
target,2432,6,1585267068841754624,0,91,0,1,0,0,0
target,2433,6,1585267068843851776,4,92,0,1,0,0,0
target,2434,6,1585267068843851776,8,84,0,1,0,0,0
target,2435,6,1585267068843851776,16,86,0,1,0,0,0
target,2436,6,1585267068843851776,32,86,0,1,0,0,0
target,2437,6,1585267068843851776,64,70,0,1,0,0,0
target,2438,6,1585267068843851776,128,75,0,1,0,0,0
target,2439,6,1585267068843851776,8192,79,0,1,0,0,0
target,2440,6,1585267068843851776,16384,81,0,1,0,0,0
target,2441,6,1585267068843851776,32768,94,0,1,0,0,0
target,2442,6,1585267068843851776,65536,78,0,1,0,0,0
target,2443,6,1585267068843851776,131072,86,0,1,0,0,0
target,2444,6,1585267068843851776,262144,88,0,1,0,0,0
target,2445,6,1585267068843851776,16777216,88,0,1,0,0,0
target,2446,6,1585267068843851776,33554432,93,0,1,0,0,0
target,2447,6,1585267068843851776,67108864,76,0,1,0,0,0
target,2448,6,1585267068843851776,134217728,89,0,1,0,0,0
target,2449,6,1585267068843851776,268435456,90,0,1,0,0,0
target,2450,6,1585267068843851776,536870912,83,0,1,0,0,0
target,2451,6,1585267068843851776,34359738368,93,0,1,0,0,0
target,2452,6,1585267068843851777,0,88,0,1,0,0,0
target,2453,6,1585267068843851778,0,92,0,1,0,0,0
target,2454,6,1585267068843851780,0,81,0,1,0,0,0
target,2455,6,1585267068843851784,0,86,0,1,0,0,0
target,2456,6,1585267068843851792,0,83,0,1,0,0,0
target,2457,6,1585267068843851808,0,88,0,1,0,0,0
target,2458,6,1585267068843851840,0,96,0,1,0,0,0
target,2459,6,1585267068843851904,0,77,0,1,0,0,0
target,2460,6,1585267068843852032,0,86,0,1,0,0,0
target,2461,6,1585267068843852288,0,97,0,1,0,0,0
target,2462,6,1585267068843852800,0,91,0,1,0,0,0
target,2463,6,1585267068843853824,0,88,0,1,0,0,0
target,2464,6,1585267068843859968,0,76,0,1,0,0,0
target,2465,6,1585267068843868160,0,84,0,1,0,0,0
target,2466,6,1585267068843884544,0,88,0,1,0,0,0
target,2467,6,1585267068843917312,0,87,0,1,0,0,0
target,2468,6,1585267068843982848,0,83,0,1,0,0,0
target,2469,6,1585267068844113920,0,91,0,1,0,0,0
target,2470,6,1585267068844376064,0,92,0,1,0,0,0
target,2471,6,1585267068845948928,0,95,0,1,0,0,0
target,2472,6,1585267068848046080,0,88,0,1,0,0,0
target,2473,6,1585267068852240384,4,76,0,1,0,0,0
target,2474,6,1585267068852240384,8,76,0,1,0,0,0
target,2475,6,1585267068852240384,16,66,0,1,0,0,0
target,2476,6,1585267068852240384,32,77,0,1,0,0,0
target,2477,6,1585267068852240384,64,64,0,1,0,0,0
target,2478,6,1585267068852240384,128,69,0,1,0,0,0
target,2479,6,1585267068852240384,8192,76,0,1,0,0,0
target,2480,6,1585267068852240384,16384,73,0,1,0,0,0
target,2481,6,1585267068852240384,32768,75,0,1,0,0,0
target,2482,6,1585267068852240384,65536,63,0,1,0,0,0
target,2483,6,1585267068852240384,131072,75,0,1,0,0,0
target,2484,6,1585267068852240384,262144,75,0,1,0,0,0
target,2485,6,1585267068852240384,16777216,75,0,1,0,0,0
target,2486,6,1585267068852240384,33554432,85,0,1,0,0,0
target,2487,6,1585267068852240384,67108864,56,0,1,0,0,0
target,2488,6,1585267068852240384,134217728,80,0,1,0,0,0
target,2489,6,1585267068852240384,268435456,78,0,1,0,0,0
target,2490,6,1585267068852240384,536870912,72,0,1,0,0,0
target,2491,6,1585267068852240384,34359738368,85,0,1,0,0,0
target,2492,6,1585267068852240385,0,69,0,1,0,0,0
target,2493,6,1585267068852240386,0,80,0,1,0,0,0
target,2494,6,1585267068852240388,0,69,0,1,0,0,0
target,2495,6,1585267068852240392,0,72,0,1,0,0,0
target,2496,6,1585267068852240400,0,72,0,1,0,0,0
target,2497,6,1585267068852240416,0,74,0,1,0,0,0
target,2498,6,1585267068852240448,0,77,0,1,0,0,0
target,2499,6,1585267068852240512,0,77,0,1,0,0,0
target,2500,6,1585267068852240640,0,71,0,1,0,0,0
target,2501,6,1585267068852240896,0,85,0,1,0,0,0
target,2502,6,1585267068852241408,0,78,0,1,0,0,0
target,2503,6,1585267068852242432,0,79,0,1,0,0,0
target,2504,6,1585267068852244480,0,69,0,1,0,0,0
target,2505,6,1585267068852273152,0,80,0,1,0,0,0
target,2506,6,1585267068852371456,0,73,0,1,0,0,0
target,2507,6,1585267068852502528,0,77,0,1,0,0,0
target,2508,6,1585267068852764672,0,82,0,1,0,0,0
target,2509,6,1585267068854337536,0,82,0,1,0,0,0
target,2510,6,1585267068856434688,0,74,0,1,0,0,0
target,2511,6,1585267068860628992,0,79,0,1,0,0,0
target,2512,6,1585267068869017600,4,86,0,1,0,0,0
target,2513,6,1585267068869017600,8,84,0,1,0,0,0
target,2514,6,1585267068869017600,16,83,0,1,0,0,0
target,2515,6,1585267068869017600,32,78,0,1,0,0,0
target,2516,6,1585267068869017600,64,71,0,1,0,0,0
target,2517,6,1585267068869017600,128,80,0,1,0,0,0
target,2518,6,1585267068869017600,8192,84,0,1,0,0,0
target,2519,6,1585267068869017600,16384,83,0,1,0,0,0
target,2520,6,1585267068869017600,32768,88,0,1,0,0,0
target,2521,6,1585267068869017600,65536,58,0,1,0,0,0
target,2522,6,1585267068869017600,131072,81,0,1,0,0,0
target,2523,6,1585267068869017600,262144,83,0,1,0,0,0
target,2524,6,1585267068869017600,16777216,84,0,1,0,0,0
target,2525,6,1585267068869017600,33554432,91,0,1,0,0,0
target,2526,6,1585267068869017600,67108864,73,0,1,0,0,0
target,2527,6,1585267068869017600,134217728,73,0,1,0,0,0
target,2528,6,1585267068869017600,268435456,89,0,1,0,0,0
target,2529,6,1585267068869017600,536870912,70,0,1,0,0,0
target,2530,6,1585267068869017600,34359738368,93,0,1,0,0,0
target,2531,6,1585267068869017601,0,86,0,1,0,0,0
target,2532,6,1585267068869017602,0,91,0,1,0,0,0
target,2533,6,1585267068869017604,0,81,0,1,0,0,0
target,2534,6,1585267068869017608,0,81,0,1,0,0,0
target,2535,6,1585267068869017616,0,86,0,1,0,0,0
target,2536,6,1585267068869017632,0,78,0,1,0,0,0
target,2537,6,1585267068869017664,0,90,0,1,0,0,0
target,2538,6,1585267068869017728,0,81,0,1,0,0,0
target,2539,6,1585267068869017856,0,81,0,1,0,0,0
target,2540,6,1585267068869018112,0,93,0,1,0,0,0
target,2541,6,1585267068869018624,0,87,0,1,0,0,0
target,2542,6,1585267068869019648,0,87,0,1,0,0,0
target,2543,6,1585267068869021696,0,83,0,1,0,0,0
target,2544,6,1585267068869025792,0,83,0,1,0,0,0
target,2545,6,1585267068869033984,0,75,0,1,0,0,0
target,2546,6,1585267068869050368,0,73,0,1,0,0,0
target,2547,6,1585267068869083136,0,78,0,1,0,0,0
target,2548,6,1585267068869148672,0,74,0,1,0,0,0
target,2549,6,1585267068869279744,0,84,0,1,0,0,0
target,2550,6,1585267068869541888,0,89,0,1,0,0,0
target,2551,6,1585267068871114752,0,85,0,1,0,0,0
target,2552,6,1585267068873211904,0,88,0,1,0,0,0
target,2553,6,1585267068877406208,0,92,0,1,0,0,0
target,2554,6,1585267068902572032,4,85,0,1,0,0,0
target,2555,6,1585267068902572032,8,84,0,1,0,0,0
target,2556,6,1585267068902572032,16,78,0,1,0,0,0
target,2557,6,1585267068902572032,32,88,0,1,0,0,0
target,2558,6,1585267068902572032,64,64,0,1,0,0,0
target,2559,6,1585267068902572032,128,83,0,1,0,0,0
target,2560,6,1585267068902572032,8192,88,0,1,0,0,0
target,2561,6,1585267068902572032,16384,85,0,1,0,0,0
target,2562,6,1585267068902572032,32768,92,0,1,0,0,0
target,2563,6,1585267068902572032,65536,77,0,1,0,0,0
target,2564,6,1585267068902572032,131072,73,0,1,0,0,0
target,2565,6,1585267068902572032,262144,79,0,1,0,0,0
target,2566,6,1585267068902572032,16777216,84,0,1,0,0,0
target,2567,6,1585267068902572032,33554432,88,0,1,0,0,0
target,2568,6,1585267068902572032,134217728,90,0,1,0,0,0
target,2569,6,1585267068902572032,268435456,86,0,1,0,0,0
target,2570,6,1585267068902572032,536870912,85,0,1,0,0,0
target,2571,6,1585267068902572032,34359738368,93,0,1,0,0,0
target,2572,6,1585267068902572033,0,84,0,1,0,0,0
target,2573,6,1585267068902572034,0,89,0,1,0,0,0
target,2574,6,1585267068902572036,0,83,0,1,0,0,0
target,2575,6,1585267068902572040,0,86,0,1,0,0,0
target,2576,6,1585267068902572048,0,89,0,1,0,0,0
target,2577,6,1585267068902572064,0,83,0,1,0,0,0
target,2578,6,1585267068902572160,0,88,0,1,0,0,0
target,2579,6,1585267068902572288,0,81,0,1,0,0,0
target,2580,6,1585267068902572544,0,95,0,1,0,0,0
target,2581,6,1585267068902573056,0,83,0,1,0,0,0
target,2582,6,1585267068902574080,0,91,0,1,0,0,0
target,2583,6,1585267068902576128,0,80,0,1,0,0,0
target,2584,6,1585267068902580224,0,79,0,1,0,0,0
target,2585,6,1585267068902588416,0,76,0,1,0,0,0
target,2586,6,1585267068902604800,0,84,0,1,0,0,0
target,2587,6,1585267068902637568,0,71,0,1,0,0,0
target,2588,6,1585267068902834176,0,76,0,1,0,0,0
target,2589,6,1585267068903096320,0,91,0,1,0,0,0
target,2590,6,1585267068904669184,0,93,0,1,0,0,0
target,2591,6,1585267068906766336,0,85,0,1,0,0,0
target,2592,6,1585267068919349248,0,79,0,1,0,0,0
target,2593,6,1585267068969680896,4,83,0,1,0,0,0
target,2594,6,1585267068969680896,8,75,0,1,0,0,0
target,2595,6,1585267068969680896,16,75,0,1,0,0,0
target,2596,6,1585267068969680896,32,77,0,1,0,0,0
target,2597,6,1585267068969680896,64,68,0,1,0,0,0
target,2598,6,1585267068969680896,128,69,0,1,0,0,0
target,2599,6,1585267068969680896,8192,75,0,1,0,0,0
target,2600,6,1585267068969680896,16384,79,0,1,0,0,0
target,2601,6,1585267068969680896,32768,81,0,1,0,0,0
target,2602,6,1585267068969680896,65536,70,0,1,0,0,0
target,2603,6,1585267068969680896,131072,77,0,1,0,0,0
target,2604,6,1585267068969680896,262144,70,0,1,0,0,0
target,2605,6,1585267068969680896,33554432,86,0,1,0,0,0
target,2606,6,1585267068969680896,67108864,68,0,1,0,0,0
target,2607,6,1585267068969680896,134217728,73,0,1,0,0,0
target,2608,6,1585267068969680896,268435456,89,0,1,0,0,0
target,2609,6,1585267068969680896,536870912,73,0,1,0,0,0
target,2610,6,1585267068969680896,34359738368,88,0,1,0,0,0
target,2611,6,1585267068969680897,0,83,0,1,0,0,0
target,2612,6,1585267068969680898,0,86,0,1,0,0,0
target,2613,6,1585267068969680912,0,85,0,1,0,0,0
target,2614,6,1585267068969680928,0,77,0,1,0,0,0
target,2615,6,1585267068969680960,0,86,0,1,0,0,0
target,2616,6,1585267068969681152,0,79,0,1,0,0,0
target,2617,6,1585267068969681408,0,88,0,1,0,0,0
target,2618,6,1585267068969681920,0,82,0,1,0,0,0
target,2619,6,1585267068969682944,0,84,0,1,0,0,0
target,2620,6,1585267068969684992,0,81,0,1,0,0,0
target,2621,6,1585267068969689088,0,77,0,1,0,0,0
target,2622,6,1585267068969697280,0,75,0,1,0,0,0
target,2623,6,1585267068969713664,0,76,0,1,0,0,0
target,2624,6,1585267068969746432,0,73,0,1,0,0,0
target,2625,6,1585267068969943040,0,74,0,1,0,0,0
target,2626,6,1585267068970205184,0,79,0,1,0,0,0
target,2627,6,1585267068971778048,0,79,0,1,0,0,0
target,2628,6,1585267068978069504,0,81,0,1,0,0,0
target,2629,6,1585267069036789760,0,80,0,1,0,0,0
target,2630,6,1585267069103898624,4,81,0,1,0,0,0
target,2631,6,1585267069103898624,8,78,0,1,0,0,0
target,2632,6,1585267069103898624,16,65,0,1,0,0,0
target,2633,6,1585267069103898624,32,73,0,1,0,0,0
target,2634,6,1585267069103898624,64,64,0,1,0,0,0
target,2635,6,1585267069103898624,128,76,0,1,0,0,0
target,2636,6,1585267069103898624,8192,80,0,1,0,0,0
target,2637,6,1585267069103898624,16384,71,0,1,0,0,0
target,2638,6,1585267069103898624,32768,85,0,1,0,0,0
target,2639,6,1585267069103898624,65536,69,0,1,0,0,0
target,2640,6,1585267069103898624,131072,78,0,1,0,0,0
target,2641,6,1585267069103898624,262144,79,0,1,0,0,0
target,2642,6,1585267069103898624,33554432,84,0,1,0,0,0
target,2643,6,1585267069103898624,134217728,71,0,1,0,0,0
target,2644,6,1585267069103898624,268435456,79,0,1,0,0,0
target,2645,6,1585267069103898624,536870912,79,0,1,0,0,0
target,2646,6,1585267069103898624,34359738368,85,0,1,0,0,0
target,2647,6,1585267069103898624,68719476736,71,0,1,0,0,0
target,2648,6,1585267069103898625,0,76,0,1,0,0,0
target,2649,6,1585267069103898626,0,84,0,1,0,0,0
target,2650,6,1585267069103898628,0,76,0,1,0,0,0
target,2651,6,1585267069103898632,0,78,0,1,0,0,0
target,2652,6,1585267069103898640,0,79,0,1,0,0,0
target,2653,6,1585267069103898656,0,76,0,1,0,0,0
target,2654,6,1585267069103898688,0,85,0,1,0,0,0
target,2655,6,1585267069103898752,0,76,0,1,0,0,0
target,2656,6,1585267069103898880,0,68,0,1,0,0,0
target,2657,6,1585267069103899136,0,85,0,1,0,0,0
target,2658,6,1585267069103899648,0,77,0,1,0,0,0
target,2659,6,1585267069103900672,0,84,0,1,0,0,0
target,2660,6,1585267069103902720,0,78,0,1,0,0,0
target,2661,6,1585267069103906816,0,82,0,1,0,0,0
target,2662,6,1585267069103931392,0,78,0,1,0,0,0
target,2663,6,1585267069104160768,0,69,0,1,0,0,0
target,2664,6,1585267069105995776,0,80,0,1,0,0,0
target,2665,6,1585267069108092928,0,79,0,1,0,0,0
target,2666,6,1585267069137453056,0,80,0,1,0,0,0
target,2667,6,1585267069171007488,0,80,0,1,0,0,0
target,2668,6,1585267069238116352,0,67,0,1,0,0,0
target,2669,6,1585267069372334080,4,90,0,1,0,0,0
target,2670,6,1585267069372334080,8,88,0,1,0,0,0
target,2671,6,1585267069372334080,16,86,0,1,0,0,0
target,2672,6,1585267069372334080,32,77,0,1,0,0,0
target,2673,6,1585267069372334080,64,75,0,1,0,0,0
target,2674,6,1585267069372334080,128,84,0,1,0,0,0
target,2675,6,1585267069372334080,8192,91,0,1,0,0,0
target,2676,6,1585267069372334080,16384,87,0,1,0,0,0
target,2677,6,1585267069372334080,32768,89,0,1,0,0,0
target,2678,6,1585267069372334080,65536,78,0,1,0,0,0
target,2679,6,1585267069372334080,131072,88,0,1,0,0,0
target,2680,6,1585267069372334080,262144,90,0,1,0,0,0
target,2681,6,1585267069372334080,16777216,87,0,1,0,0,0
target,2682,6,1585267069372334080,33554432,89,0,1,0,0,0
target,2683,6,1585267069372334080,67108864,75,0,1,0,0,0
target,2684,6,1585267069372334080,134217728,92,0,1,0,0,0
target,2685,6,1585267069372334080,268435456,87,0,1,0,0,0
target,2686,6,1585267069372334080,34359738368,94,0,1,0,0,0
target,2687,6,1585267069372334080,68719476736,76,0,1,0,0,0
target,2688,6,1585267069372334081,0,91,0,1,0,0,0
target,2689,6,1585267069372334082,0,92,0,1,0,0,0
target,2690,6,1585267069372334084,0,87,0,1,0,0,0
target,2691,6,1585267069372334088,0,91,0,1,0,0,0
target,2692,6,1585267069372334096,0,89,0,1,0,0,0
target,2693,6,1585267069372334112,0,83,0,1,0,0,0
target,2694,6,1585267069372334144,0,93,0,1,0,0,0
target,2695,6,1585267069372334208,0,90,0,1,0,0,0
target,2696,6,1585267069372334336,0,86,0,1,0,0,0
target,2697,6,1585267069372334592,0,94,0,1,0,0,0
target,2698,6,1585267069372335104,0,88,0,1,0,0,0
target,2699,6,1585267069372336128,0,91,0,1,0,0,0
target,2700,6,1585267069372338176,0,88,0,1,0,0,0
target,2701,6,1585267069372342272,0,86,0,1,0,0,0
target,2702,6,1585267069372350464,0,82,0,1,0,0,0
target,2703,6,1585267069372366848,0,90,0,1,0,0,0
target,2704,6,1585267069372399616,0,87,0,1,0,0,0
target,2705,6,1585267069372465152,0,75,0,1,0,0,0
target,2706,6,1585267069372596224,0,87,0,1,0,0,0
target,2707,6,1585267069372858368,0,87,0,1,0,0,0
target,2708,6,1585267069374431232,0,89,0,1,0,0,0
target,2709,6,1585267069389111296,0,75,0,1,0,0,0
target,2710,6,1585267069405888512,0,88,0,1,0,0,0
target,2711,6,1585267069439442944,0,90,0,1,0,0,0
target,2712,6,1585267069506551808,0,83,0,1,0,0,0
target,2713,6,1585267069640769536,0,76,0,1,0,0,0
target,2714,6,1585267069909204992,4,81,0,1,0,0,0
target,2715,6,1585267069909204992,8,83,0,1,0,0,0
target,2716,6,1585267069909204992,16,77,0,1,0,0,0
target,2717,6,1585267069909204992,32,83,0,1,0,0,0
target,2718,6,1585267069909204992,128,73,0,1,0,0,0
target,2719,6,1585267069909204992,8192,83,0,1,0,0,0
target,2720,6,1585267069909204992,16384,83,0,1,0,0,0
target,2721,6,1585267069909204992,32768,88,0,1,0,0,0
target,2722,6,1585267069909204992,131072,83,0,1,0,0,0
target,2723,6,1585267069909204992,262144,80,0,1,0,0,0
target,2724,6,1585267069909204992,16777216,81,0,1,0,0,0
target,2725,6,1585267069909204992,33554432,87,0,1,0,0,0
target,2726,6,1585267069909204992,134217728,86,0,1,0,0,0
target,2727,6,1585267069909204992,268435456,89,0,1,0,0,0
target,2728,6,1585267069909204992,536870912,73,0,1,0,0,0
target,2729,6,1585267069909204992,34359738368,89,0,1,0,0,0
target,2730,6,1585267069909204994,0,89,0,1,0,0,0
target,2731,6,1585267069909204996,0,78,0,1,0,0,0
target,2732,6,1585267069909205000,0,85,0,1,0,0,0
target,2733,6,1585267069909205008,0,88,0,1,0,0,0
target,2734,6,1585267069909205024,0,80,0,1,0,0,0
target,2735,6,1585267069909205056,0,82,0,1,0,0,0
target,2736,6,1585267069909205120,0,81,0,1,0,0,0
target,2737,6,1585267069909205504,0,87,0,1,0,0,0
target,2738,6,1585267069909207040,0,85,0,1,0,0,0
target,2739,6,1585267069909209088,0,79,0,1,0,0,0
target,2740,6,1585267069909213184,0,80,0,1,0,0,0
target,2741,6,1585267069909221376,0,79,0,1,0,0,0
target,2742,6,1585267069909237760,0,81,0,1,0,0,0
target,2743,6,1585267069909270528,0,72,0,1,0,0,0
target,2744,6,1585267069909336064,0,66,0,1,0,0,0
target,2745,6,1585267069909467136,0,77,0,1,0,0,0
target,2746,6,1585267069909729280,0,83,0,1,0,0,0
target,2747,6,1585267069911302144,0,82,0,1,0,0,0
target,2748,6,1585267069917593600,0,78,0,1,0,0,0
target,2749,6,1585267069925982208,0,75,0,1,0,0,0
target,2750,6,1585267069942759424,0,70,0,1,0,0,0
target,2751,6,1585267069976313856,0,77,0,1,0,0,0
target,2752,6,1585267070043422720,0,81,0,1,0,0,0
target,2753,6,1585267070177640448,0,73,0,1,0,0,0
target,2754,6,1585267070446075904,0,80,0,1,0,0,0
target,2755,6,1585267070982946816,4,91,0,1,0,0,0
target,2756,6,1585267070982946816,8,85,0,1,0,0,0
target,2757,6,1585267070982946816,16,84,0,1,0,0,0
target,2758,6,1585267070982946816,32,87,0,1,0,0,0
target,2759,6,1585267070982946816,64,70,0,1,0,0,0
target,2760,6,1585267070982946816,128,75,0,1,0,0,0
target,2761,6,1585267070982946816,8192,88,0,1,0,0,0
target,2762,6,1585267070982946816,16384,86,0,1,0,0,0
target,2763,6,1585267070982946816,32768,93,0,1,0,0,0
target,2764,6,1585267070982946816,65536,79,0,1,0,0,0
target,2765,6,1585267070982946816,131072,77,0,1,0,0,0
target,2766,6,1585267070982946816,262144,88,0,1,0,0,0
target,2767,6,1585267070982946816,16777216,87,0,1,0,0,0
target,2768,6,1585267070982946816,33554432,95,0,1,0,0,0
target,2769,6,1585267070982946816,67108864,71,0,1,0,0,0
target,2770,6,1585267070982946816,134217728,86,0,1,0,0,0
target,2771,6,1585267070982946816,268435456,96,0,1,0,0,0
target,2772,6,1585267070982946816,536870912,85,0,1,0,0,0
target,2773,6,1585267070982946816,34359738368,93,0,1,0,0,0
target,2774,6,1585267070982946816,68719476736,78,0,1,0,0,0
target,2775,6,1585267070982946817,0,89,0,1,0,0,0
target,2776,6,1585267070982946818,0,93,0,1,0,0,0
target,2777,6,1585267070982946820,0,85,0,1,0,0,0
target,2778,6,1585267070982946824,0,84,0,1,0,0,0
target,2779,6,1585267070982946832,0,88,0,1,0,0,0
target,2780,6,1585267070982946848,0,86,0,1,0,0,0
target,2781,6,1585267070982946880,0,93,0,1,0,0,0
target,2782,6,1585267070982946944,0,81,0,1,0,0,0
target,2783,6,1585267070982947072,0,77,0,1,0,0,0
target,2784,6,1585267070982947328,0,89,0,1,0,0,0
target,2785,6,1585267070982947840,0,89,0,1,0,0,0
target,2786,6,1585267070982948864,0,90,0,1,0,0,0
target,2787,6,1585267070982963200,0,85,0,1,0,0,0
target,2788,6,1585267070982979584,0,88,0,1,0,0,0
target,2789,6,1585267070983012352,0,87,0,1,0,0,0
target,2790,6,1585267070983077888,0,72,0,1,0,0,0
target,2791,6,1585267070983208960,0,81,0,1,0,0,0
target,2792,6,1585267070983471104,0,89,0,1,0,0,0
target,2793,6,1585267070985043968,0,92,0,1,0,0,0
target,2794,6,1585267070987141120,0,86,0,1,0,0,0
target,2795,6,1585267071016501248,0,90,0,1,0,0,0
target,2796,6,1585267071050055680,0,84,0,1,0,0,0
target,2797,6,1585267071117164544,0,80,0,1,0,0,0
target,2798,6,1585267071251382272,0,81,0,1,0,0,0
target,2799,6,1585267071519817728,0,92,0,1,0,0,0
target,2800,6,1585267072056688640,0,78,0,1,0,0,0
target,2801,6,1585267073130430464,4,93,0,1,0,0,0
target,2802,6,1585267073130430464,8,89,0,1,0,0,0
target,2803,6,1585267073130430464,16,87,0,1,0,0,0
target,2804,6,1585267073130430464,32,88,0,1,0,0,0
target,2805,6,1585267073130430464,64,70,0,1,0,0,0
target,2806,6,1585267073130430464,128,87,0,1,0,0,0
target,2807,6,1585267073130430464,8192,81,0,1,0,0,0
target,2808,6,1585267073130430464,16384,85,0,1,0,0,0
target,2809,6,1585267073130430464,32768,92,0,1,0,0,0
target,2810,6,1585267073130430464,65536,73,0,1,0,0,0
target,2811,6,1585267073130430464,131072,87,0,1,0,0,0
target,2812,6,1585267073130430464,262144,77,0,1,0,0,0
target,2813,6,1585267073130430464,16777216,86,0,1,0,0,0
target,2814,6,1585267073130430464,33554432,95,0,1,0,0,0
target,2815,6,1585267073130430464,67108864,71,0,1,0,0,0
target,2816,6,1585267073130430464,134217728,90,0,1,0,0,0
target,2817,6,1585267073130430464,268435456,87,0,1,0,0,0
target,2818,6,1585267073130430464,536870912,83,0,1,0,0,0
target,2819,6,1585267073130430464,34359738368,95,0,1,0,0,0
target,2820,6,1585267073130430464,68719476736,75,0,1,0,0,0
target,2821,6,1585267073130430465,0,89,0,1,0,0,0
target,2822,6,1585267073130430466,0,94,0,1,0,0,0
target,2823,6,1585267073130430468,0,85,0,1,0,0,0
target,2824,6,1585267073130430472,0,90,0,1,0,0,0
target,2825,6,1585267073130430480,0,84,0,1,0,0,0
target,2826,6,1585267073130430496,0,84,0,1,0,0,0
target,2827,6,1585267073130430528,0,88,0,1,0,0,0
target,2828,6,1585267073130430592,0,80,0,1,0,0,0
target,2829,6,1585267073130430720,0,82,0,1,0,0,0
target,2830,6,1585267073130430976,0,96,0,1,0,0,0
target,2831,6,1585267073130431488,0,88,0,1,0,0,0
target,2832,6,1585267073130432512,0,93,0,1,0,0,0
target,2833,6,1585267073130434560,0,85,0,1,0,0,0
target,2834,6,1585267073130438656,0,79,0,1,0,0,0
target,2835,6,1585267073130446848,0,78,0,1,0,0,0
target,2836,6,1585267073130463232,0,85,0,1,0,0,0
target,2837,6,1585267073130496000,0,80,0,1,0,0,0
target,2838,6,1585267073130692608,0,85,0,1,0,0,0
target,2839,6,1585267073130954752,0,87,0,1,0,0,0
target,2840,6,1585267073132527616,0,93,0,1,0,0,0
target,2841,6,1585267073134624768,0,87,0,1,0,0,0
target,2842,6,1585267073138819072,0,85,0,1,0,0,0
target,2843,6,1585267073147207680,0,76,0,1,0,0,0
target,2844,6,1585267073163984896,0,83,0,1,0,0,0
target,2845,6,1585267073197539328,0,87,0,1,0,0,0
target,2846,6,1585267073398865920,0,80,0,1,0,0,0
target,2847,6,1585267073667301376,0,88,0,1,0,0,0
target,2848,6,1585267074204172288,0,82,0,1,0,0,0
target,2849,6,1585267075277914112,0,89,0,1,0,0,0
target,2850,6,1585267077425397760,4,83,0,1,0,0,0
target,2851,6,1585267077425397760,8,82,0,1,0,0,0
target,2852,6,1585267077425397760,16,83,0,1,0,0,0
target,2853,6,1585267077425397760,32,79,0,1,0,0,0
target,2854,6,1585267077425397760,64,71,0,1,0,0,0
target,2855,6,1585267077425397760,128,82,0,1,0,0,0
target,2856,6,1585267077425397760,8192,85,0,1,0,0,0
target,2857,6,1585267077425397760,16384,84,0,1,0,0,0
target,2858,6,1585267077425397760,32768,91,0,1,0,0,0
target,2859,6,1585267077425397760,65536,77,0,1,0,0,0
target,2860,6,1585267077425397760,131072,77,0,1,0,0,0
target,2861,6,1585267077425397760,262144,85,0,1,0,0,0
target,2862,6,1585267077425397760,16777216,78,0,1,0,0,0
target,2863,6,1585267077425397760,33554432,90,0,1,0,0,0
target,2864,6,1585267077425397760,67108864,73,0,1,0,0,0
target,2865,6,1585267077425397760,134217728,85,0,1,0,0,0
target,2866,6,1585267077425397760,268435456,94,0,1,0,0,0
target,2867,6,1585267077425397760,536870912,76,0,1,0,0,0
target,2868,6,1585267077425397760,34359738368,90,0,1,0,0,0
target,2869,6,1585267077425397762,0,91,0,1,0,0,0
target,2870,6,1585267077425397776,0,90,0,1,0,0,0
target,2871,6,1585267077425397792,0,85,0,1,0,0,0
target,2872,6,1585267077425397824,0,91,0,1,0,0,0
target,2873,6,1585267077425398016,0,85,0,1,0,0,0
target,2874,6,1585267077425398272,0,95,0,1,0,0,0
target,2875,6,1585267077425398784,0,89,0,1,0,0,0
target,2876,6,1585267077425399808,0,89,0,1,0,0,0
target,2877,6,1585267077425401856,0,82,0,1,0,0,0
target,2878,6,1585267077425405952,0,79,0,1,0,0,0
target,2879,6,1585267077425414144,0,82,0,1,0,0,0
target,2880,6,1585267077425430528,0,88,0,1,0,0,0
target,2881,6,1585267077425463296,0,83,0,1,0,0,0
target,2882,6,1585267077425528832,0,77,0,1,0,0,0
target,2883,6,1585267077425659904,0,90,0,1,0,0,0
target,2884,6,1585267077425922048,0,90,0,1,0,0,0
target,2885,6,1585267077427494912,0,89,0,1,0,0,0
target,2886,6,1585267077433786368,0,87,0,1,0,0,0
target,2887,6,1585267077442174976,0,77,0,1,0,0,0
target,2888,6,1585267077458952192,0,89,0,1,0,0,0
target,2889,6,1585267077492506624,0,88,0,1,0,0,0
target,2890,6,1585267077693833216,0,80,0,1,0,0,0
target,2891,6,1585267077962268672,0,91,0,1,0,0,0
target,2892,6,1585267078499139584,0,87,0,1,0,0,0
target,2893,6,1585267079572881408,0,90,0,1,0,0,0
target,2894,6,1585267081720365056,0,91,0,1,0,0,0
target,2895,6,1585267086015332352,4,83,0,1,0,0,0
target,2896,6,1585267086015332352,8,74,0,1,0,0,0
target,2897,6,1585267086015332352,16,76,0,1,0,0,0
target,2898,6,1585267086015332352,32,79,0,1,0,0,0
target,2899,6,1585267086015332352,64,59,0,1,0,0,0
target,2900,6,1585267086015332352,128,74,0,1,0,0,0
target,2901,6,1585267086015332352,8192,84,0,1,0,0,0
target,2902,6,1585267086015332352,16384,78,0,1,0,0,0
target,2903,6,1585267086015332352,32768,86,0,1,0,0,0
target,2904,6,1585267086015332352,65536,75,0,1,0,0,0
target,2905,6,1585267086015332352,131072,82,0,1,0,0,0
target,2906,6,1585267086015332352,262144,72,0,1,0,0,0
target,2907,6,1585267086015332352,16777216,78,0,1,0,0,0
target,2908,6,1585267086015332352,33554432,84,0,1,0,0,0
target,2909,6,1585267086015332352,67108864,67,0,1,0,0,0
target,2910,6,1585267086015332352,134217728,84,0,1,0,0,0
target,2911,6,1585267086015332352,268435456,90,0,1,0,0,0
target,2912,6,1585267086015332352,536870912,80,0,1,0,0,0
target,2913,6,1585267086015332352,34359738368,90,0,1,0,0,0
target,2914,6,1585267086015332353,0,79,0,1,0,0,0
target,2915,6,1585267086015332354,0,83,0,1,0,0,0
target,2916,6,1585267086015332356,0,78,0,1,0,0,0
target,2917,6,1585267086015332360,0,83,0,1,0,0,0
target,2918,6,1585267086015332368,0,82,0,1,0,0,0
target,2919,6,1585267086015332384,0,84,0,1,0,0,0
target,2920,6,1585267086015332416,0,90,0,1,0,0,0
target,2921,6,1585267086015332480,0,79,0,1,0,0,0
target,2922,6,1585267086015332608,0,80,0,1,0,0,0
target,2923,6,1585267086015332864,0,91,0,1,0,0,0
target,2924,6,1585267086015333376,0,81,0,1,0,0,0
target,2925,6,1585267086015334400,0,86,0,1,0,0,0
target,2926,6,1585267086015348736,0,80,0,1,0,0,0
target,2927,6,1585267086015365120,0,86,0,1,0,0,0
target,2928,6,1585267086015463424,0,77,0,1,0,0,0
target,2929,6,1585267086015856640,0,87,0,1,0,0,0
target,2930,6,1585267086017429504,0,88,0,1,0,0,0
target,2931,6,1585267086019526656,0,76,0,1,0,0,0
target,2932,6,1585267086023720960,0,80,0,1,0,0,0
target,2933,6,1585267086082441216,0,84,0,1,0,0,0
target,2934,6,1585267086149550080,0,81,0,1,0,0,0
target,2935,6,1585267086283767808,0,77,0,1,0,0,0
target,2936,6,1585267086552203264,0,89,0,1,0,0,0
target,2937,6,1585267087089074176,0,78,0,1,0,0,0
target,2938,6,1585267088162816000,0,89,0,1,0,0,0
target,2939,6,1585267090310299648,0,86,0,1,0,0,0
target,2940,6,1585267094605266944,0,80,0,1,0,0,0
target,2941,6,1585267103195201536,4,90,0,1,0,0,0
target,2942,6,1585267103195201536,8,85,0,1,0,0,0
target,2943,6,1585267103195201536,16,77,0,1,0,0,0
target,2944,6,1585267103195201536,32,88,0,1,0,0,0
target,2945,6,1585267103195201536,64,75,0,1,0,0,0
target,2946,6,1585267103195201536,128,78,0,1,0,0,0
target,2947,6,1585267103195201536,8192,90,0,1,0,0,0
target,2948,6,1585267103195201536,16384,87,0,1,0,0,0
target,2949,6,1585267103195201536,32768,87,0,1,0,0,0
target,2950,6,1585267103195201536,65536,75,0,1,0,0,0
target,2951,6,1585267103195201536,131072,84,0,1,0,0,0
target,2952,6,1585267103195201536,262144,88,0,1,0,0,0
target,2953,6,1585267103195201536,16777216,87,0,1,0,0,0
target,2954,6,1585267103195201536,33554432,96,0,1,0,0,0
target,2955,6,1585267103195201536,67108864,63,0,1,0,0,0
target,2956,6,1585267103195201536,134217728,88,0,1,0,0,0
target,2957,6,1585267103195201536,268435456,97,0,1,0,0,0
target,2958,6,1585267103195201536,536870912,84,0,1,0,0,0
target,2959,6,1585267103195201536,34359738368,94,0,1,0,0,0
target,2960,6,1585267103195201537,0,90,0,1,0,0,0
target,2961,6,1585267103195201538,0,95,0,1,0,0,0
target,2962,6,1585267103195201540,0,78,0,1,0,0,0
target,2963,6,1585267103195201544,0,86,0,1,0,0,0
target,2964,6,1585267103195201552,0,89,0,1,0,0,0
target,2965,6,1585267103195201568,0,79,0,1,0,0,0
target,2966,6,1585267103195201600,0,96,0,1,0,0,0
target,2967,6,1585267103195201664,0,87,0,1,0,0,0
target,2968,6,1585267103195201792,0,80,0,1,0,0,0
target,2969,6,1585267103195202048,0,97,0,1,0,0,0
target,2970,6,1585267103195202560,0,91,0,1,0,0,0
target,2971,6,1585267103195203584,0,92,0,1,0,0,0
target,2972,6,1585267103195205632,0,84,0,1,0,0,0
target,2973,6,1585267103195209728,0,82,0,1,0,0,0
target,2974,6,1585267103195217920,0,82,0,1,0,0,0
target,2975,6,1585267103195234304,0,84,0,1,0,0,0
target,2976,6,1585267103195267072,0,88,0,1,0,0,0
target,2977,6,1585267103195332608,0,78,0,1,0,0,0
target,2978,6,1585267103195463680,0,92,0,1,0,0,0
target,2979,6,1585267103195725824,0,93,0,1,0,0,0
target,2980,6,1585267103197298688,0,93,0,1,0,0,0
target,2981,6,1585267103199395840,0,87,0,1,0,0,0
target,2982,6,1585267103203590144,0,91,0,1,0,0,0
target,2983,6,1585267103211978752,0,68,0,1,0,0,0
target,2984,6,1585267103228755968,0,87,0,1,0,0,0
target,2985,6,1585267103262310400,0,91,0,1,0,0,0
target,2986,6,1585267103329419264,0,86,0,1,0,0,0
target,2987,6,1585267103463636992,0,82,0,1,0,0,0
target,2988,6,1585267103732072448,0,91,0,1,0,0,0
target,2989,6,1585267104268943360,0,87,0,1,0,0,0
target,2990,6,1585267105342685184,0,87,0,1,0,0,0
target,2991,6,1585267107490168832,0,92,0,1,0,0,0
target,2992,6,1585267111785136128,0,93,0,1,0,0,0
target,2993,6,1585267120375070720,0,86,0,1,0,0,0
target,2994,6,1585267137554939904,4,76,0,1,0,0,0
target,2995,6,1585267137554939904,8,78,0,1,0,0,0
target,2996,6,1585267137554939904,16,71,0,1,0,0,0
target,2997,6,1585267137554939904,128,77,0,1,0,0,0
target,2998,6,1585267137554939904,8192,79,0,1,0,0,0
target,2999,6,1585267137554939904,16384,76,0,1,0,0,0
target,3000,6,1585267137554939904,32768,81,0,1,0,0,0
target,3001,6,1585267137554939904,65536,64,0,1,0,0,0
target,3002,6,1585267137554939904,131072,78,0,1,0,0,0
target,3003,6,1585267137554939904,262144,76,0,1,0,0,0
target,3004,6,1585267137554939904,16777216,78,0,1,0,0,0
target,3005,6,1585267137554939904,33554432,85,0,1,0,0,0
target,3006,6,1585267137554939904,134217728,69,0,1,0,0,0
target,3007,6,1585267137554939904,268435456,87,0,1,0,0,0
target,3008,6,1585267137554939904,536870912,75,0,1,0,0,0
target,3009,6,1585267137554939904,34359738368,83,0,1,0,0,0
target,3010,6,1585267137554939905,0,72,0,1,0,0,0
target,3011,6,1585267137554939906,0,85,0,1,0,0,0
target,3012,6,1585267137554939908,0,74,0,1,0,0,0
target,3013,6,1585267137554939912,0,74,0,1,0,0,0
target,3014,6,1585267137554939920,0,84,0,1,0,0,0
target,3015,6,1585267137554939936,0,75,0,1,0,0,0
target,3016,6,1585267137554939968,0,74,0,1,0,0,0
target,3017,6,1585267137554940032,0,70,0,1,0,0,0
target,3018,6,1585267137554940160,0,76,0,1,0,0,0
target,3019,6,1585267137554940416,0,84,0,1,0,0,0
target,3020,6,1585267137554940928,0,81,0,1,0,0,0
target,3021,6,1585267137554941952,0,80,0,1,0,0,0
target,3022,6,1585267137554944000,0,71,0,1,0,0,0
target,3023,6,1585267137554948096,0,76,0,1,0,0,0
target,3024,6,1585267137554972672,0,72,0,1,0,0,0
target,3025,6,1585267137555005440,0,71,0,1,0,0,0
target,3026,6,1585267137555202048,0,79,0,1,0,0,0
target,3027,6,1585267137555464192,0,81,0,1,0,0,0
target,3028,6,1585267137557037056,0,84,0,1,0,0,0
target,3029,6,1585267137559134208,0,77,0,1,0,0,0
target,3030,6,1585267137563328512,0,78,0,1,0,0,0
target,3031,6,1585267137571717120,0,65,0,1,0,0,0
target,3032,6,1585267137588494336,0,73,0,1,0,0,0
target,3033,6,1585267137689157632,0,70,0,1,0,0,0
target,3034,6,1585267137823375360,0,71,0,1,0,0,0
target,3035,6,1585267138091810816,0,83,0,1,0,0,0
target,3036,6,1585267138628681728,0,71,0,1,0,0,0
target,3037,6,1585267139702423552,0,82,0,1,0,0,0
target,3038,6,1585267141849907200,0,83,0,1,0,0,0
target,3039,6,1585267146144874496,0,77,0,1,0,0,0
target,3040,6,1585267154734809088,0,77,0,1,0,0,0
target,3041,6,1585267206274416640,4,81,0,1,0,0,0
target,3042,6,1585267206274416640,8,74,0,1,0,0,0
target,3043,6,1585267206274416640,16,76,0,1,0,0,0
target,3044,6,1585267206274416640,128,76,0,1,0,0,0
target,3045,6,1585267206274416640,8192,76,0,1,0,0,0
target,3046,6,1585267206274416640,16384,80,0,1,0,0,0
target,3047,6,1585267206274416640,32768,82,0,1,0,0,0
target,3048,6,1585267206274416640,65536,74,0,1,0,0,0
target,3049,6,1585267206274416640,131072,80,0,1,0,0,0
target,3050,6,1585267206274416640,262144,80,0,1,0,0,0
target,3051,6,1585267206274416640,16777216,80,0,1,0,0,0
target,3052,6,1585267206274416640,33554432,86,0,1,0,0,0
target,3053,6,1585267206274416640,67108864,67,0,1,0,0,0
target,3054,6,1585267206274416640,134217728,81,0,1,0,0,0
target,3055,6,1585267206274416640,268435456,74,0,1,0,0,0
target,3056,6,1585267206274416640,536870912,73,0,1,0,0,0
target,3057,6,1585267206274416640,34359738368,88,0,1,0,0,0
target,3058,6,1585267206274416641,0,82,0,1,0,0,0
target,3059,6,1585267206274416642,0,88,0,1,0,0,0
target,3060,6,1585267206274416644,0,79,0,1,0,0,0
target,3061,6,1585267206274416648,0,81,0,1,0,0,0
target,3062,6,1585267206274416656,0,82,0,1,0,0,0
target,3063,6,1585267206274416672,0,79,0,1,0,0,0
target,3064,6,1585267206274416704,0,89,0,1,0,0,0
target,3065,6,1585267206274416896,0,80,0,1,0,0,0
target,3066,6,1585267206274417152,0,90,0,1,0,0,0
target,3067,6,1585267206274417664,0,82,0,1,0,0,0
target,3068,6,1585267206274418688,0,85,0,1,0,0,0
target,3069,6,1585267206274420736,0,79,0,1,0,0,0
target,3070,6,1585267206274424832,0,78,0,1,0,0,0
target,3071,6,1585267206274433024,0,80,0,1,0,0,0
target,3072,6,1585267206274449408,0,84,0,1,0,0,0
target,3073,6,1585267206274482176,0,77,0,1,0,0,0
target,3074,6,1585267206274547712,0,70,0,1,0,0,0
target,3075,6,1585267206274678784,0,80,0,1,0,0,0
target,3076,6,1585267206274940928,0,84,0,1,0,0,0
target,3077,6,1585267206276513792,0,81,0,1,0,0,0
target,3078,6,1585267206278610944,0,81,0,1,0,0,0
target,3079,6,1585267206282805248,0,83,0,1,0,0,0
target,3080,6,1585267206341525504,0,77,0,1,0,0,0
target,3081,6,1585267206408634368,0,72,0,1,0,0,0
target,3082,6,1585267206542852096,0,70,0,1,0,0,0
target,3083,6,1585267206811287552,0,77,0,1,0,0,0
target,3084,6,1585267207348158464,0,80,0,1,0,0,0
target,3085,6,1585267208421900288,0,83,0,1,0,0,0
target,3086,6,1585267210569383936,0,85,0,1,0,0,0
target,3087,6,1585267214864351232,0,84,0,1,0,0,0
target,3088,6,1585267240634155008,0,89,0,1,0,0,0
target,3089,6,1585267343713370112,4,85,0,1,0,0,0
target,3090,6,1585267343713370112,8,80,0,1,0,0,0
target,3091,6,1585267343713370112,16,68,0,1,0,0,0
target,3092,6,1585267343713370112,32,81,0,1,0,0,0
target,3093,6,1585267343713370112,64,63,0,1,0,0,0
target,3094,6,1585267343713370112,128,69,0,1,0,0,0
target,3095,6,1585267343713370112,8192,82,0,1,0,0,0
target,3096,6,1585267343713370112,16384,72,0,1,0,0,0
target,3097,6,1585267343713370112,32768,86,0,1,0,0,0
target,3098,6,1585267343713370112,65536,70,0,1,0,0,0
target,3099,6,1585267343713370112,131072,80,0,1,0,0,0
target,3100,6,1585267343713370112,262144,75,0,1,0,0,0
target,3101,6,1585267343713370112,16777216,75,0,1,0,0,0
target,3102,6,1585267343713370112,33554432,88,0,1,0,0,0
target,3103,6,1585267343713370112,67108864,65,0,1,0,0,0
target,3104,6,1585267343713370112,134217728,82,0,1,0,0,0
target,3105,6,1585267343713370112,268435456,85,0,1,0,0,0
target,3106,6,1585267343713370112,536870912,67,0,1,0,0,0
target,3107,6,1585267343713370112,34359738368,89,0,1,0,0,0
target,3108,6,1585267343713370113,0,84,0,1,0,0,0
target,3109,6,1585267343713370114,0,87,0,1,0,0,0
target,3110,6,1585267343713370128,0,87,0,1,0,0,0
target,3111,6,1585267343713370144,0,76,0,1,0,0,0
target,3112,6,1585267343713370176,0,84,0,1,0,0,0
target,3113,6,1585267343713370240,0,84,0,1,0,0,0
target,3114,6,1585267343713370368,0,70,0,1,0,0,0
target,3115,6,1585267343713370624,0,89,0,1,0,0,0
target,3116,6,1585267343713371136,0,82,0,1,0,0,0
target,3117,6,1585267343713372160,0,86,0,1,0,0,0
target,3118,6,1585267343713374208,0,79,0,1,0,0,0
target,3119,6,1585267343713378304,0,80,0,1,0,0,0
target,3120,6,1585267343713386496,0,75,0,1,0,0,0
target,3121,6,1585267343713402880,0,83,0,1,0,0,0
target,3122,6,1585267343713435648,0,71,0,1,0,0,0
target,3123,6,1585267343713501184,0,74,0,1,0,0,0
target,3124,6,1585267343713894400,0,82,0,1,0,0,0
target,3125,6,1585267343715467264,0,87,0,1,0,0,0
target,3126,6,1585267343721758720,0,86,0,1,0,0,0
target,3127,6,1585267343730147328,0,72,0,1,0,0,0
target,3128,6,1585267343746924544,0,83,0,1,0,0,0
target,3129,6,1585267343780478976,0,81,0,1,0,0,0
target,3130,6,1585267343981805568,0,66,0,1,0,0,0
target,3131,6,1585267344250241024,0,86,0,1,0,0,0
target,3132,6,1585267344787111936,0,74,0,1,0,0,0
target,3133,6,1585267345860853760,0,82,0,1,0,0,0
target,3134,6,1585267348008337408,0,85,0,1,0,0,0
target,3135,6,1585267360893239296,0,78,0,1,0,0,0
target,3136,6,1585267481152323584,0,74,0,1,0,0,0
target,3137,6,1585267618591277056,4,86,0,1,0,0,0
target,3138,6,1585267618591277056,8,84,0,1,0,0,0
target,3139,6,1585267618591277056,16,79,0,1,0,0,0
target,3140,6,1585267618591277056,32,79,0,1,0,0,0
target,3141,6,1585267618591277056,64,71,0,1,0,0,0
target,3142,6,1585267618591277056,128,78,0,1,0,0,0
target,3143,6,1585267618591277056,16384,84,0,1,0,0,0
target,3144,6,1585267618591277056,32768,82,0,1,0,0,0
target,3145,6,1585267618591277056,65536,71,0,1,0,0,0
target,3146,6,1585267618591277056,131072,83,0,1,0,0,0
target,3147,6,1585267618591277056,262144,89,0,1,0,0,0
target,3148,6,1585267618591277056,16777216,86,0,1,0,0,0
target,3149,6,1585267618591277056,33554432,90,0,1,0,0,0
target,3150,6,1585267618591277056,67108864,72,0,1,0,0,0
target,3151,6,1585267618591277056,134217728,89,0,1,0,0,0
target,3152,6,1585267618591277056,268435456,94,0,1,0,0,0
target,3153,6,1585267618591277056,34359738368,90,0,1,0,0,0
target,3154,6,1585267618591277056,68719476736,76,0,1,0,0,0
target,3155,6,1585267618591277057,0,84,0,1,0,0,0
target,3156,6,1585267618591277058,0,92,0,1,0,0,0
target,3157,6,1585267618591277060,0,83,0,1,0,0,0
target,3158,6,1585267618591277064,0,84,0,1,0,0,0
target,3159,6,1585267618591277072,0,85,0,1,0,0,0
target,3160,6,1585267618591277088,0,82,0,1,0,0,0
target,3161,6,1585267618591277120,0,90,0,1,0,0,0
target,3162,6,1585267618591277184,0,86,0,1,0,0,0
target,3163,6,1585267618591277312,0,84,0,1,0,0,0
target,3164,6,1585267618591277568,0,91,0,1,0,0,0
target,3165,6,1585267618591278080,0,85,0,1,0,0,0
target,3166,6,1585267618591279104,0,87,0,1,0,0,0
target,3167,6,1585267618591281152,0,84,0,1,0,0,0
target,3168,6,1585267618591293440,0,85,0,1,0,0,0
target,3169,6,1585267618591309824,0,83,0,1,0,0,0
target,3170,6,1585267618591408128,0,76,0,1,0,0,0
target,3171,6,1585267618591539200,0,84,0,1,0,0,0
target,3172,6,1585267618591801344,0,85,0,1,0,0,0
target,3173,6,1585267618593374208,0,86,0,1,0,0,0
target,3174,6,1585267618595471360,0,88,0,1,0,0,0
target,3175,6,1585267618599665664,0,87,0,1,0,0,0
target,3176,6,1585267618608054272,0,82,0,1,0,0,0
target,3177,6,1585267618624831488,0,86,0,1,0,0,0
target,3178,6,1585267618658385920,0,86,0,1,0,0,0
target,3179,6,1585267618725494784,0,78,0,1,0,0,0
target,3180,6,1585267618859712512,0,73,0,1,0,0,0
target,3181,6,1585267619665018880,0,73,0,1,0,0,0
target,3182,6,1585267620738760704,0,83,0,1,0,0,0
target,3183,6,1585267622886244352,0,90,0,1,0,0,0
target,3184,6,1585267627181211648,0,86,0,1,0,0,0
target,3185,6,1585267687310753792,0,75,0,1,0,0,0
target,3186,6,1585267756030230528,0,80,0,1,0,0,0
target,3187,6,1585267893469184000,0,81,0,1,0,0,0
target,3188,6,1585268168347090944,4,83,0,1,0,0,0
target,3189,6,1585268168347090944,8,78,0,1,0,0,0
target,3190,6,1585268168347090944,16,77,0,1,0,0,0
target,3191,6,1585268168347090944,32,80,0,1,0,0,0
target,3192,6,1585268168347090944,128,76,0,1,0,0,0
target,3193,6,1585268168347090944,8192,81,0,1,0,0,0
target,3194,6,1585268168347090944,16384,81,0,1,0,0,0
target,3195,6,1585268168347090944,32768,85,0,1,0,0,0
target,3196,6,1585268168347090944,131072,78,0,1,0,0,0
target,3197,6,1585268168347090944,262144,79,0,1,0,0,0
target,3198,6,1585268168347090944,16777216,79,0,1,0,0,0
target,3199,6,1585268168347090944,33554432,87,0,1,0,0,0
target,3200,6,1585268168347090944,134217728,82,0,1,0,0,0
target,3201,6,1585268168347090944,268435456,86,0,1,0,0,0
target,3202,6,1585268168347090944,536870912,75,0,1,0,0,0
target,3203,6,1585268168347090944,34359738368,87,0,1,0,0,0
target,3204,6,1585268168347090946,0,87,0,1,0,0,0
target,3205,6,1585268168347090948,0,80,0,1,0,0,0
target,3206,6,1585268168347090952,0,81,0,1,0,0,0
target,3207,6,1585268168347090960,0,77,0,1,0,0,0
target,3208,6,1585268168347090976,0,78,0,1,0,0,0
target,3209,6,1585268168347091008,0,86,0,1,0,0,0
target,3210,6,1585268168347091200,0,76,0,1,0,0,0
target,3211,6,1585268168347091456,0,85,0,1,0,0,0
target,3212,6,1585268168347092992,0,86,0,1,0,0,0
target,3213,6,1585268168347099136,0,78,0,1,0,0,0
target,3214,6,1585268168347107328,0,76,0,1,0,0,0
target,3215,6,1585268168347123712,0,79,0,1,0,0,0
target,3216,6,1585268168347156480,0,78,0,1,0,0,0
target,3217,6,1585268168347222016,0,70,0,1,0,0,0
target,3218,6,1585268168347615232,0,78,0,1,0,0,0
target,3219,6,1585268168349188096,0,83,0,1,0,0,0
target,3220,6,1585268168351285248,0,84,0,1,0,0,0
target,3221,6,1585268168355479552,0,86,0,1,0,0,0
target,3222,6,1585268168363868160,0,71,0,1,0,0,0
target,3223,6,1585268168380645376,0,82,0,1,0,0,0
target,3224,6,1585268168414199808,0,82,0,1,0,0,0
target,3225,6,1585268168481308672,0,77,0,1,0,0,0
target,3226,6,1585268168615526400,0,67,0,1,0,0,0
target,3227,6,1585268168883961856,0,74,0,1,0,0,0
target,3228,6,1585268170494574592,0,79,0,1,0,0,0
target,3229,6,1585268172642058240,0,77,0,1,0,0,0
target,3230,6,1585268202706829312,0,79,0,1,0,0,0
target,3231,6,1585268237066567680,0,75,0,1,0,0,0
target,3232,6,1585268305786044416,0,74,0,1,0,0,0
target,3233,6,1585268443224997888,0,79,0,1,0,0,0
target,3234,6,1585268718102904832,0,74,0,1,0,0,0
target,3235,6,1585271466881974272,4,94,0,1,0,0,0
target,3236,6,1585271466881974272,8,91,0,1,0,0,0
target,3237,6,1585271466881974272,16,89,0,1,0,0,0
target,3238,6,1585271466881974272,32,87,0,1,0,0,0
target,3239,6,1585271466881974272,64,76,0,1,0,0,0
target,3240,6,1585271466881974272,128,83,0,1,0,0,0
target,3241,6,1585271466881974272,8192,92,0,1,0,0,0
target,3242,6,1585271466881974272,16384,89,0,1,0,0,0
target,3243,6,1585271466881974272,32768,94,0,1,0,0,0
target,3244,6,1585271466881974272,65536,82,0,1,0,0,0
target,3245,6,1585271466881974272,131072,90,0,1,0,0,0
target,3246,6,1585271466881974272,262144,86,0,1,0,0,0
target,3247,6,1585271466881974272,16777216,89,0,1,0,0,0
target,3248,6,1585271466881974272,33554432,99,0,1,0,0,0
target,3249,6,1585271466881974272,67108864,77,0,1,0,0,0
target,3250,6,1585271466881974272,134217728,93,0,1,0,0,0
target,3251,6,1585271466881974272,268435456,89,0,1,0,0,0
target,3252,6,1585271466881974272,536870912,87,0,1,0,0,0
target,3253,6,1585271466881974272,34359738368,99,0,1,0,0,0
target,3254,6,1585271466881974272,68719476736,82,0,1,0,0,0
target,3255,6,1585271466881974273,0,89,0,1,0,0,0
target,3256,6,1585271466881974274,0,97,0,1,0,0,0
target,3257,6,1585271466881974276,0,88,0,1,0,0,0
target,3258,6,1585271466881974280,0,87,0,1,0,0,0
target,3259,6,1585271466881974288,0,95,0,1,0,0,0
target,3260,6,1585271466881974304,0,89,0,1,0,0,0
target,3261,6,1585271466881974336,0,91,0,1,0,0,0
target,3262,6,1585271466881974400,0,92,0,1,0,0,0
target,3263,6,1585271466881974528,0,80,0,1,0,0,0
target,3264,6,1585271466881974784,0,93,0,1,0,0,0
target,3265,6,1585271466881975296,0,89,0,1,0,0,0
target,3266,6,1585271466881976320,0,96,0,1,0,0,0
target,3267,6,1585271466881978368,0,89,0,1,0,0,0
target,3268,6,1585271466881982464,0,91,0,1,0,0,0
target,3269,6,1585271466882007040,0,94,0,1,0,0,0
target,3270,6,1585271466882039808,0,82,0,1,0,0,0
target,3271,6,1585271466882105344,0,83,0,1,0,0,0
target,3272,6,1585271466882236416,0,90,0,1,0,0,0
target,3273,6,1585271466882498560,0,94,0,1,0,0,0
target,3274,6,1585271466884071424,0,94,0,1,0,0,0
target,3275,6,1585271466886168576,0,93,0,1,0,0,0
target,3276,6,1585271466890362880,0,97,0,1,0,0,0
target,3277,6,1585271466898751488,0,81,0,1,0,0,0
target,3278,6,1585271466915528704,0,93,0,1,0,0,0
target,3279,6,1585271466949083136,0,96,0,1,0,0,0
target,3280,6,1585271467016192000,0,87,0,1,0,0,0
target,3281,6,1585271467150409728,0,76,0,1,0,0,0
target,3282,6,1585271467418845184,0,89,0,1,0,0,0
target,3283,6,1585271467955716096,0,83,0,1,0,0,0
target,3284,6,1585271469029457920,0,82,0,1,0,0,0
target,3285,6,1585271471176941568,0,95,0,1,0,0,0
target,3286,6,1585271475471908864,0,90,0,1,0,0,0
target,3287,6,1585271484061843456,0,85,0,1,0,0,0
target,3288,6,1585271501241712640,0,92,0,1,0,0,0
target,3289,6,1585271604320927744,0,80,0,1,0,0,0
target,3290,6,1585271741759881216,0,82,0,1,0,0,0
target,3291,6,1585272016637788160,0,88,0,1,0,0,0
target,3292,6,1585272566393602048,0,85,0,1,0,0,0
target,3293,6,1585275864928485376,4,97,0,1,0,0,0
target,3294,6,1585275864928485376,8,92,0,1,0,0,0
target,3295,6,1585275864928485376,16,90,0,1,0,0,0
target,3296,6,1585275864928485376,32,94,0,1,0,0,0
target,3297,6,1585275864928485376,64,72,0,1,0,0,0
target,3298,6,1585275864928485376,128,90,0,1,0,0,0
target,3299,6,1585275864928485376,8192,93,0,1,0,0,0
target,3300,6,1585275864928485376,16384,91,0,1,0,0,0
target,3301,6,1585275864928485376,32768,93,0,1,0,0,0
target,3302,6,1585275864928485376,65536,80,0,1,0,0,0
target,3303,6,1585275864928485376,131072,92,0,1,0,0,0
target,3304,6,1585275864928485376,262144,92,0,1,0,0,0
target,3305,6,1585275864928485376,16777216,82,0,1,0,0,0
target,3306,6,1585275864928485376,33554432,100,0,1,0,0,0
target,3307,6,1585275864928485376,67108864,77,0,1,0,0,0
target,3308,6,1585275864928485376,134217728,94,0,1,0,0,0
target,3309,6,1585275864928485376,268435456,101,0,1,0,0,0
target,3310,6,1585275864928485376,536870912,79,0,1,0,0,0
target,3311,6,1585275864928485376,34359738368,99,0,1,0,0,0
target,3312,6,1585275864928485376,68719476736,75,0,1,0,0,0
target,3313,6,1585275864928485377,0,94,0,1,0,0,0
target,3314,6,1585275864928485378,0,90,0,1,0,0,0
target,3315,6,1585275864928485380,0,90,0,1,0,0,0
target,3316,6,1585275864928485384,0,92,0,1,0,0,0
target,3317,6,1585275864928485392,0,94,0,1,0,0,0
target,3318,6,1585275864928485408,0,87,0,1,0,0,0
target,3319,6,1585275864928485440,0,91,0,1,0,0,0
target,3320,6,1585275864928485504,0,80,0,1,0,0,0
target,3321,6,1585275864928485632,0,81,0,1,0,0,0
target,3322,6,1585275864928485888,0,101,0,1,0,0,0
target,3323,6,1585275864928486400,0,92,0,1,0,0,0
target,3324,6,1585275864928487424,0,89,0,1,0,0,0
target,3325,6,1585275864928489472,0,88,0,1,0,0,0
target,3326,6,1585275864928493568,0,90,0,1,0,0,0
target,3327,6,1585275864928501760,0,89,0,1,0,0,0
target,3328,6,1585275864928518144,0,86,0,1,0,0,0
target,3329,6,1585275864928550912,0,90,0,1,0,0,0
target,3330,6,1585275864928616448,0,83,0,1,0,0,0
target,3331,6,1585275864928747520,0,92,0,1,0,0,0
target,3332,6,1585275864929009664,0,89,0,1,0,0,0
target,3333,6,1585275864930582528,0,96,0,1,0,0,0
target,3334,6,1585275864932679680,0,94,0,1,0,0,0
target,3335,6,1585275864936873984,0,98,0,1,0,0,0
target,3336,6,1585275864945262592,0,83,0,1,0,0,0
target,3337,6,1585275864962039808,0,94,0,1,0,0,0
target,3338,6,1585275864995594240,0,96,0,1,0,0,0
target,3339,6,1585275865062703104,0,89,0,1,0,0,0
target,3340,6,1585275865196920832,0,86,0,1,0,0,0
target,3341,6,1585275865465356288,0,93,0,1,0,0,0
target,3342,6,1585275866002227200,0,89,0,1,0,0,0
target,3343,6,1585275867075969024,0,93,0,1,0,0,0
target,3344,6,1585275869223452672,0,89,0,1,0,0,0
target,3345,6,1585275873518419968,0,92,0,1,0,0,0
target,3346,6,1585275882108354560,0,89,0,1,0,0,0
target,3347,6,1585275899288223744,0,94,0,1,0,0,0
target,3348,6,1585275933647962112,0,76,0,1,0,0,0
target,3349,6,1585276002367438848,0,90,0,1,0,0,0
target,3350,6,1585276139806392320,0,90,0,1,0,0,0
target,3351,6,1585276414684299264,0,93,0,1,0,0,0
target,3352,6,1585276964440113152,0,81,0,1,0,0,0
target,3353,6,1585280262974996480,0,99,0,1,0,0,0
target,3354,6,1585302253207552000,4,83,0,1,0,0,0
target,3355,6,1585302253207552000,8,82,0,1,0,0,0
target,3356,6,1585302253207552000,16,81,0,1,0,0,0
target,3357,6,1585302253207552000,32,79,0,1,0,0,0
target,3358,6,1585302253207552000,64,70,0,1,0,0,0
target,3359,6,1585302253207552000,128,78,0,1,0,0,0
target,3360,6,1585302253207552000,8192,82,0,1,0,0,0
target,3361,6,1585302253207552000,16384,74,0,1,0,0,0
target,3362,6,1585302253207552000,32768,85,0,1,0,0,0
target,3363,6,1585302253207552000,65536,74,0,1,0,0,0
target,3364,6,1585302253207552000,131072,76,0,1,0,0,0
target,3365,6,1585302253207552000,262144,82,0,1,0,0,0
target,3366,6,1585302253207552000,16777216,80,0,1,0,0,0
target,3367,6,1585302253207552000,33554432,88,0,1,0,0,0
target,3368,6,1585302253207552000,67108864,72,0,1,0,0,0
target,3369,6,1585302253207552000,134217728,85,0,1,0,0,0
target,3370,6,1585302253207552000,268435456,90,0,1,0,0,0
target,3371,6,1585302253207552000,536870912,72,0,1,0,0,0
target,3372,6,1585302253207552000,34359738368,91,0,1,0,0,0
target,3373,6,1585302253207552001,0,85,0,1,0,0,0
target,3374,6,1585302253207552002,0,89,0,1,0,0,0
target,3375,6,1585302253207552008,0,85,0,1,0,0,0
target,3376,6,1585302253207552016,0,87,0,1,0,0,0
target,3377,6,1585302253207552064,0,92,0,1,0,0,0
target,3378,6,1585302253207552128,0,86,0,1,0,0,0
target,3379,6,1585302253207552256,0,83,0,1,0,0,0
target,3380,6,1585302253207552512,0,92,0,1,0,0,0
target,3381,6,1585302253207553024,0,87,0,1,0,0,0
target,3382,6,1585302253207554048,0,83,0,1,0,0,0
target,3383,6,1585302253207560192,0,81,0,1,0,0,0
target,3384,6,1585302253207568384,0,81,0,1,0,0,0
target,3385,6,1585302253207584768,0,83,0,1,0,0,0
target,3386,6,1585302253207617536,0,82,0,1,0,0,0
target,3387,6,1585302253207814144,0,85,0,1,0,0,0
target,3388,6,1585302253208076288,0,88,0,1,0,0,0
target,3389,6,1585302253209649152,0,85,0,1,0,0,0
target,3390,6,1585302253211746304,0,81,0,1,0,0,0
target,3391,6,1585302253215940608,0,84,0,1,0,0,0
target,3392,6,1585302253274660864,0,89,0,1,0,0,0
target,3393,6,1585302253341769728,0,82,0,1,0,0,0
target,3394,6,1585302253475987456,0,80,0,1,0,0,0
target,3395,6,1585302253744422912,0,87,0,1,0,0,0
target,3396,6,1585302254281293824,0,83,0,1,0,0,0
target,3397,6,1585302255355035648,0,90,0,1,0,0,0
target,3398,6,1585302257502519296,0,87,0,1,0,0,0
target,3399,6,1585302261797486592,0,79,0,1,0,0,0
target,3400,6,1585302287567290368,0,88,0,1,0,0,0
target,3401,6,1585302321927028736,0,81,0,1,0,0,0
target,3402,6,1585302528085458944,0,82,0,1,0,0,0
target,3403,6,1585302802963365888,0,86,0,1,0,0,0
target,3404,6,1585303352719179776,0,83,0,1,0,0,0
target,3405,6,1585306651254063104,0,88,0,1,0,0,0
target,3406,6,1585311049300574208,0,93,0,1,0,0,0
target,3407,6,1585337437579640832,4,78,0,1,0,0,0
target,3408,6,1585337437579640832,8,79,0,1,0,0,0
target,3409,6,1585337437579640832,16,75,0,1,0,0,0
target,3410,6,1585337437579640832,128,78,0,1,0,0,0
target,3411,6,1585337437579640832,8192,81,0,1,0,0,0
target,3412,6,1585337437579640832,16384,74,0,1,0,0,0
target,3413,6,1585337437579640832,32768,76,0,1,0,0,0
target,3414,6,1585337437579640832,65536,68,0,1,0,0,0
target,3415,6,1585337437579640832,131072,78,0,1,0,0,0
target,3416,6,1585337437579640832,262144,70,0,1,0,0,0
target,3417,6,1585337437579640832,16777216,79,0,1,0,0,0
target,3418,6,1585337437579640832,33554432,88,0,1,0,0,0
target,3419,6,1585337437579640832,67108864,63,0,1,0,0,0
target,3420,6,1585337437579640832,134217728,83,0,1,0,0,0
target,3421,6,1585337437579640832,268435456,82,0,1,0,0,0
target,3422,6,1585337437579640832,536870912,74,0,1,0,0,0
target,3423,6,1585337437579640832,34359738368,86,0,1,0,0,0
target,3424,6,1585337437579640833,0,77,0,1,0,0,0
target,3425,6,1585337437579640834,0,87,0,1,0,0,0
target,3426,6,1585337437579640836,0,71,0,1,0,0,0
target,3427,6,1585337437579640840,0,80,0,1,0,0,0
target,3428,6,1585337437579640848,0,86,0,1,0,0,0
target,3429,6,1585337437579640864,0,79,0,1,0,0,0
target,3430,6,1585337437579640896,0,81,0,1,0,0,0
target,3431,6,1585337437579640960,0,81,0,1,0,0,0
target,3432,6,1585337437579641088,0,78,0,1,0,0,0
target,3433,6,1585337437579641344,0,89,0,1,0,0,0
target,3434,6,1585337437579641856,0,81,0,1,0,0,0
target,3435,6,1585337437579642880,0,86,0,1,0,0,0
target,3436,6,1585337437579644928,0,76,0,1,0,0,0
target,3437,6,1585337437579649024,0,72,0,1,0,0,0
target,3438,6,1585337437579673600,0,80,0,1,0,0,0
target,3439,6,1585337437579771904,0,71,0,1,0,0,0
target,3440,6,1585337437579902976,0,79,0,1,0,0,0
target,3441,6,1585337437580165120,0,81,0,1,0,0,0
target,3442,6,1585337437581737984,0,87,0,1,0,0,0
target,3443,6,1585337437583835136,0,76,0,1,0,0,0
target,3444,6,1585337437588029440,0,83,0,1,0,0,0
target,3445,6,1585337437613195264,0,77,0,1,0,0,0
target,3446,6,1585337437646749696,0,80,0,1,0,0,0
target,3447,6,1585337437713858560,0,77,0,1,0,0,0
target,3448,6,1585337438116511744,0,85,0,1,0,0,0
target,3449,6,1585337438653382656,0,74,0,1,0,0,0
target,3450,6,1585337439727124480,0,87,0,1,0,0,0
target,3451,6,1585337441874608128,0,84,0,1,0,0,0
target,3452,6,1585337446169575424,0,79,0,1,0,0,0
target,3453,6,1585337454759510016,0,72,0,1,0,0,0
target,3454,6,1585337471939379200,0,78,0,1,0,0,0
target,3455,6,1585337712457547776,0,79,0,1,0,0,0
target,3456,6,1585337987335454720,0,83,0,1,0,0,0
target,3457,6,1585338537091268608,0,77,0,1,0,0,0
target,3458,6,1585341835626151936,0,86,0,1,0,0,0
target,3459,6,1585346233672663040,0,90,0,1,0,0,0
target,3460,6,1585372621951729664,0,80,0,1,0,0,0
target,3461,6,1585407806323818496,4,80,0,1,0,0,0
target,3462,6,1585407806323818496,8,71,0,1,0,0,0
target,3463,6,1585407806323818496,32,77,0,1,0,0,0
target,3464,6,1585407806323818496,64,61,0,1,0,0,0
target,3465,6,1585407806323818496,8192,71,0,1,0,0,0
target,3466,6,1585407806323818496,16384,71,0,1,0,0,0
target,3467,6,1585407806323818496,32768,81,0,1,0,0,0
target,3468,6,1585407806323818496,262144,81,0,1,0,0,0
target,3469,6,1585407806323818496,33554432,81,0,1,0,0,0
target,3470,6,1585407806323818496,67108864,64,0,1,0,0,0
target,3471,6,1585407806323818496,134217728,72,0,1,0,0,0
target,3472,6,1585407806323818496,268435456,83,0,1,0,0,0
target,3473,6,1585407806323818496,34359738368,83,0,1,0,0,0
target,3474,6,1585407806323818497,0,77,0,1,0,0,0
target,3475,6,1585407806323818498,0,81,0,1,0,0,0
target,3476,6,1585407806323818500,0,74,0,1,0,0,0
target,3477,6,1585407806323818504,0,72,0,1,0,0,0
target,3478,6,1585407806323818512,0,80,0,1,0,0,0
target,3479,6,1585407806323818528,0,75,0,1,0,0,0
target,3480,6,1585407806323818560,0,75,0,1,0,0,0
target,3481,6,1585407806323818624,0,63,0,1,0,0,0
target,3482,6,1585407806323818752,0,75,0,1,0,0,0
target,3483,6,1585407806323819008,0,83,0,1,0,0,0
target,3484,6,1585407806323819520,0,79,0,1,0,0,0
target,3485,6,1585407806323820544,0,81,0,1,0,0,0
target,3486,6,1585407806323822592,0,73,0,1,0,0,0
target,3487,6,1585407806323834880,0,70,0,1,0,0,0
target,3488,6,1585407806323851264,0,70,0,1,0,0,0
target,3489,6,1585407806323949568,0,61,0,1,0,0,0
target,3490,6,1585407806324080640,0,72,0,1,0,0,0
target,3491,6,1585407806324342784,0,82,0,1,0,0,0
target,3492,6,1585407806325915648,0,81,0,1,0,0,0
target,3493,6,1585407806328012800,0,76,0,1,0,0,0
target,3494,6,1585407806332207104,0,79,0,1,0,0,0
target,3495,6,1585407806357372928,0,74,0,1,0,0,0
target,3496,6,1585407806390927360,0,70,0,1,0,0,0
target,3497,6,1585407806458036224,0,64,0,1,0,0,0
target,3498,6,1585407806860689408,0,81,0,1,0,0,0
target,3499,6,1585407807397560320,0,76,0,1,0,0,0
target,3500,6,1585407810618785792,0,80,0,1,0,0,0
target,3501,6,1585407814913753088,0,77,0,1,0,0,0
target,3502,6,1585407823503687680,0,77,0,1,0,0,0
target,3503,6,1585407840683556864,0,79,0,1,0,0,0
target,3504,6,1585407875043295232,0,59,0,1,0,0,0
target,3505,6,1585407943762771968,0,71,0,1,0,0,0
target,3506,6,1585408081201725440,0,70,0,1,0,0,0
target,3507,6,1585408356079632384,0,75,0,1,0,0,0
target,3508,6,1585408905835446272,0,73,0,1,0,0,0
target,3509,6,1585412204370329600,0,84,0,1,0,0,0
target,3510,6,1585416602416840704,0,77,0,1,0,0,0
target,3511,6,1585442990695907328,0,79,0,1,0,0,0
target,3512,6,1585548543812173824,4,77,0,1,0,0,0
target,3513,6,1585548543812173824,8,76,0,1,0,0,0
target,3514,6,1585548543812173824,32,82,0,1,0,0,0
target,3515,6,1585548543812173824,8192,77,0,1,0,0,0
target,3516,6,1585548543812173824,16384,65,0,1,0,0,0
target,3517,6,1585548543812173824,32768,81,0,1,0,0,0
target,3518,6,1585548543812173824,262144,73,0,1,0,0,0
target,3519,6,1585548543812173824,16777216,70,0,1,0,0,0
target,3520,6,1585548543812173824,33554432,77,0,1,0,0,0
target,3521,6,1585548543812173824,67108864,63,0,1,0,0,0
target,3522,6,1585548543812173824,134217728,77,0,1,0,0,0
target,3523,6,1585548543812173824,268435456,78,0,1,0,0,0
target,3524,6,1585548543812173824,536870912,72,0,1,0,0,0
target,3525,6,1585548543812173824,34359738368,84,0,1,0,0,0
target,3526,6,1585548543812173825,0,73,0,1,0,0,0
target,3527,6,1585548543812173826,0,84,0,1,0,0,0
target,3528,6,1585548543812173828,0,77,0,1,0,0,0
target,3529,6,1585548543812173832,0,80,0,1,0,0,0
target,3530,6,1585548543812173840,0,81,0,1,0,0,0
target,3531,6,1585548543812173888,0,84,0,1,0,0,0
target,3532,6,1585548543812173952,0,79,0,1,0,0,0
target,3533,6,1585548543812174336,0,86,0,1,0,0,0
target,3534,6,1585548543812174848,0,81,0,1,0,0,0
target,3535,6,1585548543812175872,0,80,0,1,0,0,0
target,3536,6,1585548543812177920,0,70,0,1,0,0,0
target,3537,6,1585548543812182016,0,77,0,1,0,0,0
target,3538,6,1585548543812190208,0,75,0,1,0,0,0
target,3539,6,1585548543812239360,0,72,0,1,0,0,0
target,3540,6,1585548543812304896,0,70,0,1,0,0,0
target,3541,6,1585548543812435968,0,72,0,1,0,0,0
target,3542,6,1585548543812698112,0,80,0,1,0,0,0
target,3543,6,1585548543814270976,0,78,0,1,0,0,0
target,3544,6,1585548543816368128,0,76,0,1,0,0,0
target,3545,6,1585548543820562432,0,82,0,1,0,0,0
target,3546,6,1585548543879282688,0,74,0,1,0,0,0
target,3547,6,1585548543946391552,0,74,0,1,0,0,0
target,3548,6,1585548544080609280,0,66,0,1,0,0,0
target,3549,6,1585548544349044736,0,80,0,1,0,0,0
target,3550,6,1585548544885915648,0,73,0,1,0,0,0
target,3551,6,1585548545959657472,0,81,0,1,0,0,0
target,3552,6,1585548548107141120,0,79,0,1,0,0,0
target,3553,6,1585548552402108416,0,77,0,1,0,0,0
target,3554,6,1585548578171912192,0,82,0,1,0,0,0
target,3555,6,1585548612531650560,0,69,0,1,0,0,0
target,3556,6,1585548818690080768,0,71,0,1,0,0,0
target,3557,6,1585549093567987712,0,75,0,1,0,0,0
target,3558,6,1585549643323801600,0,75,0,1,0,0,0
target,3559,6,1585552941858684928,0,81,0,1,0,0,0
target,3560,6,1585557339905196032,0,87,0,1,0,0,0
target,3561,6,1585618912556351488,0,76,0,1,0,0,0
target,3562,6,1585830018788884480,4,83,0,1,0,0,0
target,3563,6,1585830018788884480,8,75,0,1,0,0,0
target,3564,6,1585830018788884480,16,77,0,1,0,0,0
target,3565,6,1585830018788884480,128,72,0,1,0,0,0
target,3566,6,1585830018788884480,8192,79,0,1,0,0,0
target,3567,6,1585830018788884480,16384,73,0,1,0,0,0
target,3568,6,1585830018788884480,32768,79,0,1,0,0,0
target,3569,6,1585830018788884480,65536,71,0,1,0,0,0
target,3570,6,1585830018788884480,131072,76,0,1,0,0,0
target,3571,6,1585830018788884480,262144,71,0,1,0,0,0
target,3572,6,1585830018788884480,16777216,81,0,1,0,0,0
target,3573,6,1585830018788884480,33554432,76,0,1,0,0,0
target,3574,6,1585830018788884480,67108864,66,0,1,0,0,0
target,3575,6,1585830018788884480,134217728,80,0,1,0,0,0
target,3576,6,1585830018788884480,268435456,87,0,1,0,0,0
target,3577,6,1585830018788884480,536870912,72,0,1,0,0,0
target,3578,6,1585830018788884480,34359738368,80,0,1,0,0,0
target,3579,6,1585830018788884480,68719476736,71,0,1,0,0,0
target,3580,6,1585830018788884481,0,80,0,1,0,0,0
target,3581,6,1585830018788884482,0,83,0,1,0,0,0
target,3582,6,1585830018788884484,0,76,0,1,0,0,0
target,3583,6,1585830018788884488,0,79,0,1,0,0,0
target,3584,6,1585830018788884496,0,85,0,1,0,0,0
target,3585,6,1585830018788884512,0,72,0,1,0,0,0
target,3586,6,1585830018788884544,0,87,0,1,0,0,0
target,3587,6,1585830018788884608,0,80,0,1,0,0,0
target,3588,6,1585830018788884736,0,79,0,1,0,0,0
target,3589,6,1585830018788884992,0,83,0,1,0,0,0
target,3590,6,1585830018788885504,0,82,0,1,0,0,0
target,3591,6,1585830018788886528,0,85,0,1,0,0,0
target,3592,6,1585830018788888576,0,74,0,1,0,0,0
target,3593,6,1585830018788892672,0,71,0,1,0,0,0
target,3594,6,1585830018788900864,0,80,0,1,0,0,0
target,3595,6,1585830018788917248,0,76,0,1,0,0,0
target,3596,6,1585830018788950016,0,70,0,1,0,0,0
target,3597,6,1585830018789146624,0,80,0,1,0,0,0
target,3598,6,1585830018790981632,0,85,0,1,0,0,0
target,3599,6,1585830018793078784,0,81,0,1,0,0,0
target,3600,6,1585830018797273088,0,82,0,1,0,0,0
target,3601,6,1585830018805661696,0,76,0,1,0,0,0
target,3602,6,1585830018822438912,0,80,0,1,0,0,0
target,3603,6,1585830018855993344,0,80,0,1,0,0,0
target,3604,6,1585830018923102208,0,68,0,1,0,0,0
target,3605,6,1585830019325755392,0,82,0,1,0,0,0
target,3606,6,1585830020936368128,0,83,0,1,0,0,0
target,3607,6,1585830023083851776,0,84,0,1,0,0,0
target,3608,6,1585830027378819072,0,81,0,1,0,0,0
target,3609,6,1585830035968753664,0,80,0,1,0,0,0
target,3610,6,1585830053148622848,0,85,0,1,0,0,0
target,3611,6,1585830293666791424,0,70,0,1,0,0,0
target,3612,6,1585830568544698368,0,75,0,1,0,0,0
target,3613,6,1585831118300512256,0,73,0,1,0,0,0
target,3614,6,1585834416835395584,0,88,0,1,0,0,0
target,3615,6,1585838814881906688,0,89,0,1,0,0,0
target,3616,6,1585865203160973312,0,77,0,1,0,0,0
target,3617,6,1586111493765595136,0,70,0,1,0,0,0
target,3618,6,1586392968742305792,4,75,0,1,0,0,0
target,3619,6,1586392968742305792,8,77,0,1,0,0,0
target,3620,6,1586392968742305792,16,73,0,1,0,0,0
target,3621,6,1586392968742305792,32,76,0,1,0,0,0
target,3622,6,1586392968742305792,128,70,0,1,0,0,0
target,3623,6,1586392968742305792,8192,76,0,1,0,0,0
target,3624,6,1586392968742305792,16384,76,0,1,0,0,0
target,3625,6,1586392968742305792,32768,76,0,1,0,0,0
target,3626,6,1586392968742305792,131072,76,0,1,0,0,0
target,3627,6,1586392968742305792,262144,73,0,1,0,0,0
target,3628,6,1586392968742305792,33554432,82,0,1,0,0,0
target,3629,6,1586392968742305792,134217728,78,0,1,0,0,0
target,3630,6,1586392968742305792,268435456,80,0,1,0,0,0
target,3631,6,1586392968742305792,536870912,71,0,1,0,0,0
target,3632,6,1586392968742305792,34359738368,83,0,1,0,0,0
target,3633,6,1586392968742305793,0,79,0,1,0,0,0
target,3634,6,1586392968742305794,0,83,0,1,0,0,0
target,3635,6,1586392968742305808,0,81,0,1,0,0,0
target,3636,6,1586392968742305856,0,79,0,1,0,0,0
target,3637,6,1586392968742306048,0,73,0,1,0,0,0
target,3638,6,1586392968742306304,0,80,0,1,0,0,0
target,3639,6,1586392968742307840,0,79,0,1,0,0,0
target,3640,6,1586392968742313984,0,76,0,1,0,0,0
target,3641,6,1586392968742338560,0,78,0,1,0,0,0
target,3642,6,1586392968742567936,0,75,0,1,0,0,0
target,3643,6,1586392968742830080,0,77,0,1,0,0,0
target,3644,6,1586392968744402944,0,76,0,1,0,0,0
target,3645,6,1586392968750694400,0,82,0,1,0,0,0
target,3646,6,1586392968775860224,0,79,0,1,0,0,0
target,3647,6,1586392968809414656,0,75,0,1,0,0,0
target,3648,6,1586392969279176704,0,73,0,1,0,0,0
target,3649,6,1586392970889789440,0,78,0,1,0,0,0
target,3650,6,1586392973037273088,0,78,0,1,0,0,0
target,3651,6,1586392977332240384,0,80,0,1,0,0,0
target,3652,6,1586392985922174976,0,79,0,1,0,0,0
target,3653,6,1586393003102044160,0,81,0,1,0,0,0
target,3654,6,1586393037461782528,0,72,0,1,0,0,0
target,3655,6,1586393106181259264,0,76,0,1,0,0,0
target,3656,6,1586393243620212736,0,68,0,1,0,0,0
target,3657,6,1586393518498119680,0,71,0,1,0,0,0
target,3658,6,1586397366788816896,0,79,0,1,0,0,0
target,3659,6,1586401764835328000,0,84,0,1,0,0,0
target,3660,6,1586533706230661120,0,65,0,1,0,0,0
target,3661,6,1586674443719016448,0,72,0,1,0,0,0
target,3662,6,1586955918695727104,0,71,0,1,0,0,0
target,3663,6,1589770668462833664,4,93,0,1,0,0,0
target,3664,6,1589770668462833664,8,89,0,1,0,0,0
target,3665,6,1589770668462833664,16,86,0,1,0,0,0
target,3666,6,1589770668462833664,32,90,0,1,0,0,0
target,3667,6,1589770668462833664,64,75,0,1,0,0,0
target,3668,6,1589770668462833664,128,88,0,1,0,0,0
target,3669,6,1589770668462833664,8192,90,0,1,0,0,0
target,3670,6,1589770668462833664,16384,88,0,1,0,0,0
target,3671,6,1589770668462833664,32768,91,0,1,0,0,0
target,3672,6,1589770668462833664,65536,78,0,1,0,0,0
target,3673,6,1589770668462833664,131072,86,0,1,0,0,0
target,3674,6,1589770668462833664,262144,84,0,1,0,0,0
target,3675,6,1589770668462833664,16777216,87,0,1,0,0,0
target,3676,6,1589770668462833664,33554432,94,0,1,0,0,0
target,3677,6,1589770668462833664,67108864,72,0,1,0,0,0
target,3678,6,1589770668462833664,134217728,91,0,1,0,0,0
target,3679,6,1589770668462833664,268435456,92,0,1,0,0,0
target,3680,6,1589770668462833664,536870912,85,0,1,0,0,0
target,3681,6,1589770668462833664,34359738368,97,0,1,0,0,0
target,3682,6,1589770668462833664,68719476736,80,0,1,0,0,0
target,3683,6,1589770668462833665,0,87,0,1,0,0,0
target,3684,6,1589770668462833666,0,96,0,1,0,0,0
target,3685,6,1589770668462833668,0,85,0,1,0,0,0
target,3686,6,1589770668462833672,0,91,0,1,0,0,0
target,3687,6,1589770668462833680,0,92,0,1,0,0,0
target,3688,6,1589770668462833696,0,88,0,1,0,0,0
target,3689,6,1589770668462833728,0,92,0,1,0,0,0
target,3690,6,1589770668462833792,0,90,0,1,0,0,0
target,3691,6,1589770668462833920,0,81,0,1,0,0,0
target,3692,6,1589770668462834176,0,95,0,1,0,0,0
target,3693,6,1589770668462834688,0,86,0,1,0,0,0
target,3694,6,1589770668462835712,0,94,0,1,0,0,0
target,3695,6,1589770668462837760,0,89,0,1,0,0,0
target,3696,6,1589770668462850048,0,87,0,1,0,0,0
target,3697,6,1589770668462866432,0,91,0,1,0,0,0
target,3698,6,1589770668462899200,0,81,0,1,0,0,0
target,3699,6,1589770668462964736,0,82,0,1,0,0,0
target,3700,6,1589770668463095808,0,86,0,1,0,0,0
target,3701,6,1589770668463357952,0,86,0,1,0,0,0
target,3702,6,1589770668464930816,0,93,0,1,0,0,0
target,3703,6,1589770668467027968,0,91,0,1,0,0,0
target,3704,6,1589770668471222272,0,96,0,1,0,0,0
target,3705,6,1589770668496388096,0,93,0,1,0,0,0
target,3706,6,1589770668529942528,0,89,0,1,0,0,0
target,3707,6,1589770668597051392,0,85,0,1,0,0,0
target,3708,6,1589770668731269120,0,83,0,1,0,0,0
target,3709,6,1589770668999704576,0,90,0,1,0,0,0
target,3710,6,1589770669536575488,0,83,0,1,0,0,0
target,3711,6,1589770672757800960,0,88,0,1,0,0,0
target,3712,6,1589770677052768256,0,89,0,1,0,0,0
target,3713,6,1589770685642702848,0,87,0,1,0,0,0
target,3714,6,1589770702822572032,0,96,0,1,0,0,0
target,3715,6,1589770737182310400,0,85,0,1,0,0,0
target,3716,6,1589770805901787136,0,88,0,1,0,0,0
target,3717,6,1589770943340740608,0,83,0,1,0,0,0
target,3718,6,1589771218218647552,0,89,0,1,0,0,0
target,3719,6,1589771767974461440,0,75,0,1,0,0,0
target,3720,6,1589775066509344768,0,86,0,1,0,0,0
target,3721,6,1589779464555855872,0,94,0,1,0,0,0
target,3722,6,1589805852834922496,0,86,0,1,0,0,0
target,3723,6,1589841037207011328,0,83,0,1,0,0,0
target,3724,6,1590052143439544320,0,77,0,1,0,0,0
target,3725,6,1590333618416254976,0,81,0,1,0,0,0
target,3726,6,1590896568369676288,0,74,0,1,0,0,0
target,3727,6,1594274268090204160,4,90,0,1,0,0,0
target,3728,6,1594274268090204160,8,87,0,1,0,0,0
target,3729,6,1594274268090204160,16,86,0,1,0,0,0
target,3730,6,1594274268090204160,32,89,0,1,0,0,0
target,3731,6,1594274268090204160,64,74,0,1,0,0,0
target,3732,6,1594274268090204160,128,84,0,1,0,0,0
target,3733,6,1594274268090204160,8192,86,0,1,0,0,0
target,3734,6,1594274268090204160,16384,86,0,1,0,0,0
target,3735,6,1594274268090204160,32768,93,0,1,0,0,0
target,3736,6,1594274268090204160,65536,68,0,1,0,0,0
target,3737,6,1594274268090204160,131072,89,0,1,0,0,0
target,3738,6,1594274268090204160,262144,86,0,1,0,0,0
target,3739,6,1594274268090204160,16777216,86,0,1,0,0,0
target,3740,6,1594274268090204160,33554432,93,0,1,0,0,0
target,3741,6,1594274268090204160,67108864,70,0,1,0,0,0
target,3742,6,1594274268090204160,134217728,89,0,1,0,0,0
target,3743,6,1594274268090204160,268435456,96,0,1,0,0,0
target,3744,6,1594274268090204160,536870912,71,0,1,0,0,0
target,3745,6,1594274268090204160,34359738368,95,0,1,0,0,0
target,3746,6,1594274268090204160,68719476736,79,0,1,0,0,0
target,3747,6,1594274268090204161,0,91,0,1,0,0,0
target,3748,6,1594274268090204162,0,93,0,1,0,0,0
target,3749,6,1594274268090204176,0,94,0,1,0,0,0
target,3750,6,1594274268090204224,0,96,0,1,0,0,0
target,3751,6,1594274268090204288,0,86,0,1,0,0,0
target,3752,6,1594274268090204672,0,89,0,1,0,0,0
target,3753,6,1594274268090205184,0,90,0,1,0,0,0
target,3754,6,1594274268090206208,0,88,0,1,0,0,0
target,3755,6,1594274268090208256,0,90,0,1,0,0,0
target,3756,6,1594274268090212352,0,84,0,1,0,0,0
target,3757,6,1594274268090220544,0,85,0,1,0,0,0
target,3758,6,1594274268090269696,0,77,0,1,0,0,0
target,3759,6,1594274268090335232,0,73,0,1,0,0,0
target,3760,6,1594274268090466304,0,88,0,1,0,0,0
target,3761,6,1594274268090728448,0,87,0,1,0,0,0
target,3762,6,1594274268092301312,0,90,0,1,0,0,0
target,3763,6,1594274268094398464,0,91,0,1,0,0,0
target,3764,6,1594274268098592768,0,92,0,1,0,0,0
target,3765,6,1594274268106981376,0,81,0,1,0,0,0
target,3766,6,1594274268123758592,0,81,0,1,0,0,0
target,3767,6,1594274268157313024,0,90,0,1,0,0,0
target,3768,6,1594274268224421888,0,86,0,1,0,0,0
target,3769,6,1594274268358639616,0,80,0,1,0,0,0
target,3770,6,1594274268627075072,0,85,0,1,0,0,0
target,3771,6,1594274269163945984,0,77,0,1,0,0,0
target,3772,6,1594274270237687808,0,83,0,1,0,0,0
target,3773,6,1594274272385171456,0,87,0,1,0,0,0
target,3774,6,1594274276680138752,0,92,0,1,0,0,0
target,3775,6,1594274285270073344,0,86,0,1,0,0,0
target,3776,6,1594274302449942528,0,93,0,1,0,0,0
target,3777,6,1594274336809680896,0,83,0,1,0,0,0
target,3778,6,1594274405529157632,0,84,0,1,0,0,0
target,3779,6,1594274542968111104,0,88,0,1,0,0,0
target,3780,6,1594274817846018048,0,87,0,1,0,0,0
target,3781,6,1594275367601831936,0,78,0,1,0,0,0
target,3782,6,1594278666136715264,0,86,0,1,0,0,0
target,3783,6,1594283064183226368,0,92,0,1,0,0,0
target,3784,6,1594309452462292992,0,88,0,1,0,0,0
target,3785,6,1594344636834381824,0,76,0,1,0,0,0
target,3786,6,1594415005578559488,0,80,0,1,0,0,0
target,3787,6,1594837218043625472,0,83,0,1,0,0,0
target,3788,6,1595400167997046784,0,77,0,1,0,0,0
target,3789,6,1598777867717574656,0,87,0,1,0,0,0
target,3790,6,1603281467344945152,4,97,0,1,0,0,0
target,3791,6,1603281467344945152,8,92,0,1,0,0,0
target,3792,6,1603281467344945152,16,90,0,1,0,0,0
target,3793,6,1603281467344945152,32,94,0,1,0,0,0
target,3794,6,1603281467344945152,64,70,0,1,0,0,0
target,3795,6,1603281467344945152,128,90,0,1,0,0,0
target,3796,6,1603281467344945152,8192,93,0,1,0,0,0
target,3797,6,1603281467344945152,16384,81,0,1,0,0,0
target,3798,6,1603281467344945152,32768,98,0,1,0,0,0
target,3799,6,1603281467344945152,65536,82,0,1,0,0,0
target,3800,6,1603281467344945152,131072,83,0,1,0,0,0
target,3801,6,1603281467344945152,262144,92,0,1,0,0,0
target,3802,6,1603281467344945152,16777216,91,0,1,0,0,0
target,3803,6,1603281467344945152,33554432,100,0,1,0,0,0
target,3804,6,1603281467344945152,67108864,71,0,1,0,0,0
target,3805,6,1603281467344945152,134217728,93,0,1,0,0,0
target,3806,6,1603281467344945152,268435456,97,0,1,0,0,0
target,3807,6,1603281467344945152,536870912,88,0,1,0,0,0
target,3808,6,1603281467344945152,34359738368,98,0,1,0,0,0
target,3809,6,1603281467344945152,68719476736,83,0,1,0,0,0
target,3810,6,1603281467344945153,0,94,0,1,0,0,0
target,3811,6,1603281467344945154,0,99,0,1,0,0,0
target,3812,6,1603281467344945156,0,83,0,1,0,0,0
target,3813,6,1603281467344945160,0,92,0,1,0,0,0
target,3814,6,1603281467344945168,0,96,0,1,0,0,0
target,3815,6,1603281467344945184,0,91,0,1,0,0,0
target,3816,6,1603281467344945216,0,89,0,1,0,0,0
target,3817,6,1603281467344945280,0,84,0,1,0,0,0
target,3818,6,1603281467344945408,0,84,0,1,0,0,0
target,3819,6,1603281467344945664,0,101,0,1,0,0,0
target,3820,6,1603281467344946176,0,92,0,1,0,0,0
target,3821,6,1603281467344947200,0,98,0,1,0,0,0
target,3822,6,1603281467344949248,0,82,0,1,0,0,0
target,3823,6,1603281467344953344,0,90,0,1,0,0,0
target,3824,6,1603281467344961536,0,90,0,1,0,0,0
target,3825,6,1603281467344977920,0,82,0,1,0,0,0
target,3826,6,1603281467345010688,0,89,0,1,0,0,0
target,3827,6,1603281467345076224,0,78,0,1,0,0,0
target,3828,6,1603281467345207296,0,82,0,1,0,0,0
target,3829,6,1603281467345469440,0,94,0,1,0,0,0
target,3830,6,1603281467347042304,0,93,0,1,0,0,0
target,3831,6,1603281467349139456,0,91,0,1,0,0,0
target,3832,6,1603281467353333760,0,97,0,1,0,0,0
target,3833,6,1603281467361722368,0,86,0,1,0,0,0
target,3834,6,1603281467378499584,0,94,0,1,0,0,0
target,3835,6,1603281467412054016,0,89,0,1,0,0,0
target,3836,6,1603281467479162880,0,89,0,1,0,0,0
target,3837,6,1603281467613380608,0,83,0,1,0,0,0
target,3838,6,1603281467881816064,0,94,0,1,0,0,0
target,3839,6,1603281468418686976,0,82,0,1,0,0,0
target,3840,6,1603281469492428800,0,90,0,1,0,0,0
target,3841,6,1603281471639912448,0,91,0,1,0,0,0
target,3842,6,1603281475934879744,0,95,0,1,0,0,0
target,3843,6,1603281484524814336,0,92,0,1,0,0,0
target,3844,6,1603281501704683520,0,97,0,1,0,0,0
target,3845,6,1603281536064421888,0,78,0,1,0,0,0
target,3846,6,1603281604783898624,0,91,0,1,0,0,0
target,3847,6,1603281742222852096,0,88,0,1,0,0,0
target,3848,6,1603282017100759040,0,95,0,1,0,0,0
target,3849,6,1603282566856572928,0,87,0,1,0,0,0
target,3850,6,1603285865391456256,0,98,0,1,0,0,0
target,3851,6,1603290263437967360,0,90,0,1,0,0,0
target,3852,6,1603316651717033984,0,89,0,1,0,0,0
target,3853,6,1603351836089122816,0,85,0,1,0,0,0
target,3854,6,1603422204833300480,0,67,0,1,0,0,0
target,3855,6,1603562942321655808,0,82,0,1,0,0,0
target,3856,6,1603844417298366464,0,85,0,1,0,0,0
target,3857,6,1604407367251787776,0,80,0,1,0,0,0
target,3858,6,1607785066972315648,0,98,0,1,0,0,0
target,3859,6,1612288666599686144,0,94,0,1,0,0,0
target,3860,6,1729382256910275072,537133056,83,0,1,0,0,0
target,3861,6,1729382256910275584,537133056,88,0,1,0,0,0
target,3862,6,1729382256911319040,537133060,89,0,1,0,0,0
target,3863,6,1729382256911319040,537133064,84,0,1,0,0,0
target,3864,6,1729382256911319040,537141248,77,0,1,0,0,0
target,3865,6,1729382256911319040,537149440,85,0,1,0,0,0
target,3866,6,1729382256911319040,553910272,77,0,1,0,0,0
target,3867,6,1729382256911319040,570687488,79,0,1,0,0,0
target,3868,6,1729382256911319040,34896871424,84,0,1,0,0,0
target,3869,6,1729382256911319042,537133056,89,0,1,0,0,0
target,3870,6,1729382256911323136,537133056,84,0,1,0,0,0
target,3871,6,1729382256912371712,537133056,86,0,1,0,0,0
target,3872,6,1729382256915513344,537133056,87,0,1,0,0,0
target,3873,6,1729382256919707648,537133056,85,0,1,0,0,0
target,3874,6,1729382259057758208,537133056,87,0,1,0,0,0
target,3875,6,1729382261205241856,537133056,83,0,1,0,0,0
target,3876,6,1729382265501253632,537133056,85,0,1,0,0,0
target,3877,6,1729382274091188224,537133056,85,0,1,0,0,0
target,3878,6,1729382531922396160,68719476736,78,0,1,0,0,0
target,3879,6,1729386654956785664,537133056,84,0,1,0,0,0
target,3880,6,1729391053003296768,537133056,80,0,1,0,0,0
target,3881,6,1729399849097363456,537133056,86,0,1,0,0,0
target,3882,6,1738389456165015552,537133056,79,0,1,0,0,0
target,3883,6,1747396655419756544,537133056,86,0,1,0,0,0
target,3884,6,1765411053930283008,537133056,78,0,1,0,0,0
target,3885,6,1801439850949246976,537133056,69,0,1,0,0,0
target,3886,6,3458764513821589504,537133060,89,0,1,0,0,0
target,3887,6,3458764513821589504,537133064,88,0,1,0,0,0
target,3888,6,3458764513821589504,537141248,78,0,1,0,0,0
target,3889,6,3458764513821589504,537149440,82,0,1,0,0,0
target,3890,6,3458764513821589504,553910272,68,0,1,0,0,0
target,3891,6,3458764513821589504,570687488,85,0,1,0,0,0
target,3892,6,3458764513821589504,34896871424,88,0,1,0,0,0
target,3893,6,3458764788832666624,68719476736,74,0,1,0,0,0
target,3894,6,3458764788833714176,68719476736,68,0,1,0,0,0
target,3895,6,3494793310840553472,537133056,74,0,1,0,0,0
target,3896,6,3530822107859517440,537133056,70,0,1,0,0,0
target,3897,6,5764607523035283456,537133060,90,0,1,0,0,0
target,3898,6,5764607523035283456,537133064,91,0,1,0,0,0
target,3899,6,5764607523035283456,537141248,82,0,1,0,0,0
target,3900,6,5764607523035283456,537149440,83,0,1,0,0,0
target,3901,6,5764607523035283456,553910272,79,0,1,0,0,0
target,3902,6,5764607523035283456,570687488,83,0,1,0,0,0
target,3903,6,5764607523035283456,34896871424,86,0,1,0,0,0
target,3904,6,5764607798046360576,68719476736,78,0,1,0,0,0
target,3905,6,5764607798047408128,68719476736,75,0,1,0,0,0
target,3906,6,5800636320054247424,537133056,76,0,1,0,0,0
target,3907,6,5836665117073211392,537133056,66,0,1,0,0,0
target,3908,6,10376293541462671360,537133060,85,0,1,0,0,0
target,3909,6,10376293541462671360,537133064,90,0,1,0,0,0
target,3910,6,10376293541462671360,537149440,85,0,1,0,0,0
target,3911,6,10376293541462671360,553910272,80,0,1,0,0,0
target,3912,6,10376293541462671360,570687488,86,0,1,0,0,0
target,3913,6,10376293541462671360,34896871424,86,0,1,0,0,0
target,3914,6,10376293816473748480,68719476736,74,0,1,0,0,0
target,3915,6,10376293816474796032,68719476736,72,0,1,0,0,0
target,3916,6,10412322338481635328,537133056,75,0,1,0,0,0
target,3917,6,10448351135500599296,537133056,63,0,1,0,0,0
target,3918,6,14987979559889010689,68719478784,91,0,1,0,0,0
target,3919,6,14987979559889010689,68723671040,90,0,1,0,0,0
target,3920,6,14987979559889010689,68727865344,93,0,1,0,0,0
target,3921,6,14987979559889010689,77309411328,96,0,1,0,0,0
target,3922,6,14987979559889010689,85899345920,89,0,1,0,0,0
target,3923,6,14987979559889010690,68719478784,88,0,1,0,0,0
target,3924,6,14987979559889010690,68723671040,87,0,1,0,0,0
target,3925,6,14987979559889010690,68727865344,90,0,1,0,0,0
target,3926,6,14987979559889010690,77309411328,83,0,1,0,0,0
target,3927,6,14987979559889010690,85899345920,89,0,1,0,0,0
target,3928,6,14987979559889010692,68719478784,89,0,1,0,0,0
target,3929,6,14987979559889010692,68723671040,81,0,1,0,0,0
target,3930,6,14987979559889010692,68727865344,93,0,1,0,0,0
target,3931,6,14987979559889010692,77309411328,96,0,1,0,0,0
target,3932,6,14987979559889010696,68719478784,81,0,1,0,0,0
target,3933,6,14987979559889010696,68723671040,85,0,1,0,0,0
target,3934,6,14987979559889010704,68719478784,89,0,1,0,0,0
target,3935,6,14987979559889011712,68719476740,84,0,1,0,0,0
target,3936,6,14987979559889011712,68719476744,80,0,1,0,0,0
target,3937,6,14987979559889011712,68719476752,82,0,1,0,0,0
target,3938,6,14987979559889011712,68719484928,86,0,1,0,0,0
target,3939,6,14987979559889011712,68719493120,82,0,1,0,0,0
target,3940,6,14987979559889011712,68736253952,78,0,1,0,0,0
target,3941,6,14987979559889011712,68753031168,79,0,1,0,0,0
target,3942,6,14987979559889011712,103079215104,83,0,1,0,0,0
target,3943,6,14987979559889011713,68719476736,77,0,1,0,0,0
target,3944,6,14987979559889011714,68719476736,79,0,1,0,0,0
target,3945,6,14987979559889011728,68719476736,79,0,1,0,0,0
target,3946,6,14987979559889013760,68719476736,85,0,1,0,0,0
target,3947,6,14987979559889014784,12,92,0,1,0,0,0
target,3948,6,14987979559889014784,20,94,0,1,0,0,0
target,3949,6,14987979559889014784,24,87,0,1,0,0,0
target,3950,6,14987979559889014784,36,92,0,1,0,0,0
target,3951,6,14987979559889014784,40,92,0,1,0,0,0
target,3952,6,14987979559889014784,48,89,0,1,0,0,0
target,3953,6,14987979559889014784,68,83,0,1,0,0,0
target,3954,6,14987979559889014784,80,77,0,1,0,0,0
target,3955,6,14987979559889014784,96,78,0,1,0,0,0
target,3956,6,14987979559889014784,132,85,0,1,0,0,0
target,3957,6,14987979559889014784,136,85,0,1,0,0,0
target,3958,6,14987979559889014784,144,81,0,1,0,0,0
target,3959,6,14987979559889014784,160,87,0,1,0,0,0
target,3960,6,14987979559889014784,192,72,0,1,0,0,0
target,3961,6,14987979559889014784,260,70,0,1,0,0,0
target,3962,6,14987979559889014784,264,61,0,1,0,0,0
target,3963,6,14987979559889014784,288,66,0,1,0,0,0
target,3964,6,14987979559889014784,516,79,0,1,0,0,0
target,3965,6,14987979559889014784,520,87,0,1,0,0,0
target,3966,6,14987979559889014784,528,80,0,1,0,0,0
target,3967,6,14987979559889014784,1028,83,0,1,0,0,0
target,3968,6,14987979559889014784,1032,77,0,1,0,0,0
target,3969,6,14987979559889014784,2052,87,0,1,0,0,0
target,3970,6,14987979559889014784,8196,98,0,1,0,0,0
target,3971,6,14987979559889014784,8200,97,0,1,0,0,0
target,3972,6,14987979559889014784,8208,98,0,1,0,0,0
target,3973,6,14987979559889014784,8224,99,0,1,0,0,0
target,3974,6,14987979559889014784,8256,88,0,1,0,0,0
target,3975,6,14987979559889014784,8320,91,0,1,0,0,0
target,3976,6,14987979559889014784,8448,81,0,1,0,0,0
target,3977,6,14987979559889014784,8704,95,0,1,0,0,0
target,3978,6,14987979559889014784,9216,91,0,1,0,0,0
target,3979,6,14987979559889014784,10240,93,0,1,0,0,0
target,3980,6,14987979559889014784,12288,97,0,1,0,0,0
target,3981,6,14987979559889014784,16388,89,0,1,0,0,0
target,3982,6,14987979559889014784,16392,83,0,1,0,0,0
target,3983,6,14987979559889014784,16400,85,0,1,0,0,0
target,3984,6,14987979559889014784,16416,91,0,1,0,0,0
target,3985,6,14987979559889014784,16448,82,0,1,0,0,0
target,3986,6,14987979559889014784,16512,85,0,1,0,0,0
target,3987,6,14987979559889014784,16640,69,0,1,0,0,0
target,3988,6,14987979559889014784,16896,90,0,1,0,0,0
target,3989,6,14987979559889014784,17408,81,0,1,0,0,0
target,3990,6,14987979559889014784,18432,84,0,1,0,0,0
target,3991,6,14987979559889014784,20480,91,0,1,0,0,0
target,3992,6,14987979559889014784,24576,97,0,1,0,0,0
target,3993,6,14987979559889014784,32772,92,0,1,0,0,0
target,3994,6,14987979559889014784,32776,85,0,1,0,0,0
target,3995,6,14987979559889014784,32784,91,0,1,0,0,0
target,3996,6,14987979559889014784,32832,82,0,1,0,0,0
target,3997,6,14987979559889014784,32896,87,0,1,0,0,0
target,3998,6,14987979559889014784,33024,74,0,1,0,0,0
target,3999,6,14987979559889014784,33280,86,0,1,0,0,0
target,4000,6,14987979559889014784,33792,82,0,1,0,0,0
target,4001,6,14987979559889014784,34816,89,0,1,0,0,0
target,4002,6,14987979559889014784,40960,99,0,1,0,0,0
target,4003,6,14987979559889014784,49152,91,0,1,0,0,0
target,4004,6,14987979559889014784,65540,89,0,1,0,0,0
target,4005,6,14987979559889014784,65544,79,0,1,0,0,0
target,4006,6,14987979559889014784,65552,81,0,1,0,0,0
target,4007,6,14987979559889014784,65568,83,0,1,0,0,0
target,4008,6,14987979559889014784,65600,72,0,1,0,0,0
target,4009,6,14987979559889014784,65664,78,0,1,0,0,0
target,4010,6,14987979559889014784,65792,62,0,1,0,0,0
target,4011,6,14987979559889014784,66048,85,0,1,0,0,0
target,4012,6,14987979559889014784,66560,81,0,1,0,0,0
target,4013,6,14987979559889014784,67584,86,0,1,0,0,0
target,4014,6,14987979559889014784,69632,86,0,1,0,0,0
target,4015,6,14987979559889014784,73728,91,0,1,0,0,0
target,4016,6,14987979559889014784,98304,85,0,1,0,0,0
target,4017,6,14987979559889014784,131076,90,0,1,0,0,0
target,4018,6,14987979559889014784,131080,76,0,1,0,0,0
target,4019,6,14987979559889014784,131088,82,0,1,0,0,0
target,4020,6,14987979559889014784,131104,83,0,1,0,0,0
target,4021,6,14987979559889014784,131136,73,0,1,0,0,0
target,4022,6,14987979559889014784,131200,76,0,1,0,0,0
target,4023,6,14987979559889014784,131328,60,0,1,0,0,0
target,4024,6,14987979559889014784,131584,79,0,1,0,0,0
target,4025,6,14987979559889014784,132096,80,0,1,0,0,0
target,4026,6,14987979559889014784,133120,82,0,1,0,0,0
target,4027,6,14987979559889014784,135168,86,0,1,0,0,0
target,4028,6,14987979559889014784,139264,91,0,1,0,0,0
target,4029,6,14987979559889014784,147456,83,0,1,0,0,0
target,4030,6,14987979559889014784,163840,87,0,1,0,0,0
target,4031,6,14987979559889014784,196608,71,0,1,0,0,0
target,4032,6,14987979559889014784,262148,83,0,1,0,0,0
target,4033,6,14987979559889014784,262152,87,0,1,0,0,0
target,4034,6,14987979559889014784,262160,88,0,1,0,0,0
target,4035,6,14987979559889014784,262176,89,0,1,0,0,0
target,4036,6,14987979559889014784,262208,74,0,1,0,0,0
target,4037,6,14987979559889014784,270336,93,0,1,0,0,0
target,4038,6,14987979559889014784,278528,80,0,1,0,0,0
target,4039,6,14987979559889014784,294912,82,0,1,0,0,0
target,4040,6,14987979559889014784,327680,83,0,1,0,0,0
target,4041,6,14987979559889014784,532480,92,0,1,0,0,0
target,4042,6,14987979559889014784,540672,78,0,1,0,0,0
target,4043,6,14987979559889014784,557056,85,0,1,0,0,0
target,4044,6,14987979559889014784,589824,75,0,1,0,0,0
target,4045,6,14987979559889014784,1056768,75,0,1,0,0,0
target,4046,6,14987979559889014784,1064960,76,0,1,0,0,0
target,4047,6,14987979559889014784,1081344,66,0,1,0,0,0
target,4048,6,14987979559889014784,2105344,95,0,1,0,0,0
target,4049,6,14987979559889014784,2113536,86,0,1,0,0,0
target,4050,6,14987979559889014784,4202496,90,0,1,0,0,0
target,4051,6,14987979559889014784,16777220,98,0,1,0,0,0
target,4052,6,14987979559889014784,16777224,98,0,1,0,0,0
target,4053,6,14987979559889014784,16777232,97,0,1,0,0,0
target,4054,6,14987979559889014784,16777248,99,0,1,0,0,0
target,4055,6,14987979559889014784,16777280,88,0,1,0,0,0
target,4056,6,14987979559889014784,16777344,91,0,1,0,0,0
target,4057,6,14987979559889014784,16777472,80,0,1,0,0,0
target,4058,6,14987979559889014784,16777728,95,0,1,0,0,0
target,4059,6,14987979559889014784,16778240,91,0,1,0,0,0
target,4060,6,14987979559889014784,16779264,92,0,1,0,0,0
target,4061,6,14987979559889014784,16781312,96,0,1,0,0,0
target,4062,6,14987979559889014784,16785408,101,0,1,0,0,0
target,4063,6,14987979559889014784,16793600,97,0,1,0,0,0
target,4064,6,14987979559889014784,16809984,98,0,1,0,0,0
target,4065,6,14987979559889014784,16842752,89,0,1,0,0,0
target,4066,6,14987979559889014784,16908288,93,0,1,0,0,0
target,4067,6,14987979559889014784,17039360,93,0,1,0,0,0
target,4068,6,14987979559889014784,17301504,93,0,1,0,0,0
target,4069,6,14987979559889014784,17825792,84,0,1,0,0,0
target,4070,6,14987979559889014784,18874368,99,0,1,0,0,0
target,4071,6,14987979559889014784,20971520,92,0,1,0,0,0
target,4072,6,14987979559889014784,25165824,94,0,1,0,0,0
target,4073,6,14987979559889014784,33554436,76,0,1,0,0,0
target,4074,6,14987979559889014784,33554440,78,0,1,0,0,0
target,4075,6,14987979559889014784,33554448,81,0,1,0,0,0
target,4076,6,14987979559889014784,33554464,88,0,1,0,0,0
target,4077,6,14987979559889014784,33554496,77,0,1,0,0,0
target,4078,6,14987979559889014784,33554560,79,0,1,0,0,0
target,4079,6,14987979559889014784,33554688,69,0,1,0,0,0
target,4080,6,14987979559889014784,33554944,77,0,1,0,0,0
target,4081,6,14987979559889014784,33555456,81,0,1,0,0,0
target,4082,6,14987979559889014784,33556480,82,0,1,0,0,0
target,4083,6,14987979559889014784,33558528,87,0,1,0,0,0
target,4084,6,14987979559889014784,33562624,86,0,1,0,0,0
target,4085,6,14987979559889014784,33570816,75,0,1,0,0,0
target,4086,6,14987979559889014784,33619968,78,0,1,0,0,0
target,4087,6,14987979559889014784,33816576,84,0,1,0,0,0
target,4088,6,14987979559889014784,34078720,81,0,1,0,0,0
target,4089,6,14987979559889014784,34603008,71,0,1,0,0,0
target,4090,6,14987979559889014784,35651584,84,0,1,0,0,0
target,4091,6,14987979559889014784,37748736,81,0,1,0,0,0
target,4092,6,14987979559889014784,41943040,85,0,1,0,0,0
target,4093,6,14987979559889014784,50331648,88,0,1,0,0,0
target,4094,6,14987979559889014784,67108872,81,0,1,0,0,0
target,4095,6,14987979559889014784,67108880,81,0,1,0,0,0
target,4096,6,14987979559889014784,67108896,82,0,1,0,0,0
target,4097,6,14987979559889014784,67108992,78,0,1,0,0,0
target,4098,6,14987979559889014784,67109120,67,0,1,0,0,0
target,4099,6,14987979559889014784,67109376,83,0,1,0,0,0
target,4100,6,14987979559889014784,67109888,73,0,1,0,0,0
target,4101,6,14987979559889014784,67110912,82,0,1,0,0,0
target,4102,6,14987979559889014784,67112960,85,0,1,0,0,0
target,4103,6,14987979559889014784,67117056,90,0,1,0,0,0
target,4104,6,14987979559889014784,67125248,75,0,1,0,0,0
target,4105,6,14987979559889014784,67141632,79,0,1,0,0,0
target,4106,6,14987979559889014784,67174400,77,0,1,0,0,0
target,4107,6,14987979559889014784,67371008,80,0,1,0,0,0
target,4108,6,14987979559889014784,67633152,78,0,1,0,0,0
target,4109,6,14987979559889014784,69206016,90,0,1,0,0,0
target,4110,6,14987979559889014784,71303168,71,0,1,0,0,0
target,4111,6,14987979559889014784,75497472,83,0,1,0,0,0
target,4112,6,14987979559889014784,83886080,89,0,1,0,0,0
target,4113,6,14987979559889014784,134217732,97,0,1,0,0,0
target,4114,6,14987979559889014784,134217736,91,0,1,0,0,0
target,4115,6,14987979559889014784,134217744,96,0,1,0,0,0
target,4116,6,14987979559889014784,134217760,94,0,1,0,0,0
target,4117,6,14987979559889014784,134217792,84,0,1,0,0,0
target,4118,6,14987979559889014784,134217856,86,0,1,0,0,0
target,4119,6,14987979559889014784,134217984,77,0,1,0,0,0
target,4120,6,14987979559889014784,134218240,92,0,1,0,0,0
target,4121,6,14987979559889014784,134218752,88,0,1,0,0,0
target,4122,6,14987979559889014784,134219776,89,0,1,0,0,0
target,4123,6,14987979559889014784,134221824,92,0,1,0,0,0
target,4124,6,14987979559889014784,134225920,102,0,1,0,0,0
target,4125,6,14987979559889014784,134234112,89,0,1,0,0,0
target,4126,6,14987979559889014784,134250496,94,0,1,0,0,0
target,4127,6,14987979559889014784,134283264,87,0,1,0,0,0
target,4128,6,14987979559889014784,134348800,88,0,1,0,0,0
target,4129,6,14987979559889014784,134479872,93,0,1,0,0,0
target,4130,6,14987979559889014784,134742016,81,0,1,0,0,0
target,4131,6,14987979559889014784,135266304,82,0,1,0,0,0
target,4132,6,14987979559889014784,136314880,95,0,1,0,0,0
target,4133,6,14987979559889014784,138412032,90,0,1,0,0,0
target,4134,6,14987979559889014784,142606336,93,0,1,0,0,0
target,4135,6,14987979559889014784,150994944,101,0,1,0,0,0
target,4136,6,14987979559889014784,167772160,90,0,1,0,0,0
target,4137,6,14987979559889014784,201326592,85,0,1,0,0,0
target,4138,6,14987979559889014784,268435460,88,0,1,0,0,0
target,4139,6,14987979559889014784,268435464,90,0,1,0,0,0
target,4140,6,14987979559889014784,268435472,83,0,1,0,0,0
target,4141,6,14987979559889014784,268435488,85,0,1,0,0,0
target,4142,6,14987979559889014784,268435712,61,0,1,0,0,0
target,4143,6,14987979559889014784,268435968,82,0,1,0,0,0
target,4144,6,14987979559889014784,268437504,85,0,1,0,0,0
target,4145,6,14987979559889014784,268443648,93,0,1,0,0,0
target,4146,6,14987979559889014784,268451840,77,0,1,0,0,0
target,4147,6,14987979559889014784,268468224,81,0,1,0,0,0
target,4148,6,14987979559889014784,268500992,74,0,1,0,0,0
target,4149,6,14987979559889014784,268566528,76,0,1,0,0,0
target,4150,6,14987979559889014784,268697600,75,0,1,0,0,0
target,4151,6,14987979559889014784,268959744,75,0,1,0,0,0
target,4152,6,14987979559889014784,269484032,68,0,1,0,0,0
target,4153,6,14987979559889014784,270532608,88,0,1,0,0,0
target,4154,6,14987979559889014784,272629760,82,0,1,0,0,0
target,4155,6,14987979559889014784,276824064,84,0,1,0,0,0
target,4156,6,14987979559889014784,285212672,92,0,1,0,0,0
target,4157,6,14987979559889014784,301989888,80,0,1,0,0,0
target,4158,6,14987979559889014784,335544320,74,0,1,0,0,0
target,4159,6,14987979559889014784,402653184,84,0,1,0,0,0
target,4160,6,14987979559889014784,536870916,86,0,1,0,0,0
target,4161,6,14987979559889014784,536870920,82,0,1,0,0,0
target,4162,6,14987979559889014784,536870928,78,0,1,0,0,0
target,4163,6,14987979559889014784,536870944,76,0,1,0,0,0
target,4164,6,14987979559889014784,536870976,73,0,1,0,0,0
target,4165,6,14987979559889014784,536879104,89,0,1,0,0,0
target,4166,6,14987979559889014784,536887296,82,0,1,0,0,0
target,4167,6,14987979559889014784,536903680,80,0,1,0,0,0
target,4168,6,14987979559889014784,536936448,76,0,1,0,0,0
target,4169,6,14987979559889014784,537001984,77,0,1,0,0,0
target,4170,6,14987979559889014784,8606711808,100,0,1,0,0,0
target,4171,6,14987979559889014784,34359740416,85,0,1,0,0,0
target,4172,6,14987979559889014784,34359742464,95,0,1,0,0,0
target,4173,6,14987979559889014784,34363932672,90,0,1,0,0,0
target,4174,6,14987979559889014784,34368126976,82,0,1,0,0,0
target,4175,6,14987979559889014784,42949672960,99,0,1,0,0,0
target,4176,6,14987979559889014784,51539607552,90,0,1,0,0,0
target,4177,6,14987979559889014785,4,89,0,1,0,0,0
target,4178,6,14987979559889014785,8,88,0,1,0,0,0
target,4179,6,14987979559889014785,16,85,0,1,0,0,0
target,4180,6,14987979559889014785,32,86,0,1,0,0,0
target,4181,6,14987979559889014785,64,80,0,1,0,0,0
target,4182,6,14987979559889014785,8192,90,0,1,0,0,0
target,4183,6,14987979559889014785,16384,89,0,1,0,0,0
target,4184,6,14987979559889014785,32768,91,0,1,0,0,0
target,4185,6,14987979559889014785,65536,85,0,1,0,0,0
target,4186,6,14987979559889014785,131072,85,0,1,0,0,0
target,4187,6,14987979559889014785,16777216,89,0,1,0,0,0
target,4188,6,14987979559889014785,33554432,84,0,1,0,0,0
target,4189,6,14987979559889014785,67108864,83,0,1,0,0,0
target,4190,6,14987979559889014785,134217728,94,0,1,0,0,0
target,4191,6,14987979559889014785,268435456,82,0,1,0,0,0
target,4192,6,14987979559889014786,4,99,0,1,0,0,0
target,4193,6,14987979559889014786,8,86,0,1,0,0,0
target,4194,6,14987979559889014786,16,94,0,1,0,0,0
target,4195,6,14987979559889014786,32,94,0,1,0,0,0
target,4196,6,14987979559889014786,64,84,0,1,0,0,0
target,4197,6,14987979559889014786,8192,102,0,1,0,0,0
target,4198,6,14987979559889014786,16384,87,0,1,0,0,0
target,4199,6,14987979559889014786,32768,97,0,1,0,0,0
target,4200,6,14987979559889014786,65536,92,0,1,0,0,0
target,4201,6,14987979559889014786,131072,88,0,1,0,0,0
target,4202,6,14987979559889014786,16777216,102,0,1,0,0,0
target,4203,6,14987979559889014786,33554432,82,0,1,0,0,0
target,4204,6,14987979559889014786,67108864,90,0,1,0,0,0
target,4205,6,14987979559889014786,134217728,100,0,1,0,0,0
target,4206,6,14987979559889014786,268435456,92,0,1,0,0,0
target,4207,6,14987979559889014788,4,79,0,1,0,0,0
target,4208,6,14987979559889014788,8,81,0,1,0,0,0
target,4209,6,14987979559889014788,32,86,0,1,0,0,0
target,4210,6,14987979559889014788,64,70,0,1,0,0,0
target,4211,6,14987979559889014788,8192,92,0,1,0,0,0
target,4212,6,14987979559889014788,16384,79,0,1,0,0,0
target,4213,6,14987979559889014788,32768,77,0,1,0,0,0
target,4214,6,14987979559889014788,65536,81,0,1,0,0,0
target,4215,6,14987979559889014788,131072,79,0,1,0,0,0
target,4216,6,14987979559889014788,16777216,89,0,1,0,0,0
target,4217,6,14987979559889014788,33554432,72,0,1,0,0,0
target,4218,6,14987979559889014788,67108864,66,0,1,0,0,0
target,4219,6,14987979559889014788,134217728,89,0,1,0,0,0
target,4220,6,14987979559889014788,268435456,78,0,1,0,0,0
target,4221,6,14987979559889014792,8,79,0,1,0,0,0
target,4222,6,14987979559889014792,16,89,0,1,0,0,0
target,4223,6,14987979559889014792,32,84,0,1,0,0,0
target,4224,6,14987979559889014792,8192,91,0,1,0,0,0
target,4225,6,14987979559889014792,16384,90,0,1,0,0,0
target,4226,6,14987979559889014792,32768,89,0,1,0,0,0
target,4227,6,14987979559889014792,65536,70,0,1,0,0,0
target,4228,6,14987979559889014792,131072,75,0,1,0,0,0
target,4229,6,14987979559889014792,16777216,95,0,1,0,0,0
target,4230,6,14987979559889014792,33554432,80,0,1,0,0,0
target,4231,6,14987979559889014792,134217728,86,0,1,0,0,0
target,4232,6,14987979559889014792,268435456,84,0,1,0,0,0
target,4233,6,14987979559889014800,4,95,0,1,0,0,0
target,4234,6,14987979559889014800,8,86,0,1,0,0,0
target,4235,6,14987979559889014800,16,94,0,1,0,0,0
target,4236,6,14987979559889014800,32,96,0,1,0,0,0
target,4237,6,14987979559889014800,64,81,0,1,0,0,0
target,4238,6,14987979559889014800,8192,101,0,1,0,0,0
target,4239,6,14987979559889014800,16384,95,0,1,0,0,0
target,4240,6,14987979559889014800,32768,96,0,1,0,0,0
target,4241,6,14987979559889014800,65536,83,0,1,0,0,0
target,4242,6,14987979559889014800,131072,76,0,1,0,0,0
target,4243,6,14987979559889014800,16777216,94,0,1,0,0,0
target,4244,6,14987979559889014800,33554432,90,0,1,0,0,0
target,4245,6,14987979559889014800,67108864,86,0,1,0,0,0
target,4246,6,14987979559889014800,134217728,96,0,1,0,0,0
target,4247,6,14987979559889014800,268435456,85,0,1,0,0,0
target,4248,6,14987979559889014816,4,90,0,1,0,0,0
target,4249,6,14987979559889014816,8,87,0,1,0,0,0
target,4250,6,14987979559889014816,16,83,0,1,0,0,0
target,4251,6,14987979559889014816,32,83,0,1,0,0,0
target,4252,6,14987979559889014816,64,79,0,1,0,0,0
target,4253,6,14987979559889014816,8192,93,0,1,0,0,0
target,4254,6,14987979559889014816,16384,87,0,1,0,0,0
target,4255,6,14987979559889014816,32768,85,0,1,0,0,0
target,4256,6,14987979559889014816,65536,84,0,1,0,0,0
target,4257,6,14987979559889014816,131072,80,0,1,0,0,0
target,4258,6,14987979559889014816,16777216,93,0,1,0,0,0
target,4259,6,14987979559889014816,33554432,78,0,1,0,0,0
target,4260,6,14987979559889014816,67108864,81,0,1,0,0,0
target,4261,6,14987979559889014816,134217728,87,0,1,0,0,0
target,4262,6,14987979559889014816,268435456,83,0,1,0,0,0
target,4263,6,14987979559889014848,4,93,0,1,0,0,0
target,4264,6,14987979559889014848,8,91,0,1,0,0,0
target,4265,6,14987979559889014848,32,92,0,1,0,0,0
target,4266,6,14987979559889014848,64,80,0,1,0,0,0
target,4267,6,14987979559889014848,8192,98,0,1,0,0,0
target,4268,6,14987979559889014848,16384,92,0,1,0,0,0
target,4269,6,14987979559889014848,32768,91,0,1,0,0,0
target,4270,6,14987979559889014848,65536,85,0,1,0,0,0
target,4271,6,14987979559889014848,131072,87,0,1,0,0,0
target,4272,6,14987979559889014848,16777216,98,0,1,0,0,0
target,4273,6,14987979559889014848,33554432,87,0,1,0,0,0
target,4274,6,14987979559889014848,67108864,85,0,1,0,0,0
target,4275,6,14987979559889014848,134217728,96,0,1,0,0,0
target,4276,6,14987979559889014848,268435456,88,0,1,0,0,0
target,4277,6,14987979559889014912,4,93,0,1,0,0,0
target,4278,6,14987979559889014912,8,81,0,1,0,0,0
target,4279,6,14987979559889014912,16,91,0,1,0,0,0
target,4280,6,14987979559889014912,32,87,0,1,0,0,0
target,4281,6,14987979559889014912,8192,94,0,1,0,0,0
target,4282,6,14987979559889014912,16384,91,0,1,0,0,0
target,4283,6,14987979559889014912,32768,86,0,1,0,0,0
target,4284,6,14987979559889014912,65536,88,0,1,0,0,0
target,4285,6,14987979559889014912,131072,85,0,1,0,0,0
target,4286,6,14987979559889014912,16777216,96,0,1,0,0,0
target,4287,6,14987979559889014912,33554432,84,0,1,0,0,0
target,4288,6,14987979559889014912,67108864,84,0,1,0,0,0
target,4289,6,14987979559889014912,134217728,93,0,1,0,0,0
target,4290,6,14987979559889014912,268435456,86,0,1,0,0,0
target,4291,6,14987979559889015040,4,89,0,1,0,0,0
target,4292,6,14987979559889015040,8,85,0,1,0,0,0
target,4293,6,14987979559889015040,16,80,0,1,0,0,0
target,4294,6,14987979559889015040,32,87,0,1,0,0,0
target,4295,6,14987979559889015040,64,79,0,1,0,0,0
target,4296,6,14987979559889015040,8192,92,0,1,0,0,0
target,4297,6,14987979559889015040,16384,78,0,1,0,0,0
target,4298,6,14987979559889015040,32768,87,0,1,0,0,0
target,4299,6,14987979559889015040,65536,84,0,1,0,0,0
target,4300,6,14987979559889015040,131072,74,0,1,0,0,0
target,4301,6,14987979559889015040,16777216,90,0,1,0,0,0
target,4302,6,14987979559889015040,33554432,81,0,1,0,0,0
target,4303,6,14987979559889015040,67108864,73,0,1,0,0,0
target,4304,6,14987979559889015040,134217728,90,0,1,0,0,0
target,4305,6,14987979559889015040,268435456,79,0,1,0,0,0
target,4306,6,14987979559889015296,4,85,0,1,0,0,0
target,4307,6,14987979559889015296,8,93,0,1,0,0,0
target,4308,6,14987979559889015296,16,96,0,1,0,0,0
target,4309,6,14987979559889015296,32,93,0,1,0,0,0
target,4310,6,14987979559889015296,64,85,0,1,0,0,0
target,4311,6,14987979559889015296,8192,100,0,1,0,0,0
target,4312,6,14987979559889015296,16384,94,0,1,0,0,0
target,4313,6,14987979559889015296,32768,90,0,1,0,0,0
target,4314,6,14987979559889015296,65536,90,0,1,0,0,0
target,4315,6,14987979559889015296,131072,89,0,1,0,0,0
target,4316,6,14987979559889015296,16777216,99,0,1,0,0,0
target,4317,6,14987979559889015296,33554432,78,0,1,0,0,0
target,4318,6,14987979559889015296,67108864,89,0,1,0,0,0
target,4319,6,14987979559889015296,134217728,98,0,1,0,0,0
target,4320,6,14987979559889015296,268435456,90,0,1,0,0,0
target,4321,6,14987979559889015296,34359738368,94,0,1,0,0,0
target,4322,6,14987979559889015808,4,92,0,1,0,0,0
target,4323,6,14987979559889015808,8,87,0,1,0,0,0
target,4324,6,14987979559889015808,16,90,0,1,0,0,0
target,4325,6,14987979559889015808,32,88,0,1,0,0,0
target,4326,6,14987979559889015808,64,70,0,1,0,0,0
target,4327,6,14987979559889015808,8192,95,0,1,0,0,0
target,4328,6,14987979559889015808,16384,89,0,1,0,0,0
target,4329,6,14987979559889015808,32768,90,0,1,0,0,0
target,4330,6,14987979559889015808,65536,77,0,1,0,0,0
target,4331,6,14987979559889015808,131072,84,0,1,0,0,0
target,4332,6,14987979559889015808,16777216,95,0,1,0,0,0
target,4333,6,14987979559889015808,33554432,83,0,1,0,0,0
target,4334,6,14987979559889015808,67108864,76,0,1,0,0,0
target,4335,6,14987979559889015808,134217728,93,0,1,0,0,0
target,4336,6,14987979559889015808,268435456,85,0,1,0,0,0
target,4337,6,14987979559889015808,34359738368,93,0,1,0,0,0
target,4338,6,14987979559889015808,68719476736,80,0,1,0,0,0
target,4339,6,14987979559889015808,70368744177664,82,0,1,0,0,0
target,4340,6,14987979559889016832,4,91,0,1,0,0,0
target,4341,6,14987979559889016832,8,92,0,1,0,0,0
target,4342,6,14987979559889016832,16,94,0,1,0,0,0
target,4343,6,14987979559889016832,32,95,0,1,0,0,0
target,4344,6,14987979559889016832,64,85,0,1,0,0,0
target,4345,6,14987979559889016832,8192,94,0,1,0,0,0
target,4346,6,14987979559889016832,16384,94,0,1,0,0,0
target,4347,6,14987979559889016832,32768,93,0,1,0,0,0
target,4348,6,14987979559889016832,65536,86,0,1,0,0,0
target,4349,6,14987979559889016832,131072,83,0,1,0,0,0
target,4350,6,14987979559889016832,16777216,93,0,1,0,0,0
target,4351,6,14987979559889016832,33554432,84,0,1,0,0,0
target,4352,6,14987979559889016832,67108864,88,0,1,0,0,0
target,4353,6,14987979559889016832,134217728,98,0,1,0,0,0
target,4354,6,14987979559889016832,268435456,89,0,1,0,0,0
target,4355,6,14987979559889018880,68719478784,91,0,1,0,0,0
target,4356,6,14987979559889018880,68723671040,90,0,1,0,0,0
target,4357,6,14987979559889018880,68727865344,93,0,1,0,0,0
target,4358,6,14987979559889019904,68719476736,84,0,1,0,0,0
target,4359,6,14987979559889022976,4,95,0,1,0,0,0
target,4360,6,14987979559889022976,8,89,0,1,0,0,0
target,4361,6,14987979559889022976,16,86,0,1,0,0,0
target,4362,6,14987979559889022976,32,88,0,1,0,0,0
target,4363,6,14987979559889022976,64,83,0,1,0,0,0
target,4364,6,14987979559889022976,8192,97,0,1,0,0,0
target,4365,6,14987979559889022976,16384,92,0,1,0,0,0
target,4366,6,14987979559889022976,32768,90,0,1,0,0,0
target,4367,6,14987979559889022976,65536,88,0,1,0,0,0
target,4368,6,14987979559889022976,16777216,97,0,1,0,0,0
target,4369,6,14987979559889022976,134217728,95,0,1,0,0,0
target,4370,6,14987979559889022976,268435456,87,0,1,0,0,0
target,4371,6,14987979559889027072,68719478784,89,0,1,0,0,0
target,4372,6,14987979559889028096,68719476736,85,0,1,0,0,0
target,4373,6,14987979559889031168,4,93,0,1,0,0,0
target,4374,6,14987979559889031168,8,87,0,1,0,0,0
target,4375,6,14987979559889031168,16,89,0,1,0,0,0
target,4376,6,14987979559889031168,32,82,0,1,0,0,0
target,4377,6,14987979559889031168,64,77,0,1,0,0,0
target,4378,6,14987979559889031168,8192,93,0,1,0,0,0
target,4379,6,14987979559889031168,32768,89,0,1,0,0,0
target,4380,6,14987979559889031168,131072,82,0,1,0,0,0
target,4381,6,14987979559889031168,16777216,94,0,1,0,0,0
target,4382,6,14987979559889031168,33554432,83,0,1,0,0,0
target,4383,6,14987979559889031168,67108864,85,0,1,0,0,0
target,4384,6,14987979559889031168,134217728,83,0,1,0,0,0
target,4385,6,14987979559889031168,268435456,73,0,1,0,0,0
target,4386,6,14987979559889044480,68719476736,78,0,1,0,0,0
target,4387,6,14987979559889047552,4,81,0,1,0,0,0
target,4388,6,14987979559889047552,16,78,0,1,0,0,0
target,4389,6,14987979559889047552,32,80,0,1,0,0,0
target,4390,6,14987979559889047552,8192,84,0,1,0,0,0
target,4391,6,14987979559889047552,16384,74,0,1,0,0,0
target,4392,6,14987979559889047552,32768,72,0,1,0,0,0
target,4393,6,14987979559889047552,65536,75,0,1,0,0,0
target,4394,6,14987979559889047552,131072,74,0,1,0,0,0
target,4395,6,14987979559889047552,16777216,84,0,1,0,0,0
target,4396,6,14987979559889047552,33554432,75,0,1,0,0,0
target,4397,6,14987979559889047552,67108864,75,0,1,0,0,0
target,4398,6,14987979559889047552,134217728,76,0,1,0,0,0
target,4399,6,14987979559889047552,268435456,61,0,1,0,0,0
target,4400,6,14987979559889077248,68719476736,71,0,1,0,0,0
target,4401,6,14987979559889080320,4,79,0,1,0,0,0
target,4402,6,14987979559889080320,8,85,0,1,0,0,0
target,4403,6,14987979559889080320,16,86,0,1,0,0,0
target,4404,6,14987979559889080320,32,86,0,1,0,0,0
target,4405,6,14987979559889080320,64,73,0,1,0,0,0
target,4406,6,14987979559889080320,8192,91,0,1,0,0,0
target,4407,6,14987979559889080320,16384,81,0,1,0,0,0
target,4408,6,14987979559889080320,32768,80,0,1,0,0,0
target,4409,6,14987979559889080320,65536,80,0,1,0,0,0
target,4410,6,14987979559889080320,131072,83,0,1,0,0,0
target,4411,6,14987979559889080320,16777216,91,0,1,0,0,0
target,4412,6,14987979559889080320,67108864,81,0,1,0,0,0
target,4413,6,14987979559889080320,134217728,90,0,1,0,0,0
target,4414,6,14987979559889080320,268435456,74,0,1,0,0,0
target,4415,6,14987979559889145856,4,92,0,1,0,0,0
target,4416,6,14987979559889145856,8,79,0,1,0,0,0
target,4417,6,14987979559889145856,16,91,0,1,0,0,0
target,4418,6,14987979559889145856,32,86,0,1,0,0,0
target,4419,6,14987979559889145856,64,80,0,1,0,0,0
target,4420,6,14987979559889145856,8192,88,0,1,0,0,0
target,4421,6,14987979559889145856,16384,90,0,1,0,0,0
target,4422,6,14987979559889145856,32768,90,0,1,0,0,0
target,4423,6,14987979559889145856,65536,76,0,1,0,0,0
target,4424,6,14987979559889145856,131072,73,0,1,0,0,0
target,4425,6,14987979559889145856,16777216,93,0,1,0,0,0
target,4426,6,14987979559889145856,33554432,81,0,1,0,0,0
target,4427,6,14987979559889145856,67108864,80,0,1,0,0,0
target,4428,6,14987979559889145856,134217728,93,0,1,0,0,0
target,4429,6,14987979559889145856,268435456,85,0,1,0,0,0
target,4430,6,14987979559889276928,4,86,0,1,0,0,0
target,4431,6,14987979559889276928,8,84,0,1,0,0,0
target,4432,6,14987979559889276928,32,84,0,1,0,0,0
target,4433,6,14987979559889276928,64,72,0,1,0,0,0
target,4434,6,14987979559889276928,8192,87,0,1,0,0,0
target,4435,6,14987979559889276928,16384,84,0,1,0,0,0
target,4436,6,14987979559889276928,32768,85,0,1,0,0,0
target,4437,6,14987979559889276928,65536,79,0,1,0,0,0
target,4438,6,14987979559889276928,131072,78,0,1,0,0,0
target,4439,6,14987979559889276928,16777216,82,0,1,0,0,0
target,4440,6,14987979559889276928,33554432,79,0,1,0,0,0
target,4441,6,14987979559889276928,67108864,79,0,1,0,0,0
target,4442,6,14987979559889276928,134217728,88,0,1,0,0,0
target,4443,6,14987979559889276928,268435456,80,0,1,0,0,0
target,4444,6,14987979559889539072,4,88,0,1,0,0,0
target,4445,6,14987979559889539072,8,83,0,1,0,0,0
target,4446,6,14987979559889539072,16,87,0,1,0,0,0
target,4447,6,14987979559889539072,32,80,0,1,0,0,0
target,4448,6,14987979559889539072,64,76,0,1,0,0,0
target,4449,6,14987979559889539072,8192,91,0,1,0,0,0
target,4450,6,14987979559889539072,16384,86,0,1,0,0,0
target,4451,6,14987979559889539072,32768,79,0,1,0,0,0
target,4452,6,14987979559889539072,65536,83,0,1,0,0,0
target,4453,6,14987979559889539072,16777216,92,0,1,0,0,0
target,4454,6,14987979559889539072,33554432,85,0,1,0,0,0
target,4455,6,14987979559889539072,67108864,80,0,1,0,0,0
target,4456,6,14987979559889539072,134217728,90,0,1,0,0,0
target,4457,6,14987979559889539072,268435456,80,0,1,0,0,0
target,4458,6,14987979559890059265,68719476736,80,0,1,0,0,0
target,4459,6,14987979559890059266,68719476736,73,0,1,0,0,0
target,4460,6,14987979559890059268,68719476736,82,0,1,0,0,0
target,4461,6,14987979559890059272,68719476736,82,0,1,0,0,0
target,4462,6,14987979559890059280,68719476736,72,0,1,0,0,0
target,4463,6,14987979559890061312,68719476736,73,0,1,0,0,0
target,4464,6,14987979559890063360,4,89,0,1,0,0,0
target,4465,6,14987979559890063360,8,87,0,1,0,0,0
target,4466,6,14987979559890063360,16,86,0,1,0,0,0
target,4467,6,14987979559890063360,32,87,0,1,0,0,0
target,4468,6,14987979559890063360,64,68,0,1,0,0,0
target,4469,6,14987979559890063360,8192,92,0,1,0,0,0
target,4470,6,14987979559890063360,16384,83,0,1,0,0,0
target,4471,6,14987979559890063360,32768,86,0,1,0,0,0
target,4472,6,14987979559890063360,65536,75,0,1,0,0,0
target,4473,6,14987979559890063360,131072,81,0,1,0,0,0
target,4474,6,14987979559890063360,16777216,91,0,1,0,0,0
target,4475,6,14987979559890063360,33554432,82,0,1,0,0,0
target,4476,6,14987979559890063360,67108864,65,0,1,0,0,0
target,4477,6,14987979559890063360,134217728,87,0,1,0,0,0
target,4478,6,14987979559890063360,268435456,81,0,1,0,0,0
target,4479,6,14987979559890063360,34359738368,91,0,1,0,0,0
target,4480,6,14987979559890063360,68719476736,79,0,1,0,0,0
target,4481,6,14987979559890067456,68719476736,69,0,1,0,0,0
target,4482,6,14987979559890124800,68719476736,73,0,1,0,0,0
target,4483,6,14987979559891107841,68719476736,98,0,1,0,0,0
target,4484,6,14987979559891107842,68719476736,93,0,1,0,0,0
target,4485,6,14987979559891107844,68719476736,98,0,1,0,0,0
target,4486,6,14987979559891107848,68719476736,96,0,1,0,0,0
target,4487,6,14987979559891107856,68719476736,96,0,1,0,0,0
target,4488,6,14987979559891107872,68719476736,93,0,1,0,0,0
target,4489,6,14987979559891109888,68719476736,96,0,1,0,0,0
target,4490,6,14987979559891111936,4,85,0,1,0,0,0
target,4491,6,14987979559891111936,8,90,0,1,0,0,0
target,4492,6,14987979559891111936,16,92,0,1,0,0,0
target,4493,6,14987979559891111936,32,93,0,1,0,0,0
target,4494,6,14987979559891111936,64,83,0,1,0,0,0
target,4495,6,14987979559891111936,8192,99,0,1,0,0,0
target,4496,6,14987979559891111936,16384,94,0,1,0,0,0
target,4497,6,14987979559891111936,32768,92,0,1,0,0,0
target,4498,6,14987979559891111936,65536,90,0,1,0,0,0
target,4499,6,14987979559891111936,131072,84,0,1,0,0,0
target,4500,6,14987979559891111936,16777216,99,0,1,0,0,0
target,4501,6,14987979559891111936,33554432,82,0,1,0,0,0
target,4502,6,14987979559891111936,67108864,87,0,1,0,0,0
target,4503,6,14987979559891111936,134217728,92,0,1,0,0,0
target,4504,6,14987979559891111936,268435456,88,0,1,0,0,0
target,4505,6,14987979559891111936,34359738368,97,0,1,0,0,0
target,4506,6,14987979559891111936,68719476736,95,0,1,0,0,0
target,4507,6,14987979559891140608,68719476736,89,0,1,0,0,0
target,4508,6,14987979559893206016,68719476736,87,0,1,0,0,0
target,4509,6,14987979559893209088,4,87,0,1,0,0,0
target,4510,6,14987979559893209088,16,91,0,1,0,0,0
target,4511,6,14987979559893209088,32,92,0,1,0,0,0
target,4512,6,14987979559893209088,8192,90,0,1,0,0,0
target,4513,6,14987979559893209088,16384,88,0,1,0,0,0
target,4514,6,14987979559893209088,32768,88,0,1,0,0,0
target,4515,6,14987979559893209088,65536,88,0,1,0,0,0
target,4516,6,14987979559893209088,131072,87,0,1,0,0,0
target,4517,6,14987979559893209088,16777216,91,0,1,0,0,0
target,4518,6,14987979559893209088,33554432,83,0,1,0,0,0
target,4519,6,14987979559893209088,67108864,86,0,1,0,0,0
target,4520,6,14987979559893209088,134217728,95,0,1,0,0,0
target,4521,6,14987979559894253568,68719476736,84,0,1,0,0,0
target,4522,6,14987979559897400320,68719476736,77,0,1,0,0,0
target,4523,6,14987979559897403392,4,95,0,1,0,0,0
target,4524,6,14987979559897403392,8,83,0,1,0,0,0
target,4525,6,14987979559897403392,16,91,0,1,0,0,0
target,4526,6,14987979559897403392,32,91,0,1,0,0,0
target,4527,6,14987979559897403392,64,78,0,1,0,0,0
target,4528,6,14987979559897403392,8192,98,0,1,0,0,0
target,4529,6,14987979559897403392,16384,78,0,1,0,0,0
target,4530,6,14987979559897403392,32768,93,0,1,0,0,0
target,4531,6,14987979559897403392,65536,83,0,1,0,0,0
target,4532,6,14987979559897403392,131072,85,0,1,0,0,0
target,4533,6,14987979559897403392,16777216,98,0,1,0,0,0
target,4534,6,14987979559897403392,33554432,82,0,1,0,0,0
target,4535,6,14987979559897403392,67108864,86,0,1,0,0,0
target,4536,6,14987979559897403392,134217728,89,0,1,0,0,0
target,4537,6,14987979559897403392,268435456,74,0,1,0,0,0
target,4538,6,14987979559898447872,68719476736,64,0,1,0,0,0
target,4539,6,14987979559905792000,4,85,0,1,0,0,0
target,4540,6,14987979559905792000,8,86,0,1,0,0,0
target,4541,6,14987979559905792000,16,81,0,1,0,0,0
target,4542,6,14987979559905792000,32,82,0,1,0,0,0
target,4543,6,14987979559905792000,64,74,0,1,0,0,0
target,4544,6,14987979559905792000,8192,92,0,1,0,0,0
target,4545,6,14987979559905792000,16384,84,0,1,0,0,0
target,4546,6,14987979559905792000,32768,76,0,1,0,0,0
target,4547,6,14987979559905792000,65536,80,0,1,0,0,0
target,4548,6,14987979559905792000,131072,80,0,1,0,0,0
target,4549,6,14987979559905792000,16777216,92,0,1,0,0,0
target,4550,6,14987979559905792000,33554432,83,0,1,0,0,0
target,4551,6,14987979559905792000,67108864,82,0,1,0,0,0
target,4552,6,14987979559905792000,134217728,90,0,1,0,0,0
target,4553,6,14987979559905792000,268435456,70,0,1,0,0,0
target,4554,6,14987979559906836480,68719476736,72,0,1,0,0,0
target,4555,6,14987979559922566144,68719476736,86,0,1,0,0,0
target,4556,6,14987979559922569216,4,88,0,1,0,0,0
target,4557,6,14987979559922569216,8,93,0,1,0,0,0
target,4558,6,14987979559922569216,16,93,0,1,0,0,0
target,4559,6,14987979559922569216,32,90,0,1,0,0,0
target,4560,6,14987979559922569216,64,80,0,1,0,0,0
target,4561,6,14987979559922569216,8192,95,0,1,0,0,0
target,4562,6,14987979559922569216,16384,93,0,1,0,0,0
target,4563,6,14987979559922569216,32768,89,0,1,0,0,0
target,4564,6,14987979559922569216,65536,80,0,1,0,0,0
target,4565,6,14987979559922569216,131072,87,0,1,0,0,0
target,4566,6,14987979559922569216,16777216,95,0,1,0,0,0
target,4567,6,14987979559922569216,33554432,79,0,1,0,0,0
target,4568,6,14987979559922569216,67108864,87,0,1,0,0,0
target,4569,6,14987979559922569216,134217728,96,0,1,0,0,0
target,4570,6,14987979559922569216,268435456,88,0,1,0,0,0
target,4571,6,14987979559923613696,68719476736,82,0,1,0,0,0
target,4572,6,14987979559956120576,68719476736,73,0,1,0,0,0
target,4573,6,14987979559956123648,4,77,0,1,0,0,0
target,4574,6,14987979559956123648,8,78,0,1,0,0,0
target,4575,6,14987979559956123648,16,78,0,1,0,0,0
target,4576,6,14987979559956123648,32,83,0,1,0,0,0
target,4577,6,14987979559956123648,64,67,0,1,0,0,0
target,4578,6,14987979559956123648,8192,87,0,1,0,0,0
target,4579,6,14987979559956123648,16384,82,0,1,0,0,0
target,4580,6,14987979559956123648,32768,84,0,1,0,0,0
target,4581,6,14987979559956123648,65536,77,0,1,0,0,0
target,4582,6,14987979559956123648,16777216,87,0,1,0,0,0
target,4583,6,14987979559956123648,134217728,86,0,1,0,0,0
target,4584,6,14987979559956123648,268435456,74,0,1,0,0,0
target,4585,6,14987979559957168128,68719476736,76,0,1,0,0,0
target,4586,6,14987979560023232512,4,87,0,1,0,0,0
target,4587,6,14987979560023232512,16,84,0,1,0,0,0
target,4588,6,14987979560023232512,32,84,0,1,0,0,0
target,4589,6,14987979560023232512,8192,84,0,1,0,0,0
target,4590,6,14987979560023232512,16384,85,0,1,0,0,0
target,4591,6,14987979560023232512,32768,85,0,1,0,0,0
target,4592,6,14987979560023232512,65536,82,0,1,0,0,0
target,4593,6,14987979560023232512,131072,75,0,1,0,0,0
target,4594,6,14987979560023232512,16777216,91,0,1,0,0,0
target,4595,6,14987979560023232512,33554432,80,0,1,0,0,0
target,4596,6,14987979560023232512,67108864,75,0,1,0,0,0
target,4597,6,14987979560023232512,134217728,86,0,1,0,0,0
target,4598,6,14987979560023232512,268435456,83,0,1,0,0,0
target,4599,6,14987979560157450240,4,85,0,1,0,0,0
target,4600,6,14987979560157450240,8,93,0,1,0,0,0
target,4601,6,14987979560157450240,16,85,0,1,0,0,0
target,4602,6,14987979560157450240,32,88,0,1,0,0,0
target,4603,6,14987979560157450240,64,80,0,1,0,0,0
target,4604,6,14987979560157450240,8192,97,0,1,0,0,0
target,4605,6,14987979560157450240,16384,80,0,1,0,0,0
target,4606,6,14987979560157450240,32768,92,0,1,0,0,0
target,4607,6,14987979560157450240,65536,86,0,1,0,0,0
target,4608,6,14987979560157450240,131072,86,0,1,0,0,0
target,4609,6,14987979560157450240,16777216,91,0,1,0,0,0
target,4610,6,14987979560157450240,33554432,86,0,1,0,0,0
target,4611,6,14987979560157450240,67108864,84,0,1,0,0,0
target,4612,6,14987979560157450240,134217728,87,0,1,0,0,0
target,4613,6,14987979560157450240,268435456,81,0,1,0,0,0
target,4614,6,14987979560425885696,4,91,0,1,0,0,0
target,4615,6,14987979560425885696,16,89,0,1,0,0,0
target,4616,6,14987979560425885696,32,84,0,1,0,0,0
target,4617,6,14987979560425885696,64,82,0,1,0,0,0
target,4618,6,14987979560425885696,8192,90,0,1,0,0,0
target,4619,6,14987979560425885696,16384,89,0,1,0,0,0
target,4620,6,14987979560425885696,32768,79,0,1,0,0,0
target,4621,6,14987979560425885696,65536,85,0,1,0,0,0
target,4622,6,14987979560425885696,131072,84,0,1,0,0,0
target,4623,6,14987979560425885696,16777216,96,0,1,0,0,0
target,4624,6,14987979560425885696,33554432,78,0,1,0,0,0
target,4625,6,14987979560425885696,67108864,84,0,1,0,0,0
target,4626,6,14987979560425885696,134217728,94,0,1,0,0,0
target,4627,6,14987979560425885696,268435456,76,0,1,0,0,0
target,4628,6,14987979560962756608,4,80,0,1,0,0,0
target,4629,6,14987979560962756608,16,81,0,1,0,0,0
target,4630,6,14987979560962756608,32,81,0,1,0,0,0
target,4631,6,14987979560962756608,64,62,0,1,0,0,0
target,4632,6,14987979560962756608,8192,87,0,1,0,0,0
target,4633,6,14987979560962756608,16384,81,0,1,0,0,0
target,4634,6,14987979560962756608,32768,82,0,1,0,0,0
target,4635,6,14987979560962756608,65536,66,0,1,0,0,0
target,4636,6,14987979560962756608,131072,77,0,1,0,0,0
target,4637,6,14987979560962756608,16777216,82,0,1,0,0,0
target,4638,6,14987979560962756608,33554432,80,0,1,0,0,0
target,4639,6,14987979560962756608,67108864,69,0,1,0,0,0
target,4640,6,14987979560962756608,134217728,86,0,1,0,0,0
target,4641,6,14987979560962756608,268435456,73,0,1,0,0,0
target,4642,6,14987979562036494337,68719476736,98,0,1,0,0,0
target,4643,6,14987979562036494338,68719476736,95,0,1,0,0,0
target,4644,6,14987979562036494340,68719476736,98,0,1,0,0,0
target,4645,6,14987979562036494344,68719476736,90,0,1,0,0,0
target,4646,6,14987979562036494352,68719476736,96,0,1,0,0,0
target,4647,6,14987979562036494368,68719476736,93,0,1,0,0,0
target,4648,6,14987979562036498432,4,96,0,1,0,0,0
target,4649,6,14987979562036498432,8,90,0,1,0,0,0
target,4650,6,14987979562036498432,16,88,0,1,0,0,0
target,4651,6,14987979562036498432,32,94,0,1,0,0,0
target,4652,6,14987979562036498432,64,83,0,1,0,0,0
target,4653,6,14987979562036498432,8192,99,0,1,0,0,0
target,4654,6,14987979562036498432,16384,93,0,1,0,0,0
target,4655,6,14987979562036498432,32768,94,0,1,0,0,0
target,4656,6,14987979562036498432,65536,90,0,1,0,0,0
target,4657,6,14987979562036498432,131072,84,0,1,0,0,0
target,4658,6,14987979562036498432,16777216,99,0,1,0,0,0
target,4659,6,14987979562036498432,33554432,89,0,1,0,0,0
target,4660,6,14987979562036498432,67108864,86,0,1,0,0,0
target,4661,6,14987979562036498432,134217728,91,0,1,0,0,0
target,4662,6,14987979562036498432,268435456,88,0,1,0,0,0
target,4663,6,14987979562036498432,34359738368,84,0,1,0,0,0
target,4664,6,14987979562036498432,68719476736,95,0,1,0,0,0
target,4665,6,14987979562036502528,68719476736,94,0,1,0,0,0
target,4666,6,14987979562036510720,68719476736,96,0,1,0,0,0
target,4667,6,14987979562036527104,68719476736,91,0,1,0,0,0
target,4668,6,14987979562036559872,68719476736,88,0,1,0,0,0
target,4669,6,14987979564183977985,68719476736,89,0,1,0,0,0
target,4670,6,14987979564183977986,68719476736,86,0,1,0,0,0
target,4671,6,14987979564183978000,68719476736,81,0,1,0,0,0
target,4672,6,14987979564183978016,68719476736,88,0,1,0,0,0
target,4673,6,14987979564183982080,4,92,0,1,0,0,0
target,4674,6,14987979564183982080,8,90,0,1,0,0,0
target,4675,6,14987979564183982080,16,89,0,1,0,0,0
target,4676,6,14987979564183982080,32,87,0,1,0,0,0
target,4677,6,14987979564183982080,8192,94,0,1,0,0,0
target,4678,6,14987979564183982080,16384,89,0,1,0,0,0
target,4679,6,14987979564183982080,32768,90,0,1,0,0,0
target,4680,6,14987979564183982080,65536,87,0,1,0,0,0
target,4681,6,14987979564183982080,131072,84,0,1,0,0,0
target,4682,6,14987979564183982080,16777216,95,0,1,0,0,0
target,4683,6,14987979564183982080,33554432,84,0,1,0,0,0
target,4684,6,14987979564183982080,67108864,83,0,1,0,0,0
target,4685,6,14987979564183982080,134217728,93,0,1,0,0,0
target,4686,6,14987979564183982080,268435456,76,0,1,0,0,0
target,4687,6,14987979564183982080,34359738368,93,0,1,0,0,0
target,4688,6,14987979564183982080,68719476736,88,0,1,0,0,0
target,4689,6,14987979564183986176,68719476736,81,0,1,0,0,0
target,4690,6,14987979564183994368,68719476736,85,0,1,0,0,0
target,4691,6,14987979564184010752,68719476736,83,0,1,0,0,0
target,4692,6,14987979564184043520,68719476736,77,0,1,0,0,0
target,4693,6,14987979568478946304,68719476736,87,0,1,0,0,0
target,4694,6,14987979568478949376,4,88,0,1,0,0,0
target,4695,6,14987979568478949376,8,88,0,1,0,0,0
target,4696,6,14987979568478949376,16,97,0,1,0,0,0
target,4697,6,14987979568478949376,64,87,0,1,0,0,0
target,4698,6,14987979568478949376,8192,102,0,1,0,0,0
target,4699,6,14987979568478949376,16384,95,0,1,0,0,0
target,4700,6,14987979568478949376,32768,99,0,1,0,0,0
target,4701,6,14987979568478949376,65536,84,0,1,0,0,0
target,4702,6,14987979568478949376,131072,81,0,1,0,0,0
target,4703,6,14987979568478949376,16777216,99,0,1,0,0,0
target,4704,6,14987979568478949376,33554432,84,0,1,0,0,0
target,4705,6,14987979568478949376,67108864,91,0,1,0,0,0
target,4706,6,14987979568478949376,134217728,97,0,1,0,0,0
target,4707,6,14987979568478949376,268435456,92,0,1,0,0,0
target,4708,6,14987979568479993856,68719476736,83,0,1,0,0,0
target,4709,6,14987979577068880896,68719476736,77,0,1,0,0,0
target,4710,6,14987979577068883968,4,91,0,1,0,0,0
target,4711,6,14987979577068883968,8,86,0,1,0,0,0
target,4712,6,14987979577068883968,16,90,0,1,0,0,0
target,4713,6,14987979577068883968,32,96,0,1,0,0,0
target,4714,6,14987979577068883968,64,74,0,1,0,0,0
target,4715,6,14987979577068883968,8192,102,0,1,0,0,0
target,4716,6,14987979577068883968,16384,89,0,1,0,0,0
target,4717,6,14987979577068883968,32768,97,0,1,0,0,0
target,4718,6,14987979577068883968,65536,90,0,1,0,0,0
target,4719,6,14987979577068883968,131072,89,0,1,0,0,0
target,4720,6,14987979577068883968,16777216,102,0,1,0,0,0
target,4721,6,14987979577068883968,33554432,76,0,1,0,0,0
target,4722,6,14987979577068883968,67108864,88,0,1,0,0,0
target,4723,6,14987979577068883968,134217728,100,0,1,0,0,0
target,4724,6,14987979577068883968,268435456,91,0,1,0,0,0
target,4725,6,14987979577069928448,68719476736,82,0,1,0,0,0
target,4726,6,14987979594248750080,68719476736,82,0,1,0,0,0
target,4727,6,14987979594249797632,68719476736,79,0,1,0,0,0
target,4728,6,14987979628608491520,4,84,0,1,0,0,0
target,4729,6,14987979628608491520,8,81,0,1,0,0,0
target,4730,6,14987979628608491520,16,85,0,1,0,0,0
target,4731,6,14987979628608491520,32,78,0,1,0,0,0
target,4732,6,14987979628608491520,64,68,0,1,0,0,0
target,4733,6,14987979628608491520,8192,89,0,1,0,0,0
target,4734,6,14987979628608491520,16384,84,0,1,0,0,0
target,4735,6,14987979628608491520,32768,84,0,1,0,0,0
target,4736,6,14987979628608491520,65536,81,0,1,0,0,0
target,4737,6,14987979628608491520,131072,76,0,1,0,0,0
target,4738,6,14987979628608491520,16777216,90,0,1,0,0,0
target,4739,6,14987979628608491520,33554432,75,0,1,0,0,0
target,4740,6,14987979628608491520,67108864,78,0,1,0,0,0
target,4741,6,14987979628608491520,134217728,82,0,1,0,0,0
target,4742,6,14987979628608491520,268435456,79,0,1,0,0,0
target,4743,6,14987979697327965184,68719476736,74,0,1,0,0,0
target,4744,6,14987979697327968256,4,91,0,1,0,0,0
target,4745,6,14987979697327968256,8,84,0,1,0,0,0
target,4746,6,14987979697327968256,16,84,0,1,0,0,0
target,4747,6,14987979697327968256,32,87,0,1,0,0,0
target,4748,6,14987979697327968256,64,74,0,1,0,0,0
target,4749,6,14987979697327968256,8192,94,0,1,0,0,0
target,4750,6,14987979697327968256,16384,90,0,1,0,0,0
target,4751,6,14987979697327968256,32768,88,0,1,0,0,0
target,4752,6,14987979697327968256,65536,87,0,1,0,0,0
target,4753,6,14987979697327968256,131072,79,0,1,0,0,0
target,4754,6,14987979697327968256,16777216,96,0,1,0,0,0
target,4755,6,14987979697327968256,33554432,86,0,1,0,0,0
target,4756,6,14987979697327968256,67108864,83,0,1,0,0,0
target,4757,6,14987979697327968256,134217728,94,0,1,0,0,0
target,4758,6,14987979697327968256,268435456,78,0,1,0,0,0
target,4759,6,14987979697329012736,68719476736,71,0,1,0,0,0
target,4760,6,14987979834766921728,4,88,0,1,0,0,0
target,4761,6,14987979834766921728,8,85,0,1,0,0,0
target,4762,6,14987979834766921728,16,77,0,1,0,0,0
target,4763,6,14987979834766921728,32,82,0,1,0,0,0
target,4764,6,14987979834766921728,64,76,0,1,0,0,0
target,4765,6,14987979834766921728,8192,91,0,1,0,0,0
target,4766,6,14987979834766921728,32768,86,0,1,0,0,0
target,4767,6,14987979834766921728,131072,80,0,1,0,0,0
target,4768,6,14987979834766921728,16777216,87,0,1,0,0,0
target,4769,6,14987979834766921728,33554432,80,0,1,0,0,0
target,4770,6,14987979834766921728,67108864,77,0,1,0,0,0
target,4771,6,14987979834766921728,134217728,89,0,1,0,0,0
target,4772,6,14987979834766921728,268435456,78,0,1,0,0,0
target,4773,6,14987980109644828672,4,81,0,1,0,0,0
target,4774,6,14987980109644828672,8,87,0,1,0,0,0
target,4775,6,14987980109644828672,16,82,0,1,0,0,0
target,4776,6,14987980109644828672,32,78,0,1,0,0,0
target,4777,6,14987980109644828672,64,74,0,1,0,0,0
target,4778,6,14987980109644828672,8192,92,0,1,0,0,0
target,4779,6,14987980109644828672,16384,87,0,1,0,0,0
target,4780,6,14987980109644828672,32768,79,0,1,0,0,0
target,4781,6,14987980109644828672,65536,80,0,1,0,0,0
target,4782,6,14987980109644828672,131072,80,0,1,0,0,0
target,4783,6,14987980109644828672,16777216,92,0,1,0,0,0
target,4784,6,14987980109644828672,33554432,71,0,1,0,0,0
target,4785,6,14987980109644828672,67108864,81,0,1,0,0,0
target,4786,6,14987980109644828672,134217728,90,0,1,0,0,0
target,4787,6,14987980109644828672,268435456,78,0,1,0,0,0
target,4788,6,14987980659400642560,4,86,0,1,0,0,0
target,4789,6,14987980659400642560,8,68,0,1,0,0,0
target,4790,6,14987980659400642560,16,82,0,1,0,0,0
target,4791,6,14987980659400642560,32,83,0,1,0,0,0
target,4792,6,14987980659400642560,64,66,0,1,0,0,0
target,4793,6,14987980659400642560,8192,89,0,1,0,0,0
target,4794,6,14987980659400642560,32768,83,0,1,0,0,0
target,4795,6,14987980659400642560,65536,64,0,1,0,0,0
target,4796,6,14987980659400642560,131072,69,0,1,0,0,0
target,4797,6,14987980659400642560,16777216,89,0,1,0,0,0
target,4798,6,14987980659400642560,33554432,81,0,1,0,0,0
target,4799,6,14987980659400642560,67108864,62,0,1,0,0,0
target,4800,6,14987980659400642560,134217728,86,0,1,0,0,0
target,4801,6,14987980659400642560,268435456,77,0,1,0,0,0
target,4802,6,14987981758912270336,4,96,0,1,0,0,0
target,4803,6,14987981758912270336,8,92,0,1,0,0,0
target,4804,6,14987981758912270336,16,92,0,1,0,0,0
target,4805,6,14987981758912270336,32,94,0,1,0,0,0
target,4806,6,14987981758912270336,64,77,0,1,0,0,0
target,4807,6,14987981758912270336,8192,97,0,1,0,0,0
target,4808,6,14987981758912270336,32768,94,0,1,0,0,0
target,4809,6,14987981758912270336,65536,92,0,1,0,0,0
target,4810,6,14987981758912270336,131072,81,0,1,0,0,0
target,4811,6,14987981758912270336,16777216,99,0,1,0,0,0
target,4812,6,14987981758912270336,33554432,88,0,1,0,0,0
target,4813,6,14987981758912270336,67108864,87,0,1,0,0,0
target,4814,6,14987981758912270336,134217728,93,0,1,0,0,0
target,4815,6,14987981758912270336,268435456,88,0,1,0,0,0
target,4816,6,14987983957935521793,68719476736,86,0,1,0,0,0
target,4817,6,14987983957935521794,68719476736,87,0,1,0,0,0
target,4818,6,14987983957935521796,68719476736,87,0,1,0,0,0
target,4819,6,14987983957935521800,68719476736,80,0,1,0,0,0
target,4820,6,14987983957935521808,68719476736,87,0,1,0,0,0
target,4821,6,14987983957935521824,68719476736,86,0,1,0,0,0
target,4822,6,14987983957935525888,4,83,0,1,0,0,0
target,4823,6,14987983957935525888,8,89,0,1,0,0,0
target,4824,6,14987983957935525888,16,87,0,1,0,0,0
target,4825,6,14987983957935525888,32,83,0,1,0,0,0
target,4826,6,14987983957935525888,64,73,0,1,0,0,0
target,4827,6,14987983957935525888,8192,93,0,1,0,0,0
target,4828,6,14987983957935525888,16384,85,0,1,0,0,0
target,4829,6,14987983957935525888,32768,84,0,1,0,0,0
target,4830,6,14987983957935525888,65536,85,0,1,0,0,0
target,4831,6,14987983957935525888,131072,83,0,1,0,0,0
target,4832,6,14987983957935525888,16777216,93,0,1,0,0,0
target,4833,6,14987983957935525888,33554432,83,0,1,0,0,0
target,4834,6,14987983957935525888,67108864,81,0,1,0,0,0
target,4835,6,14987983957935525888,134217728,91,0,1,0,0,0
target,4836,6,14987983957935525888,268435456,75,0,1,0,0,0
target,4837,6,14987983957935525888,34359738368,90,0,1,0,0,0
target,4838,6,14987983957935525888,68719476736,86,0,1,0,0,0
target,4839,6,14987983957935529984,68719476736,90,0,1,0,0,0
target,4840,6,14987983957935554560,68719476736,84,0,1,0,0,0
target,4841,6,14987988355982032897,68719476736,91,0,1,0,0,0
target,4842,6,14987988355982032898,68719476736,82,0,1,0,0,0
target,4843,6,14987988355982032900,68719476736,93,0,1,0,0,0
target,4844,6,14987988355982032912,68719476736,92,0,1,0,0,0
target,4845,6,14987988355982032928,68719476736,90,0,1,0,0,0
target,4846,6,14987988355982036992,4,94,0,1,0,0,0
target,4847,6,14987988355982036992,8,89,0,1,0,0,0
target,4848,6,14987988355982036992,16,90,0,1,0,0,0
target,4849,6,14987988355982036992,32,91,0,1,0,0,0
target,4850,6,14987988355982036992,64,81,0,1,0,0,0
target,4851,6,14987988355982036992,8192,96,0,1,0,0,0
target,4852,6,14987988355982036992,16384,92,0,1,0,0,0
target,4853,6,14987988355982036992,32768,91,0,1,0,0,0
target,4854,6,14987988355982036992,65536,87,0,1,0,0,0
target,4855,6,14987988355982036992,131072,84,0,1,0,0,0
target,4856,6,14987988355982036992,16777216,96,0,1,0,0,0
target,4857,6,14987988355982036992,33554432,85,0,1,0,0,0
target,4858,6,14987988355982036992,67108864,85,0,1,0,0,0
target,4859,6,14987988355982036992,134217728,94,0,1,0,0,0
target,4860,6,14987988355982036992,268435456,86,0,1,0,0,0
target,4861,6,14987988355982036992,34359738368,94,0,1,0,0,0
target,4862,6,14987988355982036992,68719476736,91,0,1,0,0,0
target,4863,6,14987988355982041088,68719476736,91,0,1,0,0,0
target,4864,6,14987988355982049280,68719476736,91,0,1,0,0,0
target,4865,6,14987988355982065664,68719476736,83,0,1,0,0,0
target,4866,6,14987988355982098432,68719476736,80,0,1,0,0,0
target,4867,6,14987997152075056128,68719476736,86,0,1,0,0,0
target,4868,6,14987997152075059200,4,99,0,1,0,0,0
target,4869,6,14987997152075059200,8,86,0,1,0,0,0
target,4870,6,14987997152075059200,32,95,0,1,0,0,0
target,4871,6,14987997152075059200,64,85,0,1,0,0,0
target,4872,6,14987997152075059200,8192,99,0,1,0,0,0
target,4873,6,14987997152075059200,16384,84,0,1,0,0,0
target,4874,6,14987997152075059200,32768,94,0,1,0,0,0
target,4875,6,14987997152075059200,65536,80,0,1,0,0,0
target,4876,6,14987997152075059200,131072,81,0,1,0,0,0
target,4877,6,14987997152075059200,16777216,100,0,1,0,0,0
target,4878,6,14987997152075059200,33554432,91,0,1,0,0,0
target,4879,6,14987997152075059200,67108864,80,0,1,0,0,0
target,4880,6,14987997152075059200,134217728,93,0,1,0,0,0
target,4881,6,14987997152075059200,268435456,82,0,1,0,0,0
target,4882,6,14987997152076103680,68719476736,71,0,1,0,0,0
target,4883,6,14988014744261100544,68719476736,81,0,1,0,0,0
target,4884,6,14988014744261103616,4,93,0,1,0,0,0
target,4885,6,14988014744261103616,8,85,0,1,0,0,0
target,4886,6,14988014744261103616,16,89,0,1,0,0,0
target,4887,6,14988014744261103616,32,88,0,1,0,0,0
target,4888,6,14988014744261103616,64,82,0,1,0,0,0
target,4889,6,14988014744261103616,8192,98,0,1,0,0,0
target,4890,6,14988014744261103616,16384,83,0,1,0,0,0
target,4891,6,14988014744261103616,32768,85,0,1,0,0,0
target,4892,6,14988014744261103616,65536,86,0,1,0,0,0
target,4893,6,14988014744261103616,131072,82,0,1,0,0,0
target,4894,6,14988014744261103616,16777216,94,0,1,0,0,0
target,4895,6,14988014744261103616,33554432,78,0,1,0,0,0
target,4896,6,14988014744261103616,67108864,85,0,1,0,0,0
target,4897,6,14988014744261103616,134217728,96,0,1,0,0,0
target,4898,6,14988014744261103616,268435456,79,0,1,0,0,0
target,4899,6,14988014744262148096,68719476736,81,0,1,0,0,0
target,4900,6,14988049928633189376,68719476736,75,0,1,0,0,0
target,4901,6,14988049928633192448,4,95,0,1,0,0,0
target,4902,6,14988049928633192448,8,95,0,1,0,0,0
target,4903,6,14988049928633192448,16,93,0,1,0,0,0
target,4904,6,14988049928633192448,32,91,0,1,0,0,0
target,4905,6,14988049928633192448,64,76,0,1,0,0,0
target,4906,6,14988049928633192448,8192,100,0,1,0,0,0
target,4907,6,14988049928633192448,16384,89,0,1,0,0,0
target,4908,6,14988049928633192448,32768,91,0,1,0,0,0
target,4909,6,14988049928633192448,65536,90,0,1,0,0,0
target,4910,6,14988049928633192448,131072,87,0,1,0,0,0
target,4911,6,14988049928633192448,16777216,98,0,1,0,0,0
target,4912,6,14988049928633192448,33554432,90,0,1,0,0,0
target,4913,6,14988049928633192448,67108864,83,0,1,0,0,0
target,4914,6,14988049928633192448,134217728,98,0,1,0,0,0
target,4915,6,14988049928633192448,268435456,85,0,1,0,0,0
target,4916,6,14988049928634236928,68719476736,79,0,1,0,0,0
target,4917,6,14988120297377367040,68719476736,81,0,1,0,0,0
target,4918,6,14988120297378414592,68719476736,74,0,1,0,0,0
target,4919,6,14988261034865725440,4,82,0,1,0,0,0
target,4920,6,14988261034865725440,8,78,0,1,0,0,0
target,4921,6,14988261034865725440,16,74,0,1,0,0,0
target,4922,6,14988261034865725440,32,81,0,1,0,0,0
target,4923,6,14988261034865725440,8192,85,0,1,0,0,0
target,4924,6,14988261034865725440,16384,72,0,1,0,0,0
target,4925,6,14988261034865725440,32768,80,0,1,0,0,0
target,4926,6,14988261034865725440,65536,69,0,1,0,0,0
target,4927,6,14988261034865725440,131072,70,0,1,0,0,0
target,4928,6,14988261034865725440,16777216,78,0,1,0,0,0
target,4929,6,14988261034865725440,33554432,71,0,1,0,0,0
target,4930,6,14988261034865725440,67108864,73,0,1,0,0,0
target,4931,6,14988261034865725440,134217728,80,0,1,0,0,0
target,4932,6,14988261034865725440,268435456,69,0,1,0,0,0
target,4933,6,14988542509842436096,4,88,0,1,0,0,0
target,4934,6,14988542509842436096,8,81,0,1,0,0,0
target,4935,6,14988542509842436096,16,86,0,1,0,0,0
target,4936,6,14988542509842436096,32,79,0,1,0,0,0
target,4937,6,14988542509842436096,64,71,0,1,0,0,0
target,4938,6,14988542509842436096,8192,90,0,1,0,0,0
target,4939,6,14988542509842436096,16384,81,0,1,0,0,0
target,4940,6,14988542509842436096,32768,78,0,1,0,0,0
target,4941,6,14988542509842436096,65536,79,0,1,0,0,0
target,4942,6,14988542509842436096,16777216,90,0,1,0,0,0
target,4943,6,14988542509842436096,134217728,86,0,1,0,0,0
target,4944,6,14988542509842436096,268435456,79,0,1,0,0,0
target,4945,6,14989105459795857408,4,82,0,1,0,0,0
target,4946,6,14989105459795857408,8,82,0,1,0,0,0
target,4947,6,14989105459795857408,16,83,0,1,0,0,0
target,4948,6,14989105459795857408,32,81,0,1,0,0,0
target,4949,6,14989105459795857408,64,64,0,1,0,0,0
target,4950,6,14989105459795857408,8192,88,0,1,0,0,0
target,4951,6,14989105459795857408,16384,81,0,1,0,0,0
target,4952,6,14989105459795857408,32768,75,0,1,0,0,0
target,4953,6,14989105459795857408,65536,68,0,1,0,0,0
target,4954,6,14989105459795857408,131072,74,0,1,0,0,0
target,4955,6,14989105459795857408,16777216,88,0,1,0,0,0
target,4956,6,14989105459795857408,33554432,77,0,1,0,0,0
target,4957,6,14989105459795857408,67108864,64,0,1,0,0,0
target,4958,6,14989105459795857408,134217728,85,0,1,0,0,0
target,4959,6,14989105459795857408,268435456,76,0,1,0,0,0
target,4960,6,14990231359702700032,4,85,0,1,0,0,0
target,4961,6,14990231359702700032,8,73,0,1,0,0,0
target,4962,6,14990231359702700032,16,81,0,1,0,0,0
target,4963,6,14990231359702700032,32,79,0,1,0,0,0
target,4964,6,14990231359702700032,64,70,0,1,0,0,0
target,4965,6,14990231359702700032,8192,87,0,1,0,0,0
target,4966,6,14990231359702700032,16384,76,0,1,0,0,0
target,4967,6,14990231359702700032,32768,82,0,1,0,0,0
target,4968,6,14990231359702700032,65536,67,0,1,0,0,0
target,4969,6,14990231359702700032,131072,67,0,1,0,0,0
target,4970,6,14990231359702700032,16777216,85,0,1,0,0,0
target,4971,6,14990231359702700032,67108864,79,0,1,0,0,0
target,4972,6,14990231359702700032,134217728,75,0,1,0,0,0
target,4973,6,14990231359702700032,268435456,71,0,1,0,0,0
target,4974,6,14992483159516385280,4,88,0,1,0,0,0
target,4975,6,14992483159516385280,8,85,0,1,0,0,0
target,4976,6,14992483159516385280,16,86,0,1,0,0,0
target,4977,6,14992483159516385280,32,83,0,1,0,0,0
target,4978,6,14992483159516385280,64,73,0,1,0,0,0
target,4979,6,14992483159516385280,8192,91,0,1,0,0,0
target,4980,6,14992483159516385280,16384,86,0,1,0,0,0
target,4981,6,14992483159516385280,32768,80,0,1,0,0,0
target,4982,6,14992483159516385280,65536,79,0,1,0,0,0
target,4983,6,14992483159516385280,131072,80,0,1,0,0,0
target,4984,6,14992483159516385280,16777216,91,0,1,0,0,0
target,4985,6,14992483159516385280,67108864,80,0,1,0,0,0
target,4986,6,14992483159516385280,134217728,89,0,1,0,0,0
target,4987,6,14992483159516385280,268435456,67,0,1,0,0,0
target,4988,6,14996986759143751681,68719476736,90,0,1,0,0,0
target,4989,6,14996986759143751682,68719476736,88,0,1,0,0,0
target,4990,6,14996986759143751684,68719476736,90,0,1,0,0,0
target,4991,6,14996986759143751688,68719476736,88,0,1,0,0,0
target,4992,6,14996986759143751696,68719476736,89,0,1,0,0,0
target,4993,6,14996986759143755776,4,90,0,1,0,0,0
target,4994,6,14996986759143755776,8,91,0,1,0,0,0
target,4995,6,14996986759143755776,16,88,0,1,0,0,0
target,4996,6,14996986759143755776,32,85,0,1,0,0,0
target,4997,6,14996986759143755776,64,78,0,1,0,0,0
target,4998,6,14996986759143755776,8192,93,0,1,0,0,0
target,4999,6,14996986759143755776,16384,89,0,1,0,0,0
target,5000,6,14996986759143755776,32768,88,0,1,0,0,0
target,5001,6,14996986759143755776,65536,80,0,1,0,0,0
target,5002,6,14996986759143755776,131072,82,0,1,0,0,0
target,5003,6,14996986759143755776,16777216,94,0,1,0,0,0
target,5004,6,14996986759143755776,33554432,82,0,1,0,0,0
target,5005,6,14996986759143755776,67108864,81,0,1,0,0,0
target,5006,6,14996986759143755776,134217728,92,0,1,0,0,0
target,5007,6,14996986759143755776,268435456,83,0,1,0,0,0
target,5008,6,14996986759143755776,34359738368,93,0,1,0,0,0
target,5009,6,14996986759143755776,68719476736,90,0,1,0,0,0
target,5010,6,14996986759143759872,68719476736,90,0,1,0,0,0
target,5011,6,14996986759143768064,68719476736,88,0,1,0,0,0
target,5012,6,14996986759143817216,68719476736,80,0,1,0,0,0
target,5013,6,15005993958398492673,68719476736,95,0,1,0,0,0
target,5014,6,15005993958398492674,68719476736,93,0,1,0,0,0
target,5015,6,15005993958398492676,68719476736,92,0,1,0,0,0
target,5016,6,15005993958398492680,68719476736,92,0,1,0,0,0
target,5017,6,15005993958398492688,68719476736,90,0,1,0,0,0
target,5018,6,15005993958398492704,68719476736,90,0,1,0,0,0
target,5019,6,15005993958398500864,68719476736,94,0,1,0,0,0
target,5020,6,15005993958398509056,68719476736,92,0,1,0,0,0
target,5021,6,15005993958398558208,68719476736,84,0,1,0,0,0
