target,0,6,1152921504607895552,536870919,87,0,1,0,0,0
target,1,6,1152921504607895552,536870923,85,0,1,0,0,0
target,2,6,1152921504607895552,536870926,99,0,1,0,0,0
target,3,6,1152921504607895552,536870934,99,0,1,0,0,0
target,4,6,1152921504607895552,536870938,98,0,1,0,0,0
target,5,6,1152921504607895552,536870950,95,0,1,0,0,0
target,6,6,1152921504607895552,536870954,94,0,1,0,0,0
target,7,6,1152921504607895552,536870982,84,0,1,0,0,0
target,8,6,1152921504607895552,536870986,80,0,1,0,0,0
target,9,6,1152921504607895552,536871046,79,0,1,0,0,0
target,10,6,1152921504607895552,536871050,79,0,1,0,0,0
target,11,6,1152921504607895552,536871430,82,0,1,0,0,0
target,12,6,1152921504607895552,536871434,84,0,1,0,0,0
target,13,6,1152921504607895552,536871942,90,0,1,0,0,0
target,14,6,1152921504607895552,536871946,85,0,1,0,0,0
target,15,6,1152921504607895552,536879107,85,0,1,0,0,0
target,16,6,1152921504607895552,536879114,97,0,1,0,0,0
target,17,6,1152921504607895552,536879122,97,0,1,0,0,0
target,18,6,1152921504607895552,536879138,92,0,1,0,0,0
target,19,6,1152921504607895552,536879170,86,0,1,0,0,0
target,20,6,1152921504607895552,536879234,81,0,1,0,0,0
target,21,6,1152921504607895552,536879618,87,0,1,0,0,0
target,22,6,1152921504607895552,536883202,89,0,1,0,0,0
target,23,6,1152921504607895552,536887299,84,0,1,0,0,0
target,24,6,1152921504607895552,536887302,97,0,1,0,0,0
target,25,6,1152921504607895552,536887314,93,0,1,0,0,0
target,26,6,1152921504607895552,536887330,90,0,1,0,0,0
target,27,6,1152921504607895552,536887362,85,0,1,0,0,0
target,28,6,1152921504607895552,536887426,82,0,1,0,0,0
target,29,6,1152921504607895552,536887810,86,0,1,0,0,0
target,30,6,1152921504607895552,536888322,85,0,1,0,0,0
target,31,6,1152921504607895552,536891394,90,0,1,0,0,0
target,32,6,1152921504607895552,536895490,94,0,1,0,0,0
target,33,6,1152921504607895552,536903686,94,0,1,0,0,0
target,34,6,1152921504607895552,536903690,89,0,1,0,0,0
target,35,6,1152921504607895552,536911874,91,0,1,0,0,0
target,36,6,1152921504607895552,536920066,90,0,1,0,0,0
target,37,6,1152921504607895552,536936454,85,0,1,0,0,0
target,38,6,1152921504607895552,536936458,83,0,1,0,0,0
target,39,6,1152921504607895552,536944642,82,0,1,0,0,0
target,40,6,1152921504607895552,536952834,81,0,1,0,0,0
target,41,6,1152921504607895552,537001990,91,0,1,0,0,0
target,42,6,1152921504607895552,537001994,91,0,1,0,0,0
target,43,6,1152921504607895552,537010178,89,0,1,0,0,0
target,44,6,1152921504607895552,537018370,85,0,1,0,0,0
target,45,6,1152921504607895552,537133062,91,0,1,0,0,0
target,46,6,1152921504607895552,537133066,91,0,1,0,0,0
target,47,6,1152921504607895552,537141250,83,0,1,0,0,0
target,48,6,1152921504607895552,537149442,85,0,1,0,0,0
target,49,6,1152921504607895552,537403394,81,0,1,0,0,0
target,50,6,1152921504607895552,537411586,80,0,1,0,0,0
target,51,6,1152921504607895552,537935874,78,0,1,0,0,0
target,52,6,1152921504607895552,538976258,90,0,1,0,0,0
target,53,6,1152921504607895552,541073410,80,0,1,0,0,0
target,54,6,1152921504607895552,553648131,80,0,1,0,0,0
target,55,6,1152921504607895552,553648134,92,0,1,0,0,0
target,56,6,1152921504607895552,553648138,92,0,1,0,0,0
target,57,6,1152921504607895552,553648146,92,0,1,0,0,0
target,58,6,1152921504607895552,553648162,87,0,1,0,0,0
target,59,6,1152921504607895552,553648194,79,0,1,0,0,0
target,60,6,1152921504607895552,553648258,78,0,1,0,0,0
target,61,6,1152921504607895552,553648642,83,0,1,0,0,0
target,62,6,1152921504607895552,553649154,86,0,1,0,0,0
target,63,6,1152921504607895552,553652226,80,0,1,0,0,0
target,64,6,1152921504607895552,553656322,85,0,1,0,0,0
target,65,6,1152921504607895552,553664514,91,0,1,0,0,0
target,66,6,1152921504607895552,553713666,79,0,1,0,0,0
target,67,6,1152921504607895552,553779202,85,0,1,0,0,0
target,68,6,1152921504607895552,553910274,79,0,1,0,0,0
target,69,6,1152921504607895552,554172418,81,0,1,0,0,0
target,70,6,1152921504607895552,554696706,78,0,1,0,0,0
target,71,6,1152921504607895552,555745282,88,0,1,0,0,0
target,72,6,1152921504607895552,557842434,85,0,1,0,0,0
target,73,6,1152921504607895552,562036738,92,0,1,0,0,0
target,74,6,1152921504607895552,570425347,85,0,1,0,0,0
target,75,6,1152921504607895552,570425350,96,0,1,0,0,0
target,76,6,1152921504607895552,570425354,89,0,1,0,0,0
target,77,6,1152921504607895552,570425362,87,0,1,0,0,0
target,78,6,1152921504607895552,570425410,83,0,1,0,0,0
target,79,6,1152921504607895552,570425474,75,0,1,0,0,0
target,80,6,1152921504607895552,570425858,80,0,1,0,0,0
target,81,6,1152921504607895552,570426370,87,0,1,0,0,0
target,82,6,1152921504607895552,570429442,86,0,1,0,0,0
target,83,6,1152921504607895552,570433538,85,0,1,0,0,0
target,84,6,1152921504607895552,570441730,90,0,1,0,0,0
target,85,6,1152921504607895552,570458114,86,0,1,0,0,0
target,86,6,1152921504607895552,570490882,84,0,1,0,0,0
target,87,6,1152921504607895552,570556418,80,0,1,0,0,0
target,88,6,1152921504607895552,570687490,86,0,1,0,0,0
target,89,6,1152921504607895552,570949634,82,0,1,0,0,0
target,90,6,1152921504607895552,571473922,81,0,1,0,0,0
target,91,6,1152921504607895552,572522498,88,0,1,0,0,0
target,92,6,1152921504607895552,574619650,82,0,1,0,0,0
target,93,6,1152921504607895552,578813954,93,0,1,0,0,0
target,94,6,1152921504607895552,587202562,84,0,1,0,0,0
target,95,6,1152921504607895552,603979782,80,0,1,0,0,0
target,96,6,1152921504607895552,603979786,86,0,1,0,0,0
target,97,6,1152921504607895552,603996162,72,0,1,0,0,0
target,98,6,1152921504607895552,620756994,74,0,1,0,0,0
target,99,6,1152921504607895552,637534210,74,0,1,0,0,0
target,100,6,1152921504607895552,671088646,93,0,1,0,0,0
target,101,6,1152921504607895552,671088650,93,0,1,0,0,0
target,102,6,1152921504607895552,671096834,95,0,1,0,0,0
target,103,6,1152921504607895552,671105026,93,0,1,0,0,0
target,104,6,1152921504607895552,687865858,87,0,1,0,0,0
target,105,6,1152921504607895552,704643074,88,0,1,0,0,0
target,106,6,1152921504607895552,805306374,89,0,1,0,0,0
target,107,6,1152921504607895552,805306378,84,0,1,0,0,0
target,108,6,1152921504607895552,805314562,85,0,1,0,0,0
target,109,6,1152921504607895552,822083586,77,0,1,0,0,0
target,110,6,1152921504607895552,838860802,78,0,1,0,0,0
target,111,6,1152921504607895552,1627389954,82,0,1,0,0,0
target,112,6,1152921504607895552,1644167170,82,0,1,0,0,0
target,113,6,1152921504607895552,2701131778,77,0,1,0,0,0
target,114,6,1152921504607895552,2717908994,77,0,1,0,0,0
target,115,6,1152921504607895552,4848615426,75,0,1,0,0,0
target,116,6,1152921504607895552,4865392642,68,0,1,0,0,0
target,117,6,1152921504607895552,9143582722,68,0,1,0,0,0
target,118,6,1152921504607895552,34896609283,88,0,1,0,0,0
target,119,6,1152921504607895552,34896609286,97,0,1,0,0,0
target,120,6,1152921504607895552,34896609290,100,0,1,0,0,0
target,121,6,1152921504607895552,34896609298,97,0,1,0,0,0
target,122,6,1152921504607895552,34896609314,92,0,1,0,0,0
target,123,6,1152921504607895552,34896609346,86,0,1,0,0,0
target,124,6,1152921504607895552,34896609410,83,0,1,0,0,0
target,125,6,1152921504607895552,34896609794,85,0,1,0,0,0
target,126,6,1152921504607895552,34896610306,91,0,1,0,0,0
target,127,6,1152921504607895552,34896613378,92,0,1,0,0,0
target,128,6,1152921504607895552,34896617474,97,0,1,0,0,0
target,129,6,1152921504607895552,34896625666,98,0,1,0,0,0
target,130,6,1152921504607895552,34896642050,94,0,1,0,0,0
target,131,6,1152921504607895552,34896674818,86,0,1,0,0,0
target,132,6,1152921504607895552,34896740354,91,0,1,0,0,0
target,133,6,1152921504607895552,34896871426,90,0,1,0,0,0
target,134,6,1152921504607895552,34897133570,82,0,1,0,0,0
target,135,6,1152921504607895552,34897657858,85,0,1,0,0,0
target,136,6,1152921504607895552,34898706434,93,0,1,0,0,0
target,137,6,1152921504607895552,34900803586,90,0,1,0,0,0
target,138,6,1152921504607895552,34904997890,97,0,1,0,0,0
target,139,6,1152921504607895552,34913386498,92,0,1,0,0,0
target,140,6,1152921504607895552,34930163714,95,0,1,0,0,0
target,141,6,1152921504607895552,34963718146,88,0,1,0,0,0
target,142,6,1152921504607895552,35030827010,98,0,1,0,0,0
target,143,6,1152921504607895552,35165044738,89,0,1,0,0,0
target,144,6,1152921504607895552,35970351106,93,0,1,0,0,0
target,145,6,1152921504607895552,37044092930,88,0,1,0,0,0
target,146,6,1152921504607895552,39191576578,86,0,1,0,0,0
target,147,6,1152921504607895552,43486543874,84,0,1,0,0,0
target,148,6,1152921504607895553,536870918,91,0,1,0,0,0
target,149,6,1152921504607895553,536870922,96,0,1,0,0,0
target,150,6,1152921504607895553,536870930,88,0,1,0,0,0
target,151,6,1152921504607895553,536870946,88,0,1,0,0,0
target,152,6,1152921504607895553,536870978,80,0,1,0,0,0
target,153,6,1152921504607895553,536879106,87,0,1,0,0,0
target,154,6,1152921504607895553,536887298,94,0,1,0,0,0
target,155,6,1152921504607895553,536903682,90,0,1,0,0,0
target,156,6,1152921504607895553,536936450,81,0,1,0,0,0
target,157,6,1152921504607895553,537001986,84,0,1,0,0,0
target,158,6,1152921504607895553,553648130,85,0,1,0,0,0
target,159,6,1152921504607895553,570425346,89,0,1,0,0,0
target,160,6,1152921504607895553,603979778,82,0,1,0,0,0
target,161,6,1152921504607895553,671088642,94,0,1,0,0,0
target,162,6,1152921504607895553,805306370,80,0,1,0,0,0
target,163,6,1152921504607895553,34896609282,88,0,1,0,0,0
target,164,6,1152921504607895553,69256347650,80,0,1,0,0,0
target,165,6,1152921504607895553,137975824386,96,0,1,0,0,0
target,166,6,1152921504607895553,275414777858,88,0,1,0,0,0
target,167,6,1152921504607895553,550292684802,92,0,1,0,0,0
target,168,6,1152921504607895553,70369281048578,75,0,1,0,0,0
target,169,6,1152921504607895554,536870918,101,0,1,0,0,0
target,170,6,1152921504607895554,536870922,93,0,1,0,0,0
target,171,6,1152921504607895554,536870930,101,0,1,0,0,0
target,172,6,1152921504607895554,536870946,96,0,1,0,0,0
target,173,6,1152921504607895554,536870978,85,0,1,0,0,0
target,174,6,1152921504607895554,536879106,97,0,1,0,0,0
target,175,6,1152921504607895554,536887298,96,0,1,0,0,0
target,176,6,1152921504607895554,536903682,90,0,1,0,0,0
target,177,6,1152921504607895554,536936450,85,0,1,0,0,0
target,178,6,1152921504607895554,537001986,92,0,1,0,0,0
target,179,6,1152921504607895554,553648130,87,0,1,0,0,0
target,180,6,1152921504607895554,570425346,92,0,1,0,0,0
target,181,6,1152921504607895554,603979778,89,0,1,0,0,0
target,182,6,1152921504607895554,671088642,97,0,1,0,0,0
target,183,6,1152921504607895554,805306370,89,0,1,0,0,0
target,184,6,1152921504607895554,34896609282,98,0,1,0,0,0
target,185,6,1152921504607895554,69256347650,74,0,1,0,0,0
target,186,6,1152921504607895554,70369281048578,86,0,1,0,0,0
target,187,6,1152921504607895556,536870918,101,0,1,0,0,0
target,188,6,1152921504607895556,536870922,101,0,1,0,0,0
target,189,6,1152921504607895556,536870930,98,0,1,0,0,0
target,190,6,1152921504607895556,536879106,97,0,1,0,0,0
target,191,6,1152921504607895556,536887298,91,0,1,0,0,0
target,192,6,1152921504607895556,536903682,95,0,1,0,0,0
target,193,6,1152921504607895556,553648130,92,0,1,0,0,0
target,194,6,1152921504607895556,570425346,96,0,1,0,0,0
target,195,6,1152921504607895556,603979778,78,0,1,0,0,0
target,196,6,1152921504607895556,34896609282,101,0,1,0,0,0
target,197,6,1152921504607895556,69256347650,87,0,1,0,0,0
target,198,6,1152921504607895556,70369281048578,86,0,1,0,0,0
target,199,6,1152921504607895560,536870918,101,0,1,0,0,0
target,200,6,1152921504607895560,536870922,101,0,1,0,0,0
target,201,6,1152921504607895560,536879106,96,0,1,0,0,0
target,202,6,1152921504607895560,536887298,99,0,1,0,0,0
target,203,6,1152921504607895560,553648130,95,0,1,0,0,0
target,204,6,1152921504607895560,570425346,97,0,1,0,0,0
target,205,6,1152921504607895560,34896609282,101,0,1,0,0,0
target,206,6,1152921504607895568,536870918,95,0,1,0,0,0
target,207,6,1152921504607895568,536870922,93,0,1,0,0,0
target,208,6,1152921504607895568,536879106,86,0,1,0,0,0
target,209,6,1152921504607895568,536887298,96,0,1,0,0,0
target,210,6,1152921504607895568,553648130,91,0,1,0,0,0
target,211,6,1152921504607895568,570425346,93,0,1,0,0,0
target,212,6,1152921504607895568,34896609282,98,0,1,0,0,0
target,213,6,1152921504607895584,536870918,77,0,1,0,0,0
target,214,6,1152921504607895584,536870922,74,0,1,0,0,0
target,215,6,1152921504607895584,536879106,75,0,1,0,0,0
target,216,6,1152921504607895584,536887298,75,0,1,0,0,0
target,217,6,1152921504607895584,553648130,73,0,1,0,0,0
target,218,6,1152921504607895584,570425346,66,0,1,0,0,0
target,219,6,1152921504607895584,34896609282,78,0,1,0,0,0
target,220,6,1152921504607895616,536870918,96,0,1,0,0,0
target,221,6,1152921504607895616,536870922,99,0,1,0,0,0
target,222,6,1152921504607895616,536879106,96,0,1,0,0,0
target,223,6,1152921504607895616,536887298,97,0,1,0,0,0
target,224,6,1152921504607895616,553648130,93,0,1,0,0,0
target,225,6,1152921504607895616,570425346,94,0,1,0,0,0
target,226,6,1152921504607895616,34896609282,95,0,1,0,0,0
target,227,6,1152921504607895680,536870918,94,0,1,0,0,0
target,228,6,1152921504607895680,536870922,93,0,1,0,0,0
target,229,6,1152921504607895680,536879106,81,0,1,0,0,0
target,230,6,1152921504607895680,536887298,84,0,1,0,0,0
target,231,6,1152921504607895680,553648130,89,0,1,0,0,0
target,232,6,1152921504607895680,570425346,89,0,1,0,0,0
target,233,6,1152921504607895680,34896609282,94,0,1,0,0,0
target,234,6,1152921504607895808,536870918,94,0,1,0,0,0
target,235,6,1152921504607895808,536870922,92,0,1,0,0,0
target,236,6,1152921504607895808,536879106,91,0,1,0,0,0
target,237,6,1152921504607895808,536887298,85,0,1,0,0,0
target,238,6,1152921504607895808,553648130,84,0,1,0,0,0
target,239,6,1152921504607895808,570425346,91,0,1,0,0,0
target,240,6,1152921504607895808,34896609282,92,0,1,0,0,0
target,241,6,1152921504607896064,536870918,95,0,1,0,0,0
target,242,6,1152921504607896064,536870922,90,0,1,0,0,0
target,243,6,1152921504607896064,536879106,89,0,1,0,0,0
target,244,6,1152921504607896064,536887298,93,0,1,0,0,0
target,245,6,1152921504607896064,553648130,90,0,1,0,0,0
target,246,6,1152921504607896064,570425346,88,0,1,0,0,0
target,247,6,1152921504607896064,34896609282,88,0,1,0,0,0
target,248,6,1152921504607896576,536870918,88,0,1,0,0,0
target,249,6,1152921504607896576,536870922,88,0,1,0,0,0
target,250,6,1152921504607896576,536879106,88,0,1,0,0,0
target,251,6,1152921504607896576,536887298,87,0,1,0,0,0
target,252,6,1152921504607896576,553648130,85,0,1,0,0,0
target,253,6,1152921504607896576,570425346,86,0,1,0,0,0
target,254,6,1152921504607896576,34896609282,89,0,1,0,0,0
target,255,6,1152921504607897600,536870918,95,0,1,0,0,0
target,256,6,1152921504607897600,536870922,96,0,1,0,0,0
target,257,6,1152921504607897600,536870930,96,0,1,0,0,0
target,258,6,1152921504607897600,536870946,94,0,1,0,0,0
target,259,6,1152921504607897600,536870978,81,0,1,0,0,0
target,260,6,1152921504607897600,536879106,90,0,1,0,0,0
target,261,6,1152921504607897600,536887298,96,0,1,0,0,0
target,262,6,1152921504607897600,536903682,90,0,1,0,0,0
target,263,6,1152921504607897600,536936450,84,0,1,0,0,0
target,264,6,1152921504607897600,537001986,88,0,1,0,0,0
target,265,6,1152921504607897600,553648130,80,0,1,0,0,0
target,266,6,1152921504607897600,570425346,92,0,1,0,0,0
target,267,6,1152921504607897600,603979778,84,0,1,0,0,0
target,268,6,1152921504607897600,671088642,91,0,1,0,0,0
target,269,6,1152921504607897600,34896609282,97,0,1,0,0,0
target,270,6,1152921504607897600,69256347650,77,0,1,0,0,0
target,271,6,1152921504607897600,137975824386,96,0,1,0,0,0
target,272,6,1152921504607897600,275414777858,95,0,1,0,0,0
target,273,6,1152921504607897600,550292684802,91,0,1,0,0,0
target,274,6,1152921504607899648,536870918,96,0,1,0,0,0
target,275,6,1152921504607899648,536870922,92,0,1,0,0,0
target,276,6,1152921504607899648,536870930,91,0,1,0,0,0
target,277,6,1152921504607899648,536870946,89,0,1,0,0,0
target,278,6,1152921504607899648,536870978,79,0,1,0,0,0
target,279,6,1152921504607899648,536879106,93,0,1,0,0,0
target,280,6,1152921504607899648,536887298,82,0,1,0,0,0
target,281,6,1152921504607899648,536903682,90,0,1,0,0,0
target,282,6,1152921504607899648,536936450,73,0,1,0,0,0
target,283,6,1152921504607899648,537001986,80,0,1,0,0,0
target,284,6,1152921504607899648,553648130,92,0,1,0,0,0
target,285,6,1152921504607899648,570425346,83,0,1,0,0,0
target,286,6,1152921504607899648,603979778,74,0,1,0,0,0
target,287,6,1152921504607899648,671088642,94,0,1,0,0,0
target,288,6,1152921504607899648,805306370,84,0,1,0,0,0
target,289,6,1152921504607899648,34896609282,96,0,1,0,0,0
target,290,6,1152921504607899648,69256347650,85,0,1,0,0,0
target,291,6,1152921504607903744,536870918,85,0,1,0,0,0
target,292,6,1152921504607903744,536870922,89,0,1,0,0,0
target,293,6,1152921504607903744,536870930,87,0,1,0,0,0
target,294,6,1152921504607903744,536879106,79,0,1,0,0,0
target,295,6,1152921504607903744,536887298,87,0,1,0,0,0
target,296,6,1152921504607903744,553648130,85,0,1,0,0,0
target,297,6,1152921504607903744,570425346,74,0,1,0,0,0
target,298,6,1152921504607903744,603979778,69,0,1,0,0,0
target,299,6,1152921504607903744,34896609282,90,0,1,0,0,0
target,300,6,1152921504607903744,69256347650,69,0,1,0,0,0
target,301,6,1152921504607911936,536870918,96,0,1,0,0,0
target,302,6,1152921504607911936,536870922,96,0,1,0,0,0
target,303,6,1152921504607911936,536879106,93,0,1,0,0,0
target,304,6,1152921504607911936,536887298,90,0,1,0,0,0
target,305,6,1152921504607911936,553648130,90,0,1,0,0,0
target,306,6,1152921504607911936,570425346,92,0,1,0,0,0
target,307,6,1152921504607911936,34896609282,96,0,1,0,0,0
target,308,6,1152921504607928320,536870918,95,0,1,0,0,0
target,309,6,1152921504607928320,536870922,91,0,1,0,0,0
target,310,6,1152921504607928320,536879106,90,0,1,0,0,0
target,311,6,1152921504607928320,536887298,92,0,1,0,0,0
target,312,6,1152921504607928320,553648130,90,0,1,0,0,0
target,313,6,1152921504607928320,570425346,90,0,1,0,0,0
target,314,6,1152921504607928320,34896609282,94,0,1,0,0,0
target,315,6,1152921504607961088,536870918,78,0,1,0,0,0
target,316,6,1152921504607961088,536870922,83,0,1,0,0,0
target,317,6,1152921504607961088,536879106,83,0,1,0,0,0
target,318,6,1152921504607961088,536887298,82,0,1,0,0,0
target,319,6,1152921504607961088,553648130,79,0,1,0,0,0
target,320,6,1152921504607961088,570425346,81,0,1,0,0,0
target,321,6,1152921504607961088,34896609282,86,0,1,0,0,0
target,322,6,1152921504608157696,536870918,96,0,1,0,0,0
target,323,6,1152921504608157696,536870922,96,0,1,0,0,0
target,324,6,1152921504608157696,536879106,94,0,1,0,0,0
target,325,6,1152921504608157696,536887298,90,0,1,0,0,0
target,326,6,1152921504608157696,553648130,86,0,1,0,0,0
target,327,6,1152921504608157696,570425346,89,0,1,0,0,0
target,328,6,1152921504608157696,34896609282,96,0,1,0,0,0
target,329,6,1152921504608419840,536870918,94,0,1,0,0,0
target,330,6,1152921504608419840,536870922,94,0,1,0,0,0
target,331,6,1152921504608419840,536879106,90,0,1,0,0,0
target,332,6,1152921504608419840,536887298,92,0,1,0,0,0
target,333,6,1152921504608419840,553648130,89,0,1,0,0,0
target,334,6,1152921504608419840,570425346,80,0,1,0,0,0
target,335,6,1152921504608419840,34896609282,89,0,1,0,0,0
target,336,6,1152921504609992704,536870918,94,0,1,0,0,0
target,337,6,1152921504609992704,536870922,95,0,1,0,0,0
target,338,6,1152921504609992704,536879106,93,0,1,0,0,0
target,339,6,1152921504609992704,536887298,93,0,1,0,0,0
target,340,6,1152921504609992704,553648130,91,0,1,0,0,0
target,341,6,1152921504609992704,570425346,91,0,1,0,0,0
target,342,6,1152921504609992704,34896609282,96,0,1,0,0,0
target,343,6,1152921504612089856,536870918,97,0,1,0,0,0
target,344,6,1152921504612089856,536870922,97,0,1,0,0,0
target,345,6,1152921504612089856,536870930,101,0,1,0,0,0
target,346,6,1152921504612089856,536870946,96,0,1,0,0,0
target,347,6,1152921504612089856,536870978,81,0,1,0,0,0
target,348,6,1152921504612089856,536879106,94,0,1,0,0,0
target,349,6,1152921504612089856,536887298,99,0,1,0,0,0
target,350,6,1152921504612089856,536903682,95,0,1,0,0,0
target,351,6,1152921504612089856,536936450,87,0,1,0,0,0
target,352,6,1152921504612089856,537001986,92,0,1,0,0,0
target,353,6,1152921504612089856,553648130,96,0,1,0,0,0
target,354,6,1152921504612089856,570425346,96,0,1,0,0,0
target,355,6,1152921504612089856,603979778,91,0,1,0,0,0
target,356,6,1152921504612089856,671088642,99,0,1,0,0,0
target,357,6,1152921504612089856,805306370,89,0,1,0,0,0
target,358,6,1152921504612089856,34896609282,97,0,1,0,0,0
target,359,6,1152921504612089856,69256347650,87,0,1,0,0,0
target,360,6,1152921504616284160,536870918,96,0,1,0,0,0
target,361,6,1152921504616284160,536870922,88,0,1,0,0,0
target,362,6,1152921504616284160,536870930,96,0,1,0,0,0
target,363,6,1152921504616284160,536870946,88,0,1,0,0,0
target,364,6,1152921504616284160,536870978,83,0,1,0,0,0
target,365,6,1152921504616284160,536879106,82,0,1,0,0,0
target,366,6,1152921504616284160,536887298,88,0,1,0,0,0
target,367,6,1152921504616284160,536903682,91,0,1,0,0,0
target,368,6,1152921504616284160,536936450,81,0,1,0,0,0
target,369,6,1152921504616284160,537001986,85,0,1,0,0,0
target,370,6,1152921504616284160,553648130,90,0,1,0,0,0
target,371,6,1152921504616284160,570425346,82,0,1,0,0,0
target,372,6,1152921504616284160,603979778,84,0,1,0,0,0
target,373,6,1152921504616284160,671088642,94,0,1,0,0,0
target,374,6,1152921504616284160,805306370,74,0,1,0,0,0
target,375,6,1152921504616284160,34896609282,95,0,1,0,0,0
target,376,6,1152921504616284160,69256347650,68,0,1,0,0,0
target,377,6,1152921504624672768,536870918,92,0,1,0,0,0
target,378,6,1152921504624672768,536870922,93,0,1,0,0,0
target,379,6,1152921504624672768,536870930,84,0,1,0,0,0
target,380,6,1152921504624672768,536879106,89,0,1,0,0,0
target,381,6,1152921504624672768,536887298,89,0,1,0,0,0
target,382,6,1152921504624672768,536903682,77,0,1,0,0,0
target,383,6,1152921504624672768,553648130,83,0,1,0,0,0
target,384,6,1152921504624672768,570425346,89,0,1,0,0,0
target,385,6,1152921504624672768,603979778,80,0,1,0,0,0
target,386,6,1152921504624672768,34896609282,93,0,1,0,0,0
target,387,6,1152921504624672768,69256347650,76,0,1,0,0,0
target,388,6,1152921504641449984,536870918,98,0,1,0,0,0
target,389,6,1152921504641449984,536870922,94,0,1,0,0,0
target,390,6,1152921504641449984,536879106,95,0,1,0,0,0
target,391,6,1152921504641449984,536887298,96,0,1,0,0,0
target,392,6,1152921504641449984,553648130,87,0,1,0,0,0
target,393,6,1152921504641449984,570425346,94,0,1,0,0,0
target,394,6,1152921504641449984,34896609282,96,0,1,0,0,0
target,395,6,1152921504675004416,536870918,92,0,1,0,0,0
target,396,6,1152921504675004416,536870922,94,0,1,0,0,0
target,397,6,1152921504675004416,536879106,92,0,1,0,0,0
target,398,6,1152921504675004416,536887298,92,0,1,0,0,0
target,399,6,1152921504675004416,553648130,85,0,1,0,0,0
target,400,6,1152921504675004416,570425346,84,0,1,0,0,0
target,401,6,1152921504675004416,34896609282,94,0,1,0,0,0
target,402,6,1152921504741064705,17626545782786,74,0,1,0,0,0
target,403,6,1152921504741064706,17626545782786,93,0,1,0,0,0
target,404,6,1152921504741064706,87960930222082,96,0,1,0,0,0
target,405,6,1152921504741064708,17626545782786,93,0,1,0,0,0
target,406,6,1152921504741064712,17626545782786,87,0,1,0,0,0
target,407,6,1152921504741064720,17626545782786,94,0,1,0,0,0
target,408,6,1152921504741064736,17626545782786,83,0,1,0,0,0
target,409,6,1152921504741064832,17626545782786,90,0,1,0,0,0
target,410,6,1152921504741064960,17626545782786,92,0,1,0,0,0
target,411,6,1152921504741065216,17626545782786,89,0,1,0,0,0
target,412,6,1152921504741065728,17626545782786,87,0,1,0,0,0
target,413,6,1152921504876331008,536870918,95,0,1,0,0,0
target,414,6,1152921504876331008,536870922,95,0,1,0,0,0
target,415,6,1152921504876331008,536879106,92,0,1,0,0,0
target,416,6,1152921504876331008,536887298,90,0,1,0,0,0
target,417,6,1152921504876331008,553648130,85,0,1,0,0,0
target,418,6,1152921504876331008,570425346,90,0,1,0,0,0
target,419,6,1152921504876331008,34896609282,95,0,1,0,0,0
target,420,6,1152921505681637376,536870918,87,0,1,0,0,0
target,421,6,1152921505681637376,536870922,83,0,1,0,0,0
target,422,6,1152921505681637376,536879106,87,0,1,0,0,0
target,423,6,1152921505681637376,536887298,87,0,1,0,0,0
target,424,6,1152921505681637376,553648130,83,0,1,0,0,0
target,425,6,1152921505681637376,570425346,84,0,1,0,0,0
target,426,6,1152921505681637376,34896609282,88,0,1,0,0,0
target,427,6,1152921506755379200,536870918,95,0,1,0,0,0
target,428,6,1152921506755379200,536870922,93,0,1,0,0,0
target,429,6,1152921506755379200,536879106,92,0,1,0,0,0
target,430,6,1152921506755379200,536887298,93,0,1,0,0,0
target,431,6,1152921506755379200,553648130,90,0,1,0,0,0
target,432,6,1152921506755379200,570425346,84,0,1,0,0,0
target,433,6,1152921506755379200,34896609282,92,0,1,0,0,0
target,434,6,1152921513197830144,536870918,90,0,1,0,0,0
target,435,6,1152921513197830144,536870922,92,0,1,0,0,0
target,436,6,1152921513197830144,536870930,94,0,1,0,0,0
target,437,6,1152921513197830144,536870946,89,0,1,0,0,0
target,438,6,1152921513197830144,536870978,84,0,1,0,0,0
target,439,6,1152921513197830144,536879106,92,0,1,0,0,0
target,440,6,1152921513197830144,536887298,96,0,1,0,0,0
target,441,6,1152921513197830144,536903682,88,0,1,0,0,0
target,442,6,1152921513197830144,536936450,83,0,1,0,0,0
target,443,6,1152921513197830144,537001986,81,0,1,0,0,0
target,444,6,1152921513197830144,553648130,84,0,1,0,0,0
target,445,6,1152921513197830144,570425346,92,0,1,0,0,0
target,446,6,1152921513197830144,603979778,85,0,1,0,0,0
target,447,6,1152921513197830144,671088642,91,0,1,0,0,0
target,448,6,1152921513197830144,805306370,84,0,1,0,0,0
target,449,6,1152921513197830144,34896609282,93,0,1,0,0,0
target,450,6,1152921521787764736,536870918,95,0,1,0,0,0
target,451,6,1152921521787764736,536870922,91,0,1,0,0,0
target,452,6,1152921521787764736,536870930,92,0,1,0,0,0
target,453,6,1152921521787764736,536870946,89,0,1,0,0,0
target,454,6,1152921521787764736,536870978,76,0,1,0,0,0
target,455,6,1152921521787764736,536879106,92,0,1,0,0,0
target,456,6,1152921521787764736,536887298,88,0,1,0,0,0
target,457,6,1152921521787764736,536936450,82,0,1,0,0,0
target,458,6,1152921521787764736,537001986,81,0,1,0,0,0
target,459,6,1152921521787764736,553648130,90,0,1,0,0,0
target,460,6,1152921521787764736,570425346,86,0,1,0,0,0
target,461,6,1152921521787764736,603979778,83,0,1,0,0,0
target,462,6,1152921521787764736,671088642,93,0,1,0,0,0
target,463,6,1152921521787764736,805306370,83,0,1,0,0,0
target,464,6,1152921521787764736,34896609282,95,0,1,0,0,0
target,465,6,1152921538967633920,536870918,90,0,1,0,0,0
target,466,6,1152921538967633920,536870922,95,0,1,0,0,0
target,467,6,1152921538967633920,536870930,91,0,1,0,0,0
target,468,6,1152921538967633920,536879106,92,0,1,0,0,0
target,469,6,1152921538967633920,536887298,85,0,1,0,0,0
target,470,6,1152921538967633920,536903682,90,0,1,0,0,0
target,471,6,1152921538967633920,553648130,89,0,1,0,0,0
target,472,6,1152921538967633920,570425346,90,0,1,0,0,0
target,473,6,1152921538967633920,603979778,73,0,1,0,0,0
target,474,6,1152921538967633920,34896609282,95,0,1,0,0,0
target,475,6,1152921573327372288,536870918,89,0,1,0,0,0
target,476,6,1152921573327372288,536870922,94,0,1,0,0,0
target,477,6,1152921573327372288,536879106,91,0,1,0,0,0
target,478,6,1152921573327372288,536887298,91,0,1,0,0,0
target,479,6,1152921573327372288,553648130,89,0,1,0,0,0
target,480,6,1152921573327372288,570425346,91,0,1,0,0,0
target,481,6,1152921573327372288,34896609282,93,0,1,0,0,0
target,482,6,1152921642046849024,536870918,91,0,1,0,0,0
target,483,6,1152921642046849024,536870922,89,0,1,0,0,0
target,484,6,1152921642046849024,536879106,85,0,1,0,0,0
target,485,6,1152921642046849024,536887298,84,0,1,0,0,0
target,486,6,1152921642046849024,553648130,85,0,1,0,0,0
target,487,6,1152921642046849024,570425346,84,0,1,0,0,0
target,488,6,1152921642046849024,34896609282,88,0,1,0,0,0
target,489,6,1152921779485802496,536870918,86,0,1,0,0,0
target,490,6,1152921779485802496,536870922,86,0,1,0,0,0
target,491,6,1152921779485802496,536879106,84,0,1,0,0,0
target,492,6,1152921779485802496,536887298,79,0,1,0,0,0
target,493,6,1152921779485802496,553648130,74,0,1,0,0,0
target,494,6,1152921779485802496,570425346,82,0,1,0,0,0
target,495,6,1152921779485802496,34896609282,87,0,1,0,0,0
target,496,6,1152922604119523328,536870918,82,0,1,0,0,0
target,497,6,1152922604119523328,536870922,84,0,1,0,0,0
target,498,6,1152922604119523328,536879106,81,0,1,0,0,0
target,499,6,1152922604119523328,536887298,84,0,1,0,0,0
target,500,6,1152922604119523328,553648130,82,0,1,0,0,0
target,501,6,1152922604119523328,570425346,83,0,1,0,0,0
target,502,6,1152922604119523328,34896609282,86,0,1,0,0,0
target,503,6,1152923703631151104,536870918,92,0,1,0,0,0
target,504,6,1152923703631151104,536870922,92,0,1,0,0,0
target,505,6,1152923703631151104,536879106,88,0,1,0,0,0
target,506,6,1152923703631151104,536887298,89,0,1,0,0,0
target,507,6,1152923703631151104,553648130,87,0,1,0,0,0
target,508,6,1152923703631151104,570425346,88,0,1,0,0,0
target,509,6,1152923703631151104,34896609282,93,0,1,0,0,0
target,510,6,1152925902654406656,536870918,95,0,1,0,0,0
target,511,6,1152925902654406656,536870922,95,0,1,0,0,0
target,512,6,1152925902654406656,536879106,92,0,1,0,0,0
target,513,6,1152925902654406656,536887298,87,0,1,0,0,0
target,514,6,1152925902654406656,553648130,90,0,1,0,0,0
target,515,6,1152925902654406656,570425346,91,0,1,0,0,0
target,516,6,1152925902654406656,34896609282,94,0,1,0,0,0
target,517,6,1152930300700917760,536870918,82,0,1,0,0,0
target,518,6,1152930300700917760,536870922,78,0,1,0,0,0
target,519,6,1152930300700917760,536879106,79,0,1,0,0,0
target,520,6,1152930300700917760,536887298,80,0,1,0,0,0
target,521,6,1152930300700917760,553648130,69,0,1,0,0,0
target,522,6,1152930300700917760,570425346,79,0,1,0,0,0
target,523,6,1152930300700917760,34896609282,82,0,1,0,0,0
target,524,6,1152939096793939968,536870918,97,0,1,0,0,0
target,525,6,1152939096793939968,536870922,97,0,1,0,0,0
target,526,6,1152939096793939968,536870930,96,0,1,0,0,0
target,527,6,1152939096793939968,536870946,92,0,1,0,0,0
target,528,6,1152939096793939968,536870978,80,0,1,0,0,0
target,529,6,1152939096793939968,536879106,83,0,1,0,0,0
target,530,6,1152939096793939968,536887298,87,0,1,0,0,0
target,531,6,1152939096793939968,536903682,85,0,1,0,0,0
target,532,6,1152939096793939968,536936450,78,0,1,0,0,0
target,533,6,1152939096793939968,537001986,89,0,1,0,0,0
target,534,6,1152939096793939968,553648130,88,0,1,0,0,0
target,535,6,1152939096793939968,570425346,93,0,1,0,0,0
target,536,6,1152939096793939968,603979778,79,0,1,0,0,0
target,537,6,1152939096793939968,671088642,94,0,1,0,0,0
target,538,6,1152939096793939968,805306370,84,0,1,0,0,0
target,539,6,1152956688979984384,536870918,94,0,1,0,0,0
target,540,6,1152956688979984384,536870922,91,0,1,0,0,0
target,541,6,1152956688979984384,536870930,91,0,1,0,0,0
target,542,6,1152956688979984384,536870946,85,0,1,0,0,0
target,543,6,1152956688979984384,536870978,81,0,1,0,0,0
target,544,6,1152956688979984384,536879106,90,0,1,0,0,0
target,545,6,1152956688979984384,536887298,86,0,1,0,0,0
target,546,6,1152956688979984384,536903682,83,0,1,0,0,0
target,547,6,1152956688979984384,536936450,77,0,1,0,0,0
target,548,6,1152956688979984384,537001986,81,0,1,0,0,0
target,549,6,1152956688979984384,570425346,88,0,1,0,0,0
target,550,6,1152956688979984384,603979778,81,0,1,0,0,0
target,551,6,1152956688979984384,671088642,90,0,1,0,0,0
target,552,6,1152956688979984384,805306370,77,0,1,0,0,0
target,553,6,1152956688979984384,34896609282,95,0,1,0,0,0
target,554,6,1152991873352073216,536870918,98,0,1,0,0,0
target,555,6,1152991873352073216,536870922,98,0,1,0,0,0
target,556,6,1152991873352073216,536870930,100,0,1,0,0,0
target,557,6,1152991873352073216,536879106,93,0,1,0,0,0
target,558,6,1152991873352073216,536887298,94,0,1,0,0,0
target,559,6,1152991873352073216,536903682,90,0,1,0,0,0
target,560,6,1152991873352073216,553648130,94,0,1,0,0,0
target,561,6,1152991873352073216,570425346,95,0,1,0,0,0
target,562,6,1152991873352073216,603979778,81,0,1,0,0,0
target,563,6,1152991873352073216,34896609282,97,0,1,0,0,0
target,564,6,1153062242096250880,536870918,88,0,1,0,0,0
target,565,6,1153062242096250880,536870922,87,0,1,0,0,0
target,566,6,1153062242096250880,536879106,83,0,1,0,0,0
target,567,6,1153062242096250880,536887298,86,0,1,0,0,0
target,568,6,1153062242096250880,553648130,80,0,1,0,0,0
target,569,6,1153062242096250880,34896609282,88,0,1,0,0,0
target,570,6,1153202979584606208,536870918,91,0,1,0,0,0
target,571,6,1153202979584606208,536870922,91,0,1,0,0,0
target,572,6,1153202979584606208,536879106,88,0,1,0,0,0
target,573,6,1153202979584606208,536887298,86,0,1,0,0,0
target,574,6,1153202979584606208,570425346,87,0,1,0,0,0
target,575,6,1153202979584606208,34896609282,92,0,1,0,0,0
target,576,6,1153484454561316864,536870918,83,0,1,0,0,0
target,577,6,1153484454561316864,536870922,81,0,1,0,0,0
target,578,6,1153484454561316864,536879106,80,0,1,0,0,0
target,579,6,1153484454561316864,536887298,81,0,1,0,0,0
target,580,6,1153484454561316864,553648130,77,0,1,0,0,0
target,581,6,1153484454561316864,570425346,71,0,1,0,0,0
target,582,6,1153484454561316864,34896609282,78,0,1,0,0,0
target,583,6,1155173304421580800,536870918,90,0,1,0,0,0
target,584,6,1155173304421580800,536870922,86,0,1,0,0,0
target,585,6,1155173304421580800,536879106,87,0,1,0,0,0
target,586,6,1155173304421580800,536887298,85,0,1,0,0,0
target,587,6,1155173304421580800,553648130,81,0,1,0,0,0
target,588,6,1155173304421580800,570425346,83,0,1,0,0,0
target,589,6,1155173304421580800,34896609282,91,0,1,0,0,0
target,590,6,1157425104235266048,536870918,88,0,1,0,0,0
target,591,6,1157425104235266048,536870922,88,0,1,0,0,0
target,592,6,1157425104235266048,536879106,85,0,1,0,0,0
target,593,6,1157425104235266048,536887298,87,0,1,0,0,0
target,594,6,1157425104235266048,553648130,80,0,1,0,0,0
target,595,6,1157425104235266048,570425346,81,0,1,0,0,0
target,596,6,1157425104235266048,34896609282,88,0,1,0,0,0
target,597,6,1170935903117377536,536870918,90,0,1,0,0,0
target,598,6,1170935903117377536,536870922,90,0,1,0,0,0
target,599,6,1170935903117377536,536879106,89,0,1,0,0,0
target,600,6,1170935903117377536,536887298,79,0,1,0,0,0
target,601,6,1170935903117377536,553648130,85,0,1,0,0,0
target,602,6,1170935903117377536,570425346,87,0,1,0,0,0
target,603,6,1170935903117377536,34896609282,88,0,1,0,0,0
target,604,6,1188950301625815040,536870917,73,0,1,0,0,0
target,605,6,1188950301625815040,536870918,79,0,1,0,0,0
target,606,6,1188950301625815040,536870929,73,0,1,0,0,0
target,607,6,1188950301625815040,536870930,77,0,1,0,0,0
target,608,6,1188950301625815040,536870945,75,0,1,0,0,0
target,609,6,1188950301625815040,536870946,73,0,1,0,0,0
target,610,6,1188950301625815040,536871041,66,0,1,0,0,0
target,611,6,1188950301625815040,536871042,66,0,1,0,0,0
target,612,6,1188950301625815040,536872964,87,0,1,0,0,0
target,613,6,1188950301625815040,536875012,91,0,1,0,0,0
target,614,6,1188950301625815040,536879105,77,0,1,0,0,0
target,615,6,1188950301625815040,536879106,83,0,1,0,0,0
target,616,6,1188950301625815040,536881152,98,0,1,0,0,0
target,617,6,1188950301625815040,536883200,98,0,1,0,0,0
target,618,6,1188950301625815040,536887298,75,0,1,0,0,0
target,619,6,1188950301625815040,536889344,89,0,1,0,0,0
target,620,6,1188950301625815040,536891392,89,0,1,0,0,0
target,621,6,1188950301625815040,536903681,73,0,1,0,0,0
target,622,6,1188950301625815040,536903682,79,0,1,0,0,0
target,623,6,1188950301625815040,536905728,89,0,1,0,0,0
target,624,6,1188950301625815040,536907776,91,0,1,0,0,0
target,625,6,1188950301625815040,536936449,60,0,1,0,0,0
target,626,6,1188950301625815040,536936450,72,0,1,0,0,0
target,627,6,1188950301625815040,536938496,85,0,1,0,0,0
target,628,6,1188950301625815040,536940544,86,0,1,0,0,0
target,629,6,1188950301625815040,537001985,70,0,1,0,0,0
target,630,6,1188950301625815040,537001986,69,0,1,0,0,0
target,631,6,1188950301625815040,537004032,87,0,1,0,0,0
target,632,6,1188950301625815040,537006080,87,0,1,0,0,0
target,633,6,1188950301625815040,537133057,67,0,1,0,0,0
target,634,6,1188950301625815040,537133058,77,0,1,0,0,0
target,635,6,1188950301625815040,541073408,89,0,1,0,0,0
target,636,6,1188950301625815040,541081600,75,0,1,0,0,0
target,637,6,1188950301625815040,545267712,92,0,1,0,0,0
target,638,6,1188950301625815040,570425345,71,0,1,0,0,0
target,639,6,1188950301625815040,570425346,63,0,1,0,0,0
target,640,6,1188950301625815040,570427392,83,0,1,0,0,0
target,641,6,1188950301625815040,570429440,84,0,1,0,0,0
target,642,6,1188950301625815040,574619648,81,0,1,0,0,0
target,643,6,1188950301625815040,578813952,81,0,1,0,0,0
target,644,6,1188950301625815040,603979777,72,0,1,0,0,0
target,645,6,1188950301625815040,603979778,75,0,1,0,0,0
target,646,6,1188950301625815040,603981824,87,0,1,0,0,0
target,647,6,1188950301625815040,603983872,87,0,1,0,0,0
target,648,6,1188950301625815040,608174080,77,0,1,0,0,0
target,649,6,1188950301625815040,612368384,79,0,1,0,0,0
target,650,6,1188950301625815040,671088641,71,0,1,0,0,0
target,651,6,1188950301625815040,671088642,74,0,1,0,0,0
target,652,6,1188950301625815040,671090688,88,0,1,0,0,0
target,653,6,1188950301625815040,671092736,86,0,1,0,0,0
target,654,6,1188950301625815040,675282944,86,0,1,0,0,0
target,655,6,1188950301625815040,679477248,85,0,1,0,0,0
target,656,6,1188950301625815040,805306370,72,0,1,0,0,0
target,657,6,1188950301625815040,805308416,92,0,1,0,0,0
target,658,6,1188950301625815040,805310464,93,0,1,0,0,0
target,659,6,1188950301625815040,809500672,90,0,1,0,0,0
target,660,6,1188950301625815040,813694976,91,0,1,0,0,0
target,661,6,1188950301625815040,9160359936,69,0,1,0,0,0
target,662,6,1188950301625815040,34896609281,79,0,1,0,0,0
target,663,6,1188950301625815040,34896609282,82,0,1,0,0,0
target,664,6,1188950301625815040,34896611328,96,0,1,0,0,0
target,665,6,1188950301625815040,34896613376,96,0,1,0,0,0
target,666,6,1188950301625815040,34900803584,95,0,1,0,0,0
target,667,6,1188950301625815040,34904997888,86,0,1,0,0,0
target,668,6,1188950301625815040,43486543872,92,0,1,0,0,0
target,669,6,1188950301625815040,52076478464,91,0,1,0,0,0
target,670,6,1188950301625815041,536870913,70,0,1,0,0,0
target,671,6,1188950301625815041,536870914,72,0,1,0,0,0
target,672,6,1188950301625815042,536870913,80,0,1,0,0,0
target,673,6,1188950301625815042,536870914,82,0,1,0,0,0
target,674,6,1188950301625815044,536870913,77,0,1,0,0,0
target,675,6,1188950301625815044,536870914,84,0,1,0,0,0
target,676,6,1188950301625815048,536870913,78,0,1,0,0,0
target,677,6,1188950301625815048,536870914,81,0,1,0,0,0
target,678,6,1188950301625815056,536870913,73,0,1,0,0,0
target,679,6,1188950301625815056,536870914,85,0,1,0,0,0
target,680,6,1188950301625815072,536870913,62,0,1,0,0,0
target,681,6,1188950301625815072,536870914,53,0,1,0,0,0
target,682,6,1188950301625815104,536870913,79,0,1,0,0,0
target,683,6,1188950301625815104,536870914,83,0,1,0,0,0
target,684,6,1188950301625815168,536870913,83,0,1,0,0,0
target,685,6,1188950301625815168,536870914,82,0,1,0,0,0
target,686,6,1188950301625815296,536870913,82,0,1,0,0,0
target,687,6,1188950301625815296,536870914,86,0,1,0,0,0
target,688,6,1188950301625815552,536870913,78,0,1,0,0,0
target,689,6,1188950301625815552,536870914,85,0,1,0,0,0
target,690,6,1188950301625815552,536870916,86,0,1,0,0,0
target,691,6,1188950301625815552,536870928,92,0,1,0,0,0
target,692,6,1188950301625815552,536870944,88,0,1,0,0,0
target,693,6,1188950301625815552,536871040,85,0,1,0,0,0
target,694,6,1188950301625815552,536879104,99,0,1,0,0,0
target,695,6,1188950301625815552,536887296,90,0,1,0,0,0
target,696,6,1188950301625815552,536903680,85,0,1,0,0,0
target,697,6,1188950301625815552,536936448,82,0,1,0,0,0
target,698,6,1188950301625815552,537001984,89,0,1,0,0,0
target,699,6,1188950301625815552,537133056,92,0,1,0,0,0
target,700,6,1188950301625815552,570425344,76,0,1,0,0,0
target,701,6,1188950301625815552,603979776,88,0,1,0,0,0
target,702,6,1188950301625815552,671088640,88,0,1,0,0,0
target,703,6,1188950301625815552,805306368,93,0,1,0,0,0
target,704,6,1188950301625815553,536870912,83,0,1,0,0,0
target,705,6,1188950301625815554,536870912,87,0,1,0,0,0
target,706,6,1188950301625815556,536870912,86,0,1,0,0,0
target,707,6,1188950301625815560,536870912,91,0,1,0,0,0
target,708,6,1188950301625815568,536870912,97,0,1,0,0,0
target,709,6,1188950301625815584,536870912,77,0,1,0,0,0
target,710,6,1188950301625815616,536870912,96,0,1,0,0,0
target,711,6,1188950301625815680,536870912,99,0,1,0,0,0
target,712,6,1188950301625815808,536870912,102,0,1,0,0,0
target,713,6,1188950301625816064,536870913,76,0,1,0,0,0
target,714,6,1188950301625816064,536870914,77,0,1,0,0,0
target,715,6,1188950301625816064,536870916,87,0,1,0,0,0
target,716,6,1188950301625816064,536870928,87,0,1,0,0,0
target,717,6,1188950301625816064,536870944,83,0,1,0,0,0
target,718,6,1188950301625816064,536871040,81,0,1,0,0,0
target,719,6,1188950301625816064,536879104,94,0,1,0,0,0
target,720,6,1188950301625816064,536887296,81,0,1,0,0,0
target,721,6,1188950301625816064,536903680,89,0,1,0,0,0
target,722,6,1188950301625816064,536936448,72,0,1,0,0,0
target,723,6,1188950301625816064,537001984,85,0,1,0,0,0
target,724,6,1188950301625816064,537133056,88,0,1,0,0,0
target,725,6,1188950301625816064,570425344,82,0,1,0,0,0
target,726,6,1188950301625816064,603979776,73,0,1,0,0,0
target,727,6,1188950301625816064,671088640,84,0,1,0,0,0
target,728,6,1188950301625816064,805306368,86,0,1,0,0,0
target,729,6,1188950301625816064,34896609280,93,0,1,0,0,0
target,730,6,1188950301625816064,137975824384,92,0,1,0,0,0
target,731,6,1188950301625816064,275414777856,93,0,1,0,0,0
target,732,6,1188950301625816064,1100048498688,89,0,1,0,0,0
target,733,6,1188950301625816065,536870912,77,0,1,0,0,0
target,734,6,1188950301625816068,536870912,82,0,1,0,0,0
target,735,6,1188950301625816072,536870912,85,0,1,0,0,0
target,736,6,1188950301625816080,536870912,93,0,1,0,0,0
target,737,6,1188950301625816096,536870912,67,0,1,0,0,0
target,738,6,1188950301625816128,536870912,91,0,1,0,0,0
target,739,6,1188950301625816192,536870912,95,0,1,0,0,0
target,740,6,1188950301625816320,536870912,94,0,1,0,0,0
target,741,6,1188950301625816576,536870912,94,0,1,0,0,0
target,742,6,1188950301625817088,536870913,79,0,1,0,0,0
target,743,6,1188950301625817088,536870914,81,0,1,0,0,0
target,744,6,1188950301625817600,536870912,93,0,1,0,0,0
target,745,6,1188950301625818112,536870912,91,0,1,0,0,0
target,746,6,1188950301625823232,536870913,74,0,1,0,0,0
target,747,6,1188950301625823232,536870914,74,0,1,0,0,0
target,748,6,1188950301625823744,536870912,95,0,1,0,0,0
target,749,6,1188950301625824256,536870912,90,0,1,0,0,0
target,750,6,1188950301625831424,536870913,76,0,1,0,0,0
target,751,6,1188950301625831424,536870914,83,0,1,0,0,0
target,752,6,1188950301625831936,536870912,97,0,1,0,0,0
target,753,6,1188950301625832448,536870912,89,0,1,0,0,0
target,754,6,1188950301625880576,536870913,64,0,1,0,0,0
target,755,6,1188950301625880576,536870914,75,0,1,0,0,0
target,756,6,1188950301625881088,536870912,84,0,1,0,0,0
target,757,6,1188950301625881600,536870912,81,0,1,0,0,0
target,758,6,1188950301625946112,536870913,71,0,1,0,0,0
target,759,6,1188950301625946112,536870914,78,0,1,0,0,0
target,760,6,1188950301625946624,536870912,93,0,1,0,0,0
target,761,6,1188950301625947136,536870912,91,0,1,0,0,0
target,762,6,1188950301626077184,536870913,74,0,1,0,0,0
target,763,6,1188950301626077184,536870914,83,0,1,0,0,0
target,764,6,1188950301626077696,536870912,97,0,1,0,0,0
target,765,6,1188950301626078208,536870912,88,0,1,0,0,0
target,766,6,1188950301626339328,536870914,70,0,1,0,0,0
target,767,6,1188950301626339840,536870912,88,0,1,0,0,0
target,768,6,1188950301626340352,536870912,84,0,1,0,0,0
target,769,6,1188950301626859520,536870918,79,0,1,0,0,0
target,770,6,1188950301626859520,536870922,83,0,1,0,0,0
target,771,6,1188950301626859520,536870930,82,0,1,0,0,0
target,772,6,1188950301626859520,536870946,78,0,1,0,0,0
target,773,6,1188950301626859520,536870978,73,0,1,0,0,0
target,774,6,1188950301626859520,536879106,80,0,1,0,0,0
target,775,6,1188950301626859520,536887298,81,0,1,0,0,0
target,776,6,1188950301626859520,536903682,76,0,1,0,0,0
target,777,6,1188950301626859520,536936450,70,0,1,0,0,0
target,778,6,1188950301626859520,537001986,75,0,1,0,0,0
target,779,6,1188950301626859520,570425346,74,0,1,0,0,0
target,780,6,1188950301626859520,603979778,73,0,1,0,0,0
target,781,6,1188950301626859520,671088642,75,0,1,0,0,0
target,782,6,1188950301626859520,805306370,73,0,1,0,0,0
target,783,6,1188950301626859520,34896609282,83,0,1,0,0,0
target,784,6,1188950301626861568,536870914,81,0,1,0,0,0
target,785,6,1188950301626863616,536870913,77,0,1,0,0,0
target,786,6,1188950301626863616,536870916,88,0,1,0,0,0
target,787,6,1188950301626863616,536870928,88,0,1,0,0,0
target,788,6,1188950301626863616,536870944,85,0,1,0,0,0
target,789,6,1188950301626863616,536871040,79,0,1,0,0,0
target,790,6,1188950301626863616,536879104,90,0,1,0,0,0
target,791,6,1188950301626863616,536887296,79,0,1,0,0,0
target,792,6,1188950301626863616,536903680,89,0,1,0,0,0
target,793,6,1188950301626863616,536936448,71,0,1,0,0,0
target,794,6,1188950301626863616,537001984,84,0,1,0,0,0
target,795,6,1188950301626863616,537133056,89,0,1,0,0,0
target,796,6,1188950301626863616,570425344,81,0,1,0,0,0
target,797,6,1188950301626863616,603979776,66,0,1,0,0,0
target,798,6,1188950301626863616,671088640,83,0,1,0,0,0
target,799,6,1188950301626863616,805306368,88,0,1,0,0,0
target,800,6,1188950301626863616,34896609280,93,0,1,0,0,0
target,801,6,1188950301626863617,536870912,82,0,1,0,0,0
target,802,6,1188950301626863618,536870912,89,0,1,0,0,0
target,803,6,1188950301626863620,536870912,84,0,1,0,0,0
target,804,6,1188950301626863624,536870912,91,0,1,0,0,0
target,805,6,1188950301626863632,536870912,92,0,1,0,0,0
target,806,6,1188950301626863648,536870912,74,0,1,0,0,0
target,807,6,1188950301626863680,536870912,93,0,1,0,0,0
target,808,6,1188950301626863744,536870912,97,0,1,0,0,0
target,809,6,1188950301626863872,536870912,87,0,1,0,0,0
target,810,6,1188950301626864128,536870912,91,0,1,0,0,0
target,811,6,1188950301626864640,536870912,86,0,1,0,0,0
target,812,6,1188950301626865664,536870912,82,0,1,0,0,0
target,813,6,1188950301626871808,536870912,79,0,1,0,0,0
target,814,6,1188950301626880000,536870912,83,0,1,0,0,0
target,815,6,1188950301626929152,536870912,74,0,1,0,0,0
target,816,6,1188950301626994688,536870912,81,0,1,0,0,0
target,817,6,1188950301627125760,536870912,83,0,1,0,0,0
target,818,6,1188950301627387904,536870912,75,0,1,0,0,0
target,819,6,1188950301627912192,536870913,79,0,1,0,0,0
target,820,6,1188950301627912192,536870916,79,0,1,0,0,0
target,821,6,1188950301627912192,536870928,87,0,1,0,0,0
target,822,6,1188950301627912192,536870944,85,0,1,0,0,0
target,823,6,1188950301627912192,536871040,76,0,1,0,0,0
target,824,6,1188950301627912192,536879104,95,0,1,0,0,0
target,825,6,1188950301627912192,536887296,85,0,1,0,0,0
target,826,6,1188950301627912192,536903680,91,0,1,0,0,0
target,827,6,1188950301627912192,536936448,81,0,1,0,0,0
target,828,6,1188950301627912192,537001984,83,0,1,0,0,0
target,829,6,1188950301627912192,537133056,88,0,1,0,0,0
target,830,6,1188950301627912192,570425344,75,0,1,0,0,0
target,831,6,1188950301627912192,603979776,83,0,1,0,0,0
target,832,6,1188950301627912192,671088640,78,0,1,0,0,0
target,833,6,1188950301627912192,805306368,89,0,1,0,0,0
target,834,6,1188950301627912192,34896609280,94,0,1,0,0,0
target,835,6,1188950301627912192,137975824384,86,0,1,0,0,0
target,836,6,1188950301627912192,275414777856,93,0,1,0,0,0
target,837,6,1188950301627912192,1100048498688,89,0,1,0,0,0
target,838,6,1188950301627912193,536870912,85,0,1,0,0,0
target,839,6,1188950301627912196,536870912,84,0,1,0,0,0
target,840,6,1188950301627912200,536870912,90,0,1,0,0,0
target,841,6,1188950301627912208,536870912,96,0,1,0,0,0
target,842,6,1188950301627912224,536870912,72,0,1,0,0,0
target,843,6,1188950301627912256,536870912,94,0,1,0,0,0
target,844,6,1188950301627912320,536870912,97,0,1,0,0,0
target,845,6,1188950301627912448,536870912,97,0,1,0,0,0
target,846,6,1188950301627912704,536870912,88,0,1,0,0,0
target,847,6,1188950301627914240,536870912,84,0,1,0,0,0
target,848,6,1188950301627920384,536870912,80,0,1,0,0,0
target,849,6,1188950301627928576,536870912,85,0,1,0,0,0
target,850,6,1188950301627977728,536870912,75,0,1,0,0,0
target,851,6,1188950301628043264,536870912,85,0,1,0,0,0
target,852,6,1188950301628174336,536870912,86,0,1,0,0,0
target,853,6,1188950301628436480,536870912,80,0,1,0,0,0
target,854,6,1188950301628960768,536870912,84,0,1,0,0,0
target,855,6,1188950301631053824,536870914,85,0,1,0,0,0
target,856,6,1188950301634203648,536870913,81,0,1,0,0,0
target,857,6,1188950301634203648,536870914,72,0,1,0,0,0
target,858,6,1188950301634204160,536870912,94,0,1,0,0,0
target,859,6,1188950301634204672,536870912,89,0,1,0,0,0
target,860,6,1188950301635248128,536870914,74,0,1,0,0,0
target,861,6,1188950301635252224,536870912,87,0,1,0,0,0
target,862,6,1188950301636300800,536870912,89,0,1,0,0,0
target,863,6,1188950301642592256,536870913,71,0,1,0,0,0
target,864,6,1188950301642592256,536870914,76,0,1,0,0,0
target,865,6,1188950301642592768,536870912,89,0,1,0,0,0
target,866,6,1188950301642593280,536870912,81,0,1,0,0,0
target,867,6,1188950301643636736,536870914,76,0,1,0,0,0
target,868,6,1188950301643640832,536870912,77,0,1,0,0,0
target,869,6,1188950301644689408,536870912,83,0,1,0,0,0
target,870,6,1188950301660413952,536870914,78,0,1,0,0,0
target,871,6,1188950301692923904,536870913,77,0,1,0,0,0
target,872,6,1188950301692923904,536870914,75,0,1,0,0,0
target,873,6,1188950301692924416,536870912,96,0,1,0,0,0
target,874,6,1188950301692924928,536870912,87,0,1,0,0,0
target,875,6,1188950301693968384,536870914,77,0,1,0,0,0
target,876,6,1188950301693972480,536870912,90,0,1,0,0,0
target,877,6,1188950301695021056,536870912,89,0,1,0,0,0
target,878,6,1188950301760028673,68719476737,70,0,1,0,0,0
target,879,6,1188950301760028673,68719476738,71,0,1,0,0,0
target,880,6,1188950301760028673,68719478784,83,0,1,0,0,0
target,881,6,1188950301760028673,68719480832,85,0,1,0,0,0
target,882,6,1188950301760028673,68723671040,85,0,1,0,0,0
target,883,6,1188950301760028673,68727865344,87,0,1,0,0,0
target,884,6,1188950301760028673,77309411328,85,0,1,0,0,0
target,885,6,1188950301760028673,85899345920,88,0,1,0,0,0
target,886,6,1188950301760028674,68719476737,76,0,1,0,0,0
target,887,6,1188950301760028674,68719476738,80,0,1,0,0,0
target,888,6,1188950301760028674,68719478784,89,0,1,0,0,0
target,889,6,1188950301760028674,68719480832,84,0,1,0,0,0
target,890,6,1188950301760028674,68723671040,89,0,1,0,0,0
target,891,6,1188950301760028674,68727865344,89,0,1,0,0,0
target,892,6,1188950301760028674,77309411328,78,0,1,0,0,0
target,893,6,1188950301760028674,85899345920,95,0,1,0,0,0
target,894,6,1188950301760028676,68719476737,81,0,1,0,0,0
target,895,6,1188950301760028676,68719476738,85,0,1,0,0,0
target,896,6,1188950301760028676,68719478784,92,0,1,0,0,0
target,897,6,1188950301760028676,68719480832,97,0,1,0,0,0
target,898,6,1188950301760028676,68723671040,93,0,1,0,0,0
target,899,6,1188950301760028676,68727865344,97,0,1,0,0,0
target,900,6,1188950301760028676,77309411328,95,0,1,0,0,0
target,901,6,1188950301760028676,85899345920,98,0,1,0,0,0
target,902,6,1188950301760028680,68719476737,77,0,1,0,0,0
target,903,6,1188950301760028680,68719476738,80,0,1,0,0,0
target,904,6,1188950301760028680,68719478784,85,0,1,0,0,0
target,905,6,1188950301760028680,68719480832,91,0,1,0,0,0
target,906,6,1188950301760028680,68723671040,85,0,1,0,0,0
target,907,6,1188950301760028680,68727865344,88,0,1,0,0,0
target,908,6,1188950301760028680,77309411328,90,0,1,0,0,0
target,909,6,1188950301760028680,85899345920,95,0,1,0,0,0
target,910,6,1188950301760028704,68719476737,68,0,1,0,0,0
target,911,6,1188950301760028704,68719476738,63,0,1,0,0,0
target,912,6,1188950301760028704,68719478784,82,0,1,0,0,0
target,913,6,1188950301760028704,68719480832,84,0,1,0,0,0
target,914,6,1188950301760028704,68723671040,81,0,1,0,0,0
target,915,6,1188950301760028704,68727865344,84,0,1,0,0,0
target,916,6,1188950301760028704,77309411328,74,0,1,0,0,0
target,917,6,1188950301760028704,85899345920,87,0,1,0,0,0
target,918,6,1188950301760028736,68719476737,79,0,1,0,0,0
target,919,6,1188950301760028736,68719476738,85,0,1,0,0,0
target,920,6,1188950301760028736,68719478784,90,0,1,0,0,0
target,921,6,1188950301760028736,68719480832,92,0,1,0,0,0
target,922,6,1188950301760028736,68723671040,93,0,1,0,0,0
target,923,6,1188950301760028736,68727865344,96,0,1,0,0,0
target,924,6,1188950301760028736,77309411328,94,0,1,0,0,0
target,925,6,1188950301760028736,85899345920,99,0,1,0,0,0
target,926,6,1188950301760028800,68719476737,79,0,1,0,0,0
target,927,6,1188950301760028800,68719476738,83,0,1,0,0,0
target,928,6,1188950301760028800,68719478784,90,0,1,0,0,0
target,929,6,1188950301760028800,68719480832,95,0,1,0,0,0
target,930,6,1188950301760028800,68723671040,93,0,1,0,0,0
target,931,6,1188950301760028800,77309411328,94,0,1,0,0,0
target,932,6,1188950301760028800,85899345920,99,0,1,0,0,0
target,933,6,1188950301760028928,68719476737,78,0,1,0,0,0
target,934,6,1188950301760028928,68719476738,82,0,1,0,0,0
target,935,6,1188950301760028928,68719478784,92,0,1,0,0,0
target,936,6,1188950301760028928,68719480832,86,0,1,0,0,0
target,937,6,1188950301760028928,68723671040,92,0,1,0,0,0
target,938,6,1188950301760028928,68727865344,95,0,1,0,0,0
target,939,6,1188950301760028928,77309411328,82,0,1,0,0,0
target,940,6,1188950301760028928,85899345920,95,0,1,0,0,0
target,941,6,1188950301760029184,68719476737,79,0,1,0,0,0
target,942,6,1188950301760029184,68719476738,85,0,1,0,0,0
target,943,6,1188950301760029184,68719478784,90,0,1,0,0,0
target,944,6,1188950301760029184,68719480832,97,0,1,0,0,0
target,945,6,1188950301760029184,68727865344,96,0,1,0,0,0
target,946,6,1188950301760029184,77309411328,91,0,1,0,0,0
target,947,6,1188950301760029184,85899345920,101,0,1,0,0,0
target,948,6,1188950301760029696,68719476737,62,0,1,0,0,0
target,949,6,1188950301760029696,68719476738,63,0,1,0,0,0
target,950,6,1188950301760029696,68719476752,72,0,1,0,0,0
target,951,6,1188950301760029696,68719476768,73,0,1,0,0,0
target,952,6,1188950301760029696,68719476864,71,0,1,0,0,0
target,953,6,1188950301760029696,68719477248,70,0,1,0,0,0
target,954,6,1188950301760029696,68719477760,75,0,1,0,0,0
target,955,6,1188950301760029696,68719478784,80,0,1,0,0,0
target,956,6,1188950301760029696,68719480832,76,0,1,0,0,0
target,957,6,1188950301760029696,68719484928,72,0,1,0,0,0
target,958,6,1188950301760029696,68719493120,77,0,1,0,0,0
target,959,6,1188950301760029696,68719509504,77,0,1,0,0,0
target,960,6,1188950301760029696,68719738880,71,0,1,0,0,0
target,961,6,1188950301760029696,68720001024,75,0,1,0,0,0
target,962,6,1188950301760029696,68721573888,80,0,1,0,0,0
target,963,6,1188950301760029696,68723671040,79,0,1,0,0,0
target,964,6,1188950301760029696,68753031168,77,0,1,0,0,0
target,965,6,1188950301760029696,68987912192,77,0,1,0,0,0
target,966,6,1188950301760029696,69793218560,71,0,1,0,0,0
target,967,6,1188950301760029696,70866960384,82,0,1,0,0,0
target,968,6,1188950301760029696,73014444032,75,0,1,0,0,0
target,969,6,1188950301760029696,77309411328,78,0,1,0,0,0
target,970,6,1188950301760029696,85899345920,79,0,1,0,0,0
target,971,6,1188950301760029696,103079215104,81,0,1,0,0,0
target,972,6,1188950301760029696,206158430208,75,0,1,0,0,0
target,973,6,1188950301760029696,343597383680,78,0,1,0,0,0
target,974,6,1188950301760029696,2267742732288,79,0,1,0,0,0
target,975,6,1188950301760029696,4466765987840,75,0,1,0,0,0
target,976,6,1188950301760029696,8864812498944,73,0,1,0,0,0
target,977,6,1188950301760029696,17660905521152,77,0,1,0,0,0
target,978,6,1188950301760029697,68719476736,67,0,1,0,0,0
target,979,6,1188950301760029698,68719476736,74,0,1,0,0,0
target,980,6,1188950301760029700,68719476736,76,0,1,0,0,0
target,981,6,1188950301760029760,68719476736,79,0,1,0,0,0
target,982,6,1188950301760029952,68719476736,76,0,1,0,0,0
target,983,6,1188950301760030208,68719476736,77,0,1,0,0,0
target,984,6,1188950301760031744,68719476736,83,0,1,0,0,0
target,985,6,1188950301760036864,68719476737,79,0,1,0,0,0
target,986,6,1188950301760036864,68719476738,77,0,1,0,0,0
target,987,6,1188950301760036864,68719478784,93,0,1,0,0,0
target,988,6,1188950301760036864,68719480832,96,0,1,0,0,0
target,989,6,1188950301760036864,68723671040,94,0,1,0,0,0
target,990,6,1188950301760036864,68727865344,97,0,1,0,0,0
target,991,6,1188950301760036864,77309411328,83,0,1,0,0,0
target,992,6,1188950301760036864,85899345920,100,0,1,0,0,0
target,993,6,1188950301760037888,68719476736,84,0,1,0,0,0
target,994,6,1188950301760045056,68719476737,76,0,1,0,0,0
target,995,6,1188950301760045056,68719476738,84,0,1,0,0,0
target,996,6,1188950301760045056,68719478784,91,0,1,0,0,0
target,997,6,1188950301760045056,68719480832,95,0,1,0,0,0
target,998,6,1188950301760045056,68723671040,90,0,1,0,0,0
target,999,6,1188950301760045056,68727865344,92,0,1,0,0,0
target,1000,6,1188950301760045056,77309411328,90,0,1,0,0,0
target,1001,6,1188950301760045056,85899345920,95,0,1,0,0,0
target,1002,6,1188950301760046080,68719476736,80,0,1,0,0,0
target,1003,6,1188950301760094208,68719476737,71,0,1,0,0,0
target,1004,6,1188950301760094208,68719476738,79,0,1,0,0,0
target,1005,6,1188950301760094208,68719478784,83,0,1,0,0,0
target,1006,6,1188950301760094208,68719480832,78,0,1,0,0,0
target,1007,6,1188950301760094208,68723671040,86,0,1,0,0,0
target,1008,6,1188950301760094208,68727865344,91,0,1,0,0,0
target,1009,6,1188950301760094208,77309411328,89,0,1,0,0,0
target,1010,6,1188950301760094208,85899345920,94,0,1,0,0,0
target,1011,6,1188950301760095232,68719476736,71,0,1,0,0,0
target,1012,6,1188950301760159744,68719476737,76,0,1,0,0,0
target,1013,6,1188950301760159744,68719480832,93,0,1,0,0,0
target,1014,6,1188950301760159744,68723671040,91,0,1,0,0,0
target,1015,6,1188950301760159744,68727865344,90,0,1,0,0,0
target,1016,6,1188950301760159744,77309411328,92,0,1,0,0,0
target,1017,6,1188950301760159744,85899345920,97,0,1,0,0,0
target,1018,6,1188950301760160768,68719476736,81,0,1,0,0,0
target,1019,6,1188950301760290816,68719476738,83,0,1,0,0,0
target,1020,6,1188950301760290816,68719478784,91,0,1,0,0,0
target,1021,6,1188950301760290816,68719480832,94,0,1,0,0,0
target,1022,6,1188950301760290816,68723671040,89,0,1,0,0,0
target,1023,6,1188950301760290816,68727865344,86,0,1,0,0,0
target,1024,6,1188950301760290816,77309411328,96,0,1,0,0,0
target,1025,6,1188950301760290816,85899345920,98,0,1,0,0,0
target,1026,6,1188950301760291840,68719476736,78,0,1,0,0,0
target,1027,6,1188950301760552960,68719476737,78,0,1,0,0,0
target,1028,6,1188950301760552960,68719476738,77,0,1,0,0,0
target,1029,6,1188950301760552960,68719478784,94,0,1,0,0,0
target,1030,6,1188950301760552960,68719480832,97,0,1,0,0,0
target,1031,6,1188950301760552960,68723671040,95,0,1,0,0,0
target,1032,6,1188950301760552960,68727865344,92,0,1,0,0,0
target,1033,6,1188950301760552960,77309411328,82,0,1,0,0,0
target,1034,6,1188950301760552960,85899345920,101,0,1,0,0,0
target,1035,6,1188950301760553984,68719476736,79,0,1,0,0,0
target,1036,6,1188950301761077248,68719476737,68,0,1,0,0,0
target,1037,6,1188950301761077248,68719477248,71,0,1,0,0,0
target,1038,6,1188950301761077248,68719477760,85,0,1,0,0,0
target,1039,6,1188950301761077248,68719480832,76,0,1,0,0,0
target,1040,6,1188950301761077248,68720525312,78,0,1,0,0,0
target,1041,6,1188950301761077248,68721573888,81,0,1,0,0,0
target,1042,6,1188950301761077248,68723671040,76,0,1,0,0,0
target,1043,6,1188950301761077248,68727865344,85,0,1,0,0,0
target,1044,6,1188950301761077249,68719476736,74,0,1,0,0,0
target,1045,6,1188950301761077250,68719476736,74,0,1,0,0,0
target,1046,6,1188950301761077252,68719476736,86,0,1,0,0,0
target,1047,6,1188950301761077256,68719476736,82,0,1,0,0,0
target,1048,6,1188950301761077312,68719476736,83,0,1,0,0,0
target,1049,6,1188950301761077376,68719476736,78,0,1,0,0,0
target,1050,6,1188950301761077504,68719476736,73,0,1,0,0,0
target,1051,6,1188950301761077760,68719476736,81,0,1,0,0,0
target,1052,6,1188950301761079296,68719476736,72,0,1,0,0,0
target,1053,6,1188950301761085440,68719476736,73,0,1,0,0,0
target,1054,6,1188950301761093632,68719476736,79,0,1,0,0,0
target,1055,6,1188950301761142784,68719476736,78,0,1,0,0,0
target,1056,6,1188950301761339392,68719476736,76,0,1,0,0,0
target,1057,6,1188950301761601536,68719476736,79,0,1,0,0,0
target,1058,6,1188950301762125825,68719476736,88,0,1,0,0,0
target,1059,6,1188950301762125826,68719476736,92,0,1,0,0,0
target,1060,6,1188950301762125828,68719476736,97,0,1,0,0,0
target,1061,6,1188950301762125832,68719476736,94,0,1,0,0,0
target,1062,6,1188950301762125856,68719476736,85,0,1,0,0,0
target,1063,6,1188950301762125888,68719476736,98,0,1,0,0,0
target,1064,6,1188950301762125952,68719476736,96,0,1,0,0,0
target,1065,6,1188950301762126080,68719476736,97,0,1,0,0,0
target,1066,6,1188950301762126336,68719476736,98,0,1,0,0,0
target,1067,6,1188950301762126848,68719476736,80,0,1,0,0,0
target,1068,6,1188950301762127872,68719476736,94,0,1,0,0,0
target,1069,6,1188950301762134016,68719476736,94,0,1,0,0,0
target,1070,6,1188950301762142208,68719476736,94,0,1,0,0,0
target,1071,6,1188950301762191360,68719476736,89,0,1,0,0,0
target,1072,6,1188950301762256896,68719476736,93,0,1,0,0,0
target,1073,6,1188950301762387968,68719476736,94,0,1,0,0,0
target,1074,6,1188950301762650112,68719476736,97,0,1,0,0,0
target,1075,6,1188950301763174400,68719476736,80,0,1,0,0,0
target,1076,6,1188950301769465856,68719476736,66,0,1,0,0,0
target,1077,6,1188950301776806912,68719476736,71,0,1,0,0,0
target,1078,6,1188950301777854464,68719476736,71,0,1,0,0,0
target,1079,6,1188950301793584128,68719476736,74,0,1,0,0,0
target,1080,6,1188950301794631680,68719476736,76,0,1,0,0,0
target,1081,6,1188950301827138560,68719476736,74,0,1,0,0,0
target,1082,6,1188950301828186112,68719476736,78,0,1,0,0,0
target,1083,6,1188950301894250496,536870913,70,0,1,0,0,0
target,1084,6,1188950301894251008,536870912,94,0,1,0,0,0
target,1085,6,1188950301894251520,536870912,84,0,1,0,0,0
target,1086,6,1188950301895299072,536870912,86,0,1,0,0,0
target,1087,6,1188950301896347648,536870912,91,0,1,0,0,0
target,1088,6,1188950302028465152,68719476736,68,0,1,0,0,0
target,1089,6,1188950302029512704,68719476736,72,0,1,0,0,0
target,1090,6,1188950302162685952,536870913,80,0,1,0,0,0
target,1091,6,1188950302162686464,536870912,99,0,1,0,0,0
target,1092,6,1188950302162686976,536870912,94,0,1,0,0,0
target,1093,6,1188950302164783104,536870912,94,0,1,0,0,0
target,1094,6,1188950302296900608,68719476736,82,0,1,0,0,0
target,1095,6,1188950302297948160,68719476736,82,0,1,0,0,0
target,1096,6,1188950302699556864,536870913,68,0,1,0,0,0
target,1097,6,1188950302699557376,536870912,91,0,1,0,0,0
target,1098,6,1188950302699557888,536870912,84,0,1,0,0,0
target,1099,6,1188950302700605440,536870912,81,0,1,0,0,0
target,1100,6,1188950302701654016,536870912,89,0,1,0,0,0
target,1101,6,1188950303773298688,536870916,89,0,1,0,0,0
target,1102,6,1188950303773298688,536870928,77,0,1,0,0,0
target,1103,6,1188950303773298688,536870944,85,0,1,0,0,0
target,1104,6,1188950303773298688,536871040,74,0,1,0,0,0
target,1105,6,1188950303773298688,536879104,93,0,1,0,0,0
target,1106,6,1188950303773298688,536887296,86,0,1,0,0,0
target,1107,6,1188950303773298688,536903680,89,0,1,0,0,0
target,1108,6,1188950303773298688,536936448,81,0,1,0,0,0
target,1109,6,1188950303773298688,537001984,78,0,1,0,0,0
target,1110,6,1188950303773298688,537133056,87,0,1,0,0,0
target,1111,6,1188950303773298688,570425344,74,0,1,0,0,0
target,1112,6,1188950303773298688,671088640,81,0,1,0,0,0
target,1113,6,1188950303773298688,805306368,90,0,1,0,0,0
target,1114,6,1188950303773298688,34896609280,81,0,1,0,0,0
target,1115,6,1188950303773298689,536870912,83,0,1,0,0,0
target,1116,6,1188950303773298692,536870912,90,0,1,0,0,0
target,1117,6,1188950303773298696,536870912,79,0,1,0,0,0
target,1118,6,1188950303773298704,536870912,95,0,1,0,0,0
target,1119,6,1188950303773298720,536870912,62,0,1,0,0,0
target,1120,6,1188950303773298752,536870912,81,0,1,0,0,0
target,1121,6,1188950303773298816,536870912,96,0,1,0,0,0
target,1122,6,1188950303773298944,536870912,95,0,1,0,0,0
target,1123,6,1188950303773299200,536870912,94,0,1,0,0,0
target,1124,6,1188950303773300736,536870912,91,0,1,0,0,0
target,1125,6,1188950303773306880,536870912,78,0,1,0,0,0
target,1126,6,1188950303773315072,536870912,92,0,1,0,0,0
target,1127,6,1188950303773364224,536870912,82,0,1,0,0,0
target,1128,6,1188950303773429760,536870912,91,0,1,0,0,0
target,1129,6,1188950303773560832,536870912,87,0,1,0,0,0
target,1130,6,1188950303773822976,536870912,71,0,1,0,0,0
target,1131,6,1188950303774347264,536870912,85,0,1,0,0,0
target,1132,6,1188950303775395840,536870912,92,0,1,0,0,0
target,1133,6,1188950303781687296,536870912,81,0,1,0,0,0
target,1134,6,1188950303790075904,536870912,68,0,1,0,0,0
target,1135,6,1188950303840407552,536870912,89,0,1,0,0,0
target,1136,6,1188950303907512321,68719476736,83,0,1,0,0,0
target,1137,6,1188950303907512322,68719476736,90,0,1,0,0,0
target,1138,6,1188950303907512324,68719476736,95,0,1,0,0,0
target,1139,6,1188950303907512328,68719476736,88,0,1,0,0,0
target,1140,6,1188950303907512352,68719476736,72,0,1,0,0,0
target,1141,6,1188950303907512384,68719476736,93,0,1,0,0,0
target,1142,6,1188950303907512448,68719476736,95,0,1,0,0,0
target,1143,6,1188950303907512576,68719476736,92,0,1,0,0,0
target,1144,6,1188950303907512832,68719476736,93,0,1,0,0,0
target,1145,6,1188950303907520512,68719476736,81,0,1,0,0,0
target,1146,6,1188950303907528704,68719476736,93,0,1,0,0,0
target,1147,6,1188950303907577856,68719476736,87,0,1,0,0,0
target,1148,6,1188950303907643392,68719476736,86,0,1,0,0,0
target,1149,6,1188950303908036608,68719476736,82,0,1,0,0,0
target,1150,6,1188950303908560896,68719476736,77,0,1,0,0,0
target,1151,6,1188950304041734144,536870912,88,0,1,0,0,0
target,1152,6,1188950304310169600,536870912,94,0,1,0,0,0
target,1153,6,1188950304847040512,536870912,82,0,1,0,0,0
target,1154,6,1188950305920782336,536870913,83,0,1,0,0,0
target,1155,6,1188950305920782336,536870916,93,0,1,0,0,0
target,1156,6,1188950305920782336,536870928,92,0,1,0,0,0
target,1157,6,1188950305920782336,536870944,89,0,1,0,0,0
target,1158,6,1188950305920782336,536871040,82,0,1,0,0,0
target,1159,6,1188950305920782336,536879104,98,0,1,0,0,0
target,1160,6,1188950305920782336,536887296,90,0,1,0,0,0
target,1161,6,1188950305920782336,536903680,94,0,1,0,0,0
target,1162,6,1188950305920782336,536936448,86,0,1,0,0,0
target,1163,6,1188950305920782336,537001984,89,0,1,0,0,0
target,1164,6,1188950305920782336,537133056,90,0,1,0,0,0
target,1165,6,1188950305920782336,570425344,85,0,1,0,0,0
target,1166,6,1188950305920782336,603979776,88,0,1,0,0,0
target,1167,6,1188950305920782336,671088640,89,0,1,0,0,0
target,1168,6,1188950305920782336,805306368,92,0,1,0,0,0
target,1169,6,1188950305920782336,34896609280,98,0,1,0,0,0
target,1170,6,1188950305920782337,536870912,89,0,1,0,0,0
target,1171,6,1188950305920782338,536870912,96,0,1,0,0,0
target,1172,6,1188950305920782340,536870912,92,0,1,0,0,0
target,1173,6,1188950305920782344,536870912,95,0,1,0,0,0
target,1174,6,1188950305920782352,536870912,100,0,1,0,0,0
target,1175,6,1188950305920782368,536870912,77,0,1,0,0,0
target,1176,6,1188950305920782400,536870912,99,0,1,0,0,0
target,1177,6,1188950305920782464,536870912,102,0,1,0,0,0
target,1178,6,1188950305920782592,536870912,99,0,1,0,0,0
target,1179,6,1188950305920782848,536870912,102,0,1,0,0,0
target,1180,6,1188950305920783360,536870912,94,0,1,0,0,0
target,1181,6,1188950305920784384,536870912,96,0,1,0,0,0
target,1182,6,1188950305920790528,536870912,95,0,1,0,0,0
target,1183,6,1188950305920798720,536870912,97,0,1,0,0,0
target,1184,6,1188950305920847872,536870912,86,0,1,0,0,0
target,1185,6,1188950305920913408,536870912,92,0,1,0,0,0
target,1186,6,1188950305921044480,536870912,97,0,1,0,0,0
target,1187,6,1188950305921306624,536870912,91,0,1,0,0,0
target,1188,6,1188950305921830912,536870912,92,0,1,0,0,0
target,1189,6,1188950305922879488,536870912,95,0,1,0,0,0
target,1190,6,1188950305929170944,536870912,91,0,1,0,0,0
target,1191,6,1188950305937559552,536870912,85,0,1,0,0,0
target,1192,6,1188950305987891200,536870912,94,0,1,0,0,0
target,1193,6,1188950306054995969,68719476736,83,0,1,0,0,0
target,1194,6,1188950306054995970,68719476736,89,0,1,0,0,0
target,1195,6,1188950306054995972,68719476736,91,0,1,0,0,0
target,1196,6,1188950306054995976,68719476736,89,0,1,0,0,0
target,1197,6,1188950306054996000,68719476736,80,0,1,0,0,0
target,1198,6,1188950306054996032,68719476736,90,0,1,0,0,0
target,1199,6,1188950306054996096,68719476736,81,0,1,0,0,0
target,1200,6,1188950306054996224,68719476736,86,0,1,0,0,0
target,1201,6,1188950306054996480,68719476736,92,0,1,0,0,0
target,1202,6,1188950306054996992,68719476736,74,0,1,0,0,0
target,1203,6,1188950306055004160,68719476736,87,0,1,0,0,0
target,1204,6,1188950306055012352,68719476736,92,0,1,0,0,0
target,1205,6,1188950306055061504,68719476736,84,0,1,0,0,0
target,1206,6,1188950306055258112,68719476736,85,0,1,0,0,0
target,1207,6,1188950306055520256,68719476736,89,0,1,0,0,0
target,1208,6,1188950306189217792,536870912,95,0,1,0,0,0
target,1209,6,1188950306457653248,536870912,99,0,1,0,0,0
target,1210,6,1188950306994524160,536870912,91,0,1,0,0,0
target,1211,6,1188950308068265984,536870912,97,0,1,0,0,0
target,1212,6,1188950310215749632,536870914,71,0,1,0,0,0
target,1213,6,1188950310215750144,536870912,71,0,1,0,0,0
target,1214,6,1188950310215750656,536870912,78,0,1,0,0,0
target,1215,6,1188950310216794112,536870914,78,0,1,0,0,0
target,1216,6,1188950310216798208,536870912,76,0,1,0,0,0
target,1217,6,1188950310217846784,536870912,71,0,1,0,0,0
target,1218,6,1188950310349964288,68719476736,82,0,1,0,0,0
target,1219,6,1188950310351011840,68719476736,83,0,1,0,0,0
target,1220,6,1188950312363233280,536870912,79,0,1,0,0,0
target,1221,6,1188950314510716928,536870912,83,0,1,0,0,0
target,1222,6,1188950318805684224,536870913,74,0,1,0,0,0
target,1223,6,1188950318805684224,536870914,82,0,1,0,0,0
target,1224,6,1188950318805684736,536870912,95,0,1,0,0,0
target,1225,6,1188950318805685248,536870912,83,0,1,0,0,0
target,1226,6,1188950318806728704,536870914,79,0,1,0,0,0
target,1227,6,1188950318806732800,536870912,90,0,1,0,0,0
target,1228,6,1188950318807781376,536870912,89,0,1,0,0,0
target,1229,6,1188950318939898880,68719476736,69,0,1,0,0,0
target,1230,6,1188950318940946432,68719476736,76,0,1,0,0,0
target,1231,6,1188950320953167872,536870912,88,0,1,0,0,0
target,1232,6,1188950323100651520,536870912,96,0,1,0,0,0
target,1233,6,1188950335985553408,536870913,73,0,1,0,0,0
target,1234,6,1188950335985553408,536870914,75,0,1,0,0,0
target,1235,6,1188950335985553920,536870912,93,0,1,0,0,0
target,1236,6,1188950335985554432,536870912,88,0,1,0,0,0
target,1237,6,1188950335986597888,536870914,77,0,1,0,0,0
target,1238,6,1188950335986601984,536870912,88,0,1,0,0,0
target,1239,6,1188950335987650560,536870912,88,0,1,0,0,0
target,1240,6,1188950336119768064,68719476736,81,0,1,0,0,0
target,1241,6,1188950336120815616,68719476736,81,0,1,0,0,0
target,1242,6,1188950338133037056,536870912,88,0,1,0,0,0
target,1243,6,1188950340280520704,536870912,93,0,1,0,0,0
target,1244,6,1188950370345291776,536870913,67,0,1,0,0,0
target,1245,6,1188950370345291776,536870914,73,0,1,0,0,0
target,1246,6,1188950370345292288,536870912,86,0,1,0,0,0
target,1247,6,1188950370345292800,536870912,79,0,1,0,0,0
target,1248,6,1188950370346336256,536870914,77,0,1,0,0,0
target,1249,6,1188950370346340352,536870912,79,0,1,0,0,0
target,1250,6,1188950370347388928,536870912,82,0,1,0,0,0
target,1251,6,1188950370479506432,68719476736,72,0,1,0,0,0
target,1252,6,1188950370480553984,68719476736,70,0,1,0,0,0
target,1253,6,1188950372492775424,536870912,83,0,1,0,0,0
target,1254,6,1188950374640259072,536870912,87,0,1,0,0,0
target,1255,6,1188950439065812992,536870914,76,0,1,0,0,0
target,1256,6,1188950439198983168,68719476736,69,0,1,0,0,0
target,1257,6,1188950439200030720,68719476736,72,0,1,0,0,0
target,1258,6,1188950576503721984,536870913,68,0,1,0,0,0
target,1259,6,1188950576503721984,536870914,73,0,1,0,0,0
target,1260,6,1188950576503722496,536870912,88,0,1,0,0,0
target,1261,6,1188950576503723008,536870912,81,0,1,0,0,0
target,1262,6,1188950576504770560,536870912,79,0,1,0,0,0
target,1263,6,1188950576505819136,536870912,82,0,1,0,0,0
target,1264,6,1188950576637936640,68719476736,73,0,1,0,0,0
target,1265,6,1188950576638984192,68719476736,75,0,1,0,0,0
target,1266,6,1188950578651205632,536870912,82,0,1,0,0,0
target,1267,6,1188950580798689280,536870912,87,0,1,0,0,0
target,1268,6,1188950851381628928,536870913,69,0,1,0,0,0
target,1269,6,1188950851381629440,536870912,91,0,1,0,0,0
target,1270,6,1188950851381629952,536870912,85,0,1,0,0,0
target,1271,6,1188950851383726080,536870912,87,0,1,0,0,0
target,1272,6,1188950851515843584,68719476736,76,0,1,0,0,0
target,1273,6,1188950851516891136,68719476736,78,0,1,0,0,0
target,1274,6,1188950853529112576,536870912,81,0,1,0,0,0
target,1275,6,1188950855676596224,536870912,92,0,1,0,0,0
target,1276,6,1188951401137442816,536870913,74,0,1,0,0,0
target,1277,6,1188951401137443328,536870912,95,0,1,0,0,0
target,1278,6,1188951401137443840,536870912,84,0,1,0,0,0
target,1279,6,1188951401138491392,536870912,85,0,1,0,0,0
target,1280,6,1188951401139539968,536870912,89,0,1,0,0,0
target,1281,6,1188951403284926464,536870912,88,0,1,0,0,0
target,1282,6,1188951405432410112,536870912,95,0,1,0,0,0
target,1283,6,1188952500649070592,536870913,75,0,1,0,0,0
target,1284,6,1188952500649071104,536870912,96,0,1,0,0,0
target,1285,6,1188952500649071616,536870912,91,0,1,0,0,0
target,1286,6,1188952500650119168,536870912,88,0,1,0,0,0
target,1287,6,1188952500651167744,536870912,91,0,1,0,0,0
target,1288,6,1188952500783285248,68719476736,79,0,1,0,0,0
target,1289,6,1188952500784332800,68719476736,80,0,1,0,0,0
target,1290,6,1188952502796554240,536870912,89,0,1,0,0,0
target,1291,6,1188952504944037888,536870912,96,0,1,0,0,0
target,1292,6,1188954699672326144,536870916,84,0,1,0,0,0
target,1293,6,1188954699672326144,536870928,86,0,1,0,0,0
target,1294,6,1188954699672326144,536870944,81,0,1,0,0,0
target,1295,6,1188954699672326144,536871040,79,0,1,0,0,0
target,1296,6,1188954699672326144,536879104,92,0,1,0,0,0
target,1297,6,1188954699672326144,536903680,88,0,1,0,0,0
target,1298,6,1188954699672326144,536936448,81,0,1,0,0,0
target,1299,6,1188954699672326144,537001984,84,0,1,0,0,0
target,1300,6,1188954699672326144,537133056,83,0,1,0,0,0
target,1301,6,1188954699672326144,570425344,79,0,1,0,0,0
target,1302,6,1188954699672326144,603979776,82,0,1,0,0,0
target,1303,6,1188954699672326144,671088640,84,0,1,0,0,0
target,1304,6,1188954699672326144,805306368,86,0,1,0,0,0
target,1305,6,1188954699672326144,34896609280,92,0,1,0,0,0
target,1306,6,1188954699672326145,536870912,77,0,1,0,0,0
target,1307,6,1188954699672326146,536870912,90,0,1,0,0,0
target,1308,6,1188954699672326148,536870912,89,0,1,0,0,0
target,1309,6,1188954699672326152,536870912,88,0,1,0,0,0
target,1310,6,1188954699672326160,536870912,94,0,1,0,0,0
target,1311,6,1188954699672326176,536870912,74,0,1,0,0,0
target,1312,6,1188954699672326208,536870912,93,0,1,0,0,0
target,1313,6,1188954699672326272,536870912,96,0,1,0,0,0
target,1314,6,1188954699672326400,536870912,96,0,1,0,0,0
target,1315,6,1188954699672326656,536870912,95,0,1,0,0,0
target,1316,6,1188954699672327168,536870912,85,0,1,0,0,0
target,1317,6,1188954699672328192,536870912,91,0,1,0,0,0
target,1318,6,1188954699672334336,536870912,89,0,1,0,0,0
target,1319,6,1188954699672342528,536870912,86,0,1,0,0,0
target,1320,6,1188954699672391680,536870912,79,0,1,0,0,0
target,1321,6,1188954699672457216,536870912,90,0,1,0,0,0
target,1322,6,1188954699672588288,536870912,88,0,1,0,0,0
target,1323,6,1188954699673374720,536870912,87,0,1,0,0,0
target,1324,6,1188954699674423296,536870912,91,0,1,0,0,0
target,1325,6,1188954699680714752,536870912,89,0,1,0,0,0
target,1326,6,1188954699689103360,536870912,83,0,1,0,0,0
target,1327,6,1188954699739435008,536870912,90,0,1,0,0,0
target,1328,6,1188954699806539777,68719476736,82,0,1,0,0,0
target,1329,6,1188954699806539778,68719476736,92,0,1,0,0,0
target,1330,6,1188954699806539780,68719476736,97,0,1,0,0,0
target,1331,6,1188954699806539784,68719476736,89,0,1,0,0,0
target,1332,6,1188954699806539808,68719476736,84,0,1,0,0,0
target,1333,6,1188954699806539840,68719476736,95,0,1,0,0,0
target,1334,6,1188954699806539904,68719476736,95,0,1,0,0,0
target,1335,6,1188954699806540032,68719476736,94,0,1,0,0,0
target,1336,6,1188954699806540288,68719476736,97,0,1,0,0,0
target,1337,6,1188954699806540800,68719476736,76,0,1,0,0,0
target,1338,6,1188954699806547968,68719476736,97,0,1,0,0,0
target,1339,6,1188954699806556160,68719476736,89,0,1,0,0,0
target,1340,6,1188954699806605312,68719476736,79,0,1,0,0,0
target,1341,6,1188954699806670848,68719476736,93,0,1,0,0,0
target,1342,6,1188954699806801920,68719476736,93,0,1,0,0,0
target,1343,6,1188954699807064064,68719476736,91,0,1,0,0,0
target,1344,6,1188954699807588352,68719476736,80,0,1,0,0,0
target,1345,6,1188954699940761600,536870912,84,0,1,0,0,0
target,1346,6,1188954700209197056,536870912,93,0,1,0,0,0
target,1347,6,1188954700746067968,536870912,84,0,1,0,0,0
target,1348,6,1188954701819809792,536870912,89,0,1,0,0,0
target,1349,6,1188954703967293440,536870912,95,0,1,0,0,0
target,1350,6,1188954716852195328,536870912,84,0,1,0,0,0
target,1351,6,1188954734032064512,536870912,83,0,1,0,0,0
target,1352,6,1188954768391802880,536870912,78,0,1,0,0,0
target,1353,6,1188954974550233088,536870912,79,0,1,0,0,0
target,1354,6,1188955249428140032,536870912,81,0,1,0,0,0
target,1355,6,1188955799183953920,536870912,87,0,1,0,0,0
target,1356,6,1188956898695581696,536870912,90,0,1,0,0,0
target,1357,6,1188959097718837248,536870913,74,0,1,0,0,0
target,1358,6,1188959097718837248,536870916,90,0,1,0,0,0
target,1359,6,1188959097718837248,536870928,88,0,1,0,0,0
target,1360,6,1188959097718837248,536870944,83,0,1,0,0,0
target,1361,6,1188959097718837248,536871040,81,0,1,0,0,0
target,1362,6,1188959097718837248,536879104,95,0,1,0,0,0
target,1363,6,1188959097718837248,536887296,87,0,1,0,0,0
target,1364,6,1188959097718837248,536903680,86,0,1,0,0,0
target,1365,6,1188959097718837248,536936448,77,0,1,0,0,0
target,1366,6,1188959097718837248,537001984,83,0,1,0,0,0
target,1367,6,1188959097718837248,537133056,88,0,1,0,0,0
target,1368,6,1188959097718837248,570425344,83,0,1,0,0,0
target,1369,6,1188959097718837248,603979776,84,0,1,0,0,0
target,1370,6,1188959097718837248,671088640,85,0,1,0,0,0
target,1371,6,1188959097718837248,805306368,90,0,1,0,0,0
target,1372,6,1188959097718837248,34896609280,95,0,1,0,0,0
target,1373,6,1188959097718837249,536870912,87,0,1,0,0,0
target,1374,6,1188959097718837250,536870912,87,0,1,0,0,0
target,1375,6,1188959097718837252,536870912,93,0,1,0,0,0
target,1376,6,1188959097718837256,536870912,88,0,1,0,0,0
target,1377,6,1188959097718837264,536870912,91,0,1,0,0,0
target,1378,6,1188959097718837280,536870912,69,0,1,0,0,0
target,1379,6,1188959097718837312,536870912,95,0,1,0,0,0
target,1380,6,1188959097718837376,536870912,92,0,1,0,0,0
target,1381,6,1188959097718837504,536870912,98,0,1,0,0,0
target,1382,6,1188959097718837760,536870912,93,0,1,0,0,0
target,1383,6,1188959097718838272,536870912,85,0,1,0,0,0
target,1384,6,1188959097718839296,536870912,94,0,1,0,0,0
target,1385,6,1188959097718845440,536870912,91,0,1,0,0,0
target,1386,6,1188959097718853632,536870912,93,0,1,0,0,0
target,1387,6,1188959097718902784,536870912,80,0,1,0,0,0
target,1388,6,1188959097718968320,536870912,92,0,1,0,0,0
target,1389,6,1188959097719099392,536870912,92,0,1,0,0,0
target,1390,6,1188959097719361536,536870912,80,0,1,0,0,0
target,1391,6,1188959097719885824,536870912,88,0,1,0,0,0
target,1392,6,1188959097720934400,536870912,91,0,1,0,0,0
target,1393,6,1188959097727225856,536870912,91,0,1,0,0,0
target,1394,6,1188959097735614464,536870912,81,0,1,0,0,0
target,1395,6,1188959097785946112,536870912,93,0,1,0,0,0
target,1396,6,1188959097853050881,68719476736,85,0,1,0,0,0
target,1397,6,1188959097853050882,68719476736,84,0,1,0,0,0
target,1398,6,1188959097853050884,68719476736,96,0,1,0,0,0
target,1399,6,1188959097853050888,68719476736,90,0,1,0,0,0
target,1400,6,1188959097853050912,68719476736,82,0,1,0,0,0
target,1401,6,1188959097853050944,68719476736,94,0,1,0,0,0
target,1402,6,1188959097853051008,68719476736,89,0,1,0,0,0
target,1403,6,1188959097853051136,68719476736,81,0,1,0,0,0
target,1404,6,1188959097853051392,68719476736,96,0,1,0,0,0
target,1405,6,1188959097853051904,68719476736,78,0,1,0,0,0
target,1406,6,1188959097853059072,68719476736,96,0,1,0,0,0
target,1407,6,1188959097853067264,68719476736,93,0,1,0,0,0
target,1408,6,1188959097853116416,68719476736,89,0,1,0,0,0
target,1409,6,1188959097853181952,68719476736,92,0,1,0,0,0
target,1410,6,1188959097853313024,68719476736,91,0,1,0,0,0
target,1411,6,1188959097853575168,68719476736,94,0,1,0,0,0
target,1412,6,1188959097854099456,68719476736,76,0,1,0,0,0
target,1413,6,1188959097987272704,536870912,92,0,1,0,0,0
target,1414,6,1188959098255708160,536870912,90,0,1,0,0,0
target,1415,6,1188959098792579072,536870912,85,0,1,0,0,0
target,1416,6,1188959099866320896,536870912,86,0,1,0,0,0
target,1417,6,1188959102013804544,536870912,96,0,1,0,0,0
target,1418,6,1188959106308771840,536870912,72,0,1,0,0,0
target,1419,6,1188959114898706432,536870912,86,0,1,0,0,0
target,1420,6,1188959132078575616,536870912,84,0,1,0,0,0
target,1421,6,1188959166438313984,536870912,76,0,1,0,0,0
target,1422,6,1188959372596744192,536870912,79,0,1,0,0,0
target,1423,6,1188959647474651136,536870912,86,0,1,0,0,0
target,1424,6,1188961296742092800,536870912,92,0,1,0,0,0
target,1425,6,1188963495765348352,536870912,92,0,1,0,0,0
target,1426,6,1188967893811859456,536870913,70,0,1,0,0,0
target,1427,6,1188967893811859456,536870914,77,0,1,0,0,0
target,1428,6,1188967893811859968,536870912,91,0,1,0,0,0
target,1429,6,1188967893811860480,536870912,84,0,1,0,0,0
target,1430,6,1188967893812903936,536870914,77,0,1,0,0,0
target,1431,6,1188967893812908032,536870912,76,0,1,0,0,0
target,1432,6,1188967893813956608,536870912,87,0,1,0,0,0
target,1433,6,1188967893946074112,68719476736,76,0,1,0,0,0
target,1434,6,1188967893947121664,68719476736,71,0,1,0,0,0
target,1435,6,1188967895959343104,536870912,83,0,1,0,0,0
target,1436,6,1188967898106826752,536870912,91,0,1,0,0,0
target,1437,6,1188972291858370560,536870912,83,0,1,0,0,0
target,1438,6,1188976689904881664,536870912,89,0,1,0,0,0
target,1439,6,1189020670369992704,536870913,68,0,1,0,0,0
target,1440,6,1189020670369992704,536870914,75,0,1,0,0,0
target,1441,6,1189020670369993216,536870912,87,0,1,0,0,0
target,1442,6,1189020670369993728,536870912,80,0,1,0,0,0
target,1443,6,1189020670371037184,536870914,81,0,1,0,0,0
target,1444,6,1189020670371041280,536870912,84,0,1,0,0,0
target,1445,6,1189020670372089856,536870912,85,0,1,0,0,0
target,1446,6,1189020670504207360,68719476736,70,0,1,0,0,0
target,1447,6,1189020670505254912,68719476736,79,0,1,0,0,0
target,1448,6,1189020672517476352,536870912,85,0,1,0,0,0
target,1449,6,1189020674664960000,536870912,89,0,1,0,0,0
target,1450,6,1189025068416503808,536870912,79,0,1,0,0,0
target,1451,6,1189029466463014912,536870912,85,0,1,0,0,0
target,1452,6,1189091039114170368,536870913,74,0,1,0,0,0
target,1453,6,1189091039114170368,536870914,76,0,1,0,0,0
target,1454,6,1189091039114170880,536870912,86,0,1,0,0,0
target,1455,6,1189091039114171392,536870912,86,0,1,0,0,0
target,1456,6,1189091039115214848,536870914,72,0,1,0,0,0
target,1457,6,1189091039115218944,536870912,76,0,1,0,0,0
target,1458,6,1189091039116267520,536870912,87,0,1,0,0,0
target,1459,6,1189091039249432576,68719476736,69,0,1,0,0,0
target,1460,6,1189091041261654016,536870912,80,0,1,0,0,0
target,1461,6,1189091043409137664,536870912,91,0,1,0,0,0
target,1462,6,1189095437160681472,536870912,85,0,1,0,0,0
target,1463,6,1189099835207192576,536870912,87,0,1,0,0,0
target,1464,6,1189513251579236352,536870913,65,0,1,0,0,0
target,1465,6,1189513251579236352,536870914,65,0,1,0,0,0
target,1466,6,1189513251579236864,536870912,82,0,1,0,0,0
target,1467,6,1189513251579237376,536870912,77,0,1,0,0,0
target,1468,6,1189513251580284928,536870912,76,0,1,0,0,0
target,1469,6,1189513251581333504,536870912,79,0,1,0,0,0
target,1470,6,1189513251713451008,68719476736,67,0,1,0,0,0
target,1471,6,1189513251714498560,68719476736,67,0,1,0,0,0
target,1472,6,1189513253726720000,536870912,77,0,1,0,0,0
target,1473,6,1189513255874203648,536870912,83,0,1,0,0,0
target,1474,6,1189517649625747456,536870912,77,0,1,0,0,0
target,1475,6,1189522047672258560,536870912,78,0,1,0,0,0
target,1476,6,1190076201532657664,536870913,71,0,1,0,0,0
target,1477,6,1190076201532658176,536870912,92,0,1,0,0,0
target,1478,6,1190076201532658688,536870912,81,0,1,0,0,0
target,1479,6,1190076201533706240,536870912,84,0,1,0,0,0
target,1480,6,1190076201534754816,536870912,87,0,1,0,0,0
target,1481,6,1190076203680141312,536870912,87,0,1,0,0,0
target,1482,6,1190076205827624960,536870912,92,0,1,0,0,0
target,1483,6,1190080599579168768,536870912,86,0,1,0,0,0
target,1484,6,1190084997625679872,536870912,88,0,1,0,0,0
target,1485,6,1191202101439500800,536870912,85,0,1,0,0,0
target,1486,6,1191202101440548864,536870912,79,0,1,0,0,0
target,1487,6,1191202101441597440,536870912,86,0,1,0,0,0
target,1488,6,1191202101574762496,68719476736,81,0,1,0,0,0
target,1489,6,1191202105734467584,536870912,89,0,1,0,0,0
target,1490,6,1191206499486011392,536870912,83,0,1,0,0,0
target,1491,6,1191210897532522496,536870912,83,0,1,0,0,0
target,1492,6,1193453901253185536,536870913,74,0,1,0,0,0
target,1493,6,1193453901253186048,536870912,101,0,1,0,0,0
target,1494,6,1193453901253186560,536870912,92,0,1,0,0,0
target,1495,6,1193453901254234112,536870912,89,0,1,0,0,0
target,1496,6,1193453901255282688,536870912,96,0,1,0,0,0
target,1497,6,1193453901387400192,68719476736,80,0,1,0,0,0
target,1498,6,1193453901388447744,68719476736,81,0,1,0,0,0
target,1499,6,1193453903400669184,536870912,88,0,1,0,0,0
target,1500,6,1193453905548152832,536870912,100,0,1,0,0,0
target,1501,6,1193458299299696640,536870912,91,0,1,0,0,0
target,1502,6,1193462697346207744,536870912,97,0,1,0,0,0
target,1503,6,1197957500880556032,536870913,67,0,1,0,0,0
target,1504,6,1197957500880556032,536870916,87,0,1,0,0,0
target,1505,6,1197957500880556032,536870928,85,0,1,0,0,0
target,1506,6,1197957500880556032,536870944,80,0,1,0,0,0
target,1507,6,1197957500880556032,536871040,76,0,1,0,0,0
target,1508,6,1197957500880556032,536879104,88,0,1,0,0,0
target,1509,6,1197957500880556032,536887296,84,0,1,0,0,0
target,1510,6,1197957500880556032,536903680,87,0,1,0,0,0
target,1511,6,1197957500880556032,536936448,70,0,1,0,0,0
target,1512,6,1197957500880556032,537001984,79,0,1,0,0,0
target,1513,6,1197957500880556032,537133056,83,0,1,0,0,0
target,1514,6,1197957500880556032,570425344,78,0,1,0,0,0
target,1515,6,1197957500880556032,603979776,78,0,1,0,0,0
target,1516,6,1197957500880556032,671088640,82,0,1,0,0,0
target,1517,6,1197957500880556032,805306368,85,0,1,0,0,0
target,1518,6,1197957500880556032,34896609280,91,0,1,0,0,0
target,1519,6,1197957500880556033,536870912,84,0,1,0,0,0
target,1520,6,1197957500880556034,536870912,90,0,1,0,0,0
target,1521,6,1197957500880556040,536870912,89,0,1,0,0,0
target,1522,6,1197957500880556048,536870912,89,0,1,0,0,0
target,1523,6,1197957500880556064,536870912,70,0,1,0,0,0
target,1524,6,1197957500880556096,536870912,92,0,1,0,0,0
target,1525,6,1197957500880556160,536870912,96,0,1,0,0,0
target,1526,6,1197957500880556288,536870912,92,0,1,0,0,0
target,1527,6,1197957500880556544,536870912,94,0,1,0,0,0
target,1528,6,1197957500880557056,536870912,91,0,1,0,0,0
target,1529,6,1197957500880558080,536870912,90,0,1,0,0,0
target,1530,6,1197957500880564224,536870912,89,0,1,0,0,0
target,1531,6,1197957500880572416,536870912,90,0,1,0,0,0
target,1532,6,1197957500880621568,536870912,73,0,1,0,0,0
target,1533,6,1197957500880687104,536870912,84,0,1,0,0,0
target,1534,6,1197957500880818176,536870912,90,0,1,0,0,0
target,1535,6,1197957500881080320,536870912,83,0,1,0,0,0
target,1536,6,1197957500881604608,536870912,85,0,1,0,0,0
target,1537,6,1197957500882653184,536870912,90,0,1,0,0,0
target,1538,6,1197957500888944640,536870912,89,0,1,0,0,0
target,1539,6,1197957500897333248,536870912,83,0,1,0,0,0
target,1540,6,1197957500947664896,536870912,89,0,1,0,0,0
target,1541,6,1197957501014769665,68719476736,88,0,1,0,0,0
target,1542,6,1197957501014769666,68719476736,92,0,1,0,0,0
target,1543,6,1197957501014769668,68719476736,99,0,1,0,0,0
target,1544,6,1197957501014769672,68719476736,94,0,1,0,0,0
target,1545,6,1197957501014769696,68719476736,82,0,1,0,0,0
target,1546,6,1197957501014769728,68719476736,95,0,1,0,0,0
target,1547,6,1197957501014769792,68719476736,98,0,1,0,0,0
target,1548,6,1197957501014769920,68719476736,94,0,1,0,0,0
target,1549,6,1197957501014770176,68719476736,97,0,1,0,0,0
target,1550,6,1197957501014770688,68719476736,85,0,1,0,0,0
target,1551,6,1197957501014777856,68719476736,99,0,1,0,0,0
target,1552,6,1197957501014786048,68719476736,95,0,1,0,0,0
target,1553,6,1197957501014835200,68719476736,92,0,1,0,0,0
target,1554,6,1197957501014900736,68719476736,90,0,1,0,0,0
target,1555,6,1197957501015031808,68719476736,97,0,1,0,0,0
target,1556,6,1197957501015293952,68719476736,95,0,1,0,0,0
target,1557,6,1197957501015818240,68719476736,83,0,1,0,0,0
target,1558,6,1197957501148991488,536870912,87,0,1,0,0,0
target,1559,6,1197957501417426944,536870912,87,0,1,0,0,0
target,1560,6,1197957501954297856,536870912,80,0,1,0,0,0
target,1561,6,1197957503028039680,536870912,87,0,1,0,0,0
target,1562,6,1197957505175523328,536870912,95,0,1,0,0,0
target,1563,6,1197957509470490624,536870912,76,0,1,0,0,0
target,1564,6,1197957518060425216,536870912,88,0,1,0,0,0
target,1565,6,1197957535240294400,536870912,87,0,1,0,0,0
target,1566,6,1197957569600032768,536870912,81,0,1,0,0,0
target,1567,6,1197957775758462976,536870912,79,0,1,0,0,0
target,1568,6,1197958050636369920,536870912,85,0,1,0,0,0
target,1569,6,1197958600392183808,536870912,89,0,1,0,0,0
target,1570,6,1197959699903811584,536870912,85,0,1,0,0,0
target,1571,6,1197961898927067136,536870912,88,0,1,0,0,0
target,1572,6,1197966296973578240,536870912,89,0,1,0,0,0
target,1573,6,1197975093066600448,536870912,77,0,1,0,0,0
target,1574,6,1198027869624733696,536870912,75,0,1,0,0,0
target,1575,6,1198098238368911360,536870912,80,0,1,0,0,0
target,1576,6,1198520450833977344,536870912,77,0,1,0,0,0
target,1577,6,1200209300694241280,536870912,80,0,1,0,0,0
target,1578,6,1202461100507926528,536870912,90,0,1,0,0,0
target,1579,6,1206964700135297024,536870913,77,0,1,0,0,0
target,1580,6,1206964700135297024,536870916,90,0,1,0,0,0
target,1581,6,1206964700135297024,536870928,88,0,1,0,0,0
target,1582,6,1206964700135297024,536870944,85,0,1,0,0,0
target,1583,6,1206964700135297024,536871040,81,0,1,0,0,0
target,1584,6,1206964700135297024,536879104,94,0,1,0,0,0
target,1585,6,1206964700135297024,536887296,79,0,1,0,0,0
target,1586,6,1206964700135297024,536903680,90,0,1,0,0,0
target,1587,6,1206964700135297024,536936448,82,0,1,0,0,0
target,1588,6,1206964700135297024,537001984,83,0,1,0,0,0
target,1589,6,1206964700135297024,537133056,88,0,1,0,0,0
target,1590,6,1206964700135297024,570425344,82,0,1,0,0,0
target,1591,6,1206964700135297024,603979776,76,0,1,0,0,0
target,1592,6,1206964700135297024,671088640,86,0,1,0,0,0
target,1593,6,1206964700135297024,805306368,90,0,1,0,0,0
target,1594,6,1206964700135297024,34896609280,85,0,1,0,0,0
target,1595,6,1206964700135297025,536870912,84,0,1,0,0,0
target,1596,6,1206964700135297026,536870912,92,0,1,0,0,0
target,1597,6,1206964700135297028,536870912,84,0,1,0,0,0
target,1598,6,1206964700135297032,536870912,84,0,1,0,0,0
target,1599,6,1206964700135297040,536870912,93,0,1,0,0,0
target,1600,6,1206964700135297056,536870912,75,0,1,0,0,0
target,1601,6,1206964700135297088,536870912,85,0,1,0,0,0
target,1602,6,1206964700135297152,536870912,98,0,1,0,0,0
target,1603,6,1206964700135297280,536870912,90,0,1,0,0,0
target,1604,6,1206964700135297536,536870912,97,0,1,0,0,0
target,1605,6,1206964700135298048,536870912,90,0,1,0,0,0
target,1606,6,1206964700135299072,536870912,92,0,1,0,0,0
target,1607,6,1206964700135305216,536870912,91,0,1,0,0,0
target,1608,6,1206964700135313408,536870912,93,0,1,0,0,0
target,1609,6,1206964700135362560,536870912,81,0,1,0,0,0
target,1610,6,1206964700135428096,536870912,91,0,1,0,0,0
target,1611,6,1206964700135559168,536870912,91,0,1,0,0,0
target,1612,6,1206964700135821312,536870912,79,0,1,0,0,0
target,1613,6,1206964700136345600,536870912,85,0,1,0,0,0
target,1614,6,1206964700137394176,536870912,90,0,1,0,0,0
target,1615,6,1206964700143685632,536870912,92,0,1,0,0,0
target,1616,6,1206964700152074240,536870912,84,0,1,0,0,0
target,1617,6,1206964700202405888,536870912,91,0,1,0,0,0
target,1618,6,1206964700269510657,68719476736,88,0,1,0,0,0
target,1619,6,1206964700269510658,68719476736,94,0,1,0,0,0
target,1620,6,1206964700269510660,68719476736,99,0,1,0,0,0
target,1621,6,1206964700269510664,68719476736,94,0,1,0,0,0
target,1622,6,1206964700269510688,68719476736,85,0,1,0,0,0
target,1623,6,1206964700269510720,68719476736,96,0,1,0,0,0
target,1624,6,1206964700269510784,68719476736,97,0,1,0,0,0
target,1625,6,1206964700269510912,68719476736,97,0,1,0,0,0
target,1626,6,1206964700269511168,68719476736,100,0,1,0,0,0
target,1627,6,1206964700269511680,68719476736,83,0,1,0,0,0
target,1628,6,1206964700269518848,68719476736,99,0,1,0,0,0
target,1629,6,1206964700269527040,68719476736,97,0,1,0,0,0
target,1630,6,1206964700269576192,68719476736,92,0,1,0,0,0
target,1631,6,1206964700269641728,68719476736,95,0,1,0,0,0
target,1632,6,1206964700269772800,68719476736,94,0,1,0,0,0
target,1633,6,1206964700270034944,68719476736,100,0,1,0,0,0
target,1634,6,1206964700270559232,68719476736,85,0,1,0,0,0
target,1635,6,1206964700403732480,536870912,91,0,1,0,0,0
target,1636,6,1206964700672167936,536870912,90,0,1,0,0,0
target,1637,6,1206964701209038848,536870912,84,0,1,0,0,0
target,1638,6,1206964702282780672,536870912,85,0,1,0,0,0
target,1639,6,1206964704430264320,536870912,95,0,1,0,0,0
target,1640,6,1206964708725231616,536870912,81,0,1,0,0,0
target,1641,6,1206964717315166208,536870912,89,0,1,0,0,0
target,1642,6,1206964768854773760,536870912,83,0,1,0,0,0
target,1643,6,1206964975013203968,536870912,84,0,1,0,0,0
target,1644,6,1206965249891110912,536870912,88,0,1,0,0,0
target,1645,6,1206965799646924800,536870912,90,0,1,0,0,0
target,1646,6,1206966899158552576,536870912,93,0,1,0,0,0
target,1647,6,1206969098181808128,536870912,90,0,1,0,0,0
target,1648,6,1206973496228319232,536870912,92,0,1,0,0,0
target,1649,6,1206982292321341440,536870912,79,0,1,0,0,0
target,1650,6,1207035068879474688,536870912,81,0,1,0,0,0
target,1651,6,1207527650088718336,536870912,74,0,1,0,0,0
target,1652,6,1208090600042139648,536870912,85,0,1,0,0,0
target,1653,6,1209216499948982272,536870912,84,0,1,0,0,0
target,1654,6,1211468299762667520,536870912,95,0,1,0,0,0
target,1655,6,1215971899390038016,536870912,90,0,1,0,0,0
target,1656,6,1224979098645823488,536870918,81,0,1,0,0,0
target,1657,6,1224979098645823488,536870922,77,0,1,0,0,0
target,1658,6,1224979098645823488,536870930,75,0,1,0,0,0
target,1659,6,1224979098645823488,536870946,78,0,1,0,0,0
target,1660,6,1224979098645823488,536870978,65,0,1,0,0,0
target,1661,6,1224979098645823488,536879106,74,0,1,0,0,0
target,1662,6,1224979098645823488,536887298,71,0,1,0,0,0
target,1663,6,1224979098645823488,536936450,65,0,1,0,0,0
target,1664,6,1224979098645823488,537001986,73,0,1,0,0,0
target,1665,6,1224979098645823488,553648130,77,0,1,0,0,0
target,1666,6,1224979098645823488,603979778,65,0,1,0,0,0
target,1667,6,1224979098645823488,671088642,82,0,1,0,0,0
target,1668,6,1224979098645823488,805306370,62,0,1,0,0,0
target,1669,6,1224979098645823488,34896609282,83,0,1,0,0,0
target,1670,6,1261007895663743488,536870912,88,0,1,0,0,0
target,1671,6,1261007895663744000,536870912,83,0,1,0,0,0
target,1672,6,1261007895664791552,536870912,82,0,1,0,0,0
target,1673,6,1261007895665840128,536870912,86,0,1,0,0,0
target,1674,6,1261007895797957632,68719476736,73,0,1,0,0,0
target,1675,6,1261007895799005184,68719476736,76,0,1,0,0,0
target,1676,6,1261007897811226624,536870912,84,0,1,0,0,0
target,1677,6,1261007899958710272,536870912,87,0,1,0,0,0
target,1678,6,1261012293710254080,536870912,83,0,1,0,0,0
target,1679,6,1261016691756765184,536870912,86,0,1,0,0,0
target,1680,6,1270015094918483968,536870912,82,0,1,0,0,0
target,1681,6,1279022294173224960,536870912,86,0,1,0,0,0
target,1682,6,1297036692683751424,536870918,80,0,1,0,0,0
target,1683,6,1297036692683751424,536870922,76,0,1,0,0,0
target,1684,6,1297036692683751424,536870930,68,0,1,0,0,0
target,1685,6,1297036692683751424,536870946,69,0,1,0,0,0
target,1686,6,1297036692683751424,536879106,75,0,1,0,0,0
target,1687,6,1297036692683751424,536887298,76,0,1,0,0,0
target,1688,6,1297036692683751424,536903682,71,0,1,0,0,0
target,1689,6,1297036692683751424,553648130,73,0,1,0,0,0
target,1690,6,1297036692683751424,570425346,75,0,1,0,0,0
target,1691,6,1297036692683751424,34896609282,81,0,1,0,0,0
target,1692,6,1297036692683751456,5,84,0,1,0,0,0
target,1693,6,1297036692683751456,6,77,0,1,0,0,0
target,1694,6,1297036692683751456,9,80,0,1,0,0,0
target,1695,6,1297036692683751456,10,75,0,1,0,0,0
target,1696,6,1297036692683751456,12,90,0,1,0,0,0
target,1697,6,1297036692683751456,17,71,0,1,0,0,0
target,1698,6,1297036692683751456,18,63,0,1,0,0,0
target,1699,6,1297036692683751456,20,86,0,1,0,0,0
target,1700,6,1297036692683751456,24,82,0,1,0,0,0
target,1701,6,1297036692683751456,33,77,0,1,0,0,0
target,1702,6,1297036692683751456,34,67,0,1,0,0,0
target,1703,6,1297036692683751456,36,83,0,1,0,0,0
target,1704,6,1297036692683751456,40,86,0,1,0,0,0
target,1705,6,1297036692683751456,65,65,0,1,0,0,0
target,1706,6,1297036692683751456,66,67,0,1,0,0,0
target,1707,6,1297036692683751456,68,79,0,1,0,0,0
target,1708,6,1297036692683751456,72,76,0,1,0,0,0
target,1709,6,1297036692683751456,80,73,0,1,0,0,0
target,1710,6,1297036692683751456,132,73,0,1,0,0,0
target,1711,6,1297036692683751456,136,72,0,1,0,0,0
target,1712,6,1297036692683751456,160,70,0,1,0,0,0
target,1713,6,1297036692683751456,192,64,0,1,0,0,0
target,1714,6,1297036692683751456,260,85,0,1,0,0,0
target,1715,6,1297036692683751456,272,75,0,1,0,0,0
target,1716,6,1297036692683751456,288,72,0,1,0,0,0
target,1717,6,1297036692683751456,320,77,0,1,0,0,0
target,1718,6,1297036692683751456,520,82,0,1,0,0,0
target,1719,6,1297036692683751456,528,64,0,1,0,0,0
target,1720,6,1297036692683751456,544,76,0,1,0,0,0
target,1721,6,1297036692683751456,1028,90,0,1,0,0,0
target,1722,6,1297036692683751456,1032,81,0,1,0,0,0
target,1723,6,1297036692683751456,1040,79,0,1,0,0,0
target,1724,6,1297036692683751456,2052,87,0,1,0,0,0
target,1725,6,1297036692683751456,2056,89,0,1,0,0,0
target,1726,6,1297036692683751456,4100,96,0,1,0,0,0
target,1727,6,1297036692683751456,8193,84,0,1,0,0,0
target,1728,6,1297036692683751456,8194,76,0,1,0,0,0
target,1729,6,1297036692683751456,8196,90,0,1,0,0,0
target,1730,6,1297036692683751456,8200,90,0,1,0,0,0
target,1731,6,1297036692683751456,8208,86,0,1,0,0,0
target,1732,6,1297036692683751456,8224,84,0,1,0,0,0
target,1733,6,1297036692683751456,8256,86,0,1,0,0,0
target,1734,6,1297036692683751456,8320,81,0,1,0,0,0
target,1735,6,1297036692683751456,8448,88,0,1,0,0,0
target,1736,6,1297036692683751456,8704,88,0,1,0,0,0
target,1737,6,1297036692683751456,9216,90,0,1,0,0,0
target,1738,6,1297036692683751456,10240,92,0,1,0,0,0
target,1739,6,1297036692683751456,12288,96,0,1,0,0,0
target,1740,6,1297036692683751456,16385,80,0,1,0,0,0
target,1741,6,1297036692683751456,16386,75,0,1,0,0,0
target,1742,6,1297036692683751456,16388,93,0,1,0,0,0
target,1743,6,1297036692683751456,16392,87,0,1,0,0,0
target,1744,6,1297036692683751456,16400,80,0,1,0,0,0
target,1745,6,1297036692683751456,16416,85,0,1,0,0,0
target,1746,6,1297036692683751456,16448,79,0,1,0,0,0
target,1747,6,1297036692683751456,16512,83,0,1,0,0,0
target,1748,6,1297036692683751456,16640,88,0,1,0,0,0
target,1749,6,1297036692683751456,16896,88,0,1,0,0,0
target,1750,6,1297036692683751456,17408,84,0,1,0,0,0
target,1751,6,1297036692683751456,18432,89,0,1,0,0,0
target,1752,6,1297036692683751456,20480,95,0,1,0,0,0
target,1753,6,1297036692683751456,24576,94,0,1,0,0,0
target,1754,6,1297036692683751456,32769,86,0,1,0,0,0
target,1755,6,1297036692683751456,32770,70,0,1,0,0,0
target,1756,6,1297036692683751456,32772,97,0,1,0,0,0
target,1757,6,1297036692683751456,32776,93,0,1,0,0,0
target,1758,6,1297036692683751456,32784,80,0,1,0,0,0
target,1759,6,1297036692683751456,32800,86,0,1,0,0,0
target,1760,6,1297036692683751456,32832,84,0,1,0,0,0
target,1761,6,1297036692683751456,32896,83,0,1,0,0,0
target,1762,6,1297036692683751456,33024,87,0,1,0,0,0
target,1763,6,1297036692683751456,33280,90,0,1,0,0,0
target,1764,6,1297036692683751456,33792,93,0,1,0,0,0
target,1765,6,1297036692683751456,34816,95,0,1,0,0,0
target,1766,6,1297036692683751456,36864,95,0,1,0,0,0
target,1767,6,1297036692683751456,40960,96,0,1,0,0,0
target,1768,6,1297036692683751456,49152,94,0,1,0,0,0
target,1769,6,1297036692683751456,65537,68,0,1,0,0,0
target,1770,6,1297036692683751456,65538,67,0,1,0,0,0
target,1771,6,1297036692683751456,65540,79,0,1,0,0,0
target,1772,6,1297036692683751456,65544,82,0,1,0,0,0
target,1773,6,1297036692683751456,65568,69,0,1,0,0,0
target,1774,6,1297036692683751456,65792,71,0,1,0,0,0
target,1775,6,1297036692683751456,66048,78,0,1,0,0,0
target,1776,6,1297036692683751456,66560,80,0,1,0,0,0
target,1777,6,1297036692683751456,67584,78,0,1,0,0,0
target,1778,6,1297036692683751456,73728,78,0,1,0,0,0
target,1779,6,1297036692683751456,81920,80,0,1,0,0,0
target,1780,6,1297036692683751456,98304,76,0,1,0,0,0
target,1781,6,1297036692683751456,131073,77,0,1,0,0,0
target,1782,6,1297036692683751456,131074,66,0,1,0,0,0
target,1783,6,1297036692683751456,131076,92,0,1,0,0,0
target,1784,6,1297036692683751456,131080,86,0,1,0,0,0
target,1785,6,1297036692683751456,131104,82,0,1,0,0,0
target,1786,6,1297036692683751456,131136,74,0,1,0,0,0
target,1787,6,1297036692683751456,131328,86,0,1,0,0,0
target,1788,6,1297036692683751456,131584,74,0,1,0,0,0
target,1789,6,1297036692683751456,132096,88,0,1,0,0,0
target,1790,6,1297036692683751456,133120,87,0,1,0,0,0
target,1791,6,1297036692683751456,135168,94,0,1,0,0,0
target,1792,6,1297036692683751456,139264,94,0,1,0,0,0
target,1793,6,1297036692683751456,147456,84,0,1,0,0,0
target,1794,6,1297036692683751456,163840,91,0,1,0,0,0
target,1795,6,1297036692683751456,262148,84,0,1,0,0,0
target,1796,6,1297036692683751456,262152,83,0,1,0,0,0
target,1797,6,1297036692683751456,262160,72,0,1,0,0,0
target,1798,6,1297036692683751456,262176,69,0,1,0,0,0
target,1799,6,1297036692683751456,262208,68,0,1,0,0,0
target,1800,6,1297036692683751456,270336,78,0,1,0,0,0
target,1801,6,1297036692683751456,278528,79,0,1,0,0,0
target,1802,6,1297036692683751456,327680,70,0,1,0,0,0
target,1803,6,1297036692683751456,393216,73,0,1,0,0,0
target,1804,6,1297036692683751456,532480,81,0,1,0,0,0
target,1805,6,1297036692683751456,557056,82,0,1,0,0,0
target,1806,6,1297036692683751456,589824,65,0,1,0,0,0
target,1807,6,1297036692683751456,655360,83,0,1,0,0,0
target,1808,6,1297036692683751456,1064960,87,0,1,0,0,0
target,1809,6,1297036692683751456,1081344,86,0,1,0,0,0
target,1810,6,1297036692683751456,1114112,79,0,1,0,0,0
target,1811,6,1297036692683751456,2105344,93,0,1,0,0,0
target,1812,6,1297036692683751456,2113536,86,0,1,0,0,0
target,1813,6,1297036692683751456,2129920,93,0,1,0,0,0
target,1814,6,1297036692683751456,4202496,91,0,1,0,0,0
target,1815,6,1297036692683751456,4210688,86,0,1,0,0,0
target,1816,6,1297036692683751456,8396800,99,0,1,0,0,0
target,1817,6,1297036692683751456,16777217,80,0,1,0,0,0
target,1818,6,1297036692683751456,16777218,76,0,1,0,0,0
target,1819,6,1297036692683751456,16777220,93,0,1,0,0,0
target,1820,6,1297036692683751456,16777224,91,0,1,0,0,0
target,1821,6,1297036692683751456,16777232,85,0,1,0,0,0
target,1822,6,1297036692683751456,16777248,89,0,1,0,0,0
target,1823,6,1297036692683751456,16777280,83,0,1,0,0,0
target,1824,6,1297036692683751456,16777344,81,0,1,0,0,0
target,1825,6,1297036692683751456,16777472,89,0,1,0,0,0
target,1826,6,1297036692683751456,16777728,88,0,1,0,0,0
target,1827,6,1297036692683751456,16778240,91,0,1,0,0,0
target,1828,6,1297036692683751456,16779264,90,0,1,0,0,0
target,1829,6,1297036692683751456,16781312,85,0,1,0,0,0
target,1830,6,1297036692683751456,16785408,89,0,1,0,0,0
target,1831,6,1297036692683751456,16793600,91,0,1,0,0,0
target,1832,6,1297036692683751456,16842752,83,0,1,0,0,0
target,1833,6,1297036692683751456,16908288,92,0,1,0,0,0
target,1834,6,1297036692683751456,17039360,79,0,1,0,0,0
target,1835,6,1297036692683751456,17301504,86,0,1,0,0,0
target,1836,6,1297036692683751456,17825792,92,0,1,0,0,0
target,1837,6,1297036692683751456,18874368,95,0,1,0,0,0
target,1838,6,1297036692683751456,20971520,92,0,1,0,0,0
target,1839,6,1297036692683751456,25165824,98,0,1,0,0,0
target,1840,6,1297036692683751456,33554433,86,0,1,0,0,0
target,1841,6,1297036692683751456,33554434,67,0,1,0,0,0
target,1842,6,1297036692683751456,33554436,93,0,1,0,0,0
target,1843,6,1297036692683751456,33554440,89,0,1,0,0,0
target,1844,6,1297036692683751456,33554448,81,0,1,0,0,0
target,1845,6,1297036692683751456,33554464,84,0,1,0,0,0
target,1846,6,1297036692683751456,33554496,86,0,1,0,0,0
target,1847,6,1297036692683751456,33554560,78,0,1,0,0,0
target,1848,6,1297036692683751456,33554688,91,0,1,0,0,0
target,1849,6,1297036692683751456,33554944,83,0,1,0,0,0
target,1850,6,1297036692683751456,33555456,94,0,1,0,0,0
target,1851,6,1297036692683751456,33556480,94,0,1,0,0,0
target,1852,6,1297036692683751456,33558528,98,0,1,0,0,0
target,1853,6,1297036692683751456,33562624,92,0,1,0,0,0
target,1854,6,1297036692683751456,33570816,90,0,1,0,0,0
target,1855,6,1297036692683751456,33587200,98,0,1,0,0,0
target,1856,6,1297036692683751456,33619968,81,0,1,0,0,0
target,1857,6,1297036692683751456,33685504,90,0,1,0,0,0
target,1858,6,1297036692683751456,33816576,86,0,1,0,0,0
target,1859,6,1297036692683751456,34078720,88,0,1,0,0,0
target,1860,6,1297036692683751456,34603008,95,0,1,0,0,0
target,1861,6,1297036692683751456,35651584,92,0,1,0,0,0
target,1862,6,1297036692683751456,37748736,95,0,1,0,0,0
target,1863,6,1297036692683751456,41943040,101,0,1,0,0,0
target,1864,6,1297036692683751456,50331648,97,0,1,0,0,0
target,1865,6,1297036692683751456,67108865,72,0,1,0,0,0
target,1866,6,1297036692683751456,67108866,70,0,1,0,0,0
target,1867,6,1297036692683751456,67108868,77,0,1,0,0,0
target,1868,6,1297036692683751456,67108872,81,0,1,0,0,0
target,1869,6,1297036692683751456,67108880,68,0,1,0,0,0
target,1870,6,1297036692683751456,67108896,73,0,1,0,0,0
target,1871,6,1297036692683751456,67108992,72,0,1,0,0,0
target,1872,6,1297036692683751456,67109120,76,0,1,0,0,0
target,1873,6,1297036692683751456,67109376,83,0,1,0,0,0
target,1874,6,1297036692683751456,67109888,79,0,1,0,0,0
target,1875,6,1297036692683751456,67110912,81,0,1,0,0,0
target,1876,6,1297036692683751456,67112960,87,0,1,0,0,0
target,1877,6,1297036692683751456,67117056,83,0,1,0,0,0
target,1878,6,1297036692683751456,67125248,76,0,1,0,0,0
target,1879,6,1297036692683751456,67141632,74,0,1,0,0,0
target,1880,6,1297036692683751456,67239936,80,0,1,0,0,0
target,1881,6,1297036692683751456,67371008,72,0,1,0,0,0
target,1882,6,1297036692683751456,67633152,74,0,1,0,0,0
target,1883,6,1297036692683751456,68157440,79,0,1,0,0,0
target,1884,6,1297036692683751456,69206016,87,0,1,0,0,0
target,1885,6,1297036692683751456,71303168,82,0,1,0,0,0
target,1886,6,1297036692683751456,75497472,89,0,1,0,0,0
target,1887,6,1297036692683751456,83886080,82,0,1,0,0,0
target,1888,6,1297036692683751456,100663296,82,0,1,0,0,0
target,1889,6,1297036692683751456,134217729,72,0,1,0,0,0
target,1890,6,1297036692683751456,134217730,74,0,1,0,0,0
target,1891,6,1297036692683751456,134217732,87,0,1,0,0,0
target,1892,6,1297036692683751456,134217736,86,0,1,0,0,0
target,1893,6,1297036692683751456,134217744,76,0,1,0,0,0
target,1894,6,1297036692683751456,134217760,83,0,1,0,0,0
target,1895,6,1297036692683751456,134217792,76,0,1,0,0,0
target,1896,6,1297036692683751456,134217856,74,0,1,0,0,0
target,1897,6,1297036692683751456,134217984,87,0,1,0,0,0
target,1898,6,1297036692683751456,134218240,85,0,1,0,0,0
target,1899,6,1297036692683751456,134218752,88,0,1,0,0,0
target,1900,6,1297036692683751456,134219776,82,0,1,0,0,0
target,1901,6,1297036692683751456,134221824,93,0,1,0,0,0
target,1902,6,1297036692683751456,134225920,92,0,1,0,0,0
target,1903,6,1297036692683751456,134234112,86,0,1,0,0,0
target,1904,6,1297036692683751456,134250496,87,0,1,0,0,0
target,1905,6,1297036692683751456,134283264,75,0,1,0,0,0
target,1906,6,1297036692683751456,134348800,81,0,1,0,0,0
target,1907,6,1297036692683751456,134479872,80,0,1,0,0,0
target,1908,6,1297036692683751456,134742016,78,0,1,0,0,0
target,1909,6,1297036692683751456,135266304,88,0,1,0,0,0
target,1910,6,1297036692683751456,136314880,87,0,1,0,0,0
target,1911,6,1297036692683751456,138412032,89,0,1,0,0,0
target,1912,6,1297036692683751456,142606336,95,0,1,0,0,0
target,1913,6,1297036692683751456,150994944,90,0,1,0,0,0
target,1914,6,1297036692683751456,167772160,93,0,1,0,0,0
target,1915,6,1297036692683751456,201326592,73,0,1,0,0,0
target,1916,6,1297036692683751456,268435457,85,0,1,0,0,0
target,1917,6,1297036692683751456,268435458,69,0,1,0,0,0
target,1918,6,1297036692683751456,268435460,98,0,1,0,0,0
target,1919,6,1297036692683751456,268435464,91,0,1,0,0,0
target,1920,6,1297036692683751456,268435472,81,0,1,0,0,0
target,1921,6,1297036692683751456,268435488,83,0,1,0,0,0
target,1922,6,1297036692683751456,268435520,81,0,1,0,0,0
target,1923,6,1297036692683751456,268435584,79,0,1,0,0,0
target,1924,6,1297036692683751456,268435712,86,0,1,0,0,0
target,1925,6,1297036692683751456,268435968,87,0,1,0,0,0
target,1926,6,1297036692683751456,268436480,84,0,1,0,0,0
target,1927,6,1297036692683751456,268437504,95,0,1,0,0,0
target,1928,6,1297036692683751456,268439552,98,0,1,0,0,0
target,1929,6,1297036692683751456,268443648,97,0,1,0,0,0
target,1930,6,1297036692683751456,268451840,93,0,1,0,0,0
target,1931,6,1297036692683751456,268468224,99,0,1,0,0,0
target,1932,6,1297036692683751456,268500992,73,0,1,0,0,0
target,1933,6,1297036692683751456,268566528,88,0,1,0,0,0
target,1934,6,1297036692683751456,268697600,80,0,1,0,0,0
target,1935,6,1297036692683751456,268959744,81,0,1,0,0,0
target,1936,6,1297036692683751456,269484032,95,0,1,0,0,0
target,1937,6,1297036692683751456,270532608,97,0,1,0,0,0
target,1938,6,1297036692683751456,272629760,92,0,1,0,0,0
target,1939,6,1297036692683751456,276824064,97,0,1,0,0,0
target,1940,6,1297036692683751456,285212672,97,0,1,0,0,0
target,1941,6,1297036692683751456,301989888,97,0,1,0,0,0
target,1942,6,1297036692683751456,335544320,83,0,1,0,0,0
target,1943,6,1297036692683751456,536870916,78,0,1,0,0,0
target,1944,6,1297036692683751456,536870920,70,0,1,0,0,0
target,1945,6,1297036692683751456,536870928,64,0,1,0,0,0
target,1946,6,1297036692683751456,536870944,63,0,1,0,0,0
target,1947,6,1297036692683751456,536870976,64,0,1,0,0,0
target,1948,6,1297036692683751456,536879104,74,0,1,0,0,0
target,1949,6,1297036692683751456,536887296,79,0,1,0,0,0
target,1950,6,1297036692683751456,536903680,77,0,1,0,0,0
target,1951,6,1297036692683751456,536936448,60,0,1,0,0,0
target,1952,6,1297036692683751456,553648128,73,0,1,0,0,0
target,1953,6,1297036692683751456,570425344,74,0,1,0,0,0
target,1954,6,1297036692683751456,1090519040,94,0,1,0,0,0
target,1955,6,1297036692683751456,2181038080,89,0,1,0,0,0
target,1956,6,1297036692683751456,4311744512,84,0,1,0,0,0
target,1957,6,1297036692683751456,4328521728,81,0,1,0,0,0
target,1958,6,1297036692683751456,8606711808,77,0,1,0,0,0
target,1959,6,1297036692683751456,8623489024,82,0,1,0,0,0
target,1960,6,1297036692683751456,17196646400,98,0,1,0,0,0
target,1961,6,1297036692683751456,34359738369,87,0,1,0,0,0
target,1962,6,1297036692683751456,34359738370,77,0,1,0,0,0
target,1963,6,1297036692683751456,34359738372,94,0,1,0,0,0
target,1964,6,1297036692683751456,34359738376,93,0,1,0,0,0
target,1965,6,1297036692683751456,34359738384,88,0,1,0,0,0
target,1966,6,1297036692683751456,34359738400,89,0,1,0,0,0
target,1967,6,1297036692683751456,34359738432,83,0,1,0,0,0
target,1968,6,1297036692683751456,34359738496,83,0,1,0,0,0
target,1969,6,1297036692683751456,34359738624,92,0,1,0,0,0
target,1970,6,1297036692683751456,34359738880,88,0,1,0,0,0
target,1971,6,1297036692683751456,34359739392,94,0,1,0,0,0
target,1972,6,1297036692683751456,34359740416,92,0,1,0,0,0
target,1973,6,1297036692683751456,34359742464,98,0,1,0,0,0
target,1974,6,1297036692683751456,34359746560,95,0,1,0,0,0
target,1975,6,1297036692683751456,34359754752,96,0,1,0,0,0
target,1976,6,1297036692683751456,34359771136,98,0,1,0,0,0
target,1977,6,1297036692683751456,34359803904,85,0,1,0,0,0
target,1978,6,1297036692683751456,34359869440,95,0,1,0,0,0
target,1979,6,1297036692683751456,34360000512,86,0,1,0,0,0
target,1980,6,1297036692683751456,34360262656,82,0,1,0,0,0
target,1981,6,1297036692683751456,34360786944,92,0,1,0,0,0
target,1982,6,1297036692683751456,34361835520,98,0,1,0,0,0
target,1983,6,1297036692683751456,34363932672,96,0,1,0,0,0
target,1984,6,1297036692683751456,34368126976,101,0,1,0,0,0
target,1985,6,1297036692683751456,34376515584,94,0,1,0,0,0
target,1986,6,1297036692683751456,34393292800,98,0,1,0,0,0
target,1987,6,1297036692683751456,34426847232,89,0,1,0,0,0
target,1988,6,1297036692683751456,34493956096,92,0,1,0,0,0
target,1989,6,1297036692683751456,34628173824,100,0,1,0,0,0
target,1990,6,1297036692683751456,34896609280,82,0,1,0,0,0
target,1991,6,1297036692683751456,35433480192,100,0,1,0,0,0
target,1992,6,1297036692683751456,36507222016,95,0,1,0,0,0
target,1993,6,1297036692683751456,38654705664,89,0,1,0,0,0
target,1994,6,1297036692683751456,42949672960,90,0,1,0,0,0
target,1995,6,1297036692683751456,51539607552,101,0,1,0,0,0
target,1996,6,1297036692683751456,68719476737,71,0,1,0,0,0
target,1997,6,1297036692683751456,68719476738,70,0,1,0,0,0
target,1998,6,1297036692683751456,68719477248,72,0,1,0,0,0
target,1999,6,1297036692683751456,68719477760,81,0,1,0,0,0
target,2000,6,1297036692683751456,68719478784,84,0,1,0,0,0
target,2001,6,1297036692683751456,68719480832,76,0,1,0,0,0
target,2002,6,1297036692683751456,68721573888,84,0,1,0,0,0
target,2003,6,1297036692683751456,68723671040,82,0,1,0,0,0
target,2004,6,1297036692683751456,68727865344,84,0,1,0,0,0
target,2005,6,1297036692683751456,17626545782784,91,0,1,0,0,0
target,2006,6,1297036692683751456,35218731827200,98,0,1,0,0,0
target,2007,6,1297036692683751456,70368744177666,61,0,1,0,0,0
target,2008,6,1297036692683751456,70368744181760,84,0,1,0,0,0
target,2009,6,1297036692683751456,70368752566272,86,0,1,0,0,0
target,2010,6,1297036692683751457,4,81,0,1,0,0,0
target,2011,6,1297036692683751457,8,84,0,1,0,0,0
target,2012,6,1297036692683751457,64,74,0,1,0,0,0
target,2013,6,1297036692683751457,128,73,0,1,0,0,0
target,2014,6,1297036692683751457,8192,80,0,1,0,0,0
target,2015,6,1297036692683751457,16384,85,0,1,0,0,0
target,2016,6,1297036692683751457,32768,87,0,1,0,0,0
target,2017,6,1297036692683751457,65536,74,0,1,0,0,0
target,2018,6,1297036692683751457,131072,83,0,1,0,0,0
target,2019,6,1297036692683751457,262144,74,0,1,0,0,0
target,2020,6,1297036692683751457,16777216,82,0,1,0,0,0
target,2021,6,1297036692683751457,33554432,88,0,1,0,0,0
target,2022,6,1297036692683751457,67108864,77,0,1,0,0,0
target,2023,6,1297036692683751457,134217728,83,0,1,0,0,0
target,2024,6,1297036692683751457,268435456,84,0,1,0,0,0
target,2025,6,1297036692683751457,536870912,72,0,1,0,0,0
target,2026,6,1297036692683751457,34359738368,81,0,1,0,0,0
target,2027,6,1297036692683751458,4,94,0,1,0,0,0
target,2028,6,1297036692683751458,8,86,0,1,0,0,0
target,2029,6,1297036692683751458,16,86,0,1,0,0,0
target,2030,6,1297036692683751458,32,85,0,1,0,0,0
target,2031,6,1297036692683751458,128,77,0,1,0,0,0
target,2032,6,1297036692683751458,8192,94,0,1,0,0,0
target,2033,6,1297036692683751458,16384,88,0,1,0,0,0
target,2034,6,1297036692683751458,32768,95,0,1,0,0,0
target,2035,6,1297036692683751458,65536,84,0,1,0,0,0
target,2036,6,1297036692683751458,131072,90,0,1,0,0,0
target,2037,6,1297036692683751458,262144,78,0,1,0,0,0
target,2038,6,1297036692683751458,16777216,83,0,1,0,0,0
target,2039,6,1297036692683751458,33554432,91,0,1,0,0,0
target,2040,6,1297036692683751458,67108864,87,0,1,0,0,0
target,2041,6,1297036692683751458,134217728,91,0,1,0,0,0
target,2042,6,1297036692683751458,268435456,96,0,1,0,0,0
target,2043,6,1297036692683751458,536870912,75,0,1,0,0,0
target,2044,6,1297036692683751458,34359738368,93,0,1,0,0,0
target,2045,6,1297036692683751459,0,81,0,1,0,0,0
target,2046,6,1297036692683751464,4,95,0,1,0,0,0
target,2047,6,1297036692683751464,8,92,0,1,0,0,0
target,2048,6,1297036692683751464,16,83,0,1,0,0,0
target,2049,6,1297036692683751464,32,80,0,1,0,0,0
target,2050,6,1297036692683751464,64,85,0,1,0,0,0
target,2051,6,1297036692683751464,128,79,0,1,0,0,0
target,2052,6,1297036692683751464,8192,92,0,1,0,0,0
target,2053,6,1297036692683751464,16384,94,0,1,0,0,0
target,2054,6,1297036692683751464,32768,96,0,1,0,0,0
target,2055,6,1297036692683751464,65536,73,0,1,0,0,0
target,2056,6,1297036692683751464,131072,91,0,1,0,0,0
target,2057,6,1297036692683751464,262144,84,0,1,0,0,0
target,2058,6,1297036692683751464,16777216,94,0,1,0,0,0
target,2059,6,1297036692683751464,33554432,94,0,1,0,0,0
target,2060,6,1297036692683751464,67108864,86,0,1,0,0,0
target,2061,6,1297036692683751464,134217728,86,0,1,0,0,0
target,2062,6,1297036692683751464,268435456,94,0,1,0,0,0
target,2063,6,1297036692683751464,536870912,77,0,1,0,0,0
target,2064,6,1297036692683751464,34359738368,97,0,1,0,0,0
target,2065,6,1297036692683751465,0,81,0,1,0,0,0
target,2066,6,1297036692683751466,0,91,0,1,0,0,0
target,2067,6,1297036692683751472,4,87,0,1,0,0,0
target,2068,6,1297036692683751472,8,84,0,1,0,0,0
target,2069,6,1297036692683751472,16,76,0,1,0,0,0
target,2070,6,1297036692683751472,32,82,0,1,0,0,0
target,2071,6,1297036692683751472,64,72,0,1,0,0,0
target,2072,6,1297036692683751472,128,76,0,1,0,0,0
target,2073,6,1297036692683751472,8192,82,0,1,0,0,0
target,2074,6,1297036692683751472,16384,89,0,1,0,0,0
target,2075,6,1297036692683751472,32768,91,0,1,0,0,0
target,2076,6,1297036692683751472,65536,78,0,1,0,0,0
target,2077,6,1297036692683751472,131072,74,0,1,0,0,0
target,2078,6,1297036692683751472,262144,75,0,1,0,0,0
target,2079,6,1297036692683751472,16777216,89,0,1,0,0,0
target,2080,6,1297036692683751472,33554432,92,0,1,0,0,0
target,2081,6,1297036692683751472,67108864,82,0,1,0,0,0
target,2082,6,1297036692683751472,134217728,83,0,1,0,0,0
target,2083,6,1297036692683751472,268435456,86,0,1,0,0,0
target,2084,6,1297036692683751472,536870912,71,0,1,0,0,0
target,2085,6,1297036692683751472,34359738368,92,0,1,0,0,0
target,2086,6,1297036692683751473,0,79,0,1,0,0,0
target,2087,6,1297036692683751474,0,85,0,1,0,0,0
target,2088,6,1297036692683751520,4,86,0,1,0,0,0
target,2089,6,1297036692683751520,8,86,0,1,0,0,0
target,2090,6,1297036692683751520,16,76,0,1,0,0,0
target,2091,6,1297036692683751520,32,76,0,1,0,0,0
target,2092,6,1297036692683751520,64,73,0,1,0,0,0
target,2093,6,1297036692683751520,128,76,0,1,0,0,0
target,2094,6,1297036692683751520,8192,90,0,1,0,0,0
target,2095,6,1297036692683751520,16384,87,0,1,0,0,0
target,2096,6,1297036692683751520,32768,86,0,1,0,0,0
target,2097,6,1297036692683751520,65536,77,0,1,0,0,0
target,2098,6,1297036692683751520,131072,85,0,1,0,0,0
target,2099,6,1297036692683751520,262144,73,0,1,0,0,0
target,2100,6,1297036692683751520,16777216,88,0,1,0,0,0
target,2101,6,1297036692683751520,33554432,90,0,1,0,0,0
target,2102,6,1297036692683751520,67108864,75,0,1,0,0,0
target,2103,6,1297036692683751520,134217728,84,0,1,0,0,0
target,2104,6,1297036692683751520,268435456,90,0,1,0,0,0
target,2105,6,1297036692683751520,536870912,68,0,1,0,0,0
target,2106,6,1297036692683751520,34359738368,90,0,1,0,0,0
target,2107,6,1297036692683751520,68719476736,78,0,1,0,0,0
target,2108,6,1297036692683751521,0,77,0,1,0,0,0
target,2109,6,1297036692683751528,0,83,0,1,0,0,0
target,2110,6,1297036692683751536,0,80,0,1,0,0,0
target,2111,6,1297036692683751584,4,81,0,1,0,0,0
target,2112,6,1297036692683751584,8,74,0,1,0,0,0
target,2113,6,1297036692683751584,16,74,0,1,0,0,0
target,2114,6,1297036692683751584,32,71,0,1,0,0,0
target,2115,6,1297036692683751584,64,63,0,1,0,0,0
target,2116,6,1297036692683751584,128,63,0,1,0,0,0
target,2117,6,1297036692683751584,8192,69,0,1,0,0,0
target,2118,6,1297036692683751584,16384,78,0,1,0,0,0
target,2119,6,1297036692683751584,32768,80,0,1,0,0,0
target,2120,6,1297036692683751584,131072,73,0,1,0,0,0
target,2121,6,1297036692683751584,262144,70,0,1,0,0,0
target,2122,6,1297036692683751584,16777216,81,0,1,0,0,0
target,2123,6,1297036692683751584,33554432,82,0,1,0,0,0
target,2124,6,1297036692683751584,67108864,74,0,1,0,0,0
target,2125,6,1297036692683751584,268435456,83,0,1,0,0,0
target,2126,6,1297036692683751584,34359738368,84,0,1,0,0,0
target,2127,6,1297036692683751584,68719476736,64,0,1,0,0,0
target,2128,6,1297036692683751586,0,74,0,1,0,0,0
target,2129,6,1297036692683751592,0,73,0,1,0,0,0
target,2130,6,1297036692683751600,0,62,0,1,0,0,0
target,2131,6,1297036692683751648,0,63,0,1,0,0,0
target,2132,6,1297036692683751968,4,94,0,1,0,0,0
target,2133,6,1297036692683751968,8,91,0,1,0,0,0
target,2134,6,1297036692683751968,16,85,0,1,0,0,0
target,2135,6,1297036692683751968,32,83,0,1,0,0,0
target,2136,6,1297036692683751968,64,82,0,1,0,0,0
target,2137,6,1297036692683751968,128,80,0,1,0,0,0
target,2138,6,1297036692683751968,8192,94,0,1,0,0,0
target,2139,6,1297036692683751968,16384,93,0,1,0,0,0
target,2140,6,1297036692683751968,32768,87,0,1,0,0,0
target,2141,6,1297036692683751968,65536,79,0,1,0,0,0
target,2142,6,1297036692683751968,131072,90,0,1,0,0,0
target,2143,6,1297036692683751968,262144,82,0,1,0,0,0
target,2144,6,1297036692683751968,16777216,93,0,1,0,0,0
target,2145,6,1297036692683751968,33554432,95,0,1,0,0,0
target,2146,6,1297036692683751968,67108864,85,0,1,0,0,0
target,2147,6,1297036692683751968,134217728,89,0,1,0,0,0
target,2148,6,1297036692683751968,268435456,95,0,1,0,0,0
target,2149,6,1297036692683751968,536870912,75,0,1,0,0,0
target,2150,6,1297036692683751968,34359738368,91,0,1,0,0,0
target,2151,6,1297036692683751968,68719476736,80,0,1,0,0,0
target,2152,6,1297036692683751970,0,89,0,1,0,0,0
target,2153,6,1297036692683751976,0,87,0,1,0,0,0
target,2154,6,1297036692683751984,0,86,0,1,0,0,0
target,2155,6,1297036692683752032,0,82,0,1,0,0,0
target,2156,6,1297036692683752096,0,73,0,1,0,0,0
target,2157,6,1297036692683752480,4,87,0,1,0,0,0
target,2158,6,1297036692683752480,8,85,0,1,0,0,0
target,2159,6,1297036692683752480,16,76,0,1,0,0,0
target,2160,6,1297036692683752480,32,80,0,1,0,0,0
target,2161,6,1297036692683752480,128,73,0,1,0,0,0
target,2162,6,1297036692683752480,8192,88,0,1,0,0,0
target,2163,6,1297036692683752480,16384,86,0,1,0,0,0
target,2164,6,1297036692683752480,32768,88,0,1,0,0,0
target,2165,6,1297036692683752480,131072,86,0,1,0,0,0
target,2166,6,1297036692683752480,262144,75,0,1,0,0,0
target,2167,6,1297036692683752480,16777216,86,0,1,0,0,0
target,2168,6,1297036692683752480,33554432,89,0,1,0,0,0
target,2169,6,1297036692683752480,134217728,83,0,1,0,0,0
target,2170,6,1297036692683752480,268435456,89,0,1,0,0,0
target,2171,6,1297036692683752480,536870912,73,0,1,0,0,0
target,2172,6,1297036692683752480,34359738368,89,0,1,0,0,0
target,2173,6,1297036692683752481,0,71,0,1,0,0,0
target,2174,6,1297036692683752482,0,77,0,1,0,0,0
target,2175,6,1297036692683752488,0,80,0,1,0,0,0
target,2176,6,1297036692683752496,0,75,0,1,0,0,0
target,2177,6,1297036692683752544,0,74,0,1,0,0,0
target,2178,6,1297036692683752608,0,67,0,1,0,0,0
target,2179,6,1297036692683752992,0,76,0,1,0,0,0
target,2180,6,1297036692683753504,4,87,0,1,0,0,0
target,2181,6,1297036692683753504,8,86,0,1,0,0,0
target,2182,6,1297036692683753504,16,83,0,1,0,0,0
target,2183,6,1297036692683753504,32,85,0,1,0,0,0
target,2184,6,1297036692683753504,64,79,0,1,0,0,0
target,2185,6,1297036692683753504,128,70,0,1,0,0,0
target,2186,6,1297036692683753504,8192,89,0,1,0,0,0
target,2187,6,1297036692683753504,16384,91,0,1,0,0,0
target,2188,6,1297036692683753504,32768,93,0,1,0,0,0
target,2189,6,1297036692683753504,65536,78,0,1,0,0,0
target,2190,6,1297036692683753504,131072,88,0,1,0,0,0
target,2191,6,1297036692683753504,262144,80,0,1,0,0,0
target,2192,6,1297036692683753504,16777216,81,0,1,0,0,0
target,2193,6,1297036692683753504,33554432,92,0,1,0,0,0
target,2194,6,1297036692683753504,67108864,82,0,1,0,0,0
target,2195,6,1297036692683753504,134217728,88,0,1,0,0,0
target,2196,6,1297036692683753504,268435456,92,0,1,0,0,0
target,2197,6,1297036692683753504,536870912,75,0,1,0,0,0
target,2198,6,1297036692683753504,34359738368,91,0,1,0,0,0
target,2199,6,1297036692683753506,0,80,0,1,0,0,0
target,2200,6,1297036692683753512,0,92,0,1,0,0,0
target,2201,6,1297036692683753568,0,85,0,1,0,0,0
target,2202,6,1297036692683753632,0,80,0,1,0,0,0
target,2203,6,1297036692683754528,0,84,0,1,0,0,0
target,2204,6,1297036692683759648,4,82,0,1,0,0,0
target,2205,6,1297036692683759648,8,79,0,1,0,0,0
target,2206,6,1297036692683759648,16,65,0,1,0,0,0
target,2207,6,1297036692683759648,32,73,0,1,0,0,0
target,2208,6,1297036692683759648,64,72,0,1,0,0,0
target,2209,6,1297036692683759648,8192,76,0,1,0,0,0
target,2210,6,1297036692683759648,16384,82,0,1,0,0,0
target,2211,6,1297036692683759648,32768,74,0,1,0,0,0
target,2212,6,1297036692683759648,65536,71,0,1,0,0,0
target,2213,6,1297036692683759648,131072,72,0,1,0,0,0
target,2214,6,1297036692683759648,16777216,83,0,1,0,0,0
target,2215,6,1297036692683759648,33554432,72,0,1,0,0,0
target,2216,6,1297036692683759648,67108864,66,0,1,0,0,0
target,2217,6,1297036692683759648,134217728,78,0,1,0,0,0
target,2218,6,1297036692683759648,268435456,84,0,1,0,0,0
target,2219,6,1297036692683759648,536870912,69,0,1,0,0,0
target,2220,6,1297036692683759648,34359738368,85,0,1,0,0,0
target,2221,6,1297036692683759649,0,72,0,1,0,0,0
target,2222,6,1297036692683759650,0,79,0,1,0,0,0
target,2223,6,1297036692683759656,0,73,0,1,0,0,0
target,2224,6,1297036692683759664,0,66,0,1,0,0,0
target,2225,6,1297036692683759776,0,56,0,1,0,0,0
target,2226,6,1297036692683760160,0,80,0,1,0,0,0
target,2227,6,1297036692683760672,0,72,0,1,0,0,0
target,2228,6,1297036692683761696,0,75,0,1,0,0,0
target,2229,6,1297036692683767840,4,88,0,1,0,0,0
target,2230,6,1297036692683767840,8,85,0,1,0,0,0
target,2231,6,1297036692683767840,16,76,0,1,0,0,0
target,2232,6,1297036692683767840,32,69,0,1,0,0,0
target,2233,6,1297036692683767840,64,74,0,1,0,0,0
target,2234,6,1297036692683767840,128,73,0,1,0,0,0
target,2235,6,1297036692683767840,8192,87,0,1,0,0,0
target,2236,6,1297036692683767840,16384,83,0,1,0,0,0
target,2237,6,1297036692683767840,32768,88,0,1,0,0,0
target,2238,6,1297036692683767840,65536,72,0,1,0,0,0
target,2239,6,1297036692683767840,131072,84,0,1,0,0,0
target,2240,6,1297036692683767840,262144,70,0,1,0,0,0
target,2241,6,1297036692683767840,16777216,88,0,1,0,0,0
target,2242,6,1297036692683767840,33554432,90,0,1,0,0,0
target,2243,6,1297036692683767840,67108864,73,0,1,0,0,0
target,2244,6,1297036692683767840,268435456,84,0,1,0,0,0
target,2245,6,1297036692683767840,536870912,75,0,1,0,0,0
target,2246,6,1297036692683767840,34359738368,91,0,1,0,0,0
target,2247,6,1297036692683767841,0,75,0,1,0,0,0
target,2248,6,1297036692683767842,0,87,0,1,0,0,0
target,2249,6,1297036692683767848,0,86,0,1,0,0,0
target,2250,6,1297036692683767856,0,75,0,1,0,0,0
target,2251,6,1297036692683767904,0,67,0,1,0,0,0
target,2252,6,1297036692683768352,0,85,0,1,0,0,0
target,2253,6,1297036692683768864,0,77,0,1,0,0,0
target,2254,6,1297036692683769888,0,82,0,1,0,0,0
target,2255,6,1297036692683776032,0,70,0,1,0,0,0
target,2256,6,1297036692683816992,4,81,0,1,0,0,0
target,2257,6,1297036692683816992,8,84,0,1,0,0,0
target,2258,6,1297036692683816992,16,79,0,1,0,0,0
target,2259,6,1297036692683816992,32,78,0,1,0,0,0
target,2260,6,1297036692683816992,64,69,0,1,0,0,0
target,2261,6,1297036692683816992,8192,86,0,1,0,0,0
target,2262,6,1297036692683816992,16384,84,0,1,0,0,0
target,2263,6,1297036692683816992,32768,84,0,1,0,0,0
target,2264,6,1297036692683816992,65536,69,0,1,0,0,0
target,2265,6,1297036692683816992,131072,82,0,1,0,0,0
target,2266,6,1297036692683816992,16777216,85,0,1,0,0,0
target,2267,6,1297036692683816992,33554432,87,0,1,0,0,0
target,2268,6,1297036692683816992,67108864,78,0,1,0,0,0
target,2269,6,1297036692683816992,134217728,83,0,1,0,0,0
target,2270,6,1297036692683816992,268435456,87,0,1,0,0,0
target,2271,6,1297036692683816992,34359738368,88,0,1,0,0,0
target,2272,6,1297036692683816993,0,74,0,1,0,0,0
target,2273,6,1297036692683816994,0,84,0,1,0,0,0
target,2274,6,1297036692683817000,0,84,0,1,0,0,0
target,2275,6,1297036692683817008,0,76,0,1,0,0,0
target,2276,6,1297036692683817056,0,76,0,1,0,0,0
target,2277,6,1297036692683817120,0,69,0,1,0,0,0
target,2278,6,1297036692683818016,0,72,0,1,0,0,0
target,2279,6,1297036692683819040,0,77,0,1,0,0,0
target,2280,6,1297036692683833376,0,70,0,1,0,0,0
target,2281,6,1297036692684013600,4,93,0,1,0,0,0
target,2282,6,1297036692684013600,8,91,0,1,0,0,0
target,2283,6,1297036692684013600,16,76,0,1,0,0,0
target,2284,6,1297036692684013600,32,86,0,1,0,0,0
target,2285,6,1297036692684013600,64,79,0,1,0,0,0
target,2286,6,1297036692684013600,128,79,0,1,0,0,0
target,2287,6,1297036692684013600,8192,94,0,1,0,0,0
target,2288,6,1297036692684013600,16384,86,0,1,0,0,0
target,2289,6,1297036692684013600,32768,94,0,1,0,0,0
target,2290,6,1297036692684013600,65536,81,0,1,0,0,0
target,2291,6,1297036692684013600,131072,82,0,1,0,0,0
target,2292,6,1297036692684013600,262144,77,0,1,0,0,0
target,2293,6,1297036692684013600,16777216,88,0,1,0,0,0
target,2294,6,1297036692684013600,33554432,91,0,1,0,0,0
target,2295,6,1297036692684013600,67108864,84,0,1,0,0,0
target,2296,6,1297036692684013600,134217728,90,0,1,0,0,0
target,2297,6,1297036692684013600,268435456,95,0,1,0,0,0
target,2298,6,1297036692684013600,536870912,79,0,1,0,0,0
target,2299,6,1297036692684013600,34359738368,95,0,1,0,0,0
target,2300,6,1297036692684013600,68719476736,80,0,1,0,0,0
target,2301,6,1297036692684013601,0,82,0,1,0,0,0
target,2302,6,1297036692684013602,0,92,0,1,0,0,0
target,2303,6,1297036692684013608,0,89,0,1,0,0,0
target,2304,6,1297036692684013616,0,82,0,1,0,0,0
target,2305,6,1297036692684013664,0,82,0,1,0,0,0
target,2306,6,1297036692684013728,0,76,0,1,0,0,0
target,2307,6,1297036692684014112,0,91,0,1,0,0,0
target,2308,6,1297036692684014624,0,78,0,1,0,0,0
target,2309,6,1297036692684021792,0,73,0,1,0,0,0
target,2310,6,1297036692684079136,0,76,0,1,0,0,0
target,2311,6,1297036692684275744,4,93,0,1,0,0,0
target,2312,6,1297036692684275744,8,91,0,1,0,0,0
target,2313,6,1297036692684275744,16,84,0,1,0,0,0
target,2314,6,1297036692684275744,32,76,0,1,0,0,0
target,2315,6,1297036692684275744,64,79,0,1,0,0,0
target,2316,6,1297036692684275744,128,79,0,1,0,0,0
target,2317,6,1297036692684275744,8192,92,0,1,0,0,0
target,2318,6,1297036692684275744,16384,92,0,1,0,0,0
target,2319,6,1297036692684275744,32768,91,0,1,0,0,0
target,2320,6,1297036692684275744,65536,81,0,1,0,0,0
target,2321,6,1297036692684275744,131072,90,0,1,0,0,0
target,2322,6,1297036692684275744,262144,75,0,1,0,0,0
target,2323,6,1297036692684275744,16777216,93,0,1,0,0,0
target,2324,6,1297036692684275744,33554432,83,0,1,0,0,0
target,2325,6,1297036692684275744,67108864,82,0,1,0,0,0
target,2326,6,1297036692684275744,134217728,90,0,1,0,0,0
target,2327,6,1297036692684275744,268435456,91,0,1,0,0,0
target,2328,6,1297036692684275744,536870912,77,0,1,0,0,0
target,2329,6,1297036692684275744,34359738368,90,0,1,0,0,0
target,2330,6,1297036692684275744,68719476736,81,0,1,0,0,0
target,2331,6,1297036692684275745,0,85,0,1,0,0,0
target,2332,6,1297036692684275746,0,92,0,1,0,0,0
target,2333,6,1297036692684275752,0,88,0,1,0,0,0
target,2334,6,1297036692684275760,0,86,0,1,0,0,0
target,2335,6,1297036692684275808,0,79,0,1,0,0,0
target,2336,6,1297036692684275872,0,74,0,1,0,0,0
target,2337,6,1297036692684276256,0,91,0,1,0,0,0
target,2338,6,1297036692684276768,0,80,0,1,0,0,0
target,2339,6,1297036692684277792,0,81,0,1,0,0,0
target,2340,6,1297036692684283936,0,67,0,1,0,0,0
target,2341,6,1297036692684292128,0,74,0,1,0,0,0
target,2342,6,1297036692684341280,0,75,0,1,0,0,0
target,2343,6,1297036692684537888,0,85,0,1,0,0,0
target,2344,6,1297036692685848608,4,90,0,1,0,0,0
target,2345,6,1297036692685848608,8,91,0,1,0,0,0
target,2346,6,1297036692685848608,16,86,0,1,0,0,0
target,2347,6,1297036692685848608,32,86,0,1,0,0,0
target,2348,6,1297036692685848608,64,81,0,1,0,0,0
target,2349,6,1297036692685848608,8192,92,0,1,0,0,0
target,2350,6,1297036692685848608,32768,93,0,1,0,0,0
target,2351,6,1297036692685848608,65536,78,0,1,0,0,0
target,2352,6,1297036692685848608,131072,84,0,1,0,0,0
target,2353,6,1297036692685848608,262144,82,0,1,0,0,0
target,2354,6,1297036692685848608,16777216,92,0,1,0,0,0
target,2355,6,1297036692685848608,33554432,92,0,1,0,0,0
target,2356,6,1297036692685848608,67108864,84,0,1,0,0,0
target,2357,6,1297036692685848608,134217728,81,0,1,0,0,0
target,2358,6,1297036692685848608,268435456,95,0,1,0,0,0
target,2359,6,1297036692685848608,536870912,77,0,1,0,0,0
target,2360,6,1297036692685848608,34359738368,95,0,1,0,0,0
target,2361,6,1297036692685848608,68719476736,79,0,1,0,0,0
target,2362,6,1297036692685848608,70368744177664,80,0,1,0,0,0
target,2363,6,1297036692685848609,0,84,0,1,0,0,0
target,2364,6,1297036692685848610,0,90,0,1,0,0,0
target,2365,6,1297036692685848616,0,93,0,1,0,0,0
target,2366,6,1297036692685848624,0,88,0,1,0,0,0
target,2367,6,1297036692685848672,0,86,0,1,0,0,0
target,2368,6,1297036692685848736,0,73,0,1,0,0,0
target,2369,6,1297036692685849120,0,87,0,1,0,0,0
target,2370,6,1297036692685849632,0,80,0,1,0,0,0
target,2371,6,1297036692685850656,0,86,0,1,0,0,0
target,2372,6,1297036692685856800,0,72,0,1,0,0,0
target,2373,6,1297036692685864992,0,75,0,1,0,0,0
target,2374,6,1297036692685914144,0,76,0,1,0,0,0
target,2375,6,1297036692686110752,0,87,0,1,0,0,0
target,2376,6,1297036692686372896,0,82,0,1,0,0,0
target,2377,6,1297036692687945760,4,93,0,1,0,0,0
target,2378,6,1297036692687945760,8,92,0,1,0,0,0
target,2379,6,1297036692687945760,16,87,0,1,0,0,0
target,2380,6,1297036692687945760,32,88,0,1,0,0,0
target,2381,6,1297036692687945760,64,77,0,1,0,0,0
target,2382,6,1297036692687945760,128,79,0,1,0,0,0
target,2383,6,1297036692687945760,8192,93,0,1,0,0,0
target,2384,6,1297036692687945760,16384,96,0,1,0,0,0
target,2385,6,1297036692687945760,32768,95,0,1,0,0,0
target,2386,6,1297036692687945760,65536,85,0,1,0,0,0
target,2387,6,1297036692687945760,131072,93,0,1,0,0,0
target,2388,6,1297036692687945760,262144,82,0,1,0,0,0
target,2389,6,1297036692687945760,16777216,94,0,1,0,0,0
target,2390,6,1297036692687945760,33554432,99,0,1,0,0,0
target,2391,6,1297036692687945760,67108864,87,0,1,0,0,0
target,2392,6,1297036692687945760,134217728,93,0,1,0,0,0
target,2393,6,1297036692687945760,268435456,99,0,1,0,0,0
target,2394,6,1297036692687945760,536870912,81,0,1,0,0,0
target,2395,6,1297036692687945760,34359738368,96,0,1,0,0,0
target,2396,6,1297036692687945761,0,87,0,1,0,0,0
target,2397,6,1297036692687945762,0,95,0,1,0,0,0
target,2398,6,1297036692687945768,0,94,0,1,0,0,0
target,2399,6,1297036692687945776,0,90,0,1,0,0,0
target,2400,6,1297036692687945824,0,91,0,1,0,0,0
target,2401,6,1297036692687945888,0,83,0,1,0,0,0
target,2402,6,1297036692687946272,0,95,0,1,0,0,0
target,2403,6,1297036692687946784,0,88,0,1,0,0,0
target,2404,6,1297036692687947808,0,87,0,1,0,0,0
target,2405,6,1297036692687953952,0,85,0,1,0,0,0
target,2406,6,1297036692687962144,0,89,0,1,0,0,0
target,2407,6,1297036692688011296,0,87,0,1,0,0,0
target,2408,6,1297036692688207904,0,94,0,1,0,0,0
target,2409,6,1297036692688470048,0,91,0,1,0,0,0
target,2410,6,1297036692690042912,0,94,0,1,0,0,0
target,2411,6,1297036692692140064,4,97,0,1,0,0,0
target,2412,6,1297036692692140064,8,87,0,1,0,0,0
target,2413,6,1297036692692140064,16,88,0,1,0,0,0
target,2414,6,1297036692692140064,32,82,0,1,0,0,0
target,2415,6,1297036692692140064,64,83,0,1,0,0,0
target,2416,6,1297036692692140064,128,71,0,1,0,0,0
target,2417,6,1297036692692140064,8192,89,0,1,0,0,0
target,2418,6,1297036692692140064,16384,91,0,1,0,0,0
target,2419,6,1297036692692140064,32768,97,0,1,0,0,0
target,2420,6,1297036692692140064,65536,84,0,1,0,0,0
target,2421,6,1297036692692140064,131072,92,0,1,0,0,0
target,2422,6,1297036692692140064,262144,84,0,1,0,0,0
target,2423,6,1297036692692140064,16777216,97,0,1,0,0,0
target,2424,6,1297036692692140064,33554432,87,0,1,0,0,0
target,2425,6,1297036692692140064,67108864,88,0,1,0,0,0
target,2426,6,1297036692692140064,134217728,92,0,1,0,0,0
target,2427,6,1297036692692140064,268435456,88,0,1,0,0,0
target,2428,6,1297036692692140064,536870912,72,0,1,0,0,0
target,2429,6,1297036692692140064,34359738368,96,0,1,0,0,0
target,2430,6,1297036692692140065,0,86,0,1,0,0,0
target,2431,6,1297036692692140066,0,90,0,1,0,0,0
target,2432,6,1297036692692140072,0,93,0,1,0,0,0
target,2433,6,1297036692692140080,0,79,0,1,0,0,0
target,2434,6,1297036692692140128,0,86,0,1,0,0,0
target,2435,6,1297036692692140192,0,71,0,1,0,0,0
target,2436,6,1297036692692140576,0,94,0,1,0,0,0
target,2437,6,1297036692692141088,0,88,0,1,0,0,0
target,2438,6,1297036692692142112,0,89,0,1,0,0,0
target,2439,6,1297036692692148256,0,66,0,1,0,0,0
target,2440,6,1297036692692156448,0,86,0,1,0,0,0
target,2441,6,1297036692692205600,0,88,0,1,0,0,0
target,2442,6,1297036692692402208,0,94,0,1,0,0,0
target,2443,6,1297036692692664352,0,84,0,1,0,0,0
target,2444,6,1297036692694237216,0,94,0,1,0,0,0
target,2445,6,1297036692696334368,0,98,0,1,0,0,0
target,2446,6,1297036692700528672,4,83,0,1,0,0,0
target,2447,6,1297036692700528672,8,83,0,1,0,0,0
target,2448,6,1297036692700528672,16,63,0,1,0,0,0
target,2449,6,1297036692700528672,32,75,0,1,0,0,0
target,2450,6,1297036692700528672,64,69,0,1,0,0,0
target,2451,6,1297036692700528672,128,69,0,1,0,0,0
target,2452,6,1297036692700528672,8192,83,0,1,0,0,0
target,2453,6,1297036692700528672,16384,78,0,1,0,0,0
target,2454,6,1297036692700528672,32768,76,0,1,0,0,0
target,2455,6,1297036692700528672,65536,66,0,1,0,0,0
target,2456,6,1297036692700528672,131072,79,0,1,0,0,0
target,2457,6,1297036692700528672,16777216,83,0,1,0,0,0
target,2458,6,1297036692700528672,33554432,87,0,1,0,0,0
target,2459,6,1297036692700528672,67108864,64,0,1,0,0,0
target,2460,6,1297036692700528672,134217728,81,0,1,0,0,0
target,2461,6,1297036692700528672,268435456,78,0,1,0,0,0
target,2462,6,1297036692700528672,536870912,69,0,1,0,0,0
target,2463,6,1297036692700528672,34359738368,87,0,1,0,0,0
target,2464,6,1297036692700528673,0,70,0,1,0,0,0
target,2465,6,1297036692700528674,0,81,0,1,0,0,0
target,2466,6,1297036692700528680,0,82,0,1,0,0,0
target,2467,6,1297036692700528736,0,67,0,1,0,0,0
target,2468,6,1297036692700528800,0,68,0,1,0,0,0
target,2469,6,1297036692700529184,0,83,0,1,0,0,0
target,2470,6,1297036692700529696,0,74,0,1,0,0,0
target,2471,6,1297036692700530720,0,82,0,1,0,0,0
target,2472,6,1297036692700545056,0,59,0,1,0,0,0
target,2473,6,1297036692700594208,0,74,0,1,0,0,0
target,2474,6,1297036692700790816,0,81,0,1,0,0,0
target,2475,6,1297036692701052960,0,82,0,1,0,0,0
target,2476,6,1297036692702625824,0,78,0,1,0,0,0
target,2477,6,1297036692704722976,0,84,0,1,0,0,0
target,2478,6,1297036692708917280,0,78,0,1,0,0,0
target,2479,6,1297036692717305888,4,91,0,1,0,0,0
target,2480,6,1297036692717305888,8,89,0,1,0,0,0
target,2481,6,1297036692717305888,32,79,0,1,0,0,0
target,2482,6,1297036692717305888,128,72,0,1,0,0,0
target,2483,6,1297036692717305888,8192,90,0,1,0,0,0
target,2484,6,1297036692717305888,16384,90,0,1,0,0,0
target,2485,6,1297036692717305888,32768,87,0,1,0,0,0
target,2486,6,1297036692717305888,65536,66,0,1,0,0,0
target,2487,6,1297036692717305888,131072,86,0,1,0,0,0
target,2488,6,1297036692717305888,262144,75,0,1,0,0,0
target,2489,6,1297036692717305888,16777216,90,0,1,0,0,0
target,2490,6,1297036692717305888,33554432,93,0,1,0,0,0
target,2491,6,1297036692717305888,67108864,87,0,1,0,0,0
target,2492,6,1297036692717305888,134217728,81,0,1,0,0,0
target,2493,6,1297036692717305888,268435456,89,0,1,0,0,0
target,2494,6,1297036692717305888,536870912,66,0,1,0,0,0
target,2495,6,1297036692717305888,34359738368,93,0,1,0,0,0
target,2496,6,1297036692717305889,0,82,0,1,0,0,0
target,2497,6,1297036692717305890,0,92,0,1,0,0,0
target,2498,6,1297036692717305896,0,91,0,1,0,0,0
target,2499,6,1297036692717305904,0,82,0,1,0,0,0
target,2500,6,1297036692717306016,0,68,0,1,0,0,0
target,2501,6,1297036692717306400,0,86,0,1,0,0,0
target,2502,6,1297036692717306912,0,83,0,1,0,0,0
target,2503,6,1297036692717307936,0,84,0,1,0,0,0
target,2504,6,1297036692717314080,0,77,0,1,0,0,0
target,2505,6,1297036692717322272,0,77,0,1,0,0,0
target,2506,6,1297036692717371424,0,76,0,1,0,0,0
target,2507,6,1297036692717568032,0,88,0,1,0,0,0
target,2508,6,1297036692717830176,0,87,0,1,0,0,0
target,2509,6,1297036692719403040,0,81,0,1,0,0,0
target,2510,6,1297036692721500192,0,91,0,1,0,0,0
target,2511,6,1297036692725694496,0,92,0,1,0,0,0
target,2512,6,1297036692734083104,0,73,0,1,0,0,0
target,2513,6,1297036692750860320,4,88,0,1,0,0,0
target,2514,6,1297036692750860320,8,87,0,1,0,0,0
target,2515,6,1297036692750860320,16,70,0,1,0,0,0
target,2516,6,1297036692750860320,32,83,0,1,0,0,0
target,2517,6,1297036692750860320,64,71,0,1,0,0,0
target,2518,6,1297036692750860320,128,74,0,1,0,0,0
target,2519,6,1297036692750860320,8192,89,0,1,0,0,0
target,2520,6,1297036692750860320,16384,88,0,1,0,0,0
target,2521,6,1297036692750860320,32768,89,0,1,0,0,0
target,2522,6,1297036692750860320,65536,78,0,1,0,0,0
target,2523,6,1297036692750860320,131072,77,0,1,0,0,0
target,2524,6,1297036692750860320,262144,67,0,1,0,0,0
target,2525,6,1297036692750860320,16777216,85,0,1,0,0,0
target,2526,6,1297036692750860320,33554432,84,0,1,0,0,0
target,2527,6,1297036692750860320,134217728,85,0,1,0,0,0
target,2528,6,1297036692750860320,268435456,85,0,1,0,0,0
target,2529,6,1297036692750860320,536870912,75,0,1,0,0,0
target,2530,6,1297036692750860320,34359738368,91,0,1,0,0,0
target,2531,6,1297036692750860321,0,75,0,1,0,0,0
target,2532,6,1297036692750860322,0,86,0,1,0,0,0
target,2533,6,1297036692750860328,0,89,0,1,0,0,0
target,2534,6,1297036692750860336,0,82,0,1,0,0,0
target,2535,6,1297036692750860448,0,75,0,1,0,0,0
target,2536,6,1297036692750860832,0,86,0,1,0,0,0
target,2537,6,1297036692750862368,0,85,0,1,0,0,0
target,2538,6,1297036692750868512,0,72,0,1,0,0,0
target,2539,6,1297036692750876704,0,77,0,1,0,0,0
target,2540,6,1297036692750925856,0,70,0,1,0,0,0
target,2541,6,1297036692751122464,0,77,0,1,0,0,0
target,2542,6,1297036692751384608,0,86,0,1,0,0,0
target,2543,6,1297036692752957472,0,86,0,1,0,0,0
target,2544,6,1297036692755054624,0,90,0,1,0,0,0
target,2545,6,1297036692759248928,0,87,0,1,0,0,0
target,2546,6,1297036692767637536,0,72,0,1,0,0,0
target,2547,6,1297036692817969184,4,82,0,1,0,0,0
target,2548,6,1297036692817969184,8,78,0,1,0,0,0
target,2549,6,1297036692817969184,16,71,0,1,0,0,0
target,2550,6,1297036692817969184,32,73,0,1,0,0,0
target,2551,6,1297036692817969184,64,73,0,1,0,0,0
target,2552,6,1297036692817969184,8192,76,0,1,0,0,0
target,2553,6,1297036692817969184,16384,82,0,1,0,0,0
target,2554,6,1297036692817969184,32768,80,0,1,0,0,0
target,2555,6,1297036692817969184,65536,70,0,1,0,0,0
target,2556,6,1297036692817969184,131072,77,0,1,0,0,0
target,2557,6,1297036692817969184,16777216,83,0,1,0,0,0
target,2558,6,1297036692817969184,33554432,82,0,1,0,0,0
target,2559,6,1297036692817969184,67108864,75,0,1,0,0,0
target,2560,6,1297036692817969184,134217728,73,0,1,0,0,0
target,2561,6,1297036692817969184,268435456,85,0,1,0,0,0
target,2562,6,1297036692817969184,34359738368,85,0,1,0,0,0
target,2563,6,1297036692817969185,0,72,0,1,0,0,0
target,2564,6,1297036692817969186,0,78,0,1,0,0,0
target,2565,6,1297036692817969192,0,78,0,1,0,0,0
target,2566,6,1297036692817969200,0,77,0,1,0,0,0
target,2567,6,1297036692817969248,0,72,0,1,0,0,0
target,2568,6,1297036692817969312,0,65,0,1,0,0,0
target,2569,6,1297036692817969696,0,79,0,1,0,0,0
target,2570,6,1297036692817970208,0,74,0,1,0,0,0
target,2571,6,1297036692817971232,0,78,0,1,0,0,0
target,2572,6,1297036692817977376,0,71,0,1,0,0,0
target,2573,6,1297036692817985568,0,73,0,1,0,0,0
target,2574,6,1297036692818231328,0,76,0,1,0,0,0
target,2575,6,1297036692818493472,0,75,0,1,0,0,0
target,2576,6,1297036692820066336,0,77,0,1,0,0,0
target,2577,6,1297036692822163488,0,80,0,1,0,0,0
target,2578,6,1297036692826357792,0,77,0,1,0,0,0
target,2579,6,1297036692851523616,0,74,0,1,0,0,0
target,2580,6,1297036692885078048,0,70,0,1,0,0,0
target,2581,6,1297036692952186912,4,86,0,1,0,0,0
target,2582,6,1297036692952186912,8,84,0,1,0,0,0
target,2583,6,1297036692952186912,64,71,0,1,0,0,0
target,2584,6,1297036692952186912,128,74,0,1,0,0,0
target,2585,6,1297036692952186912,8192,86,0,1,0,0,0
target,2586,6,1297036692952186912,16384,83,0,1,0,0,0
target,2587,6,1297036692952186912,32768,87,0,1,0,0,0
target,2588,6,1297036692952186912,65536,75,0,1,0,0,0
target,2589,6,1297036692952186912,131072,84,0,1,0,0,0
target,2590,6,1297036692952186912,262144,73,0,1,0,0,0
target,2591,6,1297036692952186912,33554432,88,0,1,0,0,0
target,2592,6,1297036692952186912,67108864,73,0,1,0,0,0
target,2593,6,1297036692952186912,134217728,75,0,1,0,0,0
target,2594,6,1297036692952186912,268435456,85,0,1,0,0,0
target,2595,6,1297036692952186912,536870912,71,0,1,0,0,0
target,2596,6,1297036692952186912,34359738368,88,0,1,0,0,0
target,2597,6,1297036692952186912,68719476736,76,0,1,0,0,0
target,2598,6,1297036692952186914,0,84,0,1,0,0,0
target,2599,6,1297036692952186920,0,85,0,1,0,0,0
target,2600,6,1297036692952186928,0,77,0,1,0,0,0
target,2601,6,1297036692952186976,0,77,0,1,0,0,0
target,2602,6,1297036692952187040,0,73,0,1,0,0,0
target,2603,6,1297036692952187424,0,84,0,1,0,0,0
target,2604,6,1297036692952187936,0,71,0,1,0,0,0
target,2605,6,1297036692952188960,0,83,0,1,0,0,0
target,2606,6,1297036692952195104,0,75,0,1,0,0,0
target,2607,6,1297036692952203296,0,71,0,1,0,0,0
target,2608,6,1297036692952252448,0,72,0,1,0,0,0
target,2609,6,1297036692952449056,0,76,0,1,0,0,0
target,2610,6,1297036692954284064,0,81,0,1,0,0,0
target,2611,6,1297036692956381216,0,84,0,1,0,0,0
target,2612,6,1297036692968964128,0,70,0,1,0,0,0
target,2613,6,1297036692985741344,0,75,0,1,0,0,0
target,2614,6,1297036693019295776,0,79,0,1,0,0,0
target,2615,6,1297036693086404640,0,67,0,1,0,0,0
target,2616,6,1297036693220622368,4,88,0,1,0,0,0
target,2617,6,1297036693220622368,8,88,0,1,0,0,0
target,2618,6,1297036693220622368,16,80,0,1,0,0,0
target,2619,6,1297036693220622368,32,76,0,1,0,0,0
target,2620,6,1297036693220622368,64,78,0,1,0,0,0
target,2621,6,1297036693220622368,128,73,0,1,0,0,0
target,2622,6,1297036693220622368,8192,90,0,1,0,0,0
target,2623,6,1297036693220622368,16384,88,0,1,0,0,0
target,2624,6,1297036693220622368,32768,83,0,1,0,0,0
target,2625,6,1297036693220622368,65536,79,0,1,0,0,0
target,2626,6,1297036693220622368,131072,86,0,1,0,0,0
target,2627,6,1297036693220622368,262144,78,0,1,0,0,0
target,2628,6,1297036693220622368,16777216,89,0,1,0,0,0
target,2629,6,1297036693220622368,33554432,85,0,1,0,0,0
target,2630,6,1297036693220622368,67108864,83,0,1,0,0,0
target,2631,6,1297036693220622368,134217728,86,0,1,0,0,0
target,2632,6,1297036693220622368,268435456,88,0,1,0,0,0
target,2633,6,1297036693220622368,34359738368,87,0,1,0,0,0
target,2634,6,1297036693220622368,68719476736,77,0,1,0,0,0
target,2635,6,1297036693220622369,0,81,0,1,0,0,0
target,2636,6,1297036693220622370,0,85,0,1,0,0,0
target,2637,6,1297036693220622376,0,88,0,1,0,0,0
target,2638,6,1297036693220622432,0,80,0,1,0,0,0
target,2639,6,1297036693220622496,0,77,0,1,0,0,0
target,2640,6,1297036693220622880,0,87,0,1,0,0,0
target,2641,6,1297036693220623392,0,80,0,1,0,0,0
target,2642,6,1297036693220624416,0,87,0,1,0,0,0
target,2643,6,1297036693220630560,0,76,0,1,0,0,0
target,2644,6,1297036693220638752,0,79,0,1,0,0,0
target,2645,6,1297036693220687904,0,80,0,1,0,0,0
target,2646,6,1297036693220884512,0,83,0,1,0,0,0
target,2647,6,1297036693221146656,0,83,0,1,0,0,0
target,2648,6,1297036693222719520,0,83,0,1,0,0,0
target,2649,6,1297036693229010976,0,86,0,1,0,0,0
target,2650,6,1297036693254176800,0,84,0,1,0,0,0
target,2651,6,1297036693287731232,0,77,0,1,0,0,0
target,2652,6,1297036693354840096,0,74,0,1,0,0,0
target,2653,6,1297036693489057824,0,80,0,1,0,0,0
target,2654,6,1297036693757493280,4,84,0,1,0,0,0
target,2655,6,1297036693757493280,8,79,0,1,0,0,0
target,2656,6,1297036693757493280,16,73,0,1,0,0,0
target,2657,6,1297036693757493280,32,81,0,1,0,0,0
target,2658,6,1297036693757493280,128,64,0,1,0,0,0
target,2659,6,1297036693757493280,8192,87,0,1,0,0,0
target,2660,6,1297036693757493280,16384,85,0,1,0,0,0
target,2661,6,1297036693757493280,32768,86,0,1,0,0,0
target,2662,6,1297036693757493280,131072,83,0,1,0,0,0
target,2663,6,1297036693757493280,262144,72,0,1,0,0,0
target,2664,6,1297036693757493280,16777216,85,0,1,0,0,0
target,2665,6,1297036693757493280,33554432,86,0,1,0,0,0
target,2666,6,1297036693757493280,134217728,82,0,1,0,0,0
target,2667,6,1297036693757493280,268435456,82,0,1,0,0,0
target,2668,6,1297036693757493280,536870912,64,0,1,0,0,0
target,2669,6,1297036693757493280,34359738368,88,0,1,0,0,0
target,2670,6,1297036693757493281,0,77,0,1,0,0,0
target,2671,6,1297036693757493282,0,87,0,1,0,0,0
target,2672,6,1297036693757493288,0,86,0,1,0,0,0
target,2673,6,1297036693757493296,0,76,0,1,0,0,0
target,2674,6,1297036693757493408,0,68,0,1,0,0,0
target,2675,6,1297036693757493792,0,81,0,1,0,0,0
target,2676,6,1297036693757495328,0,76,0,1,0,0,0
target,2677,6,1297036693757501472,0,76,0,1,0,0,0
target,2678,6,1297036693757509664,0,76,0,1,0,0,0
target,2679,6,1297036693757558816,0,69,0,1,0,0,0
target,2680,6,1297036693757755424,0,76,0,1,0,0,0
target,2681,6,1297036693758017568,0,77,0,1,0,0,0
target,2682,6,1297036693759590432,0,80,0,1,0,0,0
target,2683,6,1297036693761687584,0,82,0,1,0,0,0
target,2684,6,1297036693765881888,0,74,0,1,0,0,0
target,2685,6,1297036693774270496,0,76,0,1,0,0,0
target,2686,6,1297036693824602144,0,75,0,1,0,0,0
target,2687,6,1297036693891711008,0,76,0,1,0,0,0
target,2688,6,1297036694025928736,0,69,0,1,0,0,0
target,2689,6,1297036694294364192,0,74,0,1,0,0,0
target,2690,6,1297036694831235104,4,92,0,1,0,0,0
target,2691,6,1297036694831235104,8,87,0,1,0,0,0
target,2692,6,1297036694831235104,16,79,0,1,0,0,0
target,2693,6,1297036694831235104,32,85,0,1,0,0,0
target,2694,6,1297036694831235104,64,77,0,1,0,0,0
target,2695,6,1297036694831235104,128,70,0,1,0,0,0
target,2696,6,1297036694831235104,8192,92,0,1,0,0,0
target,2697,6,1297036694831235104,16384,91,0,1,0,0,0
target,2698,6,1297036694831235104,32768,92,0,1,0,0,0
target,2699,6,1297036694831235104,65536,81,0,1,0,0,0
target,2700,6,1297036694831235104,131072,84,0,1,0,0,0
target,2701,6,1297036694831235104,262144,83,0,1,0,0,0
target,2702,6,1297036694831235104,16777216,92,0,1,0,0,0
target,2703,6,1297036694831235104,33554432,86,0,1,0,0,0
target,2704,6,1297036694831235104,67108864,82,0,1,0,0,0
target,2705,6,1297036694831235104,134217728,86,0,1,0,0,0
target,2706,6,1297036694831235104,268435456,94,0,1,0,0,0
target,2707,6,1297036694831235104,536870912,73,0,1,0,0,0
target,2708,6,1297036694831235104,34359738368,94,0,1,0,0,0
target,2709,6,1297036694831235104,68719476736,80,0,1,0,0,0
target,2710,6,1297036694831235105,0,83,0,1,0,0,0
target,2711,6,1297036694831235106,0,89,0,1,0,0,0
target,2712,6,1297036694831235112,0,92,0,1,0,0,0
target,2713,6,1297036694831235120,0,80,0,1,0,0,0
target,2714,6,1297036694831235168,0,82,0,1,0,0,0
target,2715,6,1297036694831235232,0,69,0,1,0,0,0
target,2716,6,1297036694831235616,0,83,0,1,0,0,0
target,2717,6,1297036694831236128,0,80,0,1,0,0,0
target,2718,6,1297036694831237152,0,86,0,1,0,0,0
target,2719,6,1297036694831251488,0,85,0,1,0,0,0
target,2720,6,1297036694831300640,0,84,0,1,0,0,0
target,2721,6,1297036694831497248,0,87,0,1,0,0,0
target,2722,6,1297036694831759392,0,81,0,1,0,0,0
target,2723,6,1297036694833332256,0,87,0,1,0,0,0
target,2724,6,1297036694835429408,0,85,0,1,0,0,0
target,2725,6,1297036694839623712,0,83,0,1,0,0,0
target,2726,6,1297036694864789536,0,82,0,1,0,0,0
target,2727,6,1297036694898343968,0,84,0,1,0,0,0
target,2728,6,1297036694965452832,0,76,0,1,0,0,0
target,2729,6,1297036695099670560,0,79,0,1,0,0,0
target,2730,6,1297036695368106016,0,86,0,1,0,0,0
target,2731,6,1297036695904976928,0,77,0,1,0,0,0
target,2732,6,1297036696978718752,4,93,0,1,0,0,0
target,2733,6,1297036696978718752,8,93,0,1,0,0,0
target,2734,6,1297036696978718752,16,82,0,1,0,0,0
target,2735,6,1297036696978718752,32,85,0,1,0,0,0
target,2736,6,1297036696978718752,64,77,0,1,0,0,0
target,2737,6,1297036696978718752,128,78,0,1,0,0,0
target,2738,6,1297036696978718752,8192,85,0,1,0,0,0
target,2739,6,1297036696978718752,16384,91,0,1,0,0,0
target,2740,6,1297036696978718752,32768,92,0,1,0,0,0
target,2741,6,1297036696978718752,65536,77,0,1,0,0,0
target,2742,6,1297036696978718752,131072,90,0,1,0,0,0
target,2743,6,1297036696978718752,262144,74,0,1,0,0,0
target,2744,6,1297036696978718752,16777216,92,0,1,0,0,0
target,2745,6,1297036696978718752,33554432,94,0,1,0,0,0
target,2746,6,1297036696978718752,67108864,77,0,1,0,0,0
target,2747,6,1297036696978718752,134217728,89,0,1,0,0,0
target,2748,6,1297036696978718752,268435456,87,0,1,0,0,0
target,2749,6,1297036696978718752,536870912,79,0,1,0,0,0
target,2750,6,1297036696978718752,34359738368,95,0,1,0,0,0
target,2751,6,1297036696978718752,68719476736,78,0,1,0,0,0
target,2752,6,1297036696978718752,70368744177664,78,0,1,0,0,0
target,2753,6,1297036696978718753,0,84,0,1,0,0,0
target,2754,6,1297036696978718754,0,92,0,1,0,0,0
target,2755,6,1297036696978718760,0,93,0,1,0,0,0
target,2756,6,1297036696978718768,0,80,0,1,0,0,0
target,2757,6,1297036696978718816,0,75,0,1,0,0,0
target,2758,6,1297036696978718880,0,70,0,1,0,0,0
target,2759,6,1297036696978719264,0,90,0,1,0,0,0
target,2760,6,1297036696978719776,0,83,0,1,0,0,0
target,2761,6,1297036696978720800,0,90,0,1,0,0,0
target,2762,6,1297036696978726944,0,71,0,1,0,0,0
target,2763,6,1297036696978735136,0,78,0,1,0,0,0
target,2764,6,1297036696978784288,0,79,0,1,0,0,0
target,2765,6,1297036696978980896,0,86,0,1,0,0,0
target,2766,6,1297036696979243040,0,88,0,1,0,0,0
target,2767,6,1297036696980815904,0,88,0,1,0,0,0
target,2768,6,1297036696982913056,0,92,0,1,0,0,0
target,2769,6,1297036696987107360,0,81,0,1,0,0,0
target,2770,6,1297036696995495968,0,73,0,1,0,0,0
target,2771,6,1297036697012273184,0,81,0,1,0,0,0
target,2772,6,1297036697045827616,0,80,0,1,0,0,0
target,2773,6,1297036697247154208,0,79,0,1,0,0,0
target,2774,6,1297036697515589664,0,85,0,1,0,0,0
target,2775,6,1297036698052460576,0,79,0,1,0,0,0
target,2776,6,1297036699126202400,0,88,0,1,0,0,0
target,2777,6,1297036701273686048,4,86,0,1,0,0,0
target,2778,6,1297036701273686048,8,87,0,1,0,0,0
target,2779,6,1297036701273686048,16,82,0,1,0,0,0
target,2780,6,1297036701273686048,32,82,0,1,0,0,0
target,2781,6,1297036701273686048,64,82,0,1,0,0,0
target,2782,6,1297036701273686048,128,77,0,1,0,0,0
target,2783,6,1297036701273686048,8192,91,0,1,0,0,0
target,2784,6,1297036701273686048,16384,91,0,1,0,0,0
target,2785,6,1297036701273686048,32768,92,0,1,0,0,0
target,2786,6,1297036701273686048,65536,82,0,1,0,0,0
target,2787,6,1297036701273686048,131072,84,0,1,0,0,0
target,2788,6,1297036701273686048,262144,81,0,1,0,0,0
target,2789,6,1297036701273686048,16777216,88,0,1,0,0,0
target,2790,6,1297036701273686048,33554432,93,0,1,0,0,0
target,2791,6,1297036701273686048,67108864,86,0,1,0,0,0
target,2792,6,1297036701273686048,134217728,84,0,1,0,0,0
target,2793,6,1297036701273686048,268435456,94,0,1,0,0,0
target,2794,6,1297036701273686048,536870912,69,0,1,0,0,0
target,2795,6,1297036701273686048,34359738368,92,0,1,0,0,0
target,2796,6,1297036701273686050,0,89,0,1,0,0,0
target,2797,6,1297036701273686056,0,86,0,1,0,0,0
target,2798,6,1297036701273686064,0,84,0,1,0,0,0
target,2799,6,1297036701273686560,0,89,0,1,0,0,0
target,2800,6,1297036701273687072,0,85,0,1,0,0,0
target,2801,6,1297036701273688096,0,86,0,1,0,0,0
target,2802,6,1297036701273702432,0,84,0,1,0,0,0
target,2803,6,1297036701273751584,0,82,0,1,0,0,0
target,2804,6,1297036701273948192,0,89,0,1,0,0,0
target,2805,6,1297036701274210336,0,89,0,1,0,0,0
target,2806,6,1297036701275783200,0,89,0,1,0,0,0
target,2807,6,1297036701282074656,0,87,0,1,0,0,0
target,2808,6,1297036701290463264,0,79,0,1,0,0,0
target,2809,6,1297036701307240480,0,88,0,1,0,0,0
target,2810,6,1297036701340794912,0,85,0,1,0,0,0
target,2811,6,1297036701407903776,0,78,0,1,0,0,0
target,2812,6,1297036701542121504,0,83,0,1,0,0,0
target,2813,6,1297036701810556960,0,86,0,1,0,0,0
target,2814,6,1297036702347427872,0,85,0,1,0,0,0
target,2815,6,1297036703421169696,0,89,0,1,0,0,0
target,2816,6,1297036705568653344,0,89,0,1,0,0,0
target,2817,6,1297036709863620640,4,92,0,1,0,0,0
target,2818,6,1297036709863620640,8,85,0,1,0,0,0
target,2819,6,1297036709863620640,16,76,0,1,0,0,0
target,2820,6,1297036709863620640,32,85,0,1,0,0,0
target,2821,6,1297036709863620640,64,73,0,1,0,0,0
target,2822,6,1297036709863620640,128,78,0,1,0,0,0
target,2823,6,1297036709863620640,8192,95,0,1,0,0,0
target,2824,6,1297036709863620640,16384,87,0,1,0,0,0
target,2825,6,1297036709863620640,32768,91,0,1,0,0,0
target,2826,6,1297036709863620640,65536,81,0,1,0,0,0
target,2827,6,1297036709863620640,131072,83,0,1,0,0,0
target,2828,6,1297036709863620640,262144,73,0,1,0,0,0
target,2829,6,1297036709863620640,16777216,94,0,1,0,0,0
target,2830,6,1297036709863620640,33554432,93,0,1,0,0,0
target,2831,6,1297036709863620640,67108864,84,0,1,0,0,0
target,2832,6,1297036709863620640,134217728,91,0,1,0,0,0
target,2833,6,1297036709863620640,268435456,97,0,1,0,0,0
target,2834,6,1297036709863620640,536870912,79,0,1,0,0,0
target,2835,6,1297036709863620640,34359738368,97,0,1,0,0,0
target,2836,6,1297036709863620641,0,82,0,1,0,0,0
target,2837,6,1297036709863620642,0,87,0,1,0,0,0
target,2838,6,1297036709863620648,0,94,0,1,0,0,0
target,2839,6,1297036709863620656,0,83,0,1,0,0,0
target,2840,6,1297036709863620704,0,86,0,1,0,0,0
target,2841,6,1297036709863620768,0,73,0,1,0,0,0
target,2842,6,1297036709863621152,0,94,0,1,0,0,0
target,2843,6,1297036709863621664,0,79,0,1,0,0,0
target,2844,6,1297036709863622688,0,90,0,1,0,0,0
target,2845,6,1297036709863637024,0,82,0,1,0,0,0
target,2846,6,1297036709863882784,0,84,0,1,0,0,0
target,2847,6,1297036709864144928,0,92,0,1,0,0,0
target,2848,6,1297036709865717792,0,90,0,1,0,0,0
target,2849,6,1297036709867814944,0,93,0,1,0,0,0
target,2850,6,1297036709880397856,0,76,0,1,0,0,0
target,2851,6,1297036709897175072,0,87,0,1,0,0,0
target,2852,6,1297036709930729504,0,82,0,1,0,0,0
target,2853,6,1297036709997838368,0,83,0,1,0,0,0
target,2854,6,1297036710132056096,0,87,0,1,0,0,0
target,2855,6,1297036710400491552,0,89,0,1,0,0,0
target,2856,6,1297036710937362464,0,82,0,1,0,0,0
target,2857,6,1297036712011104288,0,88,0,1,0,0,0
target,2858,6,1297036714158587936,0,91,0,1,0,0,0
target,2859,6,1297036718453555232,0,89,0,1,0,0,0
target,2860,6,1297036727043489824,4,80,0,1,0,0,0
target,2861,6,1297036727043489824,8,82,0,1,0,0,0
target,2862,6,1297036727043489824,16,68,0,1,0,0,0
target,2863,6,1297036727043489824,32,68,0,1,0,0,0
target,2864,6,1297036727043489824,64,76,0,1,0,0,0
target,2865,6,1297036727043489824,128,66,0,1,0,0,0
target,2866,6,1297036727043489824,8192,85,0,1,0,0,0
target,2867,6,1297036727043489824,16384,85,0,1,0,0,0
target,2868,6,1297036727043489824,32768,77,0,1,0,0,0
target,2869,6,1297036727043489824,131072,82,0,1,0,0,0
target,2870,6,1297036727043489824,262144,70,0,1,0,0,0
target,2871,6,1297036727043489824,16777216,85,0,1,0,0,0
target,2872,6,1297036727043489824,33554432,86,0,1,0,0,0
target,2873,6,1297036727043489824,67108864,69,0,1,0,0,0
target,2874,6,1297036727043489824,134217728,76,0,1,0,0,0
target,2875,6,1297036727043489824,268435456,87,0,1,0,0,0
target,2876,6,1297036727043489824,34359738368,87,0,1,0,0,0
target,2877,6,1297036727043489825,0,77,0,1,0,0,0
target,2878,6,1297036727043489826,0,82,0,1,0,0,0
target,2879,6,1297036727043489832,0,82,0,1,0,0,0
target,2880,6,1297036727043489888,0,70,0,1,0,0,0
target,2881,6,1297036727043490336,0,81,0,1,0,0,0
target,2882,6,1297036727043490848,0,79,0,1,0,0,0
target,2883,6,1297036727043491872,0,82,0,1,0,0,0
target,2884,6,1297036727043498016,0,66,0,1,0,0,0
target,2885,6,1297036727043506208,0,71,0,1,0,0,0
target,2886,6,1297036727043555360,0,75,0,1,0,0,0
target,2887,6,1297036727043751968,0,84,0,1,0,0,0
target,2888,6,1297036727044014112,0,75,0,1,0,0,0
target,2889,6,1297036727045586976,0,80,0,1,0,0,0
target,2890,6,1297036727047684128,0,86,0,1,0,0,0
target,2891,6,1297036727051878432,0,82,0,1,0,0,0
target,2892,6,1297036727077044256,0,75,0,1,0,0,0
target,2893,6,1297036727110598688,0,78,0,1,0,0,0
target,2894,6,1297036727177707552,0,70,0,1,0,0,0
target,2895,6,1297036727311925280,0,75,0,1,0,0,0
target,2896,6,1297036728117231648,0,77,0,1,0,0,0
target,2897,6,1297036729190973472,0,82,0,1,0,0,0
target,2898,6,1297036731338457120,0,82,0,1,0,0,0
target,2899,6,1297036735633424416,0,83,0,1,0,0,0
target,2900,6,1297036744223359008,0,82,0,1,0,0,0
target,2901,6,1297036761403228192,4,78,0,1,0,0,0
target,2902,6,1297036761403228192,8,79,0,1,0,0,0
target,2903,6,1297036761403228192,16,69,0,1,0,0,0
target,2904,6,1297036761403228192,128,66,0,1,0,0,0
target,2905,6,1297036761403228192,8192,82,0,1,0,0,0
target,2906,6,1297036761403228192,16384,79,0,1,0,0,0
target,2907,6,1297036761403228192,32768,80,0,1,0,0,0
target,2908,6,1297036761403228192,65536,67,0,1,0,0,0
target,2909,6,1297036761403228192,131072,79,0,1,0,0,0
target,2910,6,1297036761403228192,262144,67,0,1,0,0,0
target,2911,6,1297036761403228192,16777216,82,0,1,0,0,0
target,2912,6,1297036761403228192,33554432,84,0,1,0,0,0
target,2913,6,1297036761403228192,134217728,68,0,1,0,0,0
target,2914,6,1297036761403228192,268435456,82,0,1,0,0,0
target,2915,6,1297036761403228192,536870912,66,0,1,0,0,0
target,2916,6,1297036761403228192,34359738368,82,0,1,0,0,0
target,2917,6,1297036761403228193,0,67,0,1,0,0,0
target,2918,6,1297036761403228194,0,83,0,1,0,0,0
target,2919,6,1297036761403228200,0,79,0,1,0,0,0
target,2920,6,1297036761403228208,0,77,0,1,0,0,0
target,2921,6,1297036761403228320,0,63,0,1,0,0,0
target,2922,6,1297036761403228704,0,77,0,1,0,0,0
target,2923,6,1297036761403229216,0,78,0,1,0,0,0
target,2924,6,1297036761403230240,0,76,0,1,0,0,0
target,2925,6,1297036761403236384,0,71,0,1,0,0,0
target,2926,6,1297036761403293728,0,66,0,1,0,0,0
target,2927,6,1297036761403490336,0,79,0,1,0,0,0
target,2928,6,1297036761403752480,0,78,0,1,0,0,0
target,2929,6,1297036761405325344,0,79,0,1,0,0,0
target,2930,6,1297036761407422496,0,82,0,1,0,0,0
target,2931,6,1297036761411616800,0,77,0,1,0,0,0
target,2932,6,1297036761420005408,0,64,0,1,0,0,0
target,2933,6,1297036761537445920,0,63,0,1,0,0,0
target,2934,6,1297036761671663648,0,69,0,1,0,0,0
target,2935,6,1297036761940099104,0,76,0,1,0,0,0
target,2936,6,1297036763550711840,0,80,0,1,0,0,0
target,2937,6,1297036765698195488,0,79,0,1,0,0,0
target,2938,6,1297036769993162784,0,74,0,1,0,0,0
target,2939,6,1297036778583097376,0,79,0,1,0,0,0
target,2940,6,1297036795762966560,0,65,0,1,0,0,0
target,2941,6,1297036830122704928,4,87,0,1,0,0,0
target,2942,6,1297036830122704928,8,81,0,1,0,0,0
target,2943,6,1297036830122704928,16,74,0,1,0,0,0
target,2944,6,1297036830122704928,128,67,0,1,0,0,0
target,2945,6,1297036830122704928,8192,84,0,1,0,0,0
target,2946,6,1297036830122704928,16384,81,0,1,0,0,0
target,2947,6,1297036830122704928,32768,84,0,1,0,0,0
target,2948,6,1297036830122704928,65536,77,0,1,0,0,0
target,2949,6,1297036830122704928,131072,79,0,1,0,0,0
target,2950,6,1297036830122704928,262144,73,0,1,0,0,0
target,2951,6,1297036830122704928,16777216,85,0,1,0,0,0
target,2952,6,1297036830122704928,33554432,86,0,1,0,0,0
target,2953,6,1297036830122704928,67108864,79,0,1,0,0,0
target,2954,6,1297036830122704928,134217728,84,0,1,0,0,0
target,2955,6,1297036830122704928,268435456,79,0,1,0,0,0
target,2956,6,1297036830122704928,536870912,69,0,1,0,0,0
target,2957,6,1297036830122704928,34359738368,88,0,1,0,0,0
target,2958,6,1297036830122704929,0,77,0,1,0,0,0
target,2959,6,1297036830122704930,0,84,0,1,0,0,0
target,2960,6,1297036830122704936,0,87,0,1,0,0,0
target,2961,6,1297036830122704944,0,75,0,1,0,0,0
target,2962,6,1297036830122704992,0,82,0,1,0,0,0
target,2963,6,1297036830122705440,0,84,0,1,0,0,0
target,2964,6,1297036830122706976,0,83,0,1,0,0,0
target,2965,6,1297036830122713120,0,73,0,1,0,0,0
target,2966,6,1297036830122721312,0,77,0,1,0,0,0
target,2967,6,1297036830122770464,0,74,0,1,0,0,0
target,2968,6,1297036830122967072,0,83,0,1,0,0,0
target,2969,6,1297036830123229216,0,82,0,1,0,0,0
target,2970,6,1297036830124802080,0,81,0,1,0,0,0
target,2971,6,1297036830126899232,0,88,0,1,0,0,0
target,2972,6,1297036830131093536,0,80,0,1,0,0,0
target,2973,6,1297036830139482144,0,68,0,1,0,0,0
target,2974,6,1297036830156259360,0,76,0,1,0,0,0
target,2975,6,1297036830256922656,0,67,0,1,0,0,0
target,2976,6,1297036830391140384,0,71,0,1,0,0,0
target,2977,6,1297036830659575840,0,78,0,1,0,0,0
target,2978,6,1297036831196446752,0,81,0,1,0,0,0
target,2979,6,1297036832270188576,0,81,0,1,0,0,0
target,2980,6,1297036834417672224,0,84,0,1,0,0,0
target,2981,6,1297036838712639520,0,85,0,1,0,0,0
target,2982,6,1297036847302574112,0,79,0,1,0,0,0
target,2983,6,1297036864482443296,0,75,0,1,0,0,0
target,2984,6,1297036967561658400,4,85,0,1,0,0,0
target,2985,6,1297036967561658400,8,83,0,1,0,0,0
target,2986,6,1297036967561658400,16,68,0,1,0,0,0
target,2987,6,1297036967561658400,32,77,0,1,0,0,0
target,2988,6,1297036967561658400,64,69,0,1,0,0,0
target,2989,6,1297036967561658400,8192,86,0,1,0,0,0
target,2990,6,1297036967561658400,16384,79,0,1,0,0,0
target,2991,6,1297036967561658400,32768,87,0,1,0,0,0
target,2992,6,1297036967561658400,65536,73,0,1,0,0,0
target,2993,6,1297036967561658400,131072,83,0,1,0,0,0
target,2994,6,1297036967561658400,16777216,83,0,1,0,0,0
target,2995,6,1297036967561658400,33554432,87,0,1,0,0,0
target,2996,6,1297036967561658400,67108864,77,0,1,0,0,0
target,2997,6,1297036967561658400,134217728,82,0,1,0,0,0
target,2998,6,1297036967561658400,268435456,83,0,1,0,0,0
target,2999,6,1297036967561658400,34359738368,88,0,1,0,0,0
target,3000,6,1297036967561658400,68719476736,76,0,1,0,0,0
target,3001,6,1297036967561658401,0,75,0,1,0,0,0
target,3002,6,1297036967561658402,0,82,0,1,0,0,0
target,3003,6,1297036967561658408,0,82,0,1,0,0,0
target,3004,6,1297036967561658416,0,77,0,1,0,0,0
target,3005,6,1297036967561658464,0,74,0,1,0,0,0
target,3006,6,1297036967561658528,0,74,0,1,0,0,0
target,3007,6,1297036967561658912,0,83,0,1,0,0,0
target,3008,6,1297036967561659424,0,73,0,1,0,0,0
target,3009,6,1297036967561660448,0,81,0,1,0,0,0
target,3010,6,1297036967561666592,0,76,0,1,0,0,0
target,3011,6,1297036967561674784,0,73,0,1,0,0,0
target,3012,6,1297036967562182688,0,80,0,1,0,0,0
target,3013,6,1297036967563755552,0,82,0,1,0,0,0
target,3014,6,1297036967565852704,0,83,0,1,0,0,0
target,3015,6,1297036967570047008,0,86,0,1,0,0,0
target,3016,6,1297036967578435616,0,73,0,1,0,0,0
target,3017,6,1297036967595212832,0,76,0,1,0,0,0
target,3018,6,1297036967628767264,0,72,0,1,0,0,0
target,3019,6,1297036967830093856,0,66,0,1,0,0,0
target,3020,6,1297036968098529312,0,77,0,1,0,0,0
target,3021,6,1297036968635400224,0,69,0,1,0,0,0
target,3022,6,1297036971856625696,0,81,0,1,0,0,0
target,3023,6,1297036976151592992,0,79,0,1,0,0,0
target,3024,6,1297036984741527584,0,77,0,1,0,0,0
target,3025,6,1297037036281135136,0,72,0,1,0,0,0
target,3026,6,1297037105000611872,0,69,0,1,0,0,0
target,3027,6,1297037242439565344,4,86,0,1,0,0,0
target,3028,6,1297037242439565344,8,85,0,1,0,0,0
target,3029,6,1297037242439565344,64,76,0,1,0,0,0
target,3030,6,1297037242439565344,128,69,0,1,0,0,0
target,3031,6,1297037242439565344,8192,87,0,1,0,0,0
target,3032,6,1297037242439565344,16384,87,0,1,0,0,0
target,3033,6,1297037242439565344,32768,82,0,1,0,0,0
target,3034,6,1297037242439565344,65536,71,0,1,0,0,0
target,3035,6,1297037242439565344,131072,83,0,1,0,0,0
target,3036,6,1297037242439565344,262144,77,0,1,0,0,0
target,3037,6,1297037242439565344,16777216,88,0,1,0,0,0
target,3038,6,1297037242439565344,33554432,85,0,1,0,0,0
target,3039,6,1297037242439565344,67108864,79,0,1,0,0,0
target,3040,6,1297037242439565344,134217728,84,0,1,0,0,0
target,3041,6,1297037242439565344,268435456,90,0,1,0,0,0
target,3042,6,1297037242439565344,34359738368,89,0,1,0,0,0
target,3043,6,1297037242439565344,68719476736,78,0,1,0,0,0
target,3044,6,1297037242439565346,0,86,0,1,0,0,0
target,3045,6,1297037242439565352,0,85,0,1,0,0,0
target,3046,6,1297037242439565360,0,82,0,1,0,0,0
target,3047,6,1297037242439565408,0,77,0,1,0,0,0
target,3048,6,1297037242439565472,0,74,0,1,0,0,0
target,3049,6,1297037242439565856,0,84,0,1,0,0,0
target,3050,6,1297037242439566368,0,75,0,1,0,0,0
target,3051,6,1297037242439567392,0,82,0,1,0,0,0
target,3052,6,1297037242439581728,0,80,0,1,0,0,0
target,3053,6,1297037242439827488,0,80,0,1,0,0,0
target,3054,6,1297037242440089632,0,82,0,1,0,0,0
target,3055,6,1297037242441662496,0,80,0,1,0,0,0
target,3056,6,1297037242443759648,0,90,0,1,0,0,0
target,3057,6,1297037242447953952,0,88,0,1,0,0,0
target,3058,6,1297037242456342560,0,79,0,1,0,0,0
target,3059,6,1297037242473119776,0,81,0,1,0,0,0
target,3060,6,1297037242506674208,0,76,0,1,0,0,0
target,3061,6,1297037242573783072,0,70,0,1,0,0,0
target,3062,6,1297037243513307168,0,69,0,1,0,0,0
target,3063,6,1297037244587048992,0,77,0,1,0,0,0
target,3064,6,1297037246734532640,0,85,0,1,0,0,0
target,3065,6,1297037251029499936,0,82,0,1,0,0,0
target,3066,6,1297037276799303712,0,72,0,1,0,0,0
target,3067,6,1297037311159042080,0,68,0,1,0,0,0
target,3068,6,1297037379878518816,0,76,0,1,0,0,0
target,3069,6,1297037517317472288,0,74,0,1,0,0,0
target,3070,6,1297037792195379232,4,84,0,1,0,0,0
target,3071,6,1297037792195379232,8,82,0,1,0,0,0
target,3072,6,1297037792195379232,16,75,0,1,0,0,0
target,3073,6,1297037792195379232,32,77,0,1,0,0,0
target,3074,6,1297037792195379232,128,67,0,1,0,0,0
target,3075,6,1297037792195379232,8192,85,0,1,0,0,0
target,3076,6,1297037792195379232,16384,81,0,1,0,0,0
target,3077,6,1297037792195379232,32768,83,0,1,0,0,0
target,3078,6,1297037792195379232,131072,81,0,1,0,0,0
target,3079,6,1297037792195379232,262144,69,0,1,0,0,0
target,3080,6,1297037792195379232,16777216,83,0,1,0,0,0
target,3081,6,1297037792195379232,33554432,86,0,1,0,0,0
target,3082,6,1297037792195379232,134217728,80,0,1,0,0,0
target,3083,6,1297037792195379232,268435456,84,0,1,0,0,0
target,3084,6,1297037792195379232,536870912,70,0,1,0,0,0
target,3085,6,1297037792195379232,34359738368,86,0,1,0,0,0
target,3086,6,1297037792195379234,0,83,0,1,0,0,0
target,3087,6,1297037792195379240,0,83,0,1,0,0,0
target,3088,6,1297037792195379296,0,78,0,1,0,0,0
target,3089,6,1297037792195379744,0,82,0,1,0,0,0
target,3090,6,1297037792195381280,0,84,0,1,0,0,0
target,3091,6,1297037792195387424,0,72,0,1,0,0,0
target,3092,6,1297037792195395616,0,76,0,1,0,0,0
target,3093,6,1297037792195444768,0,71,0,1,0,0,0
target,3094,6,1297037792195641376,0,77,0,1,0,0,0
target,3095,6,1297037792195903520,0,78,0,1,0,0,0
target,3096,6,1297037792197476384,0,77,0,1,0,0,0
target,3097,6,1297037792199573536,0,87,0,1,0,0,0
target,3098,6,1297037792203767840,0,85,0,1,0,0,0
target,3099,6,1297037792228933664,0,81,0,1,0,0,0
target,3100,6,1297037792262488096,0,79,0,1,0,0,0
target,3101,6,1297037792329596960,0,71,0,1,0,0,0
target,3102,6,1297037792463814688,0,70,0,1,0,0,0
target,3103,6,1297037794342862880,0,79,0,1,0,0,0
target,3104,6,1297037796490346528,0,77,0,1,0,0,0
target,3105,6,1297037809375248416,0,79,0,1,0,0,0
target,3106,6,1297037860914855968,0,73,0,1,0,0,0
target,3107,6,1297037929634332704,0,70,0,1,0,0,0
target,3108,6,1297038067073286176,0,72,0,1,0,0,0
target,3109,6,1297038341951193120,0,73,0,1,0,0,0
target,3110,6,1297041090730262560,4,94,0,1,0,0,0
target,3111,6,1297041090730262560,8,92,0,1,0,0,0
target,3112,6,1297041090730262560,16,84,0,1,0,0,0
target,3113,6,1297041090730262560,32,82,0,1,0,0,0
target,3114,6,1297041090730262560,64,82,0,1,0,0,0
target,3115,6,1297041090730262560,128,80,0,1,0,0,0
target,3116,6,1297041090730262560,8192,94,0,1,0,0,0
target,3117,6,1297041090730262560,16384,90,0,1,0,0,0
target,3118,6,1297041090730262560,32768,94,0,1,0,0,0
target,3119,6,1297041090730262560,65536,81,0,1,0,0,0
target,3120,6,1297041090730262560,131072,90,0,1,0,0,0
target,3121,6,1297041090730262560,262144,73,0,1,0,0,0
target,3122,6,1297041090730262560,16777216,93,0,1,0,0,0
target,3123,6,1297041090730262560,33554432,96,0,1,0,0,0
target,3124,6,1297041090730262560,67108864,85,0,1,0,0,0
target,3125,6,1297041090730262560,134217728,91,0,1,0,0,0
target,3126,6,1297041090730262560,268435456,95,0,1,0,0,0
target,3127,6,1297041090730262560,536870912,77,0,1,0,0,0
target,3128,6,1297041090730262560,34359738368,95,0,1,0,0,0
target,3129,6,1297041090730262560,68719476736,81,0,1,0,0,0
target,3130,6,1297041090730262561,0,78,0,1,0,0,0
target,3131,6,1297041090730262562,0,93,0,1,0,0,0
target,3132,6,1297041090730262568,0,92,0,1,0,0,0
target,3133,6,1297041090730262576,0,87,0,1,0,0,0
target,3134,6,1297041090730262624,0,77,0,1,0,0,0
target,3135,6,1297041090730262688,0,80,0,1,0,0,0
target,3136,6,1297041090730263072,0,86,0,1,0,0,0
target,3137,6,1297041090730263584,0,79,0,1,0,0,0
target,3138,6,1297041090730264608,0,90,0,1,0,0,0
target,3139,6,1297041090730270752,0,81,0,1,0,0,0
target,3140,6,1297041090730328096,0,81,0,1,0,0,0
target,3141,6,1297041090730524704,0,87,0,1,0,0,0
target,3142,6,1297041090730786848,0,84,0,1,0,0,0
target,3143,6,1297041090732359712,0,90,0,1,0,0,0
target,3144,6,1297041090734456864,0,95,0,1,0,0,0
target,3145,6,1297041090738651168,0,92,0,1,0,0,0
target,3146,6,1297041090747039776,0,84,0,1,0,0,0
target,3147,6,1297041090763816992,0,89,0,1,0,0,0
target,3148,6,1297041090797371424,0,88,0,1,0,0,0
target,3149,6,1297041090864480288,0,82,0,1,0,0,0
target,3150,6,1297041090998698016,0,80,0,1,0,0,0
target,3151,6,1297041091267133472,0,88,0,1,0,0,0
target,3152,6,1297041091804004384,0,79,0,1,0,0,0
target,3153,6,1297041095025229856,0,89,0,1,0,0,0
target,3154,6,1297041099320197152,0,84,0,1,0,0,0
target,3155,6,1297041107910131744,0,87,0,1,0,0,0
target,3156,6,1297041125090000928,0,74,0,1,0,0,0
target,3157,6,1297041228169216032,0,84,0,1,0,0,0
target,3158,6,1297041365608169504,0,78,0,1,0,0,0
target,3159,6,1297041640486076448,0,82,0,1,0,0,0
target,3160,6,1297042190241890336,0,78,0,1,0,0,0
target,3161,6,1297045488776773664,4,93,0,1,0,0,0
target,3162,6,1297045488776773664,8,88,0,1,0,0,0
target,3163,6,1297045488776773664,16,82,0,1,0,0,0
target,3164,6,1297045488776773664,32,85,0,1,0,0,0
target,3165,6,1297045488776773664,64,75,0,1,0,0,0
target,3166,6,1297045488776773664,128,78,0,1,0,0,0
target,3167,6,1297045488776773664,8192,92,0,1,0,0,0
target,3168,6,1297045488776773664,16384,91,0,1,0,0,0
target,3169,6,1297045488776773664,32768,86,0,1,0,0,0
target,3170,6,1297045488776773664,65536,80,0,1,0,0,0
target,3171,6,1297045488776773664,131072,89,0,1,0,0,0
target,3172,6,1297045488776773664,262144,80,0,1,0,0,0
target,3173,6,1297045488776773664,16777216,84,0,1,0,0,0
target,3174,6,1297045488776773664,33554432,94,0,1,0,0,0
target,3175,6,1297045488776773664,67108864,83,0,1,0,0,0
target,3176,6,1297045488776773664,134217728,89,0,1,0,0,0
target,3177,6,1297045488776773664,268435456,94,0,1,0,0,0
target,3178,6,1297045488776773664,34359738368,93,0,1,0,0,0
target,3179,6,1297045488776773664,68719476736,73,0,1,0,0,0
target,3180,6,1297045488776773664,70368744177664,79,0,1,0,0,0
target,3181,6,1297045488776773665,0,84,0,1,0,0,0
target,3182,6,1297045488776773666,0,82,0,1,0,0,0
target,3183,6,1297045488776773672,0,90,0,1,0,0,0
target,3184,6,1297045488776773680,0,85,0,1,0,0,0
target,3185,6,1297045488776773728,0,76,0,1,0,0,0
target,3186,6,1297045488776774176,0,89,0,1,0,0,0
target,3187,6,1297045488776774688,0,81,0,1,0,0,0
target,3188,6,1297045488776775712,0,81,0,1,0,0,0
target,3189,6,1297045488776781856,0,76,0,1,0,0,0
target,3190,6,1297045488776790048,0,86,0,1,0,0,0
target,3191,6,1297045488776839200,0,82,0,1,0,0,0
target,3192,6,1297045488777035808,0,88,0,1,0,0,0
target,3193,6,1297045488777297952,0,83,0,1,0,0,0
target,3194,6,1297045488778870816,0,85,0,1,0,0,0
target,3195,6,1297045488780967968,0,93,0,1,0,0,0
target,3196,6,1297045488785162272,0,93,0,1,0,0,0
target,3197,6,1297045488793550880,0,80,0,1,0,0,0
target,3198,6,1297045488810328096,0,86,0,1,0,0,0
target,3199,6,1297045488843882528,0,87,0,1,0,0,0
target,3200,6,1297045488910991392,0,81,0,1,0,0,0
target,3201,6,1297045489045209120,0,82,0,1,0,0,0
target,3202,6,1297045489313644576,0,86,0,1,0,0,0
target,3203,6,1297045489850515488,0,81,0,1,0,0,0
target,3204,6,1297045490924257312,0,84,0,1,0,0,0
target,3205,6,1297045497366708256,0,87,0,1,0,0,0
target,3206,6,1297045505956642848,0,82,0,1,0,0,0
target,3207,6,1297045557496250400,0,69,0,1,0,0,0
target,3208,6,1297045626215727136,0,83,0,1,0,0,0
target,3209,6,1297045763654680608,0,81,0,1,0,0,0
target,3210,6,1297046038532587552,0,83,0,1,0,0,0
target,3211,6,1297046588288401440,0,78,0,1,0,0,0
target,3212,6,1297049886823284768,0,89,0,1,0,0,0
target,3213,6,1297107061427929120,4,87,0,1,0,0,0
target,3214,6,1297107061427929120,8,86,0,1,0,0,0
target,3215,6,1297107061427929120,16,73,0,1,0,0,0
target,3216,6,1297107061427929120,128,78,0,1,0,0,0
target,3217,6,1297107061427929120,8192,90,0,1,0,0,0
target,3218,6,1297107061427929120,16384,86,0,1,0,0,0
target,3219,6,1297107061427929120,32768,84,0,1,0,0,0
target,3220,6,1297107061427929120,65536,73,0,1,0,0,0
target,3221,6,1297107061427929120,131072,84,0,1,0,0,0
target,3222,6,1297107061427929120,262144,70,0,1,0,0,0
target,3223,6,1297107061427929120,16777216,89,0,1,0,0,0
target,3224,6,1297107061427929120,33554432,93,0,1,0,0,0
target,3225,6,1297107061427929120,67108864,74,0,1,0,0,0
target,3226,6,1297107061427929120,134217728,88,0,1,0,0,0
target,3227,6,1297107061427929120,268435456,85,0,1,0,0,0
target,3228,6,1297107061427929120,536870912,71,0,1,0,0,0
target,3229,6,1297107061427929120,34359738368,90,0,1,0,0,0
target,3230,6,1297107061427929121,0,77,0,1,0,0,0
target,3231,6,1297107061427929122,0,90,0,1,0,0,0
target,3232,6,1297107061427929128,0,90,0,1,0,0,0
target,3233,6,1297107061427929136,0,85,0,1,0,0,0
target,3234,6,1297107061427929184,0,74,0,1,0,0,0
target,3235,6,1297107061427929248,0,76,0,1,0,0,0
target,3236,6,1297107061427929632,0,88,0,1,0,0,0
target,3237,6,1297107061427930144,0,76,0,1,0,0,0
target,3238,6,1297107061427931168,0,87,0,1,0,0,0
target,3239,6,1297107061427945504,0,74,0,1,0,0,0
target,3240,6,1297107061427994656,0,74,0,1,0,0,0
target,3241,6,1297107061428191264,0,87,0,1,0,0,0
target,3242,6,1297107061428453408,0,76,0,1,0,0,0
target,3243,6,1297107061430026272,0,87,0,1,0,0,0
target,3244,6,1297107061432123424,0,90,0,1,0,0,0
target,3245,6,1297107061436317728,0,88,0,1,0,0,0
target,3246,6,1297107061444706336,0,70,0,1,0,0,0
target,3247,6,1297107061461483552,0,81,0,1,0,0,0
target,3248,6,1297107061495037984,0,80,0,1,0,0,0
target,3249,6,1297107061562146848,0,77,0,1,0,0,0
target,3250,6,1297107061696364576,0,80,0,1,0,0,0
target,3251,6,1297107061964800032,0,83,0,1,0,0,0
target,3252,6,1297107062501670944,0,75,0,1,0,0,0
target,3253,6,1297107063575412768,0,87,0,1,0,0,0
target,3254,6,1297107065722896416,0,86,0,1,0,0,0
target,3255,6,1297107070017863712,0,85,0,1,0,0,0
target,3256,6,1297107078607798304,0,84,0,1,0,0,0
target,3257,6,1297107095787667488,0,67,0,1,0,0,0
target,3258,6,1297107336305836064,0,83,0,1,0,0,0
target,3259,6,1297107611183743008,0,84,0,1,0,0,0
target,3260,6,1297108160939556896,0,78,0,1,0,0,0
target,3261,6,1297111459474440224,0,80,0,1,0,0,0
target,3262,6,1297115857520951328,0,86,0,1,0,0,0
target,3263,6,1297177430172106784,4,85,0,1,0,0,0
target,3264,6,1297177430172106784,8,79,0,1,0,0,0
target,3265,6,1297177430172106784,32,78,0,1,0,0,0
target,3266,6,1297177430172106784,64,69,0,1,0,0,0
target,3267,6,1297177430172106784,8192,81,0,1,0,0,0
target,3268,6,1297177430172106784,16384,82,0,1,0,0,0
target,3269,6,1297177430172106784,32768,81,0,1,0,0,0
target,3270,6,1297177430172106784,262144,74,0,1,0,0,0
target,3271,6,1297177430172106784,33554432,81,0,1,0,0,0
target,3272,6,1297177430172106784,67108864,71,0,1,0,0,0
target,3273,6,1297177430172106784,134217728,78,0,1,0,0,0
target,3274,6,1297177430172106784,268435456,87,0,1,0,0,0
target,3275,6,1297177430172106784,536870912,63,0,1,0,0,0
target,3276,6,1297177430172106784,34359738368,87,0,1,0,0,0
target,3277,6,1297177430172106785,0,76,0,1,0,0,0
target,3278,6,1297177430172106786,0,82,0,1,0,0,0
target,3279,6,1297177430172106792,0,83,0,1,0,0,0
target,3280,6,1297177430172106800,0,81,0,1,0,0,0
target,3281,6,1297177430172106848,0,74,0,1,0,0,0
target,3282,6,1297177430172106912,0,60,0,1,0,0,0
target,3283,6,1297177430172107296,0,80,0,1,0,0,0
target,3284,6,1297177430172107808,0,75,0,1,0,0,0
target,3285,6,1297177430172108832,0,82,0,1,0,0,0
target,3286,6,1297177430172172320,0,75,0,1,0,0,0
target,3287,6,1297177430172631072,0,82,0,1,0,0,0
target,3288,6,1297177430174203936,0,81,0,1,0,0,0
target,3289,6,1297177430176301088,0,87,0,1,0,0,0
target,3290,6,1297177430180495392,0,83,0,1,0,0,0
target,3291,6,1297177430205661216,0,77,0,1,0,0,0
target,3292,6,1297177430239215648,0,71,0,1,0,0,0
target,3293,6,1297177430306324512,0,65,0,1,0,0,0
target,3294,6,1297177430708977696,0,78,0,1,0,0,0
target,3295,6,1297177431245848608,0,76,0,1,0,0,0
target,3296,6,1297177434467074080,0,82,0,1,0,0,0
target,3297,6,1297177438762041376,0,80,0,1,0,0,0
target,3298,6,1297177447351975968,0,82,0,1,0,0,0
target,3299,6,1297177464531845152,0,74,0,1,0,0,0
target,3300,6,1297177498891583520,0,60,0,1,0,0,0
target,3301,6,1297177567611060256,0,70,0,1,0,0,0
target,3302,6,1297177705050013728,0,72,0,1,0,0,0
target,3303,6,1297177979927920672,0,71,0,1,0,0,0
target,3304,6,1297178529683734560,0,76,0,1,0,0,0
target,3305,6,1297181828218617888,0,85,0,1,0,0,0
target,3306,6,1297186226265128992,0,75,0,1,0,0,0
target,3307,6,1297247798916284448,0,74,0,1,0,0,0
target,3308,6,1297599642637172768,4,78,0,1,0,0,0
target,3309,6,1297599642637172768,8,73,0,1,0,0,0
target,3310,6,1297599642637172768,16,71,0,1,0,0,0
target,3311,6,1297599642637172768,8192,77,0,1,0,0,0
target,3312,6,1297599642637172768,16384,74,0,1,0,0,0
target,3313,6,1297599642637172768,32768,74,0,1,0,0,0
target,3314,6,1297599642637172768,65536,65,0,1,0,0,0
target,3315,6,1297599642637172768,131072,73,0,1,0,0,0
target,3316,6,1297599642637172768,16777216,78,0,1,0,0,0
target,3317,6,1297599642637172768,33554432,72,0,1,0,0,0
target,3318,6,1297599642637172768,67108864,72,0,1,0,0,0
target,3319,6,1297599642637172768,134217728,73,0,1,0,0,0
target,3320,6,1297599642637172768,268435456,80,0,1,0,0,0
target,3321,6,1297599642637172768,34359738368,75,0,1,0,0,0
target,3322,6,1297599642637172768,68719476736,68,0,1,0,0,0
target,3323,6,1297599642637172769,0,69,0,1,0,0,0
target,3324,6,1297599642637172770,0,75,0,1,0,0,0
target,3325,6,1297599642637172776,0,74,0,1,0,0,0
target,3326,6,1297599642637172784,0,73,0,1,0,0,0
target,3327,6,1297599642637172832,0,73,0,1,0,0,0
target,3328,6,1297599642637172896,0,68,0,1,0,0,0
target,3329,6,1297599642637173280,0,74,0,1,0,0,0
target,3330,6,1297599642637173792,0,69,0,1,0,0,0
target,3331,6,1297599642637174816,0,74,0,1,0,0,0
target,3332,6,1297599642637180960,0,62,0,1,0,0,0
target,3333,6,1297599642637189152,0,75,0,1,0,0,0
target,3334,6,1297599642637434912,0,75,0,1,0,0,0
target,3335,6,1297599642639269920,0,74,0,1,0,0,0
target,3336,6,1297599642641367072,0,79,0,1,0,0,0
target,3337,6,1297599642645561376,0,78,0,1,0,0,0
target,3338,6,1297599642653949984,0,66,0,1,0,0,0
target,3339,6,1297599642670727200,0,72,0,1,0,0,0
target,3340,6,1297599642704281632,0,69,0,1,0,0,0
target,3341,6,1297599643174043680,0,68,0,1,0,0,0
target,3342,6,1297599644784656416,0,75,0,1,0,0,0
target,3343,6,1297599646932140064,0,75,0,1,0,0,0
target,3344,6,1297599651227107360,0,72,0,1,0,0,0
target,3345,6,1297599659817041952,0,78,0,1,0,0,0
target,3346,6,1297599676996911136,0,66,0,1,0,0,0
target,3347,6,1297600192392986656,0,65,0,1,0,0,0
target,3348,6,1297600742148800544,0,64,0,1,0,0,0
target,3349,6,1297608438730194976,0,74,0,1,0,0,0
target,3350,6,1297740380125528096,0,65,0,1,0,0,0
target,3351,6,1301540292311121952,4,93,0,1,0,0,0
target,3352,6,1301540292311121952,8,91,0,1,0,0,0
target,3353,6,1301540292311121952,16,79,0,1,0,0,0
target,3354,6,1301540292311121952,32,85,0,1,0,0,0
target,3355,6,1301540292311121952,64,79,0,1,0,0,0
target,3356,6,1301540292311121952,128,79,0,1,0,0,0
target,3357,6,1301540292311121952,8192,93,0,1,0,0,0
target,3358,6,1301540292311121952,16384,92,0,1,0,0,0
target,3359,6,1301540292311121952,32768,89,0,1,0,0,0
target,3360,6,1301540292311121952,65536,78,0,1,0,0,0
target,3361,6,1301540292311121952,131072,81,0,1,0,0,0
target,3362,6,1301540292311121952,262144,73,0,1,0,0,0
target,3363,6,1301540292311121952,16777216,91,0,1,0,0,0
target,3364,6,1301540292311121952,33554432,94,0,1,0,0,0
target,3365,6,1301540292311121952,67108864,81,0,1,0,0,0
target,3366,6,1301540292311121952,134217728,89,0,1,0,0,0
target,3367,6,1301540292311121952,268435456,88,0,1,0,0,0
target,3368,6,1301540292311121952,536870912,74,0,1,0,0,0
target,3369,6,1301540292311121952,34359738368,95,0,1,0,0,0
target,3370,6,1301540292311121952,68719476736,81,0,1,0,0,0
target,3371,6,1301540292311121953,0,77,0,1,0,0,0
target,3372,6,1301540292311121954,0,92,0,1,0,0,0
target,3373,6,1301540292311121960,0,94,0,1,0,0,0
target,3374,6,1301540292311121968,0,81,0,1,0,0,0
target,3375,6,1301540292311122016,0,85,0,1,0,0,0
target,3376,6,1301540292311122080,0,77,0,1,0,0,0
target,3377,6,1301540292311122464,0,88,0,1,0,0,0
target,3378,6,1301540292311122976,0,78,0,1,0,0,0
target,3379,6,1301540292311124000,0,90,0,1,0,0,0
target,3380,6,1301540292311138336,0,86,0,1,0,0,0
target,3381,6,1301540292311187488,0,77,0,1,0,0,0
target,3382,6,1301540292311384096,0,81,0,1,0,0,0
target,3383,6,1301540292313219104,0,90,0,1,0,0,0
target,3384,6,1301540292315316256,0,94,0,1,0,0,0
target,3385,6,1301540292319510560,0,94,0,1,0,0,0
target,3386,6,1301540292344676384,0,88,0,1,0,0,0
target,3387,6,1301540292378230816,0,81,0,1,0,0,0
target,3388,6,1301540292445339680,0,81,0,1,0,0,0
target,3389,6,1301540292579557408,0,83,0,1,0,0,0
target,3390,6,1301540292847992864,0,85,0,1,0,0,0
target,3391,6,1301540293384863776,0,78,0,1,0,0,0
target,3392,6,1301540296606089248,0,87,0,1,0,0,0
target,3393,6,1301540300901056544,0,90,0,1,0,0,0
target,3394,6,1301540309490991136,0,83,0,1,0,0,0
target,3395,6,1301540326670860320,0,83,0,1,0,0,0
target,3396,6,1301540361030598688,0,80,0,1,0,0,0
target,3397,6,1301540429750075424,0,83,0,1,0,0,0
target,3398,6,1301540567189028896,0,82,0,1,0,0,0
target,3399,6,1301540842066935840,0,82,0,1,0,0,0
target,3400,6,1301541391822749728,0,75,0,1,0,0,0
target,3401,6,1301544690357633056,0,85,0,1,0,0,0
target,3402,6,1301549088404144160,0,87,0,1,0,0,0
target,3403,6,1301610661055299616,0,85,0,1,0,0,0
target,3404,6,1302103242264543264,0,72,0,1,0,0,0
target,3405,6,1315051091193233440,4,97,0,1,0,0,0
target,3406,6,1315051091193233440,8,95,0,1,0,0,0
target,3407,6,1315051091193233440,16,87,0,1,0,0,0
target,3408,6,1315051091193233440,32,90,0,1,0,0,0
target,3409,6,1315051091193233440,64,75,0,1,0,0,0
target,3410,6,1315051091193233440,128,82,0,1,0,0,0
target,3411,6,1315051091193233440,8192,97,0,1,0,0,0
target,3412,6,1315051091193233440,16384,91,0,1,0,0,0
target,3413,6,1315051091193233440,32768,97,0,1,0,0,0
target,3414,6,1315051091193233440,65536,84,0,1,0,0,0
target,3415,6,1315051091193233440,131072,92,0,1,0,0,0
target,3416,6,1315051091193233440,262144,84,0,1,0,0,0
target,3417,6,1315051091193233440,16777216,96,0,1,0,0,0
target,3418,6,1315051091193233440,33554432,99,0,1,0,0,0
target,3419,6,1315051091193233440,67108864,82,0,1,0,0,0
target,3420,6,1315051091193233440,134217728,91,0,1,0,0,0
target,3421,6,1315051091193233440,268435456,95,0,1,0,0,0
target,3422,6,1315051091193233440,536870912,80,0,1,0,0,0
target,3423,6,1315051091193233440,34359738368,99,0,1,0,0,0
target,3424,6,1315051091193233440,68719476736,85,0,1,0,0,0
target,3425,6,1315051091193233440,70368744177664,82,0,1,0,0,0
target,3426,6,1315051091193233441,0,88,0,1,0,0,0
target,3427,6,1315051091193233442,0,96,0,1,0,0,0
target,3428,6,1315051091193233448,0,95,0,1,0,0,0
target,3429,6,1315051091193233456,0,90,0,1,0,0,0
target,3430,6,1315051091193233504,0,78,0,1,0,0,0
target,3431,6,1315051091193233568,0,73,0,1,0,0,0
target,3432,6,1315051091193233952,0,95,0,1,0,0,0
target,3433,6,1315051091193234464,0,85,0,1,0,0,0
target,3434,6,1315051091193235488,0,94,0,1,0,0,0
target,3435,6,1315051091193241632,0,83,0,1,0,0,0
target,3436,6,1315051091193249824,0,88,0,1,0,0,0
target,3437,6,1315051091193298976,0,86,0,1,0,0,0
target,3438,6,1315051091193495584,0,88,0,1,0,0,0
target,3439,6,1315051091193757728,0,90,0,1,0,0,0
target,3440,6,1315051091197427744,0,95,0,1,0,0,0
target,3441,6,1315051091201622048,0,97,0,1,0,0,0
target,3442,6,1315051091210010656,0,85,0,1,0,0,0
target,3443,6,1315051091226787872,0,91,0,1,0,0,0
target,3444,6,1315051091260342304,0,91,0,1,0,0,0
target,3445,6,1315051091327451168,0,83,0,1,0,0,0
target,3446,6,1315051091461668896,0,81,0,1,0,0,0
target,3447,6,1315051091730104352,0,86,0,1,0,0,0
target,3448,6,1315051092266975264,0,81,0,1,0,0,0
target,3449,6,1315051093340717088,0,93,0,1,0,0,0
target,3450,6,1315051095488200736,0,87,0,1,0,0,0
target,3451,6,1315051099783168032,0,93,0,1,0,0,0
target,3452,6,1315051108373102624,0,96,0,1,0,0,0
target,3453,6,1315051125552971808,0,85,0,1,0,0,0
target,3454,6,1315051159912710176,0,77,0,1,0,0,0
target,3455,6,1315051228632186912,0,89,0,1,0,0,0
target,3456,6,1315051366071140384,0,84,0,1,0,0,0
target,3457,6,1315051640949047328,0,89,0,1,0,0,0
target,3458,6,1315052190704861216,0,84,0,1,0,0,0
target,3459,6,1315055489239744544,0,93,0,1,0,0,0
target,3460,6,1315059887286255648,0,83,0,1,0,0,0
target,3461,6,1315121459937411104,0,85,0,1,0,0,0
target,3462,6,1315191828681588768,0,75,0,1,0,0,0
target,3463,6,1315614041146654752,0,75,0,1,0,0,0
target,3464,6,1319554690820603936,0,93,0,1,0,0,0
target,3465,6,1333065489701671424,536870912,86,0,1,0,0,0
target,3466,6,1333065489701671936,536870912,83,0,1,0,0,0
target,3467,6,1333065489702715424,4,78,0,1,0,0,0
target,3468,6,1333065489702715424,8,79,0,1,0,0,0
target,3469,6,1333065489702715424,64,74,0,1,0,0,0
target,3470,6,1333065489702715424,128,65,0,1,0,0,0
target,3471,6,1333065489702715424,8192,82,0,1,0,0,0
target,3472,6,1333065489702715424,16384,78,0,1,0,0,0
target,3473,6,1333065489702715424,32768,79,0,1,0,0,0
target,3474,6,1333065489702715424,65536,71,0,1,0,0,0
target,3475,6,1333065489702715424,131072,79,0,1,0,0,0
target,3476,6,1333065489702715424,262144,73,0,1,0,0,0
target,3477,6,1333065489702715424,16777216,82,0,1,0,0,0
target,3478,6,1333065489702715424,33554432,78,0,1,0,0,0
target,3479,6,1333065489702715424,67108864,73,0,1,0,0,0
target,3480,6,1333065489702715424,134217728,71,0,1,0,0,0
target,3481,6,1333065489702715424,268435456,85,0,1,0,0,0
target,3482,6,1333065489702715424,536870912,68,0,1,0,0,0
target,3483,6,1333065489702715424,34359738368,83,0,1,0,0,0
target,3484,6,1333065489702715426,0,82,0,1,0,0,0
target,3485,6,1333065489702715432,0,84,0,1,0,0,0
target,3486,6,1333065489702715440,0,79,0,1,0,0,0
target,3487,6,1333065489702715488,0,79,0,1,0,0,0
target,3488,6,1333065489702715552,0,72,0,1,0,0,0
target,3489,6,1333065489702715936,0,85,0,1,0,0,0
target,3490,6,1333065489702716448,0,75,0,1,0,0,0
target,3491,6,1333065489702717472,0,78,0,1,0,0,0
target,3492,6,1333065489702719488,536870912,81,0,1,0,0,0
target,3493,6,1333065489702723616,0,65,0,1,0,0,0
target,3494,6,1333065489702731808,0,75,0,1,0,0,0
target,3495,6,1333065489702780960,0,77,0,1,0,0,0
target,3496,6,1333065489702977568,0,79,0,1,0,0,0
target,3497,6,1333065489703239712,0,76,0,1,0,0,0
target,3498,6,1333065489703768064,536870912,80,0,1,0,0,0
target,3499,6,1333065489704812576,0,80,0,1,0,0,0
target,3500,6,1333065489706909728,0,80,0,1,0,0,0
target,3501,6,1333065489711104032,0,78,0,1,0,0,0
target,3502,6,1333065489719492640,0,72,0,1,0,0,0
target,3503,6,1333065489736269856,0,74,0,1,0,0,0
target,3504,6,1333065489769824288,0,77,0,1,0,0,0
target,3505,6,1333065490239586336,0,79,0,1,0,0,0
target,3506,6,1333065490776457248,0,77,0,1,0,0,0
target,3507,6,1333065491849154560,536870912,82,0,1,0,0,0
target,3508,6,1333065491850199072,0,73,0,1,0,0,0
target,3509,6,1333065493996638208,536870912,86,0,1,0,0,0
target,3510,6,1333065493997682720,0,83,0,1,0,0,0
target,3511,6,1333065498292650016,0,76,0,1,0,0,0
target,3512,6,1333065506882584608,0,79,0,1,0,0,0
target,3513,6,1333065524062453792,0,70,0,1,0,0,0
target,3514,6,1333065558422192160,0,71,0,1,0,0,0
target,3515,6,1333065627141668896,0,74,0,1,0,0,0
target,3516,6,1333065764580622368,0,75,0,1,0,0,0
target,3517,6,1333066589214343200,0,76,0,1,0,0,0
target,3518,6,1333069887748182016,536870912,81,0,1,0,0,0
target,3519,6,1333069887749226528,0,83,0,1,0,0,0
target,3520,6,1333074285794693120,536870912,79,0,1,0,0,0
target,3521,6,1333074285795737632,0,81,0,1,0,0,0
target,3522,6,1333135858446893088,0,75,0,1,0,0,0
target,3523,6,1333206227191070752,0,70,0,1,0,0,0
target,3524,6,1337569089330085920,0,82,0,1,0,0,0
target,3525,6,1342072688956411904,536870912,79,0,1,0,0,0
target,3526,6,1351079888211152896,536870912,83,0,1,0,0,0
target,3527,6,1351079888212197408,0,85,0,1,0,0,0
target,3528,6,1369094286721679392,4,83,0,1,0,0,0
target,3529,6,1369094286721679392,8,86,0,1,0,0,0
target,3530,6,1369094286721679392,16,76,0,1,0,0,0
target,3531,6,1369094286721679392,32,77,0,1,0,0,0
target,3532,6,1369094286721679392,64,73,0,1,0,0,0
target,3533,6,1369094286721679392,128,76,0,1,0,0,0
target,3534,6,1369094286721679392,8192,84,0,1,0,0,0
target,3535,6,1369094286721679392,16384,85,0,1,0,0,0
target,3536,6,1369094286721679392,32768,86,0,1,0,0,0
target,3537,6,1369094286721679392,65536,73,0,1,0,0,0
target,3538,6,1369094286721679392,131072,84,0,1,0,0,0
target,3539,6,1369094286721679392,262144,76,0,1,0,0,0
target,3540,6,1369094286721679392,16777216,85,0,1,0,0,0
target,3541,6,1369094286721679392,33554432,85,0,1,0,0,0
target,3542,6,1369094286721679392,67108864,67,0,1,0,0,0
target,3543,6,1369094286721679392,134217728,86,0,1,0,0,0
target,3544,6,1369094286721679392,268435456,86,0,1,0,0,0
target,3545,6,1369094286721679392,536870912,70,0,1,0,0,0
target,3546,6,1369094286721679392,34359738368,91,0,1,0,0,0
target,3547,6,1369094286721679393,0,83,0,1,0,0,0
target,3548,6,1369094286721679400,0,92,0,1,0,0,0
target,3549,6,1369094286721679408,0,87,0,1,0,0,0
target,3550,6,1369094286721679456,0,75,0,1,0,0,0
target,3551,6,1369094286721679520,0,78,0,1,0,0,0
target,3552,6,1369094286721679904,0,91,0,1,0,0,0
target,3553,6,1369094286721680416,0,83,0,1,0,0,0
target,3554,6,1369094286721681440,0,87,0,1,0,0,0
target,3555,6,1369094286721687584,0,77,0,1,0,0,0
target,3556,6,1369094286721695776,0,73,0,1,0,0,0
target,3557,6,1369094286721744928,0,81,0,1,0,0,0
target,3558,6,1369094286721941536,0,84,0,1,0,0,0
target,3559,6,1369094286722203680,0,87,0,1,0,0,0
target,3560,6,1369094286723776544,0,88,0,1,0,0,0
target,3561,6,1369094286725873696,0,90,0,1,0,0,0
target,3562,6,1369094286730068000,0,82,0,1,0,0,0
target,3563,6,1369094286738456608,0,66,0,1,0,0,0
target,3564,6,1369094286755233824,0,86,0,1,0,0,0
target,3565,6,1369094286788788256,0,77,0,1,0,0,0
target,3566,6,1369094286855897120,0,78,0,1,0,0,0
target,3567,6,1369094286990114848,0,81,0,1,0,0,0
target,3568,6,1369094287258550304,0,81,0,1,0,0,0
target,3569,6,1369094287795421216,0,82,0,1,0,0,0
target,3570,6,1369094288869163040,0,88,0,1,0,0,0
target,3571,6,1369094291016646688,0,80,0,1,0,0,0
target,3572,6,1369094295311613984,0,80,0,1,0,0,0
target,3573,6,1369094303901548576,0,80,0,1,0,0,0
target,3574,6,1369094321081417760,0,81,0,1,0,0,0
target,3575,6,1369094355441156128,0,75,0,1,0,0,0
target,3576,6,1369094424160632864,0,82,0,1,0,0,0
target,3577,6,1369094561599586336,0,74,0,1,0,0,0
target,3578,6,1369094836477493280,0,83,0,1,0,0,0
target,3579,6,1369095386233307168,0,80,0,1,0,0,0
target,3580,6,1369098684768190496,0,87,0,1,0,0,0
target,3581,6,1369103082814701600,0,84,0,1,0,0,0
target,3582,6,1369164655465857056,0,82,0,1,0,0,0
target,3583,6,1369235024210034720,0,74,0,1,0,0,0
target,3584,6,1369657236675100704,0,73,0,1,0,0,0
target,3585,6,1373597886349049888,0,88,0,1,0,0,0
target,3586,6,1387108685231161376,0,89,0,1,0,0,0
target,3587,6,1441151880759607296,536870918,86,0,1,0,0,0
target,3588,6,1441151880759607296,536870922,86,0,1,0,0,0
target,3589,6,1441151880759607296,536879106,79,0,1,0,0,0
target,3590,6,1441151880759607296,536887298,79,0,1,0,0,0
target,3591,6,1441151880759607296,553648130,77,0,1,0,0,0
target,3592,6,1441151880759607296,570425346,81,0,1,0,0,0
target,3593,6,1441151880759607296,34896609282,86,0,1,0,0,0
target,3594,6,1477180677777527296,536870912,89,0,1,0,0,0
target,3595,6,1477180677777527808,536870912,84,0,1,0,0,0
target,3596,6,1477180677778575360,536870912,81,0,1,0,0,0
target,3597,6,1477180677779623936,536870912,86,0,1,0,0,0
target,3598,6,1477180677911741440,68719476736,73,0,1,0,0,0
target,3599,6,1477180679925010432,536870912,83,0,1,0,0,0
target,3600,6,1477180682072494080,536870912,89,0,1,0,0,0
target,3601,6,1477185075824037888,536870912,83,0,1,0,0,0
target,3602,6,1477189473870548992,536870912,87,0,1,0,0,0
target,3603,6,1486187877032267776,536870912,83,0,1,0,0,0
target,3604,6,1495195076287008768,536870912,84,0,1,0,0,0
target,3605,6,1585267068835463200,4,86,0,1,0,0,0
target,3606,6,1585267068835463200,8,82,0,1,0,0,0
target,3607,6,1585267068835463200,16,79,0,1,0,0,0
target,3608,6,1585267068835463200,32,83,0,1,0,0,0
target,3609,6,1585267068835463200,64,72,0,1,0,0,0
target,3610,6,1585267068835463200,128,72,0,1,0,0,0
target,3611,6,1585267068835463200,8192,83,0,1,0,0,0
target,3612,6,1585267068835463200,16384,81,0,1,0,0,0
target,3613,6,1585267068835463200,32768,89,0,1,0,0,0
target,3614,6,1585267068835463200,65536,75,0,1,0,0,0
target,3615,6,1585267068835463200,131072,82,0,1,0,0,0
target,3616,6,1585267068835463200,262144,72,0,1,0,0,0
target,3617,6,1585267068835463200,16777216,81,0,1,0,0,0
target,3618,6,1585267068835463200,33554432,90,0,1,0,0,0
target,3619,6,1585267068835463200,67108864,71,0,1,0,0,0
target,3620,6,1585267068835463200,134217728,80,0,1,0,0,0
target,3621,6,1585267068835463200,268435456,91,0,1,0,0,0
target,3622,6,1585267068835463200,536870912,68,0,1,0,0,0
target,3623,6,1585267068835463200,34359738368,90,0,1,0,0,0
target,3624,6,1585267068835463202,0,89,0,1,0,0,0
target,3625,6,1585267068835463216,0,84,0,1,0,0,0
target,3626,6,1585267068835463264,0,85,0,1,0,0,0
target,3627,6,1585267068835463328,0,76,0,1,0,0,0
target,3628,6,1585267068835463712,0,91,0,1,0,0,0
target,3629,6,1585267068835464224,0,82,0,1,0,0,0
target,3630,6,1585267068835465248,0,88,0,1,0,0,0
target,3631,6,1585267068835471392,0,78,0,1,0,0,0
target,3632,6,1585267068835479584,0,75,0,1,0,0,0
target,3633,6,1585267068835528736,0,74,0,1,0,0,0
target,3634,6,1585267068835725344,0,82,0,1,0,0,0
target,3635,6,1585267068835987488,0,86,0,1,0,0,0
target,3636,6,1585267068837560352,0,87,0,1,0,0,0
target,3637,6,1585267068839657504,0,88,0,1,0,0,0
target,3638,6,1585267068843851808,0,88,0,1,0,0,0
target,3639,6,1585267068852240416,0,74,0,1,0,0,0
target,3640,6,1585267068869017632,0,78,0,1,0,0,0
target,3641,6,1585267068902572064,0,83,0,1,0,0,0
target,3642,6,1585267068969680928,0,77,0,1,0,0,0
target,3643,6,1585267069103898656,0,76,0,1,0,0,0
target,3644,6,1585267069372334112,0,83,0,1,0,0,0
target,3645,6,1585267069909205024,0,80,0,1,0,0,0
target,3646,6,1585267070982946848,0,86,0,1,0,0,0
target,3647,6,1585267073130430496,0,84,0,1,0,0,0
target,3648,6,1585267077425397792,0,85,0,1,0,0,0
target,3649,6,1585267086015332384,0,84,0,1,0,0,0
target,3650,6,1585267103195201568,0,79,0,1,0,0,0
target,3651,6,1585267137554939936,0,75,0,1,0,0,0
target,3652,6,1585267206274416672,0,79,0,1,0,0,0
target,3653,6,1585267343713370144,0,76,0,1,0,0,0
target,3654,6,1585267618591277088,0,82,0,1,0,0,0
target,3655,6,1585268168347090976,0,78,0,1,0,0,0
target,3656,6,1585271466881974304,0,89,0,1,0,0,0
target,3657,6,1585275864928485408,0,87,0,1,0,0,0
target,3658,6,1585337437579640864,0,79,0,1,0,0,0
target,3659,6,1585407806323818528,0,75,0,1,0,0,0
target,3660,6,1585830018788884512,0,72,0,1,0,0,0
target,3661,6,1589770668462833696,0,88,0,1,0,0,0
target,3662,6,1603281467344945184,0,91,0,1,0,0,0
target,3663,6,1729382256911319040,536870918,84,0,1,0,0,0
target,3664,6,1729382256911319040,536870922,79,0,1,0,0,0
target,3665,6,1729382256911319040,536879106,80,0,1,0,0,0
target,3666,6,1729382256911319040,536887298,83,0,1,0,0,0
target,3667,6,1729382256911319040,553648130,80,0,1,0,0,0
target,3668,6,1729382256911319040,570425346,73,0,1,0,0,0
target,3669,6,1729382256911319040,34896609282,81,0,1,0,0,0
target,3670,6,1765411053929239040,536870912,76,0,1,0,0,0
target,3671,6,1765411053929239552,536870912,79,0,1,0,0,0
target,3672,6,1765411053930287104,536870912,76,0,1,0,0,0
target,3673,6,1765411053931335680,536870912,79,0,1,0,0,0
target,3674,6,1765411056076722176,536870912,78,0,1,0,0,0
target,3675,6,1765411058224205824,536870912,81,0,1,0,0,0
target,3676,6,1765415451975749632,536870912,78,0,1,0,0,0
target,3677,6,1765419850022260736,536870912,73,0,1,0,0,0
target,3678,6,1774418253183979520,536870912,75,0,1,0,0,0
target,3679,6,1783425452438720512,536870912,79,0,1,0,0,0
target,3680,6,1873497444987174944,4,81,0,1,0,0,0
target,3681,6,1873497444987174944,8,74,0,1,0,0,0
target,3682,6,1873497444987174944,16,70,0,1,0,0,0
target,3683,6,1873497444987174944,32,70,0,1,0,0,0
target,3684,6,1873497444987174944,64,69,0,1,0,0,0
target,3685,6,1873497444987174944,128,64,0,1,0,0,0
target,3686,6,1873497444987174944,8192,79,0,1,0,0,0
target,3687,6,1873497444987174944,16384,78,0,1,0,0,0
target,3688,6,1873497444987174944,32768,78,0,1,0,0,0
target,3689,6,1873497444987174944,65536,68,0,1,0,0,0
target,3690,6,1873497444987174944,131072,78,0,1,0,0,0
target,3691,6,1873497444987174944,262144,69,0,1,0,0,0
target,3692,6,1873497444987174944,16777216,80,0,1,0,0,0
target,3693,6,1873497444987174944,33554432,74,0,1,0,0,0
target,3694,6,1873497444987174944,67108864,69,0,1,0,0,0
target,3695,6,1873497444987174944,134217728,78,0,1,0,0,0
target,3696,6,1873497444987174944,268435456,79,0,1,0,0,0
target,3697,6,1873497444987174944,536870912,61,0,1,0,0,0
target,3698,6,1873497444987174944,34359738368,79,0,1,0,0,0
target,3699,6,1873497444987174952,0,85,0,1,0,0,0
target,3700,6,1873497444987175008,0,78,0,1,0,0,0
target,3701,6,1873497444987175072,0,73,0,1,0,0,0
target,3702,6,1873497444987175968,0,76,0,1,0,0,0
target,3703,6,1873497444987183136,0,69,0,1,0,0,0
target,3704,6,1873497444987191328,0,77,0,1,0,0,0
target,3705,6,1873497444987240480,0,75,0,1,0,0,0
target,3706,6,1873497444987437088,0,80,0,1,0,0,0
target,3707,6,1873497444987699232,0,73,0,1,0,0,0
target,3708,6,1873497444989272096,0,79,0,1,0,0,0
target,3709,6,1873497444991369248,0,83,0,1,0,0,0
target,3710,6,1873497444995563552,0,78,0,1,0,0,0
target,3711,6,1873497445020729376,0,77,0,1,0,0,0
target,3712,6,1873497445054283808,0,70,0,1,0,0,0
target,3713,6,1873497445121392672,0,67,0,1,0,0,0
target,3714,6,1873497445255610400,0,73,0,1,0,0,0
target,3715,6,1873497446060916768,0,72,0,1,0,0,0
target,3716,6,1873497447134658592,0,80,0,1,0,0,0
target,3717,6,1873497449282142240,0,79,0,1,0,0,0
target,3718,6,1873497453577109536,0,79,0,1,0,0,0
target,3719,6,1873497462167044128,0,81,0,1,0,0,0
target,3720,6,1873497513706651680,0,69,0,1,0,0,0
target,3721,6,1873497582426128416,0,72,0,1,0,0,0
target,3722,6,1873497719865081888,0,70,0,1,0,0,0
target,3723,6,1873497994742988832,0,72,0,1,0,0,0
target,3724,6,1873501843033686048,0,81,0,1,0,0,0
target,3725,6,1873506241080197152,0,80,0,1,0,0,0
target,3726,6,1873567813731352608,0,75,0,1,0,0,0
target,3727,6,1873638182475530272,0,70,0,1,0,0,0
target,3728,6,1874060394940596256,0,63,0,1,0,0,0
target,3729,6,1878001044614545440,0,81,0,1,0,0,0
target,3730,6,1891511843496656928,0,84,0,1,0,0,0
target,3731,6,3458764513821589504,536870918,81,0,1,0,0,0
target,3732,6,3458764513821589504,536870922,80,0,1,0,0,0
target,3733,6,3458764513821589504,536879106,79,0,1,0,0,0
target,3734,6,3458764513821589504,536887298,78,0,1,0,0,0
target,3735,6,3458764513821589504,553648130,69,0,1,0,0,0
target,3736,6,3458764513821589504,570425346,78,0,1,0,0,0
target,3737,6,3458764513821589504,34896609282,81,0,1,0,0,0
target,3738,6,3494793310839509504,536870912,84,0,1,0,0,0
target,3739,6,3494793310840557568,536870912,76,0,1,0,0,0
target,3740,6,3494793310973723648,68719476736,70,0,1,0,0,0
target,3741,6,3494793310974771200,68719476736,68,0,1,0,0,0
target,3742,6,3494793312986992640,536870912,77,0,1,0,0,0
target,3743,6,3494793315134476288,536870912,84,0,1,0,0,0
target,3744,6,3494797708886020096,536870912,79,0,1,0,0,0
target,3745,6,3494802106932531200,536870912,80,0,1,0,0,0
target,3746,6,3503800510094249984,536870912,76,0,1,0,0,0
target,3747,6,3512807709348990976,536870912,82,0,1,0,0,0
target,3748,6,3602879701897445408,4,81,0,1,0,0,0
target,3749,6,3602879701897445408,8,73,0,1,0,0,0
target,3750,6,3602879701897445408,16,72,0,1,0,0,0
target,3751,6,3602879701897445408,32,69,0,1,0,0,0
target,3752,6,3602879701897445408,64,68,0,1,0,0,0
target,3753,6,3602879701897445408,128,63,0,1,0,0,0
target,3754,6,3602879701897445408,8192,81,0,1,0,0,0
target,3755,6,3602879701897445408,16384,79,0,1,0,0,0
target,3756,6,3602879701897445408,32768,78,0,1,0,0,0
target,3757,6,3602879701897445408,65536,66,0,1,0,0,0
target,3758,6,3602879701897445408,131072,74,0,1,0,0,0
target,3759,6,3602879701897445408,262144,70,0,1,0,0,0
target,3760,6,3602879701897445408,16777216,76,0,1,0,0,0
target,3761,6,3602879701897445408,33554432,82,0,1,0,0,0
target,3762,6,3602879701897445408,67108864,69,0,1,0,0,0
target,3763,6,3602879701897445408,134217728,69,0,1,0,0,0
target,3764,6,3602879701897445408,268435456,80,0,1,0,0,0
target,3765,6,3602879701897445408,536870912,60,0,1,0,0,0
target,3766,6,3602879701897445408,34359738368,81,0,1,0,0,0
target,3767,6,3602879701897445408,68719476736,68,0,1,0,0,0
target,3768,6,3602879701897445409,0,76,0,1,0,0,0
target,3769,6,3602879701897445410,0,78,0,1,0,0,0
target,3770,6,3602879701897445424,0,80,0,1,0,0,0
target,3771,6,3602879701897445536,0,67,0,1,0,0,0
target,3772,6,3602879701897445920,0,81,0,1,0,0,0
target,3773,6,3602879701897446432,0,73,0,1,0,0,0
target,3774,6,3602879701897447456,0,76,0,1,0,0,0
target,3775,6,3602879701897461792,0,76,0,1,0,0,0
target,3776,6,3602879701897510944,0,73,0,1,0,0,0
target,3777,6,3602879701897707552,0,80,0,1,0,0,0
target,3778,6,3602879701897969696,0,77,0,1,0,0,0
target,3779,6,3602879701899542560,0,73,0,1,0,0,0
target,3780,6,3602879701901639712,0,80,0,1,0,0,0
target,3781,6,3602879701905834016,0,81,0,1,0,0,0
target,3782,6,3602879701964554272,0,78,0,1,0,0,0
target,3783,6,3602879702031663136,0,66,0,1,0,0,0
target,3784,6,3602879702165880864,0,66,0,1,0,0,0
target,3785,6,3602879702434316320,0,72,0,1,0,0,0
target,3786,6,3602879706192412704,0,79,0,1,0,0,0
target,3787,6,3602879710487380000,0,78,0,1,0,0,0
target,3788,6,3602879719077314592,0,80,0,1,0,0,0
target,3789,6,3602879736257183776,0,70,0,1,0,0,0
target,3790,6,3602879839336398880,0,71,0,1,0,0,0
target,3791,6,3602879976775352352,0,70,0,1,0,0,0
target,3792,6,3602880251653259296,0,71,0,1,0,0,0
target,3793,6,3602880801409073184,0,68,0,1,0,0,0
target,3794,6,3602884099943956512,0,82,0,1,0,0,0
target,3795,6,3602888497990467616,0,77,0,1,0,0,0
target,3796,6,3602950070641623072,0,78,0,1,0,0,0
target,3797,6,3603442651850866720,0,65,0,1,0,0,0
target,3798,6,3620894100406927392,0,83,0,1,0,0,0
target,3799,6,5764607523035283456,536870918,88,0,1,0,0,0
target,3800,6,5764607523035283456,536870922,88,0,1,0,0,0
target,3801,6,5764607523035283456,536879106,85,0,1,0,0,0
target,3802,6,5764607523035283456,536887298,83,0,1,0,0,0
target,3803,6,5764607523035283456,553648130,84,0,1,0,0,0
target,3804,6,5764607523035283456,570425346,82,0,1,0,0,0
target,3805,6,5764607523035283456,34896609282,85,0,1,0,0,0
target,3806,6,5800636320053203456,536870912,87,0,1,0,0,0
target,3807,6,5800636320053203968,536870912,80,0,1,0,0,0
target,3808,6,5800636320054251520,536870912,80,0,1,0,0,0
target,3809,6,5800636320055300096,536870912,84,0,1,0,0,0
target,3810,6,5800636320187417600,68719476736,68,0,1,0,0,0
target,3811,6,5800636320188465152,68719476736,72,0,1,0,0,0
target,3812,6,5800636322200686592,536870912,81,0,1,0,0,0
target,3813,6,5800636324348170240,536870912,85,0,1,0,0,0
target,3814,6,5800640718099714048,536870912,78,0,1,0,0,0
target,3815,6,5800645116146225152,536870912,84,0,1,0,0,0
target,3816,6,5809643519307943936,536870912,81,0,1,0,0,0
target,3817,6,5818650718562684928,536870912,84,0,1,0,0,0
target,3818,6,5908722711111139360,4,85,0,1,0,0,0
target,3819,6,5908722711111139360,8,83,0,1,0,0,0
target,3820,6,5908722711111139360,16,72,0,1,0,0,0
target,3821,6,5908722711111139360,32,77,0,1,0,0,0
target,3822,6,5908722711111139360,64,67,0,1,0,0,0
target,3823,6,5908722711111139360,128,67,0,1,0,0,0
target,3824,6,5908722711111139360,8192,85,0,1,0,0,0
target,3825,6,5908722711111139360,16384,78,0,1,0,0,0
target,3826,6,5908722711111139360,32768,83,0,1,0,0,0
target,3827,6,5908722711111139360,65536,69,0,1,0,0,0
target,3828,6,5908722711111139360,131072,78,0,1,0,0,0
target,3829,6,5908722711111139360,262144,69,0,1,0,0,0
target,3830,6,5908722711111139360,16777216,84,0,1,0,0,0
target,3831,6,5908722711111139360,33554432,82,0,1,0,0,0
target,3832,6,5908722711111139360,67108864,71,0,1,0,0,0
target,3833,6,5908722711111139360,134217728,83,0,1,0,0,0
target,3834,6,5908722711111139360,268435456,77,0,1,0,0,0
target,3835,6,5908722711111139360,536870912,68,0,1,0,0,0
target,3836,6,5908722711111139360,34359738368,87,0,1,0,0,0
target,3837,6,5908722711111139360,68719476736,74,0,1,0,0,0
target,3838,6,5908722711111139361,0,82,0,1,0,0,0
target,3839,6,5908722711111139362,0,87,0,1,0,0,0
target,3840,6,5908722711111139368,0,87,0,1,0,0,0
target,3841,6,5908722711111139424,0,81,0,1,0,0,0
target,3842,6,5908722711111139872,0,86,0,1,0,0,0
target,3843,6,5908722711111140384,0,75,0,1,0,0,0
target,3844,6,5908722711111147552,0,73,0,1,0,0,0
target,3845,6,5908722711111204896,0,73,0,1,0,0,0
target,3846,6,5908722711111401504,0,76,0,1,0,0,0
target,3847,6,5908722711111663648,0,83,0,1,0,0,0
target,3848,6,5908722711113236512,0,82,0,1,0,0,0
target,3849,6,5908722711115333664,0,84,0,1,0,0,0
target,3850,6,5908722711119527968,0,83,0,1,0,0,0
target,3851,6,5908722711127916576,0,74,0,1,0,0,0
target,3852,6,5908722711144693792,0,80,0,1,0,0,0
target,3853,6,5908722711178248224,0,73,0,1,0,0,0
target,3854,6,5908722711245357088,0,72,0,1,0,0,0
target,3855,6,5908722711379574816,0,73,0,1,0,0,0
target,3856,6,5908722711648010272,0,76,0,1,0,0,0
target,3857,6,5908722712184881184,0,69,0,1,0,0,0
target,3858,6,5908722713258623008,0,81,0,1,0,0,0
target,3859,6,5908722715406106656,0,79,0,1,0,0,0
target,3860,6,5908722719701073952,0,83,0,1,0,0,0
target,3861,6,5908722728291008544,0,82,0,1,0,0,0
target,3862,6,5908722745470877728,0,80,0,1,0,0,0
target,3863,6,5908722848550092832,0,76,0,1,0,0,0
target,3864,6,5908722985989046304,0,71,0,1,0,0,0
target,3865,6,5908723260866953248,0,77,0,1,0,0,0
target,3866,6,5908723810622767136,0,74,0,1,0,0,0
target,3867,6,5908731507204161568,0,84,0,1,0,0,0
target,3868,6,5908793079855317024,0,77,0,1,0,0,0
target,3869,6,5908863448599494688,0,74,0,1,0,0,0
target,3870,6,5909285661064560672,0,66,0,1,0,0,0
target,3871,6,5913226310738509856,0,78,0,1,0,0,0
target,3872,6,5926737109620621344,0,83,0,1,0,0,0
target,3873,6,10376293541461626912,5,91,0,1,0,0,0
target,3874,6,10376293541461626912,6,84,0,1,0,0,0
target,3875,6,10376293541461626912,9,87,0,1,0,0,0
target,3876,6,10376293541461626912,10,82,0,1,0,0,0
target,3877,6,10376293541461626912,12,90,0,1,0,0,0
target,3878,6,10376293541461626912,17,88,0,1,0,0,0
target,3879,6,10376293541461626912,18,79,0,1,0,0,0
target,3880,6,10376293541461626912,20,91,0,1,0,0,0
target,3881,6,10376293541461626912,24,87,0,1,0,0,0
target,3882,6,10376293541461626912,33,85,0,1,0,0,0
target,3883,6,10376293541461626912,34,76,0,1,0,0,0
target,3884,6,10376293541461626912,36,87,0,1,0,0,0
target,3885,6,10376293541461626912,40,86,0,1,0,0,0
target,3886,6,10376293541461626912,65,83,0,1,0,0,0
target,3887,6,10376293541461626912,68,86,0,1,0,0,0
target,3888,6,10376293541461626912,80,80,0,1,0,0,0
target,3889,6,10376293541461626912,96,80,0,1,0,0,0
target,3890,6,10376293541461626912,132,79,0,1,0,0,0
target,3891,6,10376293541461626912,136,79,0,1,0,0,0
target,3892,6,10376293541461626912,144,76,0,1,0,0,0
target,3893,6,10376293541461626912,160,70,0,1,0,0,0
target,3894,6,10376293541461626912,192,75,0,1,0,0,0
target,3895,6,10376293541461626912,260,77,0,1,0,0,0
target,3896,6,10376293541461626912,264,70,0,1,0,0,0
target,3897,6,10376293541461626912,272,74,0,1,0,0,0
target,3898,6,10376293541461626912,288,71,0,1,0,0,0
target,3899,6,10376293541461626912,516,83,0,1,0,0,0
target,3900,6,10376293541461626912,520,81,0,1,0,0,0
target,3901,6,10376293541461626912,528,72,0,1,0,0,0
target,3902,6,10376293541461626912,1028,81,0,1,0,0,0
target,3903,6,10376293541461626912,1032,69,0,1,0,0,0
target,3904,6,10376293541461626912,2052,89,0,1,0,0,0
target,3905,6,10376293541461626912,8193,94,0,1,0,0,0
target,3906,6,10376293541461626912,8194,87,0,1,0,0,0
target,3907,6,10376293541461626912,8196,97,0,1,0,0,0
target,3908,6,10376293541461626912,8200,95,0,1,0,0,0
target,3909,6,10376293541461626912,8208,95,0,1,0,0,0
target,3910,6,10376293541461626912,8224,92,0,1,0,0,0
target,3911,6,10376293541461626912,8256,93,0,1,0,0,0
target,3912,6,10376293541461626912,8320,84,0,1,0,0,0
target,3913,6,10376293541461626912,8448,87,0,1,0,0,0
target,3914,6,10376293541461626912,8704,92,0,1,0,0,0
target,3915,6,10376293541461626912,9216,89,0,1,0,0,0
target,3916,6,10376293541461626912,10240,97,0,1,0,0,0
target,3917,6,10376293541461626912,12288,99,0,1,0,0,0
target,3918,6,10376293541461626912,16385,84,0,1,0,0,0
target,3919,6,10376293541461626912,16386,81,0,1,0,0,0
target,3920,6,10376293541461626912,16388,87,0,1,0,0,0
target,3921,6,10376293541461626912,16392,83,0,1,0,0,0
target,3922,6,10376293541461626912,16400,84,0,1,0,0,0
target,3923,6,10376293541461626912,16416,83,0,1,0,0,0
target,3924,6,10376293541461626912,16448,86,0,1,0,0,0
target,3925,6,10376293541461626912,16512,82,0,1,0,0,0
target,3926,6,10376293541461626912,16640,77,0,1,0,0,0
target,3927,6,10376293541461626912,16896,86,0,1,0,0,0
target,3928,6,10376293541461626912,17408,77,0,1,0,0,0
target,3929,6,10376293541461626912,18432,88,0,1,0,0,0
target,3930,6,10376293541461626912,20480,93,0,1,0,0,0
target,3931,6,10376293541461626912,24576,96,0,1,0,0,0
target,3932,6,10376293541461626912,32769,91,0,1,0,0,0
target,3933,6,10376293541461626912,32770,84,0,1,0,0,0
target,3934,6,10376293541461626912,32772,92,0,1,0,0,0
target,3935,6,10376293541461626912,32776,86,0,1,0,0,0
target,3936,6,10376293541461626912,32784,91,0,1,0,0,0
target,3937,6,10376293541461626912,32832,88,0,1,0,0,0
target,3938,6,10376293541461626912,32896,81,0,1,0,0,0
target,3939,6,10376293541461626912,33024,83,0,1,0,0,0
target,3940,6,10376293541461626912,33280,85,0,1,0,0,0
target,3941,6,10376293541461626912,33792,83,0,1,0,0,0
target,3942,6,10376293541461626912,34816,94,0,1,0,0,0
target,3943,6,10376293541461626912,40960,99,0,1,0,0,0
target,3944,6,10376293541461626912,49152,92,0,1,0,0,0
target,3945,6,10376293541461626912,65537,86,0,1,0,0,0
target,3946,6,10376293541461626912,65538,82,0,1,0,0,0
target,3947,6,10376293541461626912,65540,92,0,1,0,0,0
target,3948,6,10376293541461626912,65544,81,0,1,0,0,0
target,3949,6,10376293541461626912,65552,85,0,1,0,0,0
target,3950,6,10376293541461626912,65568,80,0,1,0,0,0
target,3951,6,10376293541461626912,65600,81,0,1,0,0,0
target,3952,6,10376293541461626912,65664,78,0,1,0,0,0
target,3953,6,10376293541461626912,65792,71,0,1,0,0,0
target,3954,6,10376293541461626912,66048,85,0,1,0,0,0
target,3955,6,10376293541461626912,66560,83,0,1,0,0,0
target,3956,6,10376293541461626912,67584,91,0,1,0,0,0
target,3957,6,10376293541461626912,69632,93,0,1,0,0,0
target,3958,6,10376293541461626912,73728,92,0,1,0,0,0
target,3959,6,10376293541461626912,98304,87,0,1,0,0,0
target,3960,6,10376293541461626912,131073,81,0,1,0,0,0
target,3961,6,10376293541461626912,131074,71,0,1,0,0,0
target,3962,6,10376293541461626912,131076,87,0,1,0,0,0
target,3963,6,10376293541461626912,131080,74,0,1,0,0,0
target,3964,6,10376293541461626912,131088,73,0,1,0,0,0
target,3965,6,10376293541461626912,131104,74,0,1,0,0,0
target,3966,6,10376293541461626912,131136,72,0,1,0,0,0
target,3967,6,10376293541461626912,131200,74,0,1,0,0,0
target,3968,6,10376293541461626912,131328,68,0,1,0,0,0
target,3969,6,10376293541461626912,131584,68,0,1,0,0,0
target,3970,6,10376293541461626912,132096,78,0,1,0,0,0
target,3971,6,10376293541461626912,133120,83,0,1,0,0,0
target,3972,6,10376293541461626912,135168,86,0,1,0,0,0
target,3973,6,10376293541461626912,139264,88,0,1,0,0,0
target,3974,6,10376293541461626912,147456,80,0,1,0,0,0
target,3975,6,10376293541461626912,163840,83,0,1,0,0,0
target,3976,6,10376293541461626912,196608,73,0,1,0,0,0
target,3977,6,10376293541461626912,262148,76,0,1,0,0,0
target,3978,6,10376293541461626912,262160,74,0,1,0,0,0
target,3979,6,10376293541461626912,262176,72,0,1,0,0,0
target,3980,6,10376293541461626912,262208,77,0,1,0,0,0
target,3981,6,10376293541461626912,270336,85,0,1,0,0,0
target,3982,6,10376293541461626912,278528,75,0,1,0,0,0
target,3983,6,10376293541461626912,294912,77,0,1,0,0,0
target,3984,6,10376293541461626912,327680,79,0,1,0,0,0
target,3985,6,10376293541461626912,532480,93,0,1,0,0,0
target,3986,6,10376293541461626912,540672,89,0,1,0,0,0
target,3987,6,10376293541461626912,557056,87,0,1,0,0,0
target,3988,6,10376293541461626912,589824,79,0,1,0,0,0
target,3989,6,10376293541461626912,1056768,79,0,1,0,0,0
target,3990,6,10376293541461626912,1064960,78,0,1,0,0,0
target,3991,6,10376293541461626912,1081344,70,0,1,0,0,0
target,3992,6,10376293541461626912,2105344,92,0,1,0,0,0
target,3993,6,10376293541461626912,2113536,87,0,1,0,0,0
target,3994,6,10376293541461626912,4202496,92,0,1,0,0,0
target,3995,6,10376293541461626912,16777217,85,0,1,0,0,0
target,3996,6,10376293541461626912,16777218,87,0,1,0,0,0
target,3997,6,10376293541461626912,16777220,97,0,1,0,0,0
target,3998,6,10376293541461626912,16777224,96,0,1,0,0,0
target,3999,6,10376293541461626912,16777232,93,0,1,0,0,0
target,4000,6,10376293541461626912,16777248,92,0,1,0,0,0
target,4001,6,10376293541461626912,16777280,92,0,1,0,0,0
target,4002,6,10376293541461626912,16777344,84,0,1,0,0,0
target,4003,6,10376293541461626912,16777472,88,0,1,0,0,0
target,4004,6,10376293541461626912,16777728,92,0,1,0,0,0
target,4005,6,10376293541461626912,16778240,89,0,1,0,0,0
target,4006,6,10376293541461626912,16779264,95,0,1,0,0,0
target,4007,6,10376293541461626912,16781312,98,0,1,0,0,0
target,4008,6,10376293541461626912,16785408,100,0,1,0,0,0
target,4009,6,10376293541461626912,16793600,94,0,1,0,0,0
target,4010,6,10376293541461626912,16809984,99,0,1,0,0,0
target,4011,6,10376293541461626912,16842752,91,0,1,0,0,0
target,4012,6,10376293541461626912,16908288,89,0,1,0,0,0
target,4013,6,10376293541461626912,17039360,87,0,1,0,0,0
target,4014,6,10376293541461626912,17301504,96,0,1,0,0,0
target,4015,6,10376293541461626912,17825792,87,0,1,0,0,0
target,4016,6,10376293541461626912,18874368,99,0,1,0,0,0
target,4017,6,10376293541461626912,20971520,98,0,1,0,0,0
target,4018,6,10376293541461626912,25165824,99,0,1,0,0,0
target,4019,6,10376293541461626912,33554433,83,0,1,0,0,0
target,4020,6,10376293541461626912,33554434,68,0,1,0,0,0
target,4021,6,10376293541461626912,33554436,82,0,1,0,0,0
target,4022,6,10376293541461626912,33554440,77,0,1,0,0,0
target,4023,6,10376293541461626912,33554448,77,0,1,0,0,0
target,4024,6,10376293541461626912,33554464,78,0,1,0,0,0
target,4025,6,10376293541461626912,33554496,80,0,1,0,0,0
target,4026,6,10376293541461626912,33554560,74,0,1,0,0,0
target,4027,6,10376293541461626912,33554688,77,0,1,0,0,0
target,4028,6,10376293541461626912,33554944,76,0,1,0,0,0
target,4029,6,10376293541461626912,33555456,78,0,1,0,0,0
target,4030,6,10376293541461626912,33556480,84,0,1,0,0,0
target,4031,6,10376293541461626912,33558528,87,0,1,0,0,0
target,4032,6,10376293541461626912,33562624,85,0,1,0,0,0
target,4033,6,10376293541461626912,33570816,77,0,1,0,0,0
target,4034,6,10376293541461626912,33587200,86,0,1,0,0,0
target,4035,6,10376293541461626912,33619968,80,0,1,0,0,0
target,4036,6,10376293541461626912,33816576,79,0,1,0,0,0
target,4037,6,10376293541461626912,34078720,83,0,1,0,0,0
target,4038,6,10376293541461626912,34603008,74,0,1,0,0,0
target,4039,6,10376293541461626912,35651584,88,0,1,0,0,0
target,4040,6,10376293541461626912,37748736,88,0,1,0,0,0
target,4041,6,10376293541461626912,41943040,87,0,1,0,0,0
target,4042,6,10376293541461626912,50331648,87,0,1,0,0,0
target,4043,6,10376293541461626912,67108865,85,0,1,0,0,0
target,4044,6,10376293541461626912,67108866,81,0,1,0,0,0
target,4045,6,10376293541461626912,67108872,81,0,1,0,0,0
target,4046,6,10376293541461626912,67108880,81,0,1,0,0,0
target,4047,6,10376293541461626912,67108896,78,0,1,0,0,0
target,4048,6,10376293541461626912,67108928,78,0,1,0,0,0
target,4049,6,10376293541461626912,67108992,75,0,1,0,0,0
target,4050,6,10376293541461626912,67109120,76,0,1,0,0,0
target,4051,6,10376293541461626912,67109376,85,0,1,0,0,0
target,4052,6,10376293541461626912,67109888,72,0,1,0,0,0
target,4053,6,10376293541461626912,67110912,89,0,1,0,0,0
target,4054,6,10376293541461626912,67112960,91,0,1,0,0,0
target,4055,6,10376293541461626912,67117056,92,0,1,0,0,0
target,4056,6,10376293541461626912,67125248,81,0,1,0,0,0
target,4057,6,10376293541461626912,67141632,82,0,1,0,0,0
target,4058,6,10376293541461626912,67174400,81,0,1,0,0,0
target,4059,6,10376293541461626912,67371008,79,0,1,0,0,0
target,4060,6,10376293541461626912,67633152,86,0,1,0,0,0
target,4061,6,10376293541461626912,69206016,91,0,1,0,0,0
target,4062,6,10376293541461626912,71303168,83,0,1,0,0,0
target,4063,6,10376293541461626912,75497472,90,0,1,0,0,0
target,4064,6,10376293541461626912,83886080,92,0,1,0,0,0
target,4065,6,10376293541461626912,134217729,87,0,1,0,0,0
target,4066,6,10376293541461626912,134217730,82,0,1,0,0,0
target,4067,6,10376293541461626912,134217732,92,0,1,0,0,0
target,4068,6,10376293541461626912,134217736,88,0,1,0,0,0
target,4069,6,10376293541461626912,134217744,89,0,1,0,0,0
target,4070,6,10376293541461626912,134217760,86,0,1,0,0,0
target,4071,6,10376293541461626912,134217792,87,0,1,0,0,0
target,4072,6,10376293541461626912,134217856,76,0,1,0,0,0
target,4073,6,10376293541461626912,134217984,82,0,1,0,0,0
target,4074,6,10376293541461626912,134218240,85,0,1,0,0,0
target,4075,6,10376293541461626912,134218752,83,0,1,0,0,0
target,4076,6,10376293541461626912,134219776,91,0,1,0,0,0
target,4077,6,10376293541461626912,134221824,90,0,1,0,0,0
target,4078,6,10376293541461626912,134225920,96,0,1,0,0,0
target,4079,6,10376293541461626912,134234112,93,0,1,0,0,0
target,4080,6,10376293541461626912,134250496,90,0,1,0,0,0
target,4081,6,10376293541461626912,134283264,84,0,1,0,0,0
target,4082,6,10376293541461626912,134348800,80,0,1,0,0,0
target,4083,6,10376293541461626912,134479872,82,0,1,0,0,0
target,4084,6,10376293541461626912,134742016,88,0,1,0,0,0
target,4085,6,10376293541461626912,135266304,82,0,1,0,0,0
target,4086,6,10376293541461626912,136314880,90,0,1,0,0,0
target,4087,6,10376293541461626912,138412032,92,0,1,0,0,0
target,4088,6,10376293541461626912,142606336,93,0,1,0,0,0
target,4089,6,10376293541461626912,150994944,95,0,1,0,0,0
target,4090,6,10376293541461626912,167772160,84,0,1,0,0,0
target,4091,6,10376293541461626912,201326592,84,0,1,0,0,0
target,4092,6,10376293541461626912,268435457,92,0,1,0,0,0
target,4093,6,10376293541461626912,268435458,79,0,1,0,0,0
target,4094,6,10376293541461626912,268435460,96,0,1,0,0,0
target,4095,6,10376293541461626912,268435464,91,0,1,0,0,0
target,4096,6,10376293541461626912,268435472,89,0,1,0,0,0
target,4097,6,10376293541461626912,268435488,82,0,1,0,0,0
target,4098,6,10376293541461626912,268435520,86,0,1,0,0,0
target,4099,6,10376293541461626912,268435584,76,0,1,0,0,0
target,4100,6,10376293541461626912,268435712,80,0,1,0,0,0
target,4101,6,10376293541461626912,268435968,89,0,1,0,0,0
target,4102,6,10376293541461626912,268436480,80,0,1,0,0,0
target,4103,6,10376293541461626912,268437504,95,0,1,0,0,0
target,4104,6,10376293541461626912,268439552,95,0,1,0,0,0
target,4105,6,10376293541461626912,268443648,101,0,1,0,0,0
target,4106,6,10376293541461626912,268451840,91,0,1,0,0,0
target,4107,6,10376293541461626912,268468224,91,0,1,0,0,0
target,4108,6,10376293541461626912,268500992,87,0,1,0,0,0
target,4109,6,10376293541461626912,268566528,81,0,1,0,0,0
target,4110,6,10376293541461626912,268697600,81,0,1,0,0,0
target,4111,6,10376293541461626912,268959744,87,0,1,0,0,0
target,4112,6,10376293541461626912,269484032,79,0,1,0,0,0
target,4113,6,10376293541461626912,270532608,99,0,1,0,0,0
target,4114,6,10376293541461626912,272629760,94,0,1,0,0,0
target,4115,6,10376293541461626912,276824064,98,0,1,0,0,0
target,4116,6,10376293541461626912,285212672,100,0,1,0,0,0
target,4117,6,10376293541461626912,301989888,85,0,1,0,0,0
target,4118,6,10376293541461626912,335544320,87,0,1,0,0,0
target,4119,6,10376293541461626912,402653184,95,0,1,0,0,0
target,4120,6,10376293541461626912,8606711808,97,0,1,0,0,0
target,4121,6,10376293541461626912,34359738369,94,0,1,0,0,0
target,4122,6,10376293541461626912,34359738370,86,0,1,0,0,0
target,4123,6,10376293541461626912,34359740416,94,0,1,0,0,0
target,4124,6,10376293541461626912,34359742464,99,0,1,0,0,0
target,4125,6,10376293541461626912,34363932672,95,0,1,0,0,0
target,4126,6,10376293541461626912,34368126976,91,0,1,0,0,0
target,4127,6,10376293541461626912,42949672960,101,0,1,0,0,0
target,4128,6,10376293541461626912,51539607552,98,0,1,0,0,0
target,4129,6,10376293541461626912,68719476737,82,0,1,0,0,0
target,4130,6,10376293541461626912,68719476738,84,0,1,0,0,0
target,4131,6,10376293541461626912,68719478784,94,0,1,0,0,0
target,4132,6,10376293541461626912,68723671040,91,0,1,0,0,0
target,4133,6,10376293541461626912,68727865344,94,0,1,0,0,0
target,4134,6,10376293541461626912,77309411328,96,0,1,0,0,0
target,4135,6,10376293541461626912,85899345920,93,0,1,0,0,0
target,4136,6,10376293541461626912,70368744177666,81,0,1,0,0,0
target,4137,6,10376293541461626912,70368744181760,94,0,1,0,0,0
target,4138,6,10376293541461626912,70368752566272,94,0,1,0,0,0
target,4139,6,10376293541461626912,70385924046848,93,0,1,0,0,0
target,4140,6,10376293541461626913,4,82,0,1,0,0,0
target,4141,6,10376293541461626913,8,84,0,1,0,0,0
target,4142,6,10376293541461626913,64,80,0,1,0,0,0
target,4143,6,10376293541461626913,8192,84,0,1,0,0,0
target,4144,6,10376293541461626913,16384,82,0,1,0,0,0
target,4145,6,10376293541461626913,32768,87,0,1,0,0,0
target,4146,6,10376293541461626913,65536,81,0,1,0,0,0
target,4147,6,10376293541461626913,131072,76,0,1,0,0,0
target,4148,6,10376293541461626913,16777216,84,0,1,0,0,0
target,4149,6,10376293541461626913,33554432,76,0,1,0,0,0
target,4150,6,10376293541461626913,67108864,80,0,1,0,0,0
target,4151,6,10376293541461626913,134217728,84,0,1,0,0,0
target,4152,6,10376293541461626913,268435456,82,0,1,0,0,0
target,4153,6,10376293541461626914,4,93,0,1,0,0,0
target,4154,6,10376293541461626914,8,82,0,1,0,0,0
target,4155,6,10376293541461626914,16,88,0,1,0,0,0
target,4156,6,10376293541461626914,32,84,0,1,0,0,0
target,4157,6,10376293541461626914,64,84,0,1,0,0,0
target,4158,6,10376293541461626914,8192,96,0,1,0,0,0
target,4159,6,10376293541461626914,16384,81,0,1,0,0,0
target,4160,6,10376293541461626914,32768,93,0,1,0,0,0
target,4161,6,10376293541461626914,65536,90,0,1,0,0,0
target,4162,6,10376293541461626914,131072,81,0,1,0,0,0
target,4163,6,10376293541461626914,16777216,96,0,1,0,0,0
target,4164,6,10376293541461626914,33554432,75,0,1,0,0,0
target,4165,6,10376293541461626914,67108864,88,0,1,0,0,0
target,4166,6,10376293541461626914,134217728,91,0,1,0,0,0
target,4167,6,10376293541461626914,268435456,95,0,1,0,0,0
target,4168,6,10376293541461626920,8,70,0,1,0,0,0
target,4169,6,10376293541461626920,16,78,0,1,0,0,0
target,4170,6,10376293541461626920,32,67,0,1,0,0,0
target,4171,6,10376293541461626920,64,75,0,1,0,0,0
target,4172,6,10376293541461626920,8192,80,0,1,0,0,0
target,4173,6,10376293541461626920,16384,81,0,1,0,0,0
target,4174,6,10376293541461626920,32768,79,0,1,0,0,0
target,4175,6,10376293541461626920,65536,62,0,1,0,0,0
target,4176,6,10376293541461626920,131072,67,0,1,0,0,0
target,4177,6,10376293541461626920,16777216,83,0,1,0,0,0
target,4178,6,10376293541461626920,268435456,82,0,1,0,0,0
target,4179,6,10376293541461626928,4,85,0,1,0,0,0
target,4180,6,10376293541461626928,8,75,0,1,0,0,0
target,4181,6,10376293541461626928,16,79,0,1,0,0,0
target,4182,6,10376293541461626928,32,83,0,1,0,0,0
target,4183,6,10376293541461626928,64,79,0,1,0,0,0
target,4184,6,10376293541461626928,8192,91,0,1,0,0,0
target,4185,6,10376293541461626928,16384,85,0,1,0,0,0
target,4186,6,10376293541461626928,32768,88,0,1,0,0,0
target,4187,6,10376293541461626928,65536,79,0,1,0,0,0
target,4188,6,10376293541461626928,131072,64,0,1,0,0,0
target,4189,6,10376293541461626928,16777216,83,0,1,0,0,0
target,4190,6,10376293541461626928,33554432,79,0,1,0,0,0
target,4191,6,10376293541461626928,67108864,83,0,1,0,0,0
target,4192,6,10376293541461626928,134217728,82,0,1,0,0,0
target,4193,6,10376293541461626928,268435456,83,0,1,0,0,0
target,4194,6,10376293541461626976,4,89,0,1,0,0,0
target,4195,6,10376293541461626976,8,87,0,1,0,0,0
target,4196,6,10376293541461626976,16,78,0,1,0,0,0
target,4197,6,10376293541461626976,32,77,0,1,0,0,0
target,4198,6,10376293541461626976,64,81,0,1,0,0,0
target,4199,6,10376293541461626976,8192,94,0,1,0,0,0
target,4200,6,10376293541461626976,16384,88,0,1,0,0,0
target,4201,6,10376293541461626976,32768,88,0,1,0,0,0
target,4202,6,10376293541461626976,65536,83,0,1,0,0,0
target,4203,6,10376293541461626976,131072,80,0,1,0,0,0
target,4204,6,10376293541461626976,16777216,94,0,1,0,0,0
target,4205,6,10376293541461626976,33554432,81,0,1,0,0,0
target,4206,6,10376293541461626976,67108864,84,0,1,0,0,0
target,4207,6,10376293541461626976,134217728,88,0,1,0,0,0
target,4208,6,10376293541461626976,268435456,92,0,1,0,0,0
target,4209,6,10376293541461627040,4,96,0,1,0,0,0
target,4210,6,10376293541461627040,8,85,0,1,0,0,0
target,4211,6,10376293541461627040,16,91,0,1,0,0,0
target,4212,6,10376293541461627040,32,84,0,1,0,0,0
target,4213,6,10376293541461627040,64,89,0,1,0,0,0
target,4214,6,10376293541461627040,8192,97,0,1,0,0,0
target,4215,6,10376293541461627040,16384,93,0,1,0,0,0
target,4216,6,10376293541461627040,32768,91,0,1,0,0,0
target,4217,6,10376293541461627040,65536,92,0,1,0,0,0
target,4218,6,10376293541461627040,131072,85,0,1,0,0,0
target,4219,6,10376293541461627040,16777216,99,0,1,0,0,0
target,4220,6,10376293541461627040,33554432,86,0,1,0,0,0
target,4221,6,10376293541461627040,67108864,90,0,1,0,0,0
target,4222,6,10376293541461627040,134217728,89,0,1,0,0,0
target,4223,6,10376293541461627040,268435456,97,0,1,0,0,0
target,4224,6,10376293541461627424,4,83,0,1,0,0,0
target,4225,6,10376293541461627424,8,90,0,1,0,0,0
target,4226,6,10376293541461627424,16,90,0,1,0,0,0
target,4227,6,10376293541461627424,32,84,0,1,0,0,0
target,4228,6,10376293541461627424,64,88,0,1,0,0,0
target,4229,6,10376293541461627424,8192,98,0,1,0,0,0
target,4230,6,10376293541461627424,16384,92,0,1,0,0,0
target,4231,6,10376293541461627424,32768,88,0,1,0,0,0
target,4232,6,10376293541461627424,65536,91,0,1,0,0,0
target,4233,6,10376293541461627424,131072,84,0,1,0,0,0
target,4234,6,10376293541461627424,16777216,98,0,1,0,0,0
target,4235,6,10376293541461627424,33554432,78,0,1,0,0,0
target,4236,6,10376293541461627424,67108864,90,0,1,0,0,0
target,4237,6,10376293541461627424,134217728,91,0,1,0,0,0
target,4238,6,10376293541461627424,268435456,96,0,1,0,0,0
target,4239,6,10376293541461627424,34359738368,94,0,1,0,0,0
target,4240,6,10376293541461627936,4,87,0,1,0,0,0
target,4241,6,10376293541461627936,8,82,0,1,0,0,0
target,4242,6,10376293541461627936,16,80,0,1,0,0,0
target,4243,6,10376293541461627936,32,78,0,1,0,0,0
target,4244,6,10376293541461627936,64,73,0,1,0,0,0
target,4245,6,10376293541461627936,8192,90,0,1,0,0,0
target,4246,6,10376293541461627936,16384,84,0,1,0,0,0
target,4247,6,10376293541461627936,32768,87,0,1,0,0,0
target,4248,6,10376293541461627936,65536,75,0,1,0,0,0
target,4249,6,10376293541461627936,131072,78,0,1,0,0,0
target,4250,6,10376293541461627936,16777216,90,0,1,0,0,0
target,4251,6,10376293541461627936,33554432,80,0,1,0,0,0
target,4252,6,10376293541461627936,67108864,78,0,1,0,0,0
target,4253,6,10376293541461627936,134217728,85,0,1,0,0,0
target,4254,6,10376293541461627936,268435456,89,0,1,0,0,0
target,4255,6,10376293541461627936,34359738368,90,0,1,0,0,0
target,4256,6,10376293541461627936,68719476736,77,0,1,0,0,0
target,4257,6,10376293541461627936,70368744177664,75,0,1,0,0,0
target,4258,6,10376293541461628960,4,87,0,1,0,0,0
target,4259,6,10376293541461628960,8,86,0,1,0,0,0
target,4260,6,10376293541461628960,16,90,0,1,0,0,0
target,4261,6,10376293541461628960,32,86,0,1,0,0,0
target,4262,6,10376293541461628960,64,87,0,1,0,0,0
target,4263,6,10376293541461628960,8192,90,0,1,0,0,0
target,4264,6,10376293541461628960,16384,90,0,1,0,0,0
target,4265,6,10376293541461628960,32768,90,0,1,0,0,0
target,4266,6,10376293541461628960,65536,86,0,1,0,0,0
target,4267,6,10376293541461628960,131072,83,0,1,0,0,0
target,4268,6,10376293541461628960,16777216,89,0,1,0,0,0
target,4269,6,10376293541461628960,33554432,81,0,1,0,0,0
target,4270,6,10376293541461628960,67108864,88,0,1,0,0,0
target,4271,6,10376293541461628960,134217728,90,0,1,0,0,0
target,4272,6,10376293541461628960,268435456,91,0,1,0,0,0
target,4273,6,10376293541461635104,4,93,0,1,0,0,0
target,4274,6,10376293541461635104,8,88,0,1,0,0,0
target,4275,6,10376293541461635104,16,78,0,1,0,0,0
target,4276,6,10376293541461635104,32,81,0,1,0,0,0
target,4277,6,10376293541461635104,64,86,0,1,0,0,0
target,4278,6,10376293541461635104,8192,95,0,1,0,0,0
target,4279,6,10376293541461635104,16384,90,0,1,0,0,0
target,4280,6,10376293541461635104,32768,89,0,1,0,0,0
target,4281,6,10376293541461635104,65536,89,0,1,0,0,0
target,4282,6,10376293541461635104,16777216,95,0,1,0,0,0
target,4283,6,10376293541461635104,134217728,89,0,1,0,0,0
target,4284,6,10376293541461635104,268435456,95,0,1,0,0,0
target,4285,6,10376293541461643296,4,92,0,1,0,0,0
target,4286,6,10376293541461643296,8,88,0,1,0,0,0
target,4287,6,10376293541461643296,16,86,0,1,0,0,0
target,4288,6,10376293541461643296,32,74,0,1,0,0,0
target,4289,6,10376293541461643296,64,85,0,1,0,0,0
target,4290,6,10376293541461643296,8192,95,0,1,0,0,0
target,4291,6,10376293541461643296,32768,93,0,1,0,0,0
target,4292,6,10376293541461643296,131072,82,0,1,0,0,0
target,4293,6,10376293541461643296,16777216,95,0,1,0,0,0
target,4294,6,10376293541461643296,33554432,85,0,1,0,0,0
target,4295,6,10376293541461643296,67108864,88,0,1,0,0,0
target,4296,6,10376293541461643296,134217728,83,0,1,0,0,0
target,4297,6,10376293541461643296,268435456,87,0,1,0,0,0
target,4298,6,10376293541461692448,4,78,0,1,0,0,0
target,4299,6,10376293541461692448,8,85,0,1,0,0,0
target,4300,6,10376293541461692448,16,81,0,1,0,0,0
target,4301,6,10376293541461692448,32,78,0,1,0,0,0
target,4302,6,10376293541461692448,64,78,0,1,0,0,0
target,4303,6,10376293541461692448,8192,88,0,1,0,0,0
target,4304,6,10376293541461692448,16384,81,0,1,0,0,0
target,4305,6,10376293541461692448,32768,79,0,1,0,0,0
target,4306,6,10376293541461692448,65536,83,0,1,0,0,0
target,4307,6,10376293541461692448,131072,80,0,1,0,0,0
target,4308,6,10376293541461692448,16777216,88,0,1,0,0,0
target,4309,6,10376293541461692448,33554432,78,0,1,0,0,0
target,4310,6,10376293541461692448,67108864,81,0,1,0,0,0
target,4311,6,10376293541461692448,134217728,84,0,1,0,0,0
target,4312,6,10376293541461692448,268435456,82,0,1,0,0,0
target,4313,6,10376293541461889056,4,88,0,1,0,0,0
target,4314,6,10376293541461889056,8,85,0,1,0,0,0
target,4315,6,10376293541461889056,16,74,0,1,0,0,0
target,4316,6,10376293541461889056,32,81,0,1,0,0,0
target,4317,6,10376293541461889056,64,79,0,1,0,0,0
target,4318,6,10376293541461889056,8192,87,0,1,0,0,0
target,4319,6,10376293541461889056,16384,84,0,1,0,0,0
target,4320,6,10376293541461889056,32768,87,0,1,0,0,0
target,4321,6,10376293541461889056,65536,85,0,1,0,0,0
target,4322,6,10376293541461889056,131072,74,0,1,0,0,0
target,4323,6,10376293541461889056,16777216,81,0,1,0,0,0
target,4324,6,10376293541461889056,67108864,84,0,1,0,0,0
target,4325,6,10376293541461889056,134217728,87,0,1,0,0,0
target,4326,6,10376293541461889056,268435456,90,0,1,0,0,0
target,4327,6,10376293541462151200,4,81,0,1,0,0,0
target,4328,6,10376293541462151200,8,77,0,1,0,0,0
target,4329,6,10376293541462151200,16,78,0,1,0,0,0
target,4330,6,10376293541462151200,32,66,0,1,0,0,0
target,4331,6,10376293541462151200,64,76,0,1,0,0,0
target,4332,6,10376293541462151200,8192,84,0,1,0,0,0
target,4333,6,10376293541462151200,16384,76,0,1,0,0,0
target,4334,6,10376293541462151200,32768,76,0,1,0,0,0
target,4335,6,10376293541462151200,65536,80,0,1,0,0,0
target,4336,6,10376293541462151200,16777216,85,0,1,0,0,0
target,4337,6,10376293541462151200,33554432,68,0,1,0,0,0
target,4338,6,10376293541462151200,67108864,77,0,1,0,0,0
target,4339,6,10376293541462151200,134217728,79,0,1,0,0,0
target,4340,6,10376293541462151200,268435456,83,0,1,0,0,0
target,4341,6,10376293541462671360,536870918,85,0,1,0,0,0
target,4342,6,10376293541462671360,536870922,86,0,1,0,0,0
target,4343,6,10376293541462671360,536879106,82,0,1,0,0,0
target,4344,6,10376293541462671360,536887298,83,0,1,0,0,0
target,4345,6,10376293541462671360,553648130,84,0,1,0,0,0
target,4346,6,10376293541462671360,570425346,81,0,1,0,0,0
target,4347,6,10376293541462671360,34896609282,82,0,1,0,0,0
target,4348,6,10376293541463724064,4,85,0,1,0,0,0
target,4349,6,10376293541463724064,8,87,0,1,0,0,0
target,4350,6,10376293541463724064,16,88,0,1,0,0,0
target,4351,6,10376293541463724064,32,85,0,1,0,0,0
target,4352,6,10376293541463724064,64,86,0,1,0,0,0
target,4353,6,10376293541463724064,8192,96,0,1,0,0,0
target,4354,6,10376293541463724064,16384,87,0,1,0,0,0
target,4355,6,10376293541463724064,32768,91,0,1,0,0,0
target,4356,6,10376293541463724064,65536,90,0,1,0,0,0
target,4357,6,10376293541463724064,131072,78,0,1,0,0,0
target,4358,6,10376293541463724064,16777216,96,0,1,0,0,0
target,4359,6,10376293541463724064,33554432,77,0,1,0,0,0
target,4360,6,10376293541463724064,67108864,87,0,1,0,0,0
target,4361,6,10376293541463724064,134217728,85,0,1,0,0,0
target,4362,6,10376293541463724064,268435456,94,0,1,0,0,0
target,4363,6,10376293541463724064,34359738368,96,0,1,0,0,0
target,4364,6,10376293541463724064,68719476736,91,0,1,0,0,0
target,4365,6,10376293541463724064,70368744177664,91,0,1,0,0,0
target,4366,6,10376293541465821216,4,85,0,1,0,0,0
target,4367,6,10376293541465821216,16,89,0,1,0,0,0
target,4368,6,10376293541465821216,32,87,0,1,0,0,0
target,4369,6,10376293541465821216,8192,89,0,1,0,0,0
target,4370,6,10376293541465821216,16384,86,0,1,0,0,0
target,4371,6,10376293541465821216,32768,89,0,1,0,0,0
target,4372,6,10376293541465821216,65536,90,0,1,0,0,0
target,4373,6,10376293541465821216,131072,82,0,1,0,0,0
target,4374,6,10376293541465821216,16777216,87,0,1,0,0,0
target,4375,6,10376293541465821216,33554432,81,0,1,0,0,0
target,4376,6,10376293541465821216,67108864,87,0,1,0,0,0
target,4377,6,10376293541465821216,134217728,91,0,1,0,0,0
target,4378,6,10376293541465821216,268435456,94,0,1,0,0,0
target,4379,6,10376293541470015520,4,92,0,1,0,0,0
target,4380,6,10376293541470015520,8,79,0,1,0,0,0
target,4381,6,10376293541470015520,16,88,0,1,0,0,0
target,4382,6,10376293541470015520,32,79,0,1,0,0,0
target,4383,6,10376293541470015520,64,86,0,1,0,0,0
target,4384,6,10376293541470015520,8192,95,0,1,0,0,0
target,4385,6,10376293541470015520,16384,80,0,1,0,0,0
target,4386,6,10376293541470015520,32768,92,0,1,0,0,0
target,4387,6,10376293541470015520,65536,83,0,1,0,0,0
target,4388,6,10376293541470015520,131072,81,0,1,0,0,0
target,4389,6,10376293541470015520,16777216,95,0,1,0,0,0
target,4390,6,10376293541470015520,33554432,71,0,1,0,0,0
target,4391,6,10376293541470015520,67108864,87,0,1,0,0,0
target,4392,6,10376293541470015520,134217728,89,0,1,0,0,0
target,4393,6,10376293541470015520,268435456,82,0,1,0,0,0
target,4394,6,10376293541478404128,4,81,0,1,0,0,0
target,4395,6,10376293541478404128,8,83,0,1,0,0,0
target,4396,6,10376293541478404128,16,73,0,1,0,0,0
target,4397,6,10376293541478404128,64,75,0,1,0,0,0
target,4398,6,10376293541478404128,8192,89,0,1,0,0,0
target,4399,6,10376293541478404128,16384,79,0,1,0,0,0
target,4400,6,10376293541478404128,32768,76,0,1,0,0,0
target,4401,6,10376293541478404128,65536,78,0,1,0,0,0
target,4402,6,10376293541478404128,131072,75,0,1,0,0,0
target,4403,6,10376293541478404128,16777216,89,0,1,0,0,0
target,4404,6,10376293541478404128,33554432,78,0,1,0,0,0
target,4405,6,10376293541478404128,67108864,80,0,1,0,0,0
target,4406,6,10376293541478404128,134217728,83,0,1,0,0,0
target,4407,6,10376293541478404128,268435456,77,0,1,0,0,0
target,4408,6,10376293541495181344,4,90,0,1,0,0,0
target,4409,6,10376293541495181344,8,87,0,1,0,0,0
target,4410,6,10376293541495181344,16,85,0,1,0,0,0
target,4411,6,10376293541495181344,32,79,0,1,0,0,0
target,4412,6,10376293541495181344,64,81,0,1,0,0,0
target,4413,6,10376293541495181344,8192,88,0,1,0,0,0
target,4414,6,10376293541495181344,16384,89,0,1,0,0,0
target,4415,6,10376293541495181344,32768,84,0,1,0,0,0
target,4416,6,10376293541495181344,65536,74,0,1,0,0,0
target,4417,6,10376293541495181344,131072,78,0,1,0,0,0
target,4418,6,10376293541495181344,16777216,89,0,1,0,0,0
target,4419,6,10376293541495181344,33554432,78,0,1,0,0,0
target,4420,6,10376293541495181344,67108864,85,0,1,0,0,0
target,4421,6,10376293541495181344,134217728,87,0,1,0,0,0
target,4422,6,10376293541495181344,268435456,92,0,1,0,0,0
target,4423,6,10376293541528735776,4,85,0,1,0,0,0
target,4424,6,10376293541528735776,8,77,0,1,0,0,0
target,4425,6,10376293541528735776,16,76,0,1,0,0,0
target,4426,6,10376293541528735776,32,78,0,1,0,0,0
target,4427,6,10376293541528735776,64,72,0,1,0,0,0
target,4428,6,10376293541528735776,8192,89,0,1,0,0,0
target,4429,6,10376293541528735776,16384,83,0,1,0,0,0
target,4430,6,10376293541528735776,32768,86,0,1,0,0,0
target,4431,6,10376293541528735776,65536,82,0,1,0,0,0
target,4432,6,10376293541528735776,16777216,89,0,1,0,0,0
target,4433,6,10376293541528735776,134217728,84,0,1,0,0,0
target,4434,6,10376293541528735776,268435456,82,0,1,0,0,0
target,4435,6,10376293541595844640,4,82,0,1,0,0,0
target,4436,6,10376293541595844640,16,79,0,1,0,0,0
target,4437,6,10376293541595844640,32,74,0,1,0,0,0
target,4438,6,10376293541595844640,8192,81,0,1,0,0,0
target,4439,6,10376293541595844640,16384,82,0,1,0,0,0
target,4440,6,10376293541595844640,32768,83,0,1,0,0,0
target,4441,6,10376293541595844640,65536,79,0,1,0,0,0
target,4442,6,10376293541595844640,131072,73,0,1,0,0,0
target,4443,6,10376293541595844640,16777216,86,0,1,0,0,0
target,4444,6,10376293541595844640,33554432,76,0,1,0,0,0
target,4445,6,10376293541595844640,67108864,75,0,1,0,0,0
target,4446,6,10376293541595844640,134217728,79,0,1,0,0,0
target,4447,6,10376293541595844640,268435456,85,0,1,0,0,0
target,4448,6,10376293541730062368,4,80,0,1,0,0,0
target,4449,6,10376293541730062368,8,86,0,1,0,0,0
target,4450,6,10376293541730062368,64,83,0,1,0,0,0
target,4451,6,10376293541730062368,8192,92,0,1,0,0,0
target,4452,6,10376293541730062368,16384,80,0,1,0,0,0
target,4453,6,10376293541730062368,32768,90,0,1,0,0,0
target,4454,6,10376293541730062368,65536,85,0,1,0,0,0
target,4455,6,10376293541730062368,131072,79,0,1,0,0,0
target,4456,6,10376293541730062368,16777216,88,0,1,0,0,0
target,4457,6,10376293541730062368,33554432,80,0,1,0,0,0
target,4458,6,10376293541730062368,67108864,83,0,1,0,0,0
target,4459,6,10376293541730062368,134217728,86,0,1,0,0,0
target,4460,6,10376293541730062368,268435456,88,0,1,0,0,0
target,4461,6,10376293541998497824,4,89,0,1,0,0,0
target,4462,6,10376293541998497824,8,87,0,1,0,0,0
target,4463,6,10376293541998497824,16,88,0,1,0,0,0
target,4464,6,10376293541998497824,32,80,0,1,0,0,0
target,4465,6,10376293541998497824,64,83,0,1,0,0,0
target,4466,6,10376293541998497824,8192,90,0,1,0,0,0
target,4467,6,10376293541998497824,16384,87,0,1,0,0,0
target,4468,6,10376293541998497824,32768,81,0,1,0,0,0
target,4469,6,10376293541998497824,65536,86,0,1,0,0,0
target,4470,6,10376293541998497824,131072,80,0,1,0,0,0
target,4471,6,10376293541998497824,16777216,94,0,1,0,0,0
target,4472,6,10376293541998497824,33554432,74,0,1,0,0,0
target,4473,6,10376293541998497824,67108864,86,0,1,0,0,0
target,4474,6,10376293541998497824,134217728,88,0,1,0,0,0
target,4475,6,10376293541998497824,268435456,84,0,1,0,0,0
target,4476,6,10376293542535368736,4,82,0,1,0,0,0
target,4477,6,10376293542535368736,16,79,0,1,0,0,0
target,4478,6,10376293542535368736,32,76,0,1,0,0,0
target,4479,6,10376293542535368736,64,72,0,1,0,0,0
target,4480,6,10376293542535368736,8192,87,0,1,0,0,0
target,4481,6,10376293542535368736,16384,82,0,1,0,0,0
target,4482,6,10376293542535368736,32768,85,0,1,0,0,0
target,4483,6,10376293542535368736,65536,73,0,1,0,0,0
target,4484,6,10376293542535368736,131072,76,0,1,0,0,0
target,4485,6,10376293542535368736,16777216,80,0,1,0,0,0
target,4486,6,10376293542535368736,33554432,76,0,1,0,0,0
target,4487,6,10376293542535368736,67108864,72,0,1,0,0,0
target,4488,6,10376293542535368736,134217728,83,0,1,0,0,0
target,4489,6,10376293542535368736,268435456,81,0,1,0,0,0
target,4490,6,10376293543609110560,4,97,0,1,0,0,0
target,4491,6,10376293543609110560,8,87,0,1,0,0,0
target,4492,6,10376293543609110560,16,86,0,1,0,0,0
target,4493,6,10376293543609110560,32,90,0,1,0,0,0
target,4494,6,10376293543609110560,64,90,0,1,0,0,0
target,4495,6,10376293543609110560,8192,100,0,1,0,0,0
target,4496,6,10376293543609110560,16384,94,0,1,0,0,0
target,4497,6,10376293543609110560,32768,97,0,1,0,0,0
target,4498,6,10376293543609110560,65536,94,0,1,0,0,0
target,4499,6,10376293543609110560,131072,83,0,1,0,0,0
target,4500,6,10376293543609110560,16777216,100,0,1,0,0,0
target,4501,6,10376293543609110560,33554432,81,0,1,0,0,0
target,4502,6,10376293543609110560,67108864,90,0,1,0,0,0
target,4503,6,10376293543609110560,134217728,92,0,1,0,0,0
target,4504,6,10376293543609110560,268435456,99,0,1,0,0,0
target,4505,6,10376293543609110560,34359738368,89,0,1,0,0,0
target,4506,6,10376293543609110560,68719476736,95,0,1,0,0,0
target,4507,6,10376293545756594208,4,97,0,1,0,0,0
target,4508,6,10376293545756594208,8,93,0,1,0,0,0
target,4509,6,10376293545756594208,16,93,0,1,0,0,0
target,4510,6,10376293545756594208,32,87,0,1,0,0,0
target,4511,6,10376293545756594208,64,91,0,1,0,0,0
target,4512,6,10376293545756594208,8192,100,0,1,0,0,0
target,4513,6,10376293545756594208,16384,94,0,1,0,0,0
target,4514,6,10376293545756594208,32768,97,0,1,0,0,0
target,4515,6,10376293545756594208,65536,94,0,1,0,0,0
target,4516,6,10376293545756594208,131072,87,0,1,0,0,0
target,4517,6,10376293545756594208,16777216,100,0,1,0,0,0
target,4518,6,10376293545756594208,33554432,88,0,1,0,0,0
target,4519,6,10376293545756594208,67108864,92,0,1,0,0,0
target,4520,6,10376293545756594208,134217728,94,0,1,0,0,0
target,4521,6,10376293545756594208,268435456,95,0,1,0,0,0
target,4522,6,10376293545756594208,34359738368,100,0,1,0,0,0
target,4523,6,10376293545756594208,68719476736,92,0,1,0,0,0
target,4524,6,10376293545756594208,70368744177664,93,0,1,0,0,0
target,4525,6,10376293550051561504,4,82,0,1,0,0,0
target,4526,6,10376293550051561504,8,84,0,1,0,0,0
target,4527,6,10376293550051561504,16,89,0,1,0,0,0
target,4528,6,10376293550051561504,64,87,0,1,0,0,0
target,4529,6,10376293550051561504,8192,93,0,1,0,0,0
target,4530,6,10376293550051561504,16384,88,0,1,0,0,0
target,4531,6,10376293550051561504,32768,93,0,1,0,0,0
target,4532,6,10376293550051561504,65536,81,0,1,0,0,0
target,4533,6,10376293550051561504,131072,73,0,1,0,0,0
target,4534,6,10376293550051561504,16777216,92,0,1,0,0,0
target,4535,6,10376293550051561504,33554432,76,0,1,0,0,0
target,4536,6,10376293550051561504,67108864,88,0,1,0,0,0
target,4537,6,10376293550051561504,268435456,94,0,1,0,0,0
target,4538,6,10376293558641496096,4,94,0,1,0,0,0
target,4539,6,10376293558641496096,8,81,0,1,0,0,0
target,4540,6,10376293558641496096,16,76,0,1,0,0,0
target,4541,6,10376293558641496096,32,87,0,1,0,0,0
target,4542,6,10376293558641496096,64,80,0,1,0,0,0
target,4543,6,10376293558641496096,8192,97,0,1,0,0,0
target,4544,6,10376293558641496096,16384,82,0,1,0,0,0
target,4545,6,10376293558641496096,32768,94,0,1,0,0,0
target,4546,6,10376293558641496096,65536,89,0,1,0,0,0
target,4547,6,10376293558641496096,131072,77,0,1,0,0,0
target,4548,6,10376293558641496096,16777216,97,0,1,0,0,0
target,4549,6,10376293558641496096,33554432,79,0,1,0,0,0
target,4550,6,10376293558641496096,67108864,89,0,1,0,0,0
target,4551,6,10376293558641496096,134217728,91,0,1,0,0,0
target,4552,6,10376293558641496096,268435456,96,0,1,0,0,0
target,4553,6,10376293610181103648,4,81,0,1,0,0,0
target,4554,6,10376293610181103648,8,79,0,1,0,0,0
target,4555,6,10376293610181103648,16,81,0,1,0,0,0
target,4556,6,10376293610181103648,32,70,0,1,0,0,0
target,4557,6,10376293610181103648,64,73,0,1,0,0,0
target,4558,6,10376293610181103648,8192,86,0,1,0,0,0
target,4559,6,10376293610181103648,16384,82,0,1,0,0,0
target,4560,6,10376293610181103648,32768,83,0,1,0,0,0
target,4561,6,10376293610181103648,65536,79,0,1,0,0,0
target,4562,6,10376293610181103648,131072,72,0,1,0,0,0
target,4563,6,10376293610181103648,16777216,87,0,1,0,0,0
target,4564,6,10376293610181103648,33554432,71,0,1,0,0,0
target,4565,6,10376293610181103648,67108864,77,0,1,0,0,0
target,4566,6,10376293610181103648,134217728,78,0,1,0,0,0
target,4567,6,10376293610181103648,268435456,82,0,1,0,0,0
target,4568,6,10376293678900580384,4,86,0,1,0,0,0
target,4569,6,10376293678900580384,8,81,0,1,0,0,0
target,4570,6,10376293678900580384,16,81,0,1,0,0,0
target,4571,6,10376293678900580384,32,76,0,1,0,0,0
target,4572,6,10376293678900580384,64,75,0,1,0,0,0
target,4573,6,10376293678900580384,8192,90,0,1,0,0,0
target,4574,6,10376293678900580384,16384,82,0,1,0,0,0
target,4575,6,10376293678900580384,32768,84,0,1,0,0,0
target,4576,6,10376293678900580384,65536,84,0,1,0,0,0
target,4577,6,10376293678900580384,131072,70,0,1,0,0,0
target,4578,6,10376293678900580384,16777216,91,0,1,0,0,0
target,4579,6,10376293678900580384,33554432,80,0,1,0,0,0
target,4580,6,10376293678900580384,67108864,83,0,1,0,0,0
target,4581,6,10376293678900580384,134217728,86,0,1,0,0,0
target,4582,6,10376293678900580384,268435456,84,0,1,0,0,0
target,4583,6,10376293816339533856,4,85,0,1,0,0,0
target,4584,6,10376293816339533856,8,85,0,1,0,0,0
target,4585,6,10376293816339533856,16,75,0,1,0,0,0
target,4586,6,10376293816339533856,32,74,0,1,0,0,0
target,4587,6,10376293816339533856,64,76,0,1,0,0,0
target,4588,6,10376293816339533856,8192,88,0,1,0,0,0
target,4589,6,10376293816339533856,32768,85,0,1,0,0,0
target,4590,6,10376293816339533856,131072,78,0,1,0,0,0
target,4591,6,10376293816339533856,16777216,87,0,1,0,0,0
target,4592,6,10376293816339533856,33554432,79,0,1,0,0,0
target,4593,6,10376293816339533856,67108864,79,0,1,0,0,0
target,4594,6,10376293816339533856,134217728,85,0,1,0,0,0
target,4595,6,10376293816339533856,268435456,87,0,1,0,0,0
target,4596,6,10376294091217440800,4,87,0,1,0,0,0
target,4597,6,10376294091217440800,8,84,0,1,0,0,0
target,4598,6,10376294091217440800,64,79,0,1,0,0,0
target,4599,6,10376294091217440800,8192,90,0,1,0,0,0
target,4600,6,10376294091217440800,16384,83,0,1,0,0,0
target,4601,6,10376294091217440800,32768,81,0,1,0,0,0
target,4602,6,10376294091217440800,65536,83,0,1,0,0,0
target,4603,6,10376294091217440800,131072,75,0,1,0,0,0
target,4604,6,10376294091217440800,16777216,90,0,1,0,0,0
target,4605,6,10376294091217440800,33554432,74,0,1,0,0,0
target,4606,6,10376294091217440800,67108864,82,0,1,0,0,0
target,4607,6,10376294091217440800,134217728,86,0,1,0,0,0
target,4608,6,10376294091217440800,268435456,87,0,1,0,0,0
target,4609,6,10376294640973254688,4,83,0,1,0,0,0
target,4610,6,10376294640973254688,8,67,0,1,0,0,0
target,4611,6,10376294640973254688,32,79,0,1,0,0,0
target,4612,6,10376294640973254688,64,70,0,1,0,0,0
target,4613,6,10376294640973254688,8192,86,0,1,0,0,0
target,4614,6,10376294640973254688,16384,77,0,1,0,0,0
target,4615,6,10376294640973254688,32768,82,0,1,0,0,0
target,4616,6,10376294640973254688,65536,66,0,1,0,0,0
target,4617,6,10376294640973254688,131072,65,0,1,0,0,0
target,4618,6,10376294640973254688,16777216,86,0,1,0,0,0
target,4619,6,10376294640973254688,33554432,78,0,1,0,0,0
target,4620,6,10376294640973254688,67108864,65,0,1,0,0,0
target,4621,6,10376294640973254688,134217728,79,0,1,0,0,0
target,4622,6,10376294640973254688,268435456,83,0,1,0,0,0
target,4623,6,10376295740484882464,4,87,0,1,0,0,0
target,4624,6,10376295740484882464,8,82,0,1,0,0,0
target,4625,6,10376295740484882464,16,73,0,1,0,0,0
target,4626,6,10376295740484882464,32,81,0,1,0,0,0
target,4627,6,10376295740484882464,64,78,0,1,0,0,0
target,4628,6,10376295740484882464,8192,86,0,1,0,0,0
target,4629,6,10376295740484882464,32768,84,0,1,0,0,0
target,4630,6,10376295740484882464,65536,83,0,1,0,0,0
target,4631,6,10376295740484882464,131072,68,0,1,0,0,0
target,4632,6,10376295740484882464,16777216,88,0,1,0,0,0
target,4633,6,10376295740484882464,33554432,76,0,1,0,0,0
target,4634,6,10376295740484882464,67108864,83,0,1,0,0,0
target,4635,6,10376295740484882464,268435456,86,0,1,0,0,0
target,4636,6,10376297939508138016,4,90,0,1,0,0,0
target,4637,6,10376297939508138016,8,92,0,1,0,0,0
target,4638,6,10376297939508138016,16,91,0,1,0,0,0
target,4639,6,10376297939508138016,32,80,0,1,0,0,0
target,4640,6,10376297939508138016,64,86,0,1,0,0,0
target,4641,6,10376297939508138016,8192,98,0,1,0,0,0
target,4642,6,10376297939508138016,16384,84,0,1,0,0,0
target,4643,6,10376297939508138016,32768,91,0,1,0,0,0
target,4644,6,10376297939508138016,65536,92,0,1,0,0,0
target,4645,6,10376297939508138016,131072,86,0,1,0,0,0
target,4646,6,10376297939508138016,16777216,98,0,1,0,0,0
target,4647,6,10376297939508138016,33554432,86,0,1,0,0,0
target,4648,6,10376297939508138016,67108864,90,0,1,0,0,0
target,4649,6,10376297939508138016,134217728,92,0,1,0,0,0
target,4650,6,10376297939508138016,268435456,96,0,1,0,0,0
target,4651,6,10376297939508138016,34359738368,96,0,1,0,0,0
target,4652,6,10376297939508138016,68719476736,90,0,1,0,0,0
target,4653,6,10376302337554649120,4,93,0,1,0,0,0
target,4654,6,10376302337554649120,8,86,0,1,0,0,0
target,4655,6,10376302337554649120,16,88,0,1,0,0,0
target,4656,6,10376302337554649120,32,85,0,1,0,0,0
target,4657,6,10376302337554649120,64,84,0,1,0,0,0
target,4658,6,10376302337554649120,8192,95,0,1,0,0,0
target,4659,6,10376302337554649120,16384,89,0,1,0,0,0
target,4660,6,10376302337554649120,32768,92,0,1,0,0,0
target,4661,6,10376302337554649120,65536,89,0,1,0,0,0
target,4662,6,10376302337554649120,131072,83,0,1,0,0,0
target,4663,6,10376302337554649120,16777216,95,0,1,0,0,0
target,4664,6,10376302337554649120,33554432,84,0,1,0,0,0
target,4665,6,10376302337554649120,67108864,88,0,1,0,0,0
target,4666,6,10376302337554649120,134217728,90,0,1,0,0,0
target,4667,6,10376302337554649120,268435456,94,0,1,0,0,0
target,4668,6,10376302337554649120,34359738368,95,0,1,0,0,0
target,4669,6,10376302337554649120,68719476736,90,0,1,0,0,0
target,4670,6,10376302337554649120,70368744177664,90,0,1,0,0,0
target,4671,6,10376311133647671328,4,95,0,1,0,0,0
target,4672,6,10376311133647671328,8,84,0,1,0,0,0
target,4673,6,10376311133647671328,32,88,0,1,0,0,0
target,4674,6,10376311133647671328,64,90,0,1,0,0,0
target,4675,6,10376311133647671328,8192,97,0,1,0,0,0
target,4676,6,10376311133647671328,16384,91,0,1,0,0,0
target,4677,6,10376311133647671328,32768,92,0,1,0,0,0
target,4678,6,10376311133647671328,65536,80,0,1,0,0,0
target,4679,6,10376311133647671328,131072,79,0,1,0,0,0
target,4680,6,10376311133647671328,16777216,98,0,1,0,0,0
target,4681,6,10376311133647671328,33554432,86,0,1,0,0,0
target,4682,6,10376311133647671328,67108864,84,0,1,0,0,0
target,4683,6,10376311133647671328,134217728,94,0,1,0,0,0
target,4684,6,10376311133647671328,268435456,95,0,1,0,0,0
target,4685,6,10376363910205804576,4,92,0,1,0,0,0
target,4686,6,10376363910205804576,8,91,0,1,0,0,0
target,4687,6,10376363910205804576,16,85,0,1,0,0,0
target,4688,6,10376363910205804576,32,76,0,1,0,0,0
target,4689,6,10376363910205804576,64,78,0,1,0,0,0
target,4690,6,10376363910205804576,8192,96,0,1,0,0,0
target,4691,6,10376363910205804576,16384,85,0,1,0,0,0
target,4692,6,10376363910205804576,32768,90,0,1,0,0,0
target,4693,6,10376363910205804576,65536,89,0,1,0,0,0
target,4694,6,10376363910205804576,131072,83,0,1,0,0,0
target,4695,6,10376363910205804576,16777216,94,0,1,0,0,0
target,4696,6,10376363910205804576,33554432,86,0,1,0,0,0
target,4697,6,10376363910205804576,67108864,84,0,1,0,0,0
target,4698,6,10376363910205804576,134217728,90,0,1,0,0,0
target,4699,6,10376363910205804576,268435456,91,0,1,0,0,0
target,4700,6,10376856491415048224,4,79,0,1,0,0,0
target,4701,6,10376856491415048224,8,74,0,1,0,0,0
target,4702,6,10376856491415048224,16,76,0,1,0,0,0
target,4703,6,10376856491415048224,32,68,0,1,0,0,0
target,4704,6,10376856491415048224,8192,81,0,1,0,0,0
target,4705,6,10376856491415048224,16384,78,0,1,0,0,0
target,4706,6,10376856491415048224,32768,70,0,1,0,0,0
target,4707,6,10376856491415048224,65536,73,0,1,0,0,0
target,4708,6,10376856491415048224,16777216,81,0,1,0,0,0
target,4709,6,10376856491415048224,134217728,75,0,1,0,0,0
target,4710,6,10376856491415048224,268435456,80,0,1,0,0,0
target,4711,6,10378545341275312160,4,87,0,1,0,0,0
target,4712,6,10378545341275312160,8,76,0,1,0,0,0
target,4713,6,10378545341275312160,16,81,0,1,0,0,0
target,4714,6,10378545341275312160,32,74,0,1,0,0,0
target,4715,6,10378545341275312160,64,77,0,1,0,0,0
target,4716,6,10378545341275312160,8192,89,0,1,0,0,0
target,4717,6,10378545341275312160,16384,80,0,1,0,0,0
target,4718,6,10378545341275312160,32768,85,0,1,0,0,0
target,4719,6,10378545341275312160,65536,74,0,1,0,0,0
target,4720,6,10378545341275312160,131072,61,0,1,0,0,0
target,4721,6,10378545341275312160,16777216,87,0,1,0,0,0
target,4722,6,10378545341275312160,33554432,75,0,1,0,0,0
target,4723,6,10378545341275312160,67108864,81,0,1,0,0,0
target,4724,6,10378545341275312160,134217728,78,0,1,0,0,0
target,4725,6,10378545341275312160,268435456,81,0,1,0,0,0
target,4726,6,10380797141088997408,4,90,0,1,0,0,0
target,4727,6,10380797141088997408,8,86,0,1,0,0,0
target,4728,6,10380797141088997408,16,82,0,1,0,0,0
target,4729,6,10380797141088997408,32,84,0,1,0,0,0
target,4730,6,10380797141088997408,64,83,0,1,0,0,0
target,4731,6,10380797141088997408,8192,93,0,1,0,0,0
target,4732,6,10380797141088997408,16384,88,0,1,0,0,0
target,4733,6,10380797141088997408,32768,84,0,1,0,0,0
target,4734,6,10380797141088997408,65536,86,0,1,0,0,0
target,4735,6,10380797141088997408,131072,75,0,1,0,0,0
target,4736,6,10380797141088997408,16777216,93,0,1,0,0,0
target,4737,6,10380797141088997408,67108864,85,0,1,0,0,0
target,4738,6,10380797141088997408,134217728,87,0,1,0,0,0
target,4739,6,10380797141088997408,268435456,80,0,1,0,0,0
target,4740,6,10412322338480590880,4,70,0,1,0,0,0
target,4741,6,10412322338480590880,128,62,0,1,0,0,0
target,4742,6,10412322338480590880,8192,74,0,1,0,0,0
target,4743,6,10412322338480590880,16384,68,0,1,0,0,0
target,4744,6,10412322338480590880,32768,67,0,1,0,0,0
target,4745,6,10412322338480590880,65536,67,0,1,0,0,0
target,4746,6,10412322338480590880,131072,62,0,1,0,0,0
target,4747,6,10412322338480590880,262144,66,0,1,0,0,0
target,4748,6,10412322338480590880,16777216,77,0,1,0,0,0
target,4749,6,10412322338480590880,33554432,60,0,1,0,0,0
target,4750,6,10412322338480590880,67108864,66,0,1,0,0,0
target,4751,6,10412322338480590880,268435456,77,0,1,0,0,0
target,4752,6,10412322338480590882,0,73,0,1,0,0,0
target,4753,6,10412322338480590896,0,69,0,1,0,0,0
target,4754,6,10412322338480590912,536870912,79,0,1,0,0,0
target,4755,6,10412322338480590944,0,74,0,1,0,0,0
target,4756,6,10412322338480590976,536870912,81,0,1,0,0,0
target,4757,6,10412322338480591008,0,77,0,1,0,0,0
target,4758,6,10412322338480591104,536870912,81,0,1,0,0,0
target,4759,6,10412322338480591360,536870912,79,0,1,0,0,0
target,4760,6,10412322338480591392,0,77,0,1,0,0,0
target,4761,6,10412322338480591872,536870912,77,0,1,0,0,0
target,4762,6,10412322338480591904,0,66,0,1,0,0,0
target,4763,6,10412322338480592928,0,69,0,1,0,0,0
target,4764,6,10412322338480599072,0,63,0,1,0,0,0
target,4765,6,10412322338480607264,0,70,0,1,0,0,0
target,4766,6,10412322338480656384,536870912,65,0,1,0,0,0
target,4767,6,10412322338480656416,0,68,0,1,0,0,0
target,4768,6,10412322338480721920,536870912,75,0,1,0,0,0
target,4769,6,10412322338481115136,536870912,69,0,1,0,0,0
target,4770,6,10412322338481115168,0,54,0,1,0,0,0
target,4771,6,10412322338481639424,536870912,79,0,1,0,0,0
target,4772,6,10412322338482688000,536870912,79,0,1,0,0,0
target,4773,6,10412322338482688032,0,75,0,1,0,0,0
target,4774,6,10412322338488979488,0,65,0,1,0,0,0
target,4775,6,10412322338497368096,0,62,0,1,0,0,0
target,4776,6,10412322338514145312,0,65,0,1,0,0,0
target,4777,6,10412322338547699744,0,66,0,1,0,0,0
target,4778,6,10412322338614805504,68719476736,65,0,1,0,0,0
target,4779,6,10412322338615853056,68719476736,71,0,1,0,0,0
target,4780,6,10412322338749026304,536870912,70,0,1,0,0,0
target,4781,6,10412322339017461760,536870912,73,0,1,0,0,0
target,4782,6,10412322339017461792,0,71,0,1,0,0,0
target,4783,6,10412322339554332672,536870912,77,0,1,0,0,0
target,4784,6,10412322339554332704,0,70,0,1,0,0,0
target,4785,6,10412322340628074496,536870912,74,0,1,0,0,0
target,4786,6,10412322340628074528,0,65,0,1,0,0,0
target,4787,6,10412322342775558144,536870912,83,0,1,0,0,0
target,4788,6,10412322342775558176,0,77,0,1,0,0,0
target,4789,6,10412322355660460064,0,71,0,1,0,0,0
target,4790,6,10412322407200067616,0,65,0,1,0,0,0
target,4791,6,10412322475919544352,0,66,0,1,0,0,0
target,4792,6,10412322613358497824,0,69,0,1,0,0,0
target,4793,6,10412322888236404736,536870912,65,0,1,0,0,0
target,4794,6,10412323437992218624,536870912,73,0,1,0,0,0
target,4795,6,10412323437992218656,0,69,0,1,0,0,0
target,4796,6,10412326736527101952,536870912,78,0,1,0,0,0
target,4797,6,10412326736527101984,0,73,0,1,0,0,0
target,4798,6,10412331134573613056,536870912,75,0,1,0,0,0
target,4799,6,10412331134573613088,0,73,0,1,0,0,0
target,4800,6,10412339930666635296,0,64,0,1,0,0,0
target,4801,6,10412392707224768544,0,70,0,1,0,0,0
target,4802,6,10412885288434012192,0,59,0,1,0,0,0
target,4803,6,10413448238387433472,536870912,72,0,1,0,0,0
target,4804,6,10414574138294276096,536870912,63,0,1,0,0,0
target,4805,6,10414574138294276128,0,64,0,1,0,0,0
target,4806,6,10416825938107961344,536870912,66,0,1,0,0,0
target,4807,6,10416825938107961376,0,68,0,1,0,0,0
target,4808,6,10421329537735331840,536870912,73,0,1,0,0,0
target,4809,6,10448351135499554848,4,79,0,1,0,0,0
target,4810,6,10448351135499554848,8,71,0,1,0,0,0
target,4811,6,10448351135499554848,16,72,0,1,0,0,0
target,4812,6,10448351135499554848,32,72,0,1,0,0,0
target,4813,6,10448351135499554848,8192,84,0,1,0,0,0
target,4814,6,10448351135499554848,16384,73,0,1,0,0,0
target,4815,6,10448351135499554848,32768,79,0,1,0,0,0
target,4816,6,10448351135499554848,65536,74,0,1,0,0,0
target,4817,6,10448351135499554848,16777216,86,0,1,0,0,0
target,4818,6,10448351135499554848,33554432,66,0,1,0,0,0
target,4819,6,10448351135499554848,67108864,71,0,1,0,0,0
target,4820,6,10448351135499554848,134217728,82,0,1,0,0,0
target,4821,6,10448351135499554848,268435456,77,0,1,0,0,0
target,4822,6,10448351135499554849,0,73,0,1,0,0,0
target,4823,6,10448351135499554856,0,66,0,1,0,0,0
target,4824,6,10448351135499554912,0,71,0,1,0,0,0
target,4825,6,10448351135499554976,0,86,0,1,0,0,0
target,4826,6,10448351135499555360,0,85,0,1,0,0,0
target,4827,6,10448351135499555872,0,79,0,1,0,0,0
target,4828,6,10448351135499556896,0,81,0,1,0,0,0
target,4829,6,10448351135499563040,0,82,0,1,0,0,0
target,4830,6,10448351135499571232,0,76,0,1,0,0,0
target,4831,6,10448351135499816992,0,74,0,1,0,0,0
target,4832,6,10448351135501652000,0,85,0,1,0,0,0
target,4833,6,10448351135503749152,0,78,0,1,0,0,0
target,4834,6,10448351135507943456,0,71,0,1,0,0,0
target,4835,6,10448351135516332064,0,67,0,1,0,0,0
target,4836,6,10448351135533109280,0,79,0,1,0,0,0
target,4837,6,10448351135566663712,0,63,0,1,0,0,0
target,4838,6,10448351135767990304,0,78,0,1,0,0,0
target,4839,6,10448351136036425760,0,74,0,1,0,0,0
target,4840,6,10448351136573296672,0,74,0,1,0,0,0
target,4841,6,10448351137647038496,0,85,0,1,0,0,0
target,4842,6,10448351139794522144,0,82,0,1,0,0,0
target,4843,6,10448351144089489440,0,78,0,1,0,0,0
target,4844,6,10448351152679424032,0,72,0,1,0,0,0
target,4845,6,10448351204219031584,0,69,0,1,0,0,0
target,4846,6,10448351272938508320,0,77,0,1,0,0,0
target,4847,6,10448351410377461792,0,69,0,1,0,0,0
target,4848,6,10448351685255368736,0,71,0,1,0,0,0
target,4849,6,10448352235011182624,0,67,0,1,0,0,0
target,4850,6,10448353334522810400,0,75,0,1,0,0,0
target,4851,6,10448355533546065952,0,83,0,1,0,0,0
target,4852,6,10448359931592577056,0,82,0,1,0,0,0
target,4853,6,10448368727685599264,0,78,0,1,0,0,0
target,4854,6,10448421504243732512,0,78,0,1,0,0,0
target,4855,6,10450602935313240096,0,75,0,1,0,0,0
target,4856,6,10452854735126925344,0,74,0,1,0,0,0
target,4857,6,10664523917613338656,4,86,0,1,0,0,0
target,4858,6,10664523917613338656,8,81,0,1,0,0,0
target,4859,6,10664523917613338656,16,78,0,1,0,0,0
target,4860,6,10664523917613338656,32,74,0,1,0,0,0
target,4861,6,10664523917613338656,64,77,0,1,0,0,0
target,4862,6,10664523917613338656,8192,88,0,1,0,0,0
target,4863,6,10664523917613338656,16384,79,0,1,0,0,0
target,4864,6,10664523917613338656,32768,79,0,1,0,0,0
target,4865,6,10664523917613338656,65536,81,0,1,0,0,0
target,4866,6,10664523917613338656,131072,75,0,1,0,0,0
target,4867,6,10664523917613338656,16777216,86,0,1,0,0,0
target,4868,6,10664523917613338656,33554432,79,0,1,0,0,0
target,4869,6,10664523917613338656,67108864,70,0,1,0,0,0
target,4870,6,10664523917613338656,134217728,81,0,1,0,0,0
target,4871,6,10664523917613338656,268435456,87,0,1,0,0,0
target,4872,6,10952754293765050400,4,81,0,1,0,0,0
target,4873,6,10952754293765050400,8,78,0,1,0,0,0
target,4874,6,10952754293765050400,16,74,0,1,0,0,0
target,4875,6,10952754293765050400,32,67,0,1,0,0,0
target,4876,6,10952754293765050400,64,74,0,1,0,0,0
target,4877,6,10952754293765050400,8192,84,0,1,0,0,0
target,4878,6,10952754293765050400,16384,77,0,1,0,0,0
target,4879,6,10952754293765050400,32768,76,0,1,0,0,0
target,4880,6,10952754293765050400,65536,69,0,1,0,0,0
target,4881,6,10952754293765050400,131072,71,0,1,0,0,0
target,4882,6,10952754293765050400,16777216,80,0,1,0,0,0
target,4883,6,10952754293765050400,33554432,64,0,1,0,0,0
target,4884,6,10952754293765050400,67108864,70,0,1,0,0,0
target,4885,6,10952754293765050400,134217728,78,0,1,0,0,0
target,4886,6,10952754293765050400,268435456,77,0,1,0,0,0
target,4887,6,12682136550675320864,4,83,0,1,0,0,0
target,4888,6,12682136550675320864,8,78,0,1,0,0,0
target,4889,6,12682136550675320864,16,77,0,1,0,0,0
target,4890,6,12682136550675320864,32,71,0,1,0,0,0
target,4891,6,12682136550675320864,64,72,0,1,0,0,0
target,4892,6,12682136550675320864,8192,86,0,1,0,0,0
target,4893,6,12682136550675320864,16384,80,0,1,0,0,0
target,4894,6,12682136550675320864,32768,82,0,1,0,0,0
target,4895,6,12682136550675320864,65536,75,0,1,0,0,0
target,4896,6,12682136550675320864,131072,65,0,1,0,0,0
target,4897,6,12682136550675320864,16777216,84,0,1,0,0,0
target,4898,6,12682136550675320864,33554432,74,0,1,0,0,0
target,4899,6,12682136550675320864,67108864,73,0,1,0,0,0
target,4900,6,12682136550675320864,134217728,76,0,1,0,0,0
target,4901,6,12682136550675320864,268435456,80,0,1,0,0,0
target,4902,6,14987979559889014816,4,90,0,1,0,0,0
target,4903,6,14987979559889014816,8,87,0,1,0,0,0
target,4904,6,14987979559889014816,16,83,0,1,0,0,0
target,4905,6,14987979559889014816,32,83,0,1,0,0,0
target,4906,6,14987979559889014816,64,79,0,1,0,0,0
target,4907,6,14987979559889014816,8192,93,0,1,0,0,0
target,4908,6,14987979559889014816,16384,87,0,1,0,0,0
target,4909,6,14987979559889014816,32768,85,0,1,0,0,0
target,4910,6,14987979559889014816,65536,84,0,1,0,0,0
target,4911,6,14987979559889014816,131072,80,0,1,0,0,0
target,4912,6,14987979559889014816,16777216,93,0,1,0,0,0
target,4913,6,14987979559889014816,33554432,78,0,1,0,0,0
target,4914,6,14987979559889014816,67108864,81,0,1,0,0,0
target,4915,6,14987979559889014816,134217728,87,0,1,0,0,0
target,4916,6,14987979559889014816,268435456,83,0,1,0,0,0
