target,0,6,1152921504606851072,570425347,82,0,1,0,0,0
target,1,6,1152921504606851072,570425349,86,0,1,0,0,0
target,2,6,1152921504606851072,570425350,84,0,1,0,0,0
target,3,6,1152921504606851072,570425354,70,0,1,0,0,0
target,4,6,1152921504606851072,570425361,82,0,1,0,0,0
target,5,6,1152921504606851072,570425362,76,0,1,0,0,0
target,6,6,1152921504606851072,570425377,84,0,1,0,0,0
target,7,6,1152921504606851072,570425409,84,0,1,0,0,0
target,8,6,1152921504606851072,570425410,81,0,1,0,0,0
target,9,6,1152921504606851072,570425473,80,0,1,0,0,0
target,10,6,1152921504606851072,570425474,72,0,1,0,0,0
target,11,6,1152921504606851072,570425601,68,0,1,0,0,0
target,12,6,1152921504606851072,570425602,72,0,1,0,0,0
target,13,6,1152921504606851072,570425857,80,0,1,0,0,0
target,14,6,1152921504606851072,570425858,76,0,1,0,0,0
target,15,6,1152921504606851072,570426369,88,0,1,0,0,0
target,16,6,1152921504606851072,570426370,87,0,1,0,0,0
target,17,6,1152921504606851072,570427393,89,0,1,0,0,0
target,18,6,1152921504606851072,570427396,80,0,1,0,0,0
target,19,6,1152921504606851072,570427400,70,0,1,0,0,0
target,20,6,1152921504606851072,570427408,73,0,1,0,0,0
target,21,6,1152921504606851072,570427424,84,0,1,0,0,0
target,22,6,1152921504606851072,570427456,80,0,1,0,0,0
target,23,6,1152921504606851072,570427520,76,0,1,0,0,0
target,24,6,1152921504606851072,570427648,73,0,1,0,0,0
target,25,6,1152921504606851072,570427904,83,0,1,0,0,0
target,26,6,1152921504606851072,570428416,94,0,1,0,0,0
target,27,6,1152921504606851072,570429441,91,0,1,0,0,0
target,28,6,1152921504606851072,570429442,80,0,1,0,0,0
target,29,6,1152921504606851072,570429444,85,0,1,0,0,0
target,30,6,1152921504606851072,570429448,69,0,1,0,0,0
target,31,6,1152921504606851072,570429456,85,0,1,0,0,0
target,32,6,1152921504606851072,570429472,82,0,1,0,0,0
target,33,6,1152921504606851072,570429504,85,0,1,0,0,0
target,34,6,1152921504606851072,570429568,78,0,1,0,0,0
target,35,6,1152921504606851072,570429696,79,0,1,0,0,0
target,36,6,1152921504606851072,570429952,83,0,1,0,0,0
target,37,6,1152921504606851072,570430464,96,0,1,0,0,0
target,38,6,1152921504606851072,570431488,95,0,1,0,0,0
target,39,6,1152921504606851072,570433537,84,0,1,0,0,0
target,40,6,1152921504606851072,570433538,75,0,1,0,0,0
target,41,6,1152921504606851072,570435584,86,0,1,0,0,0
target,42,6,1152921504606851072,570437632,87,0,1,0,0,0
target,43,6,1152921504606851072,570441729,77,0,1,0,0,0
target,44,6,1152921504606851072,570441730,75,0,1,0,0,0
target,45,6,1152921504606851072,570443776,83,0,1,0,0,0
target,46,6,1152921504606851072,570445824,84,0,1,0,0,0
target,47,6,1152921504606851072,570458113,91,0,1,0,0,0
target,48,6,1152921504606851072,570458114,86,0,1,0,0,0
target,49,6,1152921504606851072,570460160,87,0,1,0,0,0
target,50,6,1152921504606851072,570462208,91,0,1,0,0,0
target,51,6,1152921504606851072,570490881,72,0,1,0,0,0
target,52,6,1152921504606851072,570490882,77,0,1,0,0,0
target,53,6,1152921504606851072,570492928,82,0,1,0,0,0
target,54,6,1152921504606851072,570494976,83,0,1,0,0,0
target,55,6,1152921504606851072,570687489,81,0,1,0,0,0
target,56,6,1152921504606851072,570687490,82,0,1,0,0,0
target,57,6,1152921504606851072,570689536,89,0,1,0,0,0
target,58,6,1152921504606851072,570691584,90,0,1,0,0,0
target,59,6,1152921504606851072,570949633,84,0,1,0,0,0
target,60,6,1152921504606851072,570949634,80,0,1,0,0,0
target,61,6,1152921504606851072,570951680,87,0,1,0,0,0
target,62,6,1152921504606851072,570953728,88,0,1,0,0,0
target,63,6,1152921504606851072,571473921,72,0,1,0,0,0
target,64,6,1152921504606851072,571473922,73,0,1,0,0,0
target,65,6,1152921504606851072,571475968,77,0,1,0,0,0
target,66,6,1152921504606851072,571478016,79,0,1,0,0,0
target,67,6,1152921504606851072,572522497,82,0,1,0,0,0
target,68,6,1152921504606851072,572522498,85,0,1,0,0,0
target,69,6,1152921504606851072,572524544,88,0,1,0,0,0
target,70,6,1152921504606851072,572526592,95,0,1,0,0,0
target,71,6,1152921504606851072,574619649,88,0,1,0,0,0
target,72,6,1152921504606851072,574619650,83,0,1,0,0,0
target,73,6,1152921504606851072,574619652,89,0,1,0,0,0
target,74,6,1152921504606851072,574619656,79,0,1,0,0,0
target,75,6,1152921504606851072,574619664,81,0,1,0,0,0
target,76,6,1152921504606851072,574619680,88,0,1,0,0,0
target,77,6,1152921504606851072,574619712,84,0,1,0,0,0
target,78,6,1152921504606851072,574619776,83,0,1,0,0,0
target,79,6,1152921504606851072,574619904,81,0,1,0,0,0
target,80,6,1152921504606851072,574620160,80,0,1,0,0,0
target,81,6,1152921504606851072,574620672,92,0,1,0,0,0
target,82,6,1152921504606851072,574623744,96,0,1,0,0,0
target,83,6,1152921504606851072,574627840,78,0,1,0,0,0
target,84,6,1152921504606851072,574636032,74,0,1,0,0,0
target,85,6,1152921504606851072,574652416,86,0,1,0,0,0
target,86,6,1152921504606851072,574685184,79,0,1,0,0,0
target,87,6,1152921504606851072,574881792,85,0,1,0,0,0
target,88,6,1152921504606851072,575143936,85,0,1,0,0,0
target,89,6,1152921504606851072,575668224,76,0,1,0,0,0
target,90,6,1152921504606851072,576716800,95,0,1,0,0,0
target,91,6,1152921504606851072,578813953,90,0,1,0,0,0
target,92,6,1152921504606851072,578813954,85,0,1,0,0,0
target,93,6,1152921504606851072,578813956,85,0,1,0,0,0
target,94,6,1152921504606851072,578813960,75,0,1,0,0,0
target,95,6,1152921504606851072,578813984,83,0,1,0,0,0
target,96,6,1152921504606851072,578814016,85,0,1,0,0,0
target,97,6,1152921504606851072,578814080,79,0,1,0,0,0
target,98,6,1152921504606851072,578814208,79,0,1,0,0,0
target,99,6,1152921504606851072,578814464,83,0,1,0,0,0
target,100,6,1152921504606851072,578814976,93,0,1,0,0,0
target,101,6,1152921504606851072,578816000,92,0,1,0,0,0
target,102,6,1152921504606851072,578822144,81,0,1,0,0,0
target,103,6,1152921504606851072,578830336,79,0,1,0,0,0
target,104,6,1152921504606851072,578846720,90,0,1,0,0,0
target,105,6,1152921504606851072,579076096,83,0,1,0,0,0
target,106,6,1152921504606851072,579338240,85,0,1,0,0,0
target,107,6,1152921504606851072,579862528,73,0,1,0,0,0
target,108,6,1152921504606851072,580911104,92,0,1,0,0,0
target,109,6,1152921504606851072,583008256,92,0,1,0,0,0
target,110,6,1152921504606851072,587202561,74,0,1,0,0,0
target,111,6,1152921504606851072,587202562,77,0,1,0,0,0
target,112,6,1152921504606851072,587204608,80,0,1,0,0,0
target,113,6,1152921504606851072,587206656,82,0,1,0,0,0
target,114,6,1152921504606851072,591396864,83,0,1,0,0,0
target,115,6,1152921504606851072,595591168,82,0,1,0,0,0
target,116,6,1152921504606851072,704643073,86,0,1,0,0,0
target,117,6,1152921504606851072,704643074,83,0,1,0,0,0
target,118,6,1152921504606851072,704645120,88,0,1,0,0,0
target,119,6,1152921504606851072,704647168,87,0,1,0,0,0
target,120,6,1152921504606851072,708837376,89,0,1,0,0,0
target,121,6,1152921504606851072,713031680,86,0,1,0,0,0
target,122,6,1152921504606851072,838860801,81,0,1,0,0,0
target,123,6,1152921504606851072,838860802,73,0,1,0,0,0
target,124,6,1152921504606851072,838862848,81,0,1,0,0,0
target,125,6,1152921504606851072,838864896,82,0,1,0,0,0
target,126,6,1152921504606851072,843055104,82,0,1,0,0,0
target,127,6,1152921504606851072,847249408,81,0,1,0,0,0
target,128,6,1152921504606851072,1644167169,70,0,1,0,0,0
target,129,6,1152921504606851072,1644167170,75,0,1,0,0,0
target,130,6,1152921504606851072,1644169216,76,0,1,0,0,0
target,131,6,1152921504606851072,1644171264,81,0,1,0,0,0
target,132,6,1152921504606851072,1648361472,76,0,1,0,0,0
target,133,6,1152921504606851072,1652555776,78,0,1,0,0,0
target,134,6,1152921504606851072,2717908993,84,0,1,0,0,0
target,135,6,1152921504606851072,2717908994,72,0,1,0,0,0
target,136,6,1152921504606851072,2717911040,78,0,1,0,0,0
target,137,6,1152921504606851072,2717913088,81,0,1,0,0,0
target,138,6,1152921504606851072,2722103296,84,0,1,0,0,0
target,139,6,1152921504606851072,2726297600,82,0,1,0,0,0
target,140,6,1152921504606851072,4865392641,63,0,1,0,0,0
target,141,6,1152921504606851072,4865392642,60,0,1,0,0,0
target,142,6,1152921504606851072,4865394688,65,0,1,0,0,0
target,143,6,1152921504606851072,4865396736,66,0,1,0,0,0
target,144,6,1152921504606851072,4869586944,55,0,1,0,0,0
target,145,6,1152921504606851072,9160359940,79,0,1,0,0,0
target,146,6,1152921504606851072,9160359944,70,0,1,0,0,0
target,147,6,1152921504606851072,9160359952,77,0,1,0,0,0
target,148,6,1152921504606851072,9160359968,74,0,1,0,0,0
target,149,6,1152921504606851072,9160360000,78,0,1,0,0,0
target,150,6,1152921504606851072,9160360064,68,0,1,0,0,0
target,151,6,1152921504606851072,9160368128,79,0,1,0,0,0
target,152,6,1152921504606851072,9160376320,76,0,1,0,0,0
target,153,6,1152921504606851072,9160392704,84,0,1,0,0,0
target,154,6,1152921504606851072,9160425472,77,0,1,0,0,0
target,155,6,1152921504606851072,9160622080,81,0,1,0,0,0
target,156,6,1152921504606851072,34930163713,90,0,1,0,0,0
target,157,6,1152921504606851072,34930163714,86,0,1,0,0,0
target,158,6,1152921504606851072,34930165760,91,0,1,0,0,0
target,159,6,1152921504606851072,34930167808,93,0,1,0,0,0
target,160,6,1152921504606851072,34934358016,93,0,1,0,0,0
target,161,6,1152921504606851072,34938552320,81,0,1,0,0,0
target,162,6,1152921504606851072,43520098304,84,0,1,0,0,0
target,163,6,1152921504606851072,52110032896,75,0,1,0,0,0
target,164,6,1152921504606851073,570425345,84,0,1,0,0,0
target,165,6,1152921504606851073,570425346,76,0,1,0,0,0
target,166,6,1152921504606851073,570427392,85,0,1,0,0,0
target,167,6,1152921504606851073,570429440,86,0,1,0,0,0
target,168,6,1152921504606851073,574619648,82,0,1,0,0,0
target,169,6,1152921504606851073,578813952,85,0,1,0,0,0
target,170,6,1152921504606851073,9160359936,79,0,1,0,0,0
target,171,6,1152921504606851074,570425345,82,0,1,0,0,0
target,172,6,1152921504606851074,570425346,76,0,1,0,0,0
target,173,6,1152921504606851074,570427392,77,0,1,0,0,0
target,174,6,1152921504606851074,570429440,83,0,1,0,0,0
target,175,6,1152921504606851074,574619648,83,0,1,0,0,0
target,176,6,1152921504606851074,578813952,81,0,1,0,0,0
target,177,6,1152921504606851074,9160359936,75,0,1,0,0,0
target,178,6,1152921504606851076,570425345,81,0,1,0,0,0
target,179,6,1152921504606851076,570425346,81,0,1,0,0,0
target,180,6,1152921504606851076,570427392,80,0,1,0,0,0
target,181,6,1152921504606851076,570429440,83,0,1,0,0,0
target,182,6,1152921504606851076,574619648,76,0,1,0,0,0
target,183,6,1152921504606851076,578813952,80,0,1,0,0,0
target,184,6,1152921504606851076,9160359936,76,0,1,0,0,0
target,185,6,1152921504606851080,570425345,91,0,1,0,0,0
target,186,6,1152921504606851080,570425346,87,0,1,0,0,0
target,187,6,1152921504606851080,570427392,90,0,1,0,0,0
target,188,6,1152921504606851080,570429440,91,0,1,0,0,0
target,189,6,1152921504606851080,574619648,89,0,1,0,0,0
target,190,6,1152921504606851080,578813952,79,0,1,0,0,0
target,191,6,1152921504606851080,9160359936,83,0,1,0,0,0
target,192,6,1152921504606851088,570425345,83,0,1,0,0,0
target,193,6,1152921504606851088,570425346,89,0,1,0,0,0
target,194,6,1152921504606851088,570427392,95,0,1,0,0,0
target,195,6,1152921504606851088,570429440,93,0,1,0,0,0
target,196,6,1152921504606851088,574619648,96,0,1,0,0,0
target,197,6,1152921504606851088,578813952,92,0,1,0,0,0
target,198,6,1152921504606851088,9160359936,86,0,1,0,0,0
target,199,6,1152921504606851104,570425345,76,0,1,0,0,0
target,200,6,1152921504606851104,570425346,63,0,1,0,0,0
target,201,6,1152921504606851104,570427392,74,0,1,0,0,0
target,202,6,1152921504606851104,570429440,80,0,1,0,0,0
target,203,6,1152921504606851104,574619648,80,0,1,0,0,0
target,204,6,1152921504606851104,578813952,77,0,1,0,0,0
target,205,6,1152921504606851104,9160359936,65,0,1,0,0,0
target,206,6,1152921504606851136,570425345,90,0,1,0,0,0
target,207,6,1152921504606851136,570425346,87,0,1,0,0,0
target,208,6,1152921504606851136,570427392,88,0,1,0,0,0
target,209,6,1152921504606851136,570429440,92,0,1,0,0,0
target,210,6,1152921504606851136,574619648,94,0,1,0,0,0
target,211,6,1152921504606851136,578813952,79,0,1,0,0,0
target,212,6,1152921504606851136,9160359936,84,0,1,0,0,0
target,213,6,1152921504606851200,570425345,95,0,1,0,0,0
target,214,6,1152921504606851200,570425346,84,0,1,0,0,0
target,215,6,1152921504606851200,570427392,96,0,1,0,0,0
target,216,6,1152921504606851200,570429440,94,0,1,0,0,0
target,217,6,1152921504606851200,574619648,97,0,1,0,0,0
target,218,6,1152921504606851200,578813952,90,0,1,0,0,0
target,219,6,1152921504606851200,9160359936,87,0,1,0,0,0
target,220,6,1152921504606851328,570425345,94,0,1,0,0,0
target,221,6,1152921504606851328,570425346,90,0,1,0,0,0
target,222,6,1152921504606851328,570426368,98,0,1,0,0,0
target,223,6,1152921504606851328,570427392,97,0,1,0,0,0
target,224,6,1152921504606851328,570429440,98,0,1,0,0,0
target,225,6,1152921504606851328,572522496,95,0,1,0,0,0
target,226,6,1152921504606851328,574619648,91,0,1,0,0,0
target,227,6,1152921504606851328,578813952,93,0,1,0,0,0
target,228,6,1152921504606851328,9160359936,88,0,1,0,0,0
target,229,6,1152921504606851584,570425345,82,0,1,0,0,0
target,230,6,1152921504606851584,570425346,79,0,1,0,0,0
target,231,6,1152921504606851584,570425352,66,0,1,0,0,0
target,232,6,1152921504606851584,570425360,76,0,1,0,0,0
target,233,6,1152921504606851584,570425376,73,0,1,0,0,0
target,234,6,1152921504606851584,570425408,79,0,1,0,0,0
target,235,6,1152921504606851584,570425472,76,0,1,0,0,0
target,236,6,1152921504606851584,570425600,72,0,1,0,0,0
target,237,6,1152921504606851584,570425856,75,0,1,0,0,0
target,238,6,1152921504606851584,570426368,88,0,1,0,0,0
target,239,6,1152921504606851584,570427392,82,0,1,0,0,0
target,240,6,1152921504606851584,570429440,88,0,1,0,0,0
target,241,6,1152921504606851584,570433536,75,0,1,0,0,0
target,242,6,1152921504606851584,570441728,76,0,1,0,0,0
target,243,6,1152921504606851584,570458112,74,0,1,0,0,0
target,244,6,1152921504606851584,570490880,70,0,1,0,0,0
target,245,6,1152921504606851584,570687488,81,0,1,0,0,0
target,246,6,1152921504606851584,570949632,80,0,1,0,0,0
target,247,6,1152921504606851584,571473920,73,0,1,0,0,0
target,248,6,1152921504606851584,572522496,83,0,1,0,0,0
target,249,6,1152921504606851584,574619648,78,0,1,0,0,0
target,250,6,1152921504606851584,578813952,84,0,1,0,0,0
target,251,6,1152921504606851584,587202560,75,0,1,0,0,0
target,252,6,1152921504606851584,704643072,79,0,1,0,0,0
target,253,6,1152921504606851584,838860800,74,0,1,0,0,0
target,254,6,1152921504606851584,1644167168,75,0,1,0,0,0
target,255,6,1152921504606851584,2717908992,76,0,1,0,0,0
target,256,6,1152921504606851584,4865392640,61,0,1,0,0,0
target,257,6,1152921504606851584,9160359936,77,0,1,0,0,0
target,258,6,1152921504606851585,570425344,69,0,1,0,0,0
target,259,6,1152921504606851586,570425344,71,0,1,0,0,0
target,260,6,1152921504606851592,570425344,81,0,1,0,0,0
target,261,6,1152921504606851600,570425344,85,0,1,0,0,0
target,262,6,1152921504606851616,570425344,72,0,1,0,0,0
target,263,6,1152921504606851648,570425344,86,0,1,0,0,0
target,264,6,1152921504606851712,570425344,88,0,1,0,0,0
target,265,6,1152921504606851840,570425344,89,0,1,0,0,0
target,266,6,1152921504606852096,570425345,89,0,1,0,0,0
target,267,6,1152921504606852096,570425346,84,0,1,0,0,0
target,268,6,1152921504606852096,570425348,87,0,1,0,0,0
target,269,6,1152921504606852096,570425352,76,0,1,0,0,0
target,270,6,1152921504606852096,570425360,83,0,1,0,0,0
target,271,6,1152921504606852096,570425376,86,0,1,0,0,0
target,272,6,1152921504606852096,570425408,80,0,1,0,0,0
target,273,6,1152921504606852096,570425472,82,0,1,0,0,0
target,274,6,1152921504606852096,570425600,77,0,1,0,0,0
target,275,6,1152921504606852096,570425856,82,0,1,0,0,0
target,276,6,1152921504606852096,570426368,92,0,1,0,0,0
target,277,6,1152921504606852096,570427392,94,0,1,0,0,0
target,278,6,1152921504606852096,570429440,93,0,1,0,0,0
target,279,6,1152921504606852096,570433536,85,0,1,0,0,0
target,280,6,1152921504606852096,570441728,84,0,1,0,0,0
target,281,6,1152921504606852096,570458112,92,0,1,0,0,0
target,282,6,1152921504606852096,570490880,74,0,1,0,0,0
target,283,6,1152921504606852096,570687488,89,0,1,0,0,0
target,284,6,1152921504606852096,570949632,86,0,1,0,0,0
target,285,6,1152921504606852096,571473920,76,0,1,0,0,0
target,286,6,1152921504606852096,572522496,94,0,1,0,0,0
target,287,6,1152921504606852096,574619648,94,0,1,0,0,0
target,288,6,1152921504606852096,578813952,87,0,1,0,0,0
target,289,6,1152921504606852096,587202560,81,0,1,0,0,0
target,290,6,1152921504606852096,704643072,87,0,1,0,0,0
target,291,6,1152921504606852096,838860800,81,0,1,0,0,0
target,292,6,1152921504606852096,1644167168,78,0,1,0,0,0
target,293,6,1152921504606852096,2717908992,83,0,1,0,0,0
target,294,6,1152921504606852096,4865392640,69,0,1,0,0,0
target,295,6,1152921504606852096,9160359936,85,0,1,0,0,0
target,296,6,1152921504606852096,34930163712,91,0,1,0,0,0
target,297,6,1152921504606852096,69289902080,67,0,1,0,0,0
target,298,6,1152921504606852096,138009378816,84,0,1,0,0,0
target,299,6,1152921504606852096,550326239232,85,0,1,0,0,0
target,300,6,1152921504606852096,1100082053120,86,0,1,0,0,0
target,301,6,1152921504606852097,570425344,79,0,1,0,0,0
target,302,6,1152921504606852100,570425344,77,0,1,0,0,0
target,303,6,1152921504606852104,570425344,88,0,1,0,0,0
target,304,6,1152921504606852112,570425344,90,0,1,0,0,0
target,305,6,1152921504606852128,570425344,77,0,1,0,0,0
target,306,6,1152921504606852160,570425344,90,0,1,0,0,0
target,307,6,1152921504606852224,570425344,92,0,1,0,0,0
target,308,6,1152921504606852352,570425344,93,0,1,0,0,0
target,309,6,1152921504606852608,570425344,86,0,1,0,0,0
target,310,6,1152921504606853120,570425345,88,0,1,0,0,0
target,311,6,1152921504606853120,570425346,85,0,1,0,0,0
target,312,6,1152921504606853120,570427392,90,0,1,0,0,0
target,313,6,1152921504606853120,570429440,90,0,1,0,0,0
target,314,6,1152921504606853120,574619648,90,0,1,0,0,0
target,315,6,1152921504606853120,578813952,87,0,1,0,0,0
target,316,6,1152921504606853120,9160359936,83,0,1,0,0,0
target,317,6,1152921504606853632,570425344,81,0,1,0,0,0
target,318,6,1152921504606854144,570425344,89,0,1,0,0,0
target,319,6,1152921504606867456,570425345,89,0,1,0,0,0
target,320,6,1152921504606867456,570425346,88,0,1,0,0,0
target,321,6,1152921504606867456,570427392,94,0,1,0,0,0
target,322,6,1152921504606867456,570429440,95,0,1,0,0,0
target,323,6,1152921504606867456,574619648,91,0,1,0,0,0
target,324,6,1152921504606867456,578813952,92,0,1,0,0,0
target,325,6,1152921504606867456,9160359936,87,0,1,0,0,0
target,326,6,1152921504606867968,570425344,86,0,1,0,0,0
target,327,6,1152921504606868480,570425344,93,0,1,0,0,0
target,328,6,1152921504606883840,570425345,87,0,1,0,0,0
target,329,6,1152921504606883840,570425346,83,0,1,0,0,0
target,330,6,1152921504606883840,570427392,86,0,1,0,0,0
target,331,6,1152921504606883840,570429440,90,0,1,0,0,0
target,332,6,1152921504606883840,574619648,90,0,1,0,0,0
target,333,6,1152921504606883840,578813952,82,0,1,0,0,0
target,334,6,1152921504606883840,9160359936,82,0,1,0,0,0
target,335,6,1152921504606884352,570425344,81,0,1,0,0,0
target,336,6,1152921504606884864,570425344,88,0,1,0,0,0
target,337,6,1152921504606982144,570425345,79,0,1,0,0,0
target,338,6,1152921504606982144,570425346,76,0,1,0,0,0
target,339,6,1152921504606982144,570427392,83,0,1,0,0,0
target,340,6,1152921504606982144,570429440,88,0,1,0,0,0
target,341,6,1152921504606982144,574619648,87,0,1,0,0,0
target,342,6,1152921504606982144,578813952,85,0,1,0,0,0
target,343,6,1152921504606982144,9160359936,79,0,1,0,0,0
target,344,6,1152921504606982656,570425344,78,0,1,0,0,0
target,345,6,1152921504606983168,570425344,86,0,1,0,0,0
target,346,6,1152921504607113216,570425345,80,0,1,0,0,0
target,347,6,1152921504607113216,570425346,81,0,1,0,0,0
target,348,6,1152921504607113216,570427392,90,0,1,0,0,0
target,349,6,1152921504607113216,570429440,89,0,1,0,0,0
target,350,6,1152921504607113216,574619648,87,0,1,0,0,0
target,351,6,1152921504607113216,578813952,87,0,1,0,0,0
target,352,6,1152921504607113216,9160359936,84,0,1,0,0,0
target,353,6,1152921504607113728,570425344,82,0,1,0,0,0
target,354,6,1152921504607114240,570425344,85,0,1,0,0,0
target,355,6,1152921504607375360,570425345,82,0,1,0,0,0
target,356,6,1152921504607375360,570425346,77,0,1,0,0,0
target,357,6,1152921504607375360,570426368,85,0,1,0,0,0
target,358,6,1152921504607375360,570427392,89,0,1,0,0,0
target,359,6,1152921504607375360,570429440,89,0,1,0,0,0
target,360,6,1152921504607375360,572522496,78,0,1,0,0,0
target,361,6,1152921504607375360,574619648,90,0,1,0,0,0
target,362,6,1152921504607375360,578813952,79,0,1,0,0,0
target,363,6,1152921504607375360,9160359936,76,0,1,0,0,0
target,364,6,1152921504607375872,570425344,76,0,1,0,0,0
target,365,6,1152921504607376384,570425344,87,0,1,0,0,0
target,366,6,1152921504607895552,9143582722,68,0,1,0,0,0
target,367,6,1152921504607895552,9143582724,72,0,1,0,0,0
target,368,6,1152921504607895552,9143582728,72,0,1,0,0,0
target,369,6,1152921504607895552,9143582736,73,0,1,0,0,0
target,370,6,1152921504607895552,9143582752,63,0,1,0,0,0
target,371,6,1152921504607895552,9143582784,61,0,1,0,0,0
target,372,6,1152921504607895552,9143582848,63,0,1,0,0,0
target,373,6,1152921504607895552,9143582976,62,0,1,0,0,0
target,374,6,1152921504607895552,9143583232,70,0,1,0,0,0
target,375,6,1152921504607895552,9143583744,64,0,1,0,0,0
target,376,6,1152921504607895552,9143584768,56,0,1,0,0,0
target,377,6,1152921504607895552,9143590912,68,0,1,0,0,0
target,378,6,1152921504607895552,9143599104,73,0,1,0,0,0
target,379,6,1152921504607895552,9143648256,64,0,1,0,0,0
target,380,6,1152921504607895552,9143713792,69,0,1,0,0,0
target,381,6,1152921504607895552,9143844864,66,0,1,0,0,0
target,382,6,1152921504607895552,9144631296,67,0,1,0,0,0
target,383,6,1152921504607895552,9145679872,71,0,1,0,0,0
target,384,6,1152921504607895552,9147777024,64,0,1,0,0,0
target,385,6,1152921504607895552,9151971328,71,0,1,0,0,0
target,386,6,1152921504607895552,9160359940,85,0,1,0,0,0
target,387,6,1152921504607895552,9160359944,80,0,1,0,0,0
target,388,6,1152921504607895552,9160359952,83,0,1,0,0,0
target,389,6,1152921504607895552,9160359968,75,0,1,0,0,0
target,390,6,1152921504607895552,9160360000,73,0,1,0,0,0
target,391,6,1152921504607895552,9160368128,81,0,1,0,0,0
target,392,6,1152921504607895552,9160376320,86,0,1,0,0,0
target,393,6,1152921504607895552,9160392704,83,0,1,0,0,0
target,394,6,1152921504607895552,9160425472,73,0,1,0,0,0
target,395,6,1152921504607895552,9160491008,77,0,1,0,0,0
target,396,6,1152921504607895552,43486543874,84,0,1,0,0,0
target,397,6,1152921504607895552,43486543876,94,0,1,0,0,0
target,398,6,1152921504607895552,43486543880,96,0,1,0,0,0
target,399,6,1152921504607895552,43486543888,94,0,1,0,0,0
target,400,6,1152921504607895552,43486543904,82,0,1,0,0,0
target,401,6,1152921504607895552,43486543936,81,0,1,0,0,0
target,402,6,1152921504607895552,43486544000,82,0,1,0,0,0
target,403,6,1152921504607895552,43486544128,87,0,1,0,0,0
target,404,6,1152921504607895552,43486544384,86,0,1,0,0,0
target,405,6,1152921504607895552,43486544896,85,0,1,0,0,0
target,406,6,1152921504607895552,43486545920,78,0,1,0,0,0
target,407,6,1152921504607895552,43486547968,89,0,1,0,0,0
target,408,6,1152921504607895552,43486552064,93,0,1,0,0,0
target,409,6,1152921504607895552,43486560256,97,0,1,0,0,0
target,410,6,1152921504607895552,43486576640,96,0,1,0,0,0
target,411,6,1152921504607895552,43486609408,80,0,1,0,0,0
target,412,6,1152921504607895552,43486674944,88,0,1,0,0,0
target,413,6,1152921504607895552,43486806016,89,0,1,0,0,0
target,414,6,1152921504607895552,43487592448,83,0,1,0,0,0
target,415,6,1152921504607895552,43488641024,94,0,1,0,0,0
target,416,6,1152921504607895552,43490738176,85,0,1,0,0,0
target,417,6,1152921504607895552,43494932480,87,0,1,0,0,0
target,418,6,1152921504607895552,43503321088,74,0,1,0,0,0
target,419,6,1152921504607895552,43520098304,87,0,1,0,0,0
target,420,6,1152921504607895552,43553652736,73,0,1,0,0,0
target,421,6,1152921504607895552,43620761600,85,0,1,0,0,0
target,422,6,1152921504607895552,43754979328,81,0,1,0,0,0
target,423,6,1152921504607895552,44560285696,83,0,1,0,0,0
target,424,6,1152921504607895552,45634027520,89,0,1,0,0,0
target,425,6,1152921504607895552,60666413056,83,0,1,0,0,0
target,426,6,1152921504607895553,9143582720,72,0,1,0,0,0
target,427,6,1152921504607895553,77846282240,77,0,1,0,0,0
target,428,6,1152921504607895553,146565758976,90,0,1,0,0,0
target,429,6,1152921504607895553,284004712448,90,0,1,0,0,0
target,430,6,1152921504607895553,558882619392,90,0,1,0,0,0
target,431,6,1152921504607895554,43486543872,89,0,1,0,0,0
target,432,6,1152921504607895556,9143582720,75,0,1,0,0,0
target,433,6,1152921504607895556,43486543872,98,0,1,0,0,0
target,434,6,1152921504607895556,77846282240,78,0,1,0,0,0
target,435,6,1152921504607895560,9143582720,76,0,1,0,0,0
target,436,6,1152921504607895560,43486543872,97,0,1,0,0,0
target,437,6,1152921504607895568,9143582720,76,0,1,0,0,0
target,438,6,1152921504607895568,43486543872,94,0,1,0,0,0
target,439,6,1152921504607895584,9143582720,63,0,1,0,0,0
target,440,6,1152921504607895584,43486543872,81,0,1,0,0,0
target,441,6,1152921504607895616,9143582720,76,0,1,0,0,0
target,442,6,1152921504607895616,43486543872,93,0,1,0,0,0
target,443,6,1152921504607895680,9143582720,75,0,1,0,0,0
target,444,6,1152921504607895680,43486543872,94,0,1,0,0,0
target,445,6,1152921504607895808,43486543872,84,0,1,0,0,0
target,446,6,1152921504607896064,9143582720,65,0,1,0,0,0
target,447,6,1152921504607896064,43486543872,80,0,1,0,0,0
target,448,6,1152921504607896576,9143582720,70,0,1,0,0,0
target,449,6,1152921504607896576,43486543872,87,0,1,0,0,0
target,450,6,1152921504607897600,9160359936,79,0,1,0,0,0
target,451,6,1152921504607897600,43486543872,85,0,1,0,0,0
target,452,6,1152921504607897600,146565758976,82,0,1,0,0,0
target,453,6,1152921504607897600,284004712448,85,0,1,0,0,0
target,454,6,1152921504607897600,558882619392,83,0,1,0,0,0
target,455,6,1152921504607899648,570425345,91,0,1,0,0,0
target,456,6,1152921504607899648,570425346,83,0,1,0,0,0
target,457,6,1152921504607899648,570425348,86,0,1,0,0,0
target,458,6,1152921504607899648,570425352,76,0,1,0,0,0
target,459,6,1152921504607899648,570425360,82,0,1,0,0,0
target,460,6,1152921504607899648,570425376,84,0,1,0,0,0
target,461,6,1152921504607899648,570425408,76,0,1,0,0,0
target,462,6,1152921504607899648,570425472,79,0,1,0,0,0
target,463,6,1152921504607899648,570425600,72,0,1,0,0,0
target,464,6,1152921504607899648,570425856,81,0,1,0,0,0
target,465,6,1152921504607899648,570426368,90,0,1,0,0,0
target,466,6,1152921504607899648,570427392,88,0,1,0,0,0
target,467,6,1152921504607899648,570429440,94,0,1,0,0,0
target,468,6,1152921504607899648,570433536,84,0,1,0,0,0
target,469,6,1152921504607899648,570441728,77,0,1,0,0,0
target,470,6,1152921504607899648,570458112,90,0,1,0,0,0
target,471,6,1152921504607899648,570490880,70,0,1,0,0,0
target,472,6,1152921504607899648,570687488,89,0,1,0,0,0
target,473,6,1152921504607899648,570949632,83,0,1,0,0,0
target,474,6,1152921504607899648,571473920,72,0,1,0,0,0
target,475,6,1152921504607899648,572522496,93,0,1,0,0,0
target,476,6,1152921504607899648,574619648,83,0,1,0,0,0
target,477,6,1152921504607899648,578813952,90,0,1,0,0,0
target,478,6,1152921504607899648,587202560,81,0,1,0,0,0
target,479,6,1152921504607899648,704643072,87,0,1,0,0,0
target,480,6,1152921504607899648,838860800,82,0,1,0,0,0
target,481,6,1152921504607899648,1644167168,82,0,1,0,0,0
target,482,6,1152921504607899648,2717908992,84,0,1,0,0,0
target,483,6,1152921504607899648,4865392640,62,0,1,0,0,0
target,484,6,1152921504607899648,9143582720,76,0,1,0,0,0
target,485,6,1152921504607899648,34930163712,90,0,1,0,0,0
target,486,6,1152921504607899648,43486543872,93,0,1,0,0,0
target,487,6,1152921504607899648,77846282240,73,0,1,0,0,0
target,488,6,1152921504607899649,570425344,81,0,1,0,0,0
target,489,6,1152921504607899650,570425344,81,0,1,0,0,0
target,490,6,1152921504607899652,570425344,75,0,1,0,0,0
target,491,6,1152921504607899656,570425344,92,0,1,0,0,0
target,492,6,1152921504607899664,570425344,90,0,1,0,0,0
target,493,6,1152921504607899680,570425344,74,0,1,0,0,0
target,494,6,1152921504607899712,570425344,91,0,1,0,0,0
target,495,6,1152921504607899776,570425344,94,0,1,0,0,0
target,496,6,1152921504607899904,570425344,83,0,1,0,0,0
target,497,6,1152921504607900160,570425344,83,0,1,0,0,0
target,498,6,1152921504607900672,570425344,85,0,1,0,0,0
target,499,6,1152921504607901696,570425344,80,0,1,0,0,0
target,500,6,1152921504607903744,9143582720,69,0,1,0,0,0
target,501,6,1152921504607903744,43486543872,91,0,1,0,0,0
target,502,6,1152921504607911936,9143582720,72,0,1,0,0,0
target,503,6,1152921504607911936,43486543872,91,0,1,0,0,0
target,504,6,1152921504607916032,570425344,84,0,1,0,0,0
target,505,6,1152921504607928320,9143582720,71,0,1,0,0,0
target,506,6,1152921504607928320,43486543872,88,0,1,0,0,0
target,507,6,1152921504607932416,570425344,77,0,1,0,0,0
target,508,6,1152921504608026624,9143582720,71,0,1,0,0,0
target,509,6,1152921504608026624,43486543872,90,0,1,0,0,0
target,510,6,1152921504608030720,570425344,76,0,1,0,0,0
target,511,6,1152921504608157696,9143582720,67,0,1,0,0,0
target,512,6,1152921504608157696,43486543872,95,0,1,0,0,0
target,513,6,1152921504608161792,570425344,80,0,1,0,0,0
target,514,6,1152921504608423936,570425344,81,0,1,0,0,0
target,515,6,1152921504608948224,570425345,80,0,1,0,0,0
target,516,6,1152921504608948224,570425346,81,0,1,0,0,0
target,517,6,1152921504608948224,570425352,68,0,1,0,0,0
target,518,6,1152921504608948224,570425360,74,0,1,0,0,0
target,519,6,1152921504608948224,570425376,78,0,1,0,0,0
target,520,6,1152921504608948224,570425408,80,0,1,0,0,0
target,521,6,1152921504608948224,570425472,69,0,1,0,0,0
target,522,6,1152921504608948224,570425600,70,0,1,0,0,0
target,523,6,1152921504608948224,570425856,78,0,1,0,0,0
target,524,6,1152921504608948224,570426368,86,0,1,0,0,0
target,525,6,1152921504608948224,570427392,85,0,1,0,0,0
target,526,6,1152921504608948224,570429440,83,0,1,0,0,0
target,527,6,1152921504608948224,570433536,80,0,1,0,0,0
target,528,6,1152921504608948224,570441728,76,0,1,0,0,0
target,529,6,1152921504608948224,570458112,83,0,1,0,0,0
target,530,6,1152921504608948224,570490880,72,0,1,0,0,0
target,531,6,1152921504608948224,570687488,80,0,1,0,0,0
target,532,6,1152921504608948224,570949632,76,0,1,0,0,0
target,533,6,1152921504608948224,571473920,72,0,1,0,0,0
target,534,6,1152921504608948224,572522496,86,0,1,0,0,0
target,535,6,1152921504608948224,574619648,86,0,1,0,0,0
target,536,6,1152921504608948224,578813952,80,0,1,0,0,0
target,537,6,1152921504608948224,587202560,75,0,1,0,0,0
target,538,6,1152921504608948224,704643072,75,0,1,0,0,0
target,539,6,1152921504608948224,838860800,75,0,1,0,0,0
target,540,6,1152921504608948224,2717908992,78,0,1,0,0,0
target,541,6,1152921504608948224,4865392640,64,0,1,0,0,0
target,542,6,1152921504608948224,34930163712,83,0,1,0,0,0
target,543,6,1152921504608948224,69289902080,71,0,1,0,0,0
target,544,6,1152921504608948224,550326239232,77,0,1,0,0,0
target,545,6,1152921504608948224,1100082053120,77,0,1,0,0,0
target,546,6,1152921504608948225,570425344,78,0,1,0,0,0
target,547,6,1152921504608948232,570425344,83,0,1,0,0,0
target,548,6,1152921504608948240,570425344,86,0,1,0,0,0
target,549,6,1152921504608948256,570425344,70,0,1,0,0,0
target,550,6,1152921504608948288,570425344,84,0,1,0,0,0
target,551,6,1152921504608948352,570425344,85,0,1,0,0,0
target,552,6,1152921504608948480,570425344,87,0,1,0,0,0
target,553,6,1152921504608950272,570425344,75,0,1,0,0,0
target,554,6,1152921504608964608,570425344,77,0,1,0,0,0
target,555,6,1152921504608980992,570425344,72,0,1,0,0,0
target,556,6,1152921504609079296,570425344,75,0,1,0,0,0
target,557,6,1152921504609210368,570425344,75,0,1,0,0,0
target,558,6,1152921504609472512,570425344,73,0,1,0,0,0
target,559,6,1152921504609992704,9143582720,73,0,1,0,0,0
target,560,6,1152921504609992704,43486543872,91,0,1,0,0,0
target,561,6,1152921504609996800,570425344,76,0,1,0,0,0
target,562,6,1152921504611045376,570425345,78,0,1,0,0,0
target,563,6,1152921504611045376,570425346,80,0,1,0,0,0
target,564,6,1152921504611045376,570427392,85,0,1,0,0,0
target,565,6,1152921504611045376,570429440,87,0,1,0,0,0
target,566,6,1152921504611045376,574619648,86,0,1,0,0,0
target,567,6,1152921504611045376,578813952,74,0,1,0,0,0
target,568,6,1152921504611045376,9160359936,78,0,1,0,0,0
target,569,6,1152921504611045888,570425344,79,0,1,0,0,0
target,570,6,1152921504611046400,570425344,85,0,1,0,0,0
target,571,6,1152921504612089856,9143582720,76,0,1,0,0,0
target,572,6,1152921504612089856,9160359936,89,0,1,0,0,0
target,573,6,1152921504612089856,43486543872,94,0,1,0,0,0
target,574,6,1152921504612089856,77846282240,78,0,1,0,0,0
target,575,6,1152921504612093952,570425344,83,0,1,0,0,0
target,576,6,1152921504613142528,570425344,78,0,1,0,0,0
target,577,6,1152921504615239680,570425345,81,0,1,0,0,0
target,578,6,1152921504615239680,570425346,67,0,1,0,0,0
target,579,6,1152921504615239680,570427392,77,0,1,0,0,0
target,580,6,1152921504615239680,570429440,82,0,1,0,0,0
target,581,6,1152921504615239680,574619648,82,0,1,0,0,0
target,582,6,1152921504615239680,578813952,79,0,1,0,0,0
target,583,6,1152921504615239680,9160359936,68,0,1,0,0,0
target,584,6,1152921504615240192,570425344,71,0,1,0,0,0
target,585,6,1152921504615240704,570425344,80,0,1,0,0,0
target,586,6,1152921504616284160,9143582720,75,0,1,0,0,0
target,587,6,1152921504616284160,9160359936,77,0,1,0,0,0
target,588,6,1152921504616284160,43486543872,95,0,1,0,0,0
target,589,6,1152921504616288256,570425344,78,0,1,0,0,0
target,590,6,1152921504617336832,570425344,71,0,1,0,0,0
target,591,6,1152921504623628288,570425345,86,0,1,0,0,0
target,592,6,1152921504623628288,570425346,83,0,1,0,0,0
target,593,6,1152921504623628288,570427392,83,0,1,0,0,0
target,594,6,1152921504623628288,570429440,88,0,1,0,0,0
target,595,6,1152921504623628288,574619648,89,0,1,0,0,0
target,596,6,1152921504623628288,578813952,86,0,1,0,0,0
target,597,6,1152921504623628288,9160359936,80,0,1,0,0,0
target,598,6,1152921504623628800,570425344,81,0,1,0,0,0
target,599,6,1152921504623629312,570425344,85,0,1,0,0,0
target,600,6,1152921504624672768,9143582720,67,0,1,0,0,0
target,601,6,1152921504624672768,9160359936,80,0,1,0,0,0
target,602,6,1152921504624672768,43486543872,90,0,1,0,0,0
target,603,6,1152921504624676864,570425344,79,0,1,0,0,0
target,604,6,1152921504625725440,570425344,78,0,1,0,0,0
target,605,6,1152921504641449984,9143582720,63,0,1,0,0,0
target,606,6,1152921504641449984,9160359936,77,0,1,0,0,0
target,607,6,1152921504641449984,43486543872,87,0,1,0,0,0
target,608,6,1152921504675004416,9143582720,72,0,1,0,0,0
target,609,6,1152921504675004416,9160359936,86,0,1,0,0,0
target,610,6,1152921504675004416,43486543872,96,0,1,0,0,0
target,611,6,1152921504741068800,570425345,78,0,1,0,0,0
target,612,6,1152921504741068800,570425346,70,0,1,0,0,0
target,613,6,1152921504741068800,570427392,71,0,1,0,0,0
target,614,6,1152921504741068800,570429440,80,0,1,0,0,0
target,615,6,1152921504741068800,574619648,80,0,1,0,0,0
target,616,6,1152921504741068800,578813952,71,0,1,0,0,0
target,617,6,1152921504741068800,9160359936,71,0,1,0,0,0
target,618,6,1152921504741069312,570425344,70,0,1,0,0,0
target,619,6,1152921504741069824,570425344,76,0,1,0,0,0
target,620,6,1152921504742113280,9143582720,62,0,1,0,0,0
target,621,6,1152921504742113280,43486543872,81,0,1,0,0,0
target,622,6,1152921504742117376,570425344,75,0,1,0,0,0
target,623,6,1152921504743165952,570425344,67,0,1,0,0,0
target,624,6,1152921504749453313,68719476737,87,0,1,0,0,0
target,625,6,1152921504749453313,68719478784,83,0,1,0,0,0
target,626,6,1152921504749453313,68719480832,87,0,1,0,0,0
target,627,6,1152921504749453313,68723671040,90,0,1,0,0,0
target,628,6,1152921504749453313,68727865344,88,0,1,0,0,0
target,629,6,1152921504749453313,77309411328,89,0,1,0,0,0
target,630,6,1152921504749453313,85899345920,88,0,1,0,0,0
target,631,6,1152921504749453314,68719476737,83,0,1,0,0,0
target,632,6,1152921504749453314,68719476738,79,0,1,0,0,0
target,633,6,1152921504749453314,68719478784,78,0,1,0,0,0
target,634,6,1152921504749453314,68719480832,75,0,1,0,0,0
target,635,6,1152921504749453314,68723671040,85,0,1,0,0,0
target,636,6,1152921504749453314,68727865344,83,0,1,0,0,0
target,637,6,1152921504749453314,77309411328,74,0,1,0,0,0
target,638,6,1152921504749453314,85899345920,86,0,1,0,0,0
target,639,6,1152921504749453316,68719476737,95,0,1,0,0,0
target,640,6,1152921504749453316,68719476738,91,0,1,0,0,0
target,641,6,1152921504749453316,68719478784,86,0,1,0,0,0
target,642,6,1152921504749453316,68719480832,97,0,1,0,0,0
target,643,6,1152921504749453316,68723671040,94,0,1,0,0,0
target,644,6,1152921504749453316,68727865344,96,0,1,0,0,0
target,645,6,1152921504749453316,77309411328,97,0,1,0,0,0
target,646,6,1152921504749453316,85899345920,97,0,1,0,0,0
target,647,6,1152921504749453320,68719476737,87,0,1,0,0,0
target,648,6,1152921504749453320,68719476738,85,0,1,0,0,0
target,649,6,1152921504749453320,68719478784,74,0,1,0,0,0
target,650,6,1152921504749453320,68719480832,88,0,1,0,0,0
target,651,6,1152921504749453320,68723671040,87,0,1,0,0,0
target,652,6,1152921504749453320,68727865344,80,0,1,0,0,0
target,653,6,1152921504749453320,77309411328,90,0,1,0,0,0
target,654,6,1152921504749453320,85899345920,91,0,1,0,0,0
target,655,6,1152921504749453344,68719476737,86,0,1,0,0,0
target,656,6,1152921504749453344,68719476738,72,0,1,0,0,0
target,657,6,1152921504749453344,68719478784,82,0,1,0,0,0
target,658,6,1152921504749453344,68719480832,88,0,1,0,0,0
target,659,6,1152921504749453344,68723671040,90,0,1,0,0,0
target,660,6,1152921504749453344,68727865344,88,0,1,0,0,0
target,661,6,1152921504749453344,77309411328,81,0,1,0,0,0
target,662,6,1152921504749453344,85899345920,91,0,1,0,0,0
target,663,6,1152921504749453376,68719476737,91,0,1,0,0,0
target,664,6,1152921504749453376,68719476738,88,0,1,0,0,0
target,665,6,1152921504749453376,68719478784,86,0,1,0,0,0
target,666,6,1152921504749453376,68719480832,90,0,1,0,0,0
target,667,6,1152921504749453376,68723671040,95,0,1,0,0,0
target,668,6,1152921504749453376,68727865344,93,0,1,0,0,0
target,669,6,1152921504749453376,77309411328,94,0,1,0,0,0
target,670,6,1152921504749453376,85899345920,95,0,1,0,0,0
target,671,6,1152921504749453440,68719476737,84,0,1,0,0,0
target,672,6,1152921504749453440,68719476738,79,0,1,0,0,0
target,673,6,1152921504749453440,68719478784,80,0,1,0,0,0
target,674,6,1152921504749453440,68719480832,86,0,1,0,0,0
target,675,6,1152921504749453440,68723671040,88,0,1,0,0,0
target,676,6,1152921504749453440,77309411328,87,0,1,0,0,0
target,677,6,1152921504749453440,85899345920,89,0,1,0,0,0
target,678,6,1152921504749453568,68719476737,92,0,1,0,0,0
target,679,6,1152921504749453568,68719476738,88,0,1,0,0,0
target,680,6,1152921504749453568,68719478784,90,0,1,0,0,0
target,681,6,1152921504749453568,68719480832,85,0,1,0,0,0
target,682,6,1152921504749453568,68723671040,96,0,1,0,0,0
target,683,6,1152921504749453568,68727865344,89,0,1,0,0,0
target,684,6,1152921504749453568,77309411328,84,0,1,0,0,0
target,685,6,1152921504749453568,85899345920,94,0,1,0,0,0
target,686,6,1152921504749453824,68719476737,92,0,1,0,0,0
target,687,6,1152921504749453824,68719476738,89,0,1,0,0,0
target,688,6,1152921504749453824,68719478784,85,0,1,0,0,0
target,689,6,1152921504749453824,68719480832,96,0,1,0,0,0
target,690,6,1152921504749453824,68727865344,95,0,1,0,0,0
target,691,6,1152921504749453824,77309411328,92,0,1,0,0,0
target,692,6,1152921504749453824,85899345920,99,0,1,0,0,0
target,693,6,1152921504749454336,68719476737,76,0,1,0,0,0
target,694,6,1152921504749454336,68719476738,73,0,1,0,0,0
target,695,6,1152921504749454336,68719476752,78,0,1,0,0,0
target,696,6,1152921504749454336,68719477760,79,0,1,0,0,0
target,697,6,1152921504749454336,68719478784,78,0,1,0,0,0
target,698,6,1152921504749454336,68719480832,76,0,1,0,0,0
target,699,6,1152921504749454336,68719484928,72,0,1,0,0,0
target,700,6,1152921504749454336,68719493120,71,0,1,0,0,0
target,701,6,1152921504749454336,68719509504,80,0,1,0,0,0
target,702,6,1152921504749454336,68719738880,72,0,1,0,0,0
target,703,6,1152921504749454336,68720001024,73,0,1,0,0,0
target,704,6,1152921504749454336,68721573888,84,0,1,0,0,0
target,705,6,1152921504749454336,68723671040,83,0,1,0,0,0
target,706,6,1152921504749454336,68736253952,73,0,1,0,0,0
target,707,6,1152921504749454336,68753031168,66,0,1,0,0,0
target,708,6,1152921504749454336,69793218560,76,0,1,0,0,0
target,709,6,1152921504749454336,70866960384,74,0,1,0,0,0
target,710,6,1152921504749454336,73014444032,73,0,1,0,0,0
target,711,6,1152921504749454336,77309411328,83,0,1,0,0,0
target,712,6,1152921504749454336,85899345920,78,0,1,0,0,0
target,713,6,1152921504749454336,103079215104,79,0,1,0,0,0
target,714,6,1152921504749454336,618475290624,77,0,1,0,0,0
target,715,6,1152921504749454336,2267742732288,75,0,1,0,0,0
target,716,6,1152921504749454336,4466765987840,74,0,1,0,0,0
target,717,6,1152921504749454336,8864812498944,78,0,1,0,0,0
target,718,6,1152921504749454337,68719476736,72,0,1,0,0,0
target,719,6,1152921504749454338,68719476736,66,0,1,0,0,0
target,720,6,1152921504749454340,68719476736,79,0,1,0,0,0
target,721,6,1152921504749454368,68719476736,72,0,1,0,0,0
target,722,6,1152921504749454400,68719476736,79,0,1,0,0,0
target,723,6,1152921504749454592,68719476736,77,0,1,0,0,0
target,724,6,1152921504749454848,68719476736,78,0,1,0,0,0
target,725,6,1152921504749456384,68719476736,83,0,1,0,0,0
target,726,6,1152921504749457408,68719476737,75,0,1,0,0,0
target,727,6,1152921504749457408,68719476738,74,0,1,0,0,0
target,728,6,1152921504749457408,68719478784,73,0,1,0,0,0
target,729,6,1152921504749457408,68719480832,78,0,1,0,0,0
target,730,6,1152921504749457408,68723671040,78,0,1,0,0,0
target,731,6,1152921504749457408,68727865344,77,0,1,0,0,0
target,732,6,1152921504749458432,68719476736,65,0,1,0,0,0
target,733,6,1152921504749461504,68719476737,82,0,1,0,0,0
target,734,6,1152921504749461504,68719476738,72,0,1,0,0,0
target,735,6,1152921504749461504,68719478784,82,0,1,0,0,0
target,736,6,1152921504749461504,68719480832,82,0,1,0,0,0
target,737,6,1152921504749461504,68723671040,84,0,1,0,0,0
target,738,6,1152921504749461504,68727865344,83,0,1,0,0,0
target,739,6,1152921504749461504,77309411328,75,0,1,0,0,0
target,740,6,1152921504749461504,85899345920,85,0,1,0,0,0
target,741,6,1152921504749462528,68719476736,74,0,1,0,0,0
target,742,6,1152921504749486080,68719476737,85,0,1,0,0,0
target,743,6,1152921504749486080,68719476738,80,0,1,0,0,0
target,744,6,1152921504749486080,68719478784,70,0,1,0,0,0
target,745,6,1152921504749486080,68719480832,86,0,1,0,0,0
target,746,6,1152921504749486080,68723671040,88,0,1,0,0,0
target,747,6,1152921504749486080,68727865344,78,0,1,0,0,0
target,748,6,1152921504749486080,77309411328,88,0,1,0,0,0
target,749,6,1152921504749486080,85899345920,87,0,1,0,0,0
target,750,6,1152921504749487104,68719476736,76,0,1,0,0,0
target,751,6,1152921504749518848,68719476737,82,0,1,0,0,0
target,752,6,1152921504749518848,68719476738,80,0,1,0,0,0
target,753,6,1152921504749518848,68719478784,80,0,1,0,0,0
target,754,6,1152921504749518848,68719480832,74,0,1,0,0,0
target,755,6,1152921504749518848,68723671040,86,0,1,0,0,0
target,756,6,1152921504749518848,68727865344,86,0,1,0,0,0
target,757,6,1152921504749518848,77309411328,88,0,1,0,0,0
target,758,6,1152921504749518848,85899345920,89,0,1,0,0,0
target,759,6,1152921504749519872,68719476736,68,0,1,0,0,0
target,760,6,1152921504749584384,68719476737,89,0,1,0,0,0
target,761,6,1152921504749584384,68719480832,91,0,1,0,0,0
target,762,6,1152921504749584384,68723671040,92,0,1,0,0,0
target,763,6,1152921504749584384,68727865344,88,0,1,0,0,0
target,764,6,1152921504749584384,77309411328,91,0,1,0,0,0
target,765,6,1152921504749584384,85899345920,88,0,1,0,0,0
target,766,6,1152921504749585408,68719476736,79,0,1,0,0,0
target,767,6,1152921504749715456,68719476738,87,0,1,0,0,0
target,768,6,1152921504749715456,68719478784,89,0,1,0,0,0
target,769,6,1152921504749715456,68719480832,93,0,1,0,0,0
target,770,6,1152921504749715456,68723671040,92,0,1,0,0,0
target,771,6,1152921504749715456,68727865344,84,0,1,0,0,0
target,772,6,1152921504749715456,77309411328,95,0,1,0,0,0
target,773,6,1152921504749715456,85899345920,96,0,1,0,0,0
target,774,6,1152921504749716480,68719476736,77,0,1,0,0,0
target,775,6,1152921504749977600,68719476737,88,0,1,0,0,0
target,776,6,1152921504749977600,68719476738,76,0,1,0,0,0
target,777,6,1152921504749977600,68719478784,85,0,1,0,0,0
target,778,6,1152921504749977600,68719480832,90,0,1,0,0,0
target,779,6,1152921504749977600,68723671040,92,0,1,0,0,0
target,780,6,1152921504749977600,68727865344,84,0,1,0,0,0
target,781,6,1152921504749977600,77309411328,78,0,1,0,0,0
target,782,6,1152921504749977600,85899345920,93,0,1,0,0,0
target,783,6,1152921504749978624,68719476736,76,0,1,0,0,0
target,784,6,1152921504750501888,68719476737,74,0,1,0,0,0
target,785,6,1152921504750501888,68719477760,73,0,1,0,0,0
target,786,6,1152921504750501888,68719480832,68,0,1,0,0,0
target,787,6,1152921504750501888,68720525312,70,0,1,0,0,0
target,788,6,1152921504750501888,68721573888,77,0,1,0,0,0
target,789,6,1152921504750501888,68723671040,73,0,1,0,0,0
target,790,6,1152921504750501888,68727865344,77,0,1,0,0,0
target,791,6,1152921504750501888,73014444032,68,0,1,0,0,0
target,792,6,1152921504750501888,77309411328,61,0,1,0,0,0
target,793,6,1152921504750501889,68719476736,71,0,1,0,0,0
target,794,6,1152921504750501890,68719476736,58,0,1,0,0,0
target,795,6,1152921504750501892,68719476736,76,0,1,0,0,0
target,796,6,1152921504750501896,68719476736,75,0,1,0,0,0
target,797,6,1152921504750501920,68719476736,65,0,1,0,0,0
target,798,6,1152921504750501952,68719476736,73,0,1,0,0,0
target,799,6,1152921504750502144,68719476736,61,0,1,0,0,0
target,800,6,1152921504750502400,68719476736,74,0,1,0,0,0
target,801,6,1152921504750503936,68719476736,62,0,1,0,0,0
target,802,6,1152921504750505984,68719476736,61,0,1,0,0,0
target,803,6,1152921504750534656,68719476736,67,0,1,0,0,0
target,804,6,1152921504750567424,68719476736,67,0,1,0,0,0
target,805,6,1152921504750764032,68719476736,71,0,1,0,0,0
target,806,6,1152921504751026176,68719476736,66,0,1,0,0,0
target,807,6,1152921504751550465,68719476736,90,0,1,0,0,0
target,808,6,1152921504751550466,68719476736,83,0,1,0,0,0
target,809,6,1152921504751550468,68719476736,97,0,1,0,0,0
target,810,6,1152921504751550472,68719476736,91,0,1,0,0,0
target,811,6,1152921504751550496,68719476736,89,0,1,0,0,0
target,812,6,1152921504751550528,68719476736,95,0,1,0,0,0
target,813,6,1152921504751550592,68719476736,87,0,1,0,0,0
target,814,6,1152921504751550720,68719476736,96,0,1,0,0,0
target,815,6,1152921504751550976,68719476736,96,0,1,0,0,0
target,816,6,1152921504751551488,68719476736,80,0,1,0,0,0
target,817,6,1152921504751552512,68719476736,91,0,1,0,0,0
target,818,6,1152921504751554560,68719476736,75,0,1,0,0,0
target,819,6,1152921504751558656,68719476736,83,0,1,0,0,0
target,820,6,1152921504751583232,68719476736,86,0,1,0,0,0
target,821,6,1152921504751616000,68719476736,84,0,1,0,0,0
target,822,6,1152921504751681536,68719476736,90,0,1,0,0,0
target,823,6,1152921504751812608,68719476736,93,0,1,0,0,0
target,824,6,1152921504752074752,68719476736,89,0,1,0,0,0
target,825,6,1152921504752599040,68719476736,76,0,1,0,0,0
target,826,6,1152921504753648640,68719476736,73,0,1,0,0,0
target,827,6,1152921504754696192,68719476736,66,0,1,0,0,0
target,828,6,1152921504783008768,68719476736,77,0,1,0,0,0
target,829,6,1152921504784056320,68719476736,71,0,1,0,0,0
target,830,6,1152921504816563200,68719476736,68,0,1,0,0,0
target,831,6,1152921504817610752,68719476736,64,0,1,0,0,0
target,832,6,1152921504875286528,570425345,83,0,1,0,0,0
target,833,6,1152921504875286528,570425346,88,0,1,0,0,0
target,834,6,1152921504875286528,570427392,95,0,1,0,0,0
target,835,6,1152921504875286528,570429440,95,0,1,0,0,0
target,836,6,1152921504875286528,574619648,96,0,1,0,0,0
target,837,6,1152921504875286528,578813952,92,0,1,0,0,0
target,838,6,1152921504875287040,570425344,85,0,1,0,0,0
target,839,6,1152921504875287552,570425344,90,0,1,0,0,0
target,840,6,1152921504876335104,570425344,92,0,1,0,0,0
target,841,6,1152921504877383680,570425344,85,0,1,0,0,0
target,842,6,1152921505017889792,68719476736,65,0,1,0,0,0
target,843,6,1152921505018937344,68719476736,62,0,1,0,0,0
target,844,6,1152921505143721984,570425345,84,0,1,0,0,0
target,845,6,1152921505143721984,570425346,78,0,1,0,0,0
target,846,6,1152921505143721984,570427392,81,0,1,0,0,0
target,847,6,1152921505143721984,570429440,87,0,1,0,0,0
target,848,6,1152921505143721984,574619648,87,0,1,0,0,0
target,849,6,1152921505143721984,578813952,82,0,1,0,0,0
target,850,6,1152921505143722496,570425344,74,0,1,0,0,0
target,851,6,1152921505143723008,570425344,86,0,1,0,0,0
target,852,6,1152921505145819136,570425344,77,0,1,0,0,0
target,853,6,1152921505286325248,68719476736,73,0,1,0,0,0
target,854,6,1152921505287372800,68719476736,65,0,1,0,0,0
target,855,6,1152921505680592896,570425345,72,0,1,0,0,0
target,856,6,1152921505680592896,570425346,82,0,1,0,0,0
target,857,6,1152921505680592896,570426368,80,0,1,0,0,0
target,858,6,1152921505680592896,570427392,85,0,1,0,0,0
target,859,6,1152921505680592896,570429440,89,0,1,0,0,0
target,860,6,1152921505680592896,574619648,88,0,1,0,0,0
target,861,6,1152921505680592896,578813952,85,0,1,0,0,0
target,862,6,1152921505680593408,570425344,79,0,1,0,0,0
target,863,6,1152921505680593920,570425344,81,0,1,0,0,0
target,864,6,1152921505681637376,9143582720,70,0,1,0,0,0
target,865,6,1152921505681637376,43486543872,89,0,1,0,0,0
target,866,6,1152921505681641472,570425344,78,0,1,0,0,0
target,867,6,1152921505682690048,570425344,81,0,1,0,0,0
target,868,6,1152921506754334720,570425346,80,0,1,0,0,0
target,869,6,1152921506754334720,570425348,88,0,1,0,0,0
target,870,6,1152921506754334720,570425360,76,0,1,0,0,0
target,871,6,1152921506754334720,570425376,87,0,1,0,0,0
target,872,6,1152921506754334720,570425408,87,0,1,0,0,0
target,873,6,1152921506754334720,570425472,79,0,1,0,0,0
target,874,6,1152921506754334720,570425600,80,0,1,0,0,0
target,875,6,1152921506754334720,570425856,79,0,1,0,0,0
target,876,6,1152921506754334720,570426368,96,0,1,0,0,0
target,877,6,1152921506754334720,570427392,88,0,1,0,0,0
target,878,6,1152921506754334720,570429440,96,0,1,0,0,0
target,879,6,1152921506754334720,570433536,86,0,1,0,0,0
target,880,6,1152921506754334720,570441728,85,0,1,0,0,0
target,881,6,1152921506754334720,570458112,93,0,1,0,0,0
target,882,6,1152921506754334720,570490880,82,0,1,0,0,0
target,883,6,1152921506754334720,570687488,89,0,1,0,0,0
target,884,6,1152921506754334720,570949632,87,0,1,0,0,0
target,885,6,1152921506754334720,571473920,78,0,1,0,0,0
target,886,6,1152921506754334720,572522496,95,0,1,0,0,0
target,887,6,1152921506754334720,578813952,80,0,1,0,0,0
target,888,6,1152921506754334720,587202560,81,0,1,0,0,0
target,889,6,1152921506754334720,704643072,83,0,1,0,0,0
target,890,6,1152921506754334720,838860800,81,0,1,0,0,0
target,891,6,1152921506754334720,1644167168,70,0,1,0,0,0
target,892,6,1152921506754334720,2717908992,84,0,1,0,0,0
target,893,6,1152921506754334720,4865392640,71,0,1,0,0,0
target,894,6,1152921506754334720,34930163712,80,0,1,0,0,0
target,895,6,1152921506754334720,69289902080,80,0,1,0,0,0
target,896,6,1152921506754334721,570425344,86,0,1,0,0,0
target,897,6,1152921506754334722,570425344,82,0,1,0,0,0
target,898,6,1152921506754334724,570425344,82,0,1,0,0,0
target,899,6,1152921506754334728,570425344,84,0,1,0,0,0
target,900,6,1152921506754334736,570425344,94,0,1,0,0,0
target,901,6,1152921506754334752,570425344,67,0,1,0,0,0
target,902,6,1152921506754334784,570425344,79,0,1,0,0,0
target,903,6,1152921506754334848,570425344,93,0,1,0,0,0
target,904,6,1152921506754334976,570425344,96,0,1,0,0,0
target,905,6,1152921506754335232,570425344,84,0,1,0,0,0
target,906,6,1152921506754335744,570425344,93,0,1,0,0,0
target,907,6,1152921506754336768,570425344,90,0,1,0,0,0
target,908,6,1152921506754351104,570425344,94,0,1,0,0,0
target,909,6,1152921506754367488,570425344,90,0,1,0,0,0
target,910,6,1152921506754465792,570425344,87,0,1,0,0,0
target,911,6,1152921506754596864,570425344,86,0,1,0,0,0
target,912,6,1152921506754859008,570425344,74,0,1,0,0,0
target,913,6,1152921506755379200,9143582720,64,0,1,0,0,0
target,914,6,1152921506755379200,43486543872,80,0,1,0,0,0
target,915,6,1152921506755383296,570425344,89,0,1,0,0,0
target,916,6,1152921506756431872,570425344,84,0,1,0,0,0
target,917,6,1152921506758529024,570425344,75,0,1,0,0,0
target,918,6,1152921506762723328,570425344,74,0,1,0,0,0
target,919,6,1152921506771111936,570425344,77,0,1,0,0,0
target,920,6,1152921506888548864,17626545782784,72,0,1,0,0,0
target,921,6,1152921506888549376,17626545782784,81,0,1,0,0,0
target,922,6,1152921506888552448,570425344,77,0,1,0,0,0
target,923,6,1152921506896936961,68719476736,81,0,1,0,0,0
target,924,6,1152921506896936962,68719476736,74,0,1,0,0,0
target,925,6,1152921506896936964,68719476736,89,0,1,0,0,0
target,926,6,1152921506896936968,68719476736,79,0,1,0,0,0
target,927,6,1152921506896936992,68719476736,71,0,1,0,0,0
target,928,6,1152921506896937024,68719476736,87,0,1,0,0,0
target,929,6,1152921506896937088,68719476736,74,0,1,0,0,0
target,930,6,1152921506896937216,68719476736,87,0,1,0,0,0
target,931,6,1152921506896937472,68719476736,84,0,1,0,0,0
target,932,6,1152921506896937984,68719476736,75,0,1,0,0,0
target,933,6,1152921506896941056,68719476736,72,0,1,0,0,0
target,934,6,1152921506896945152,68719476736,67,0,1,0,0,0
target,935,6,1152921506896969728,68719476736,79,0,1,0,0,0
target,936,6,1152921506897002496,68719476736,79,0,1,0,0,0
target,937,6,1152921506897068032,68719476736,79,0,1,0,0,0
target,938,6,1152921506897461248,68719476736,72,0,1,0,0,0
target,939,6,1152921506897985536,68719476736,66,0,1,0,0,0
target,940,6,1152921507022770176,570425344,93,0,1,0,0,0
target,941,6,1152921507291205632,570425344,85,0,1,0,0,0
target,942,6,1152921507828076544,570425344,82,0,1,0,0,0
target,943,6,1152921508901818368,570425345,95,0,1,0,0,0
target,944,6,1152921508901818368,570425346,81,0,1,0,0,0
target,945,6,1152921508901818368,570425348,89,0,1,0,0,0
target,946,6,1152921508901818368,570425352,79,0,1,0,0,0
target,947,6,1152921508901818368,570425360,86,0,1,0,0,0
target,948,6,1152921508901818368,570425376,88,0,1,0,0,0
target,949,6,1152921508901818368,570425408,89,0,1,0,0,0
target,950,6,1152921508901818368,570425472,81,0,1,0,0,0
target,951,6,1152921508901818368,570425600,74,0,1,0,0,0
target,952,6,1152921508901818368,570425856,86,0,1,0,0,0
target,953,6,1152921508901818368,570426368,98,0,1,0,0,0
target,954,6,1152921508901818368,570427392,93,0,1,0,0,0
target,955,6,1152921508901818368,570429440,95,0,1,0,0,0
target,956,6,1152921508901818368,570433536,82,0,1,0,0,0
target,957,6,1152921508901818368,570441728,86,0,1,0,0,0
target,958,6,1152921508901818368,570458112,95,0,1,0,0,0
target,959,6,1152921508901818368,570490880,85,0,1,0,0,0
target,960,6,1152921508901818368,570687488,88,0,1,0,0,0
target,961,6,1152921508901818368,570949632,89,0,1,0,0,0
target,962,6,1152921508901818368,571473920,81,0,1,0,0,0
target,963,6,1152921508901818368,572522496,97,0,1,0,0,0
target,964,6,1152921508901818368,574619648,92,0,1,0,0,0
target,965,6,1152921508901818368,587202560,83,0,1,0,0,0
target,966,6,1152921508901818368,704643072,90,0,1,0,0,0
target,967,6,1152921508901818368,838860800,81,0,1,0,0,0
target,968,6,1152921508901818368,1644167168,82,0,1,0,0,0
target,969,6,1152921508901818368,2717908992,86,0,1,0,0,0
target,970,6,1152921508901818368,4865392640,71,0,1,0,0,0
target,971,6,1152921508901818368,34930163712,94,0,1,0,0,0
target,972,6,1152921508901818368,69289902080,80,0,1,0,0,0
target,973,6,1152921508901818369,570425344,83,0,1,0,0,0
target,974,6,1152921508901818370,570425344,84,0,1,0,0,0
target,975,6,1152921508901818372,570425344,83,0,1,0,0,0
target,976,6,1152921508901818376,570425344,95,0,1,0,0,0
target,977,6,1152921508901818384,570425344,97,0,1,0,0,0
target,978,6,1152921508901818400,570425344,80,0,1,0,0,0
target,979,6,1152921508901818432,570425344,95,0,1,0,0,0
target,980,6,1152921508901818496,570425344,98,0,1,0,0,0
target,981,6,1152921508901818624,570425344,96,0,1,0,0,0
target,982,6,1152921508901818880,570425344,84,0,1,0,0,0
target,983,6,1152921508901819392,570425344,94,0,1,0,0,0
target,984,6,1152921508901820416,570425344,92,0,1,0,0,0
target,985,6,1152921508901834752,570425344,96,0,1,0,0,0
target,986,6,1152921508901851136,570425344,91,0,1,0,0,0
target,987,6,1152921508901949440,570425344,84,0,1,0,0,0
target,988,6,1152921508902080512,570425344,92,0,1,0,0,0
target,989,6,1152921508902342656,570425344,91,0,1,0,0,0
target,990,6,1152921508902862848,9143582720,69,0,1,0,0,0
target,991,6,1152921508902862848,43486543872,87,0,1,0,0,0
target,992,6,1152921508902866944,570425344,86,0,1,0,0,0
target,993,6,1152921508903915520,570425344,85,0,1,0,0,0
target,994,6,1152921508906012672,570425344,84,0,1,0,0,0
target,995,6,1152921508910206976,570425344,78,0,1,0,0,0
target,996,6,1152921508918595584,570425344,87,0,1,0,0,0
target,997,6,1152921509036036096,570425344,77,0,1,0,0,0
target,998,6,1152921509044420609,68719476736,69,0,1,0,0,0
target,999,6,1152921509044420610,68719476736,63,0,1,0,0,0
target,1000,6,1152921509044420612,68719476736,74,0,1,0,0,0
target,1001,6,1152921509044420616,68719476736,68,0,1,0,0,0
target,1002,6,1152921509044420640,68719476736,66,0,1,0,0,0
target,1003,6,1152921509044420672,68719476736,70,0,1,0,0,0
target,1004,6,1152921509044420864,68719476736,70,0,1,0,0,0
target,1005,6,1152921509044421120,68719476736,72,0,1,0,0,0
target,1006,6,1152921509044421632,68719476736,60,0,1,0,0,0
target,1007,6,1152921509044424704,68719476736,62,0,1,0,0,0
target,1008,6,1152921509044453376,68719476736,70,0,1,0,0,0
target,1009,6,1152921509044486144,68719476736,66,0,1,0,0,0
target,1010,6,1152921509044682752,68719476736,69,0,1,0,0,0
target,1011,6,1152921509044944896,68719476736,68,0,1,0,0,0
target,1012,6,1152921509170253824,570425344,97,0,1,0,0,0
target,1013,6,1152921509438689280,570425344,88,0,1,0,0,0
target,1014,6,1152921509975560192,570425344,88,0,1,0,0,0
target,1015,6,1152921511049302016,570425344,96,0,1,0,0,0
target,1016,6,1152921513196785664,570425345,71,0,1,0,0,0
target,1017,6,1152921513196785664,570425346,76,0,1,0,0,0
target,1018,6,1152921513196785664,570427392,72,0,1,0,0,0
target,1019,6,1152921513196785664,570429440,79,0,1,0,0,0
target,1020,6,1152921513196785664,574619648,79,0,1,0,0,0
target,1021,6,1152921513196785664,578813952,75,0,1,0,0,0
target,1022,6,1152921513196785664,9160359936,71,0,1,0,0,0
target,1023,6,1152921513196786688,570425344,78,0,1,0,0,0
target,1024,6,1152921513197830144,9143582720,63,0,1,0,0,0
target,1025,6,1152921513197830144,9160359936,83,0,1,0,0,0
target,1026,6,1152921513197830144,43486543872,91,0,1,0,0,0
target,1027,6,1152921513197834240,570425344,76,0,1,0,0,0
target,1028,6,1152921513339388928,68719476736,76,0,1,0,0,0
target,1029,6,1152921513340436480,68719476736,71,0,1,0,0,0
target,1030,6,1152921515344269312,570425344,78,0,1,0,0,0
target,1031,6,1152921517491752960,570425344,80,0,1,0,0,0
target,1032,6,1152921521786720256,570425345,80,0,1,0,0,0
target,1033,6,1152921521786720256,570425346,78,0,1,0,0,0
target,1034,6,1152921521786720256,570427392,85,0,1,0,0,0
target,1035,6,1152921521786720256,570429440,85,0,1,0,0,0
target,1036,6,1152921521786720256,574619648,84,0,1,0,0,0
target,1037,6,1152921521786720256,578813952,83,0,1,0,0,0
target,1038,6,1152921521786720256,9160359936,78,0,1,0,0,0
target,1039,6,1152921521786720768,570425344,78,0,1,0,0,0
target,1040,6,1152921521786721280,570425344,81,0,1,0,0,0
target,1041,6,1152921521787764736,9143582720,76,0,1,0,0,0
target,1042,6,1152921521787764736,9160359936,85,0,1,0,0,0
target,1043,6,1152921521787764736,43486543872,97,0,1,0,0,0
target,1044,6,1152921521787768832,570425344,81,0,1,0,0,0
target,1045,6,1152921521788817408,570425344,74,0,1,0,0,0
target,1046,6,1152921521929323520,68719476736,68,0,1,0,0,0
target,1047,6,1152921521930371072,68719476736,66,0,1,0,0,0
target,1048,6,1152921523934203904,570425344,86,0,1,0,0,0
target,1049,6,1152921526081687552,570425344,87,0,1,0,0,0
target,1050,6,1152921538966589440,570425345,90,0,1,0,0,0
target,1051,6,1152921538966589440,570425346,82,0,1,0,0,0
target,1052,6,1152921538966589440,570427392,92,0,1,0,0,0
target,1053,6,1152921538966589440,570429440,93,0,1,0,0,0
target,1054,6,1152921538966589440,574619648,90,0,1,0,0,0
target,1055,6,1152921538966589440,578813952,89,0,1,0,0,0
target,1056,6,1152921538966589440,9160359936,84,0,1,0,0,0
target,1057,6,1152921538966589952,570425344,84,0,1,0,0,0
target,1058,6,1152921538966590464,570425344,91,0,1,0,0,0
target,1059,6,1152921538967633920,9143582720,76,0,1,0,0,0
target,1060,6,1152921538967633920,9160359936,87,0,1,0,0,0
target,1061,6,1152921538967633920,43486543872,97,0,1,0,0,0
target,1062,6,1152921538967638016,570425344,90,0,1,0,0,0
target,1063,6,1152921538968686592,570425344,82,0,1,0,0,0
target,1064,6,1152921539109192704,68719476736,81,0,1,0,0,0
target,1065,6,1152921539110240256,68719476736,75,0,1,0,0,0
target,1066,6,1152921541114073088,570425344,92,0,1,0,0,0
target,1067,6,1152921543261556736,570425344,93,0,1,0,0,0
target,1068,6,1152921573326327808,570425345,83,0,1,0,0,0
target,1069,6,1152921573326327808,570425346,82,0,1,0,0,0
target,1070,6,1152921573326327808,570427392,83,0,1,0,0,0
target,1071,6,1152921573326327808,570429440,85,0,1,0,0,0
target,1072,6,1152921573326327808,574619648,86,0,1,0,0,0
target,1073,6,1152921573326327808,578813952,83,0,1,0,0,0
target,1074,6,1152921573326327808,9160359936,78,0,1,0,0,0
target,1075,6,1152921573326328320,570425344,77,0,1,0,0,0
target,1076,6,1152921573326328832,570425344,79,0,1,0,0,0
target,1077,6,1152921573327372288,9143582720,73,0,1,0,0,0
target,1078,6,1152921573327372288,9160359936,82,0,1,0,0,0
target,1079,6,1152921573327372288,43486543872,91,0,1,0,0,0
target,1080,6,1152921573327376384,570425344,81,0,1,0,0,0
target,1081,6,1152921573328424960,570425344,77,0,1,0,0,0
target,1082,6,1152921573468931072,68719476736,71,0,1,0,0,0
target,1083,6,1152921573469978624,68719476736,63,0,1,0,0,0
target,1084,6,1152921575473811456,570425344,85,0,1,0,0,0
target,1085,6,1152921577621295104,570425344,87,0,1,0,0,0
target,1086,6,1152921642046849024,9143582720,65,0,1,0,0,0
target,1087,6,1152921642046849024,9160359936,77,0,1,0,0,0
target,1088,6,1152921642046849024,43486543872,84,0,1,0,0,0
target,1089,6,1152921779484758016,570425345,78,0,1,0,0,0
target,1090,6,1152921779484758016,570425346,78,0,1,0,0,0
target,1091,6,1152921779484758016,570427392,84,0,1,0,0,0
target,1092,6,1152921779484758016,570429440,85,0,1,0,0,0
target,1093,6,1152921779484758016,574619648,80,0,1,0,0,0
target,1094,6,1152921779484758016,578813952,80,0,1,0,0,0
target,1095,6,1152921779484758016,9160359936,77,0,1,0,0,0
target,1096,6,1152921779484758528,570425344,77,0,1,0,0,0
target,1097,6,1152921779484759040,570425344,83,0,1,0,0,0
target,1098,6,1152921779485802496,9143582720,57,0,1,0,0,0
target,1099,6,1152921779485802496,43486543872,86,0,1,0,0,0
target,1100,6,1152921779485806592,570425344,79,0,1,0,0,0
target,1101,6,1152921779486855168,570425344,75,0,1,0,0,0
target,1102,6,1152921779627361280,68719476736,73,0,1,0,0,0
target,1103,6,1152921779628408832,68719476736,67,0,1,0,0,0
target,1104,6,1152921781632241664,570425344,84,0,1,0,0,0
target,1105,6,1152921783779725312,570425344,86,0,1,0,0,0
target,1106,6,1152922054362664960,570425345,82,0,1,0,0,0
target,1107,6,1152922054362664960,570425346,76,0,1,0,0,0
target,1108,6,1152922054362664960,570427392,82,0,1,0,0,0
target,1109,6,1152922054362664960,570429440,86,0,1,0,0,0
target,1110,6,1152922054362664960,574619648,84,0,1,0,0,0
target,1111,6,1152922054362664960,578813952,80,0,1,0,0,0
target,1112,6,1152922054362665472,570425344,73,0,1,0,0,0
target,1113,6,1152922054362665984,570425344,82,0,1,0,0,0
target,1114,6,1152922054364762112,570425344,76,0,1,0,0,0
target,1115,6,1152922054505268224,68719476736,75,0,1,0,0,0
target,1116,6,1152922054506315776,68719476736,68,0,1,0,0,0
target,1117,6,1152922056510148608,570425344,80,0,1,0,0,0
target,1118,6,1152922058657632256,570425344,87,0,1,0,0,0
target,1119,6,1152922604118478848,570425345,88,0,1,0,0,0
target,1120,6,1152922604118478848,570425346,80,0,1,0,0,0
target,1121,6,1152922604118478848,570427392,90,0,1,0,0,0
target,1122,6,1152922604118478848,570429440,87,0,1,0,0,0
target,1123,6,1152922604118478848,574619648,90,0,1,0,0,0
target,1124,6,1152922604118478848,578813952,87,0,1,0,0,0
target,1125,6,1152922604118479360,570425344,83,0,1,0,0,0
target,1126,6,1152922604118479872,570425344,83,0,1,0,0,0
target,1127,6,1152922604119523328,9143582720,69,0,1,0,0,0
target,1128,6,1152922604119523328,43486543872,86,0,1,0,0,0
target,1129,6,1152922604119527424,570425344,82,0,1,0,0,0
target,1130,6,1152922604120576000,570425344,80,0,1,0,0,0
target,1131,6,1152922606265962496,570425344,89,0,1,0,0,0
target,1132,6,1152922608413446144,570425344,91,0,1,0,0,0
target,1133,6,1152923703630106624,570425345,93,0,1,0,0,0
target,1134,6,1152923703630106624,570425346,85,0,1,0,0,0
target,1135,6,1152923703630106624,570427392,96,0,1,0,0,0
target,1136,6,1152923703630106624,570429440,92,0,1,0,0,0
target,1137,6,1152923703630106624,572522496,94,0,1,0,0,0
target,1138,6,1152923703630106624,574619648,93,0,1,0,0,0
target,1139,6,1152923703630106624,578813952,93,0,1,0,0,0
target,1140,6,1152923703630107136,570425344,89,0,1,0,0,0
target,1141,6,1152923703630107648,570425344,95,0,1,0,0,0
target,1142,6,1152923703631151104,9143582720,73,0,1,0,0,0
target,1143,6,1152923703631151104,43486543872,94,0,1,0,0,0
target,1144,6,1152923703631155200,570425344,92,0,1,0,0,0
target,1145,6,1152923703632203776,570425344,86,0,1,0,0,0
target,1146,6,1152923703772709888,68719476736,83,0,1,0,0,0
target,1147,6,1152923703773757440,68719476736,76,0,1,0,0,0
target,1148,6,1152923705777590272,570425344,95,0,1,0,0,0
target,1149,6,1152923707925073920,570425344,97,0,1,0,0,0
target,1150,6,1152925902653362176,570425345,82,0,1,0,0,0
target,1151,6,1152925902653362176,570425346,88,0,1,0,0,0
target,1152,6,1152925902653362176,570425348,88,0,1,0,0,0
target,1153,6,1152925902653362176,570425352,78,0,1,0,0,0
target,1154,6,1152925902653362176,570425360,85,0,1,0,0,0
target,1155,6,1152925902653362176,570425376,86,0,1,0,0,0
target,1156,6,1152925902653362176,570425408,84,0,1,0,0,0
target,1157,6,1152925902653362176,570425472,83,0,1,0,0,0
target,1158,6,1152925902653362176,570425600,73,0,1,0,0,0
target,1159,6,1152925902653362176,570425856,84,0,1,0,0,0
target,1160,6,1152925902653362176,570426368,92,0,1,0,0,0
target,1161,6,1152925902653362176,570429440,97,0,1,0,0,0
target,1162,6,1152925902653362176,570433536,87,0,1,0,0,0
target,1163,6,1152925902653362176,570441728,80,0,1,0,0,0
target,1164,6,1152925902653362176,570458112,94,0,1,0,0,0
target,1165,6,1152925902653362176,570490880,83,0,1,0,0,0
target,1166,6,1152925902653362176,570687488,87,0,1,0,0,0
target,1167,6,1152925902653362176,570949632,86,0,1,0,0,0
target,1168,6,1152925902653362176,571473920,80,0,1,0,0,0
target,1169,6,1152925902653362176,572522496,91,0,1,0,0,0
target,1170,6,1152925902653362176,574619648,90,0,1,0,0,0
target,1171,6,1152925902653362176,578813952,93,0,1,0,0,0
target,1172,6,1152925902653362176,587202560,83,0,1,0,0,0
target,1173,6,1152925902653362176,704643072,89,0,1,0,0,0
target,1174,6,1152925902653362176,838860800,77,0,1,0,0,0
target,1175,6,1152925902653362176,1644167168,81,0,1,0,0,0
target,1176,6,1152925902653362176,2717908992,85,0,1,0,0,0
target,1177,6,1152925902653362176,4865392640,71,0,1,0,0,0
target,1178,6,1152925902653362176,34930163712,93,0,1,0,0,0
target,1179,6,1152925902653362177,570425344,82,0,1,0,0,0
target,1180,6,1152925902653362178,570425344,83,0,1,0,0,0
target,1181,6,1152925902653362180,570425344,83,0,1,0,0,0
target,1182,6,1152925902653362184,570425344,91,0,1,0,0,0
target,1183,6,1152925902653362192,570425344,96,0,1,0,0,0
target,1184,6,1152925902653362208,570425344,79,0,1,0,0,0
target,1185,6,1152925902653362240,570425344,91,0,1,0,0,0
target,1186,6,1152925902653362304,570425344,97,0,1,0,0,0
target,1187,6,1152925902653362432,570425344,98,0,1,0,0,0
target,1188,6,1152925902653362688,570425344,87,0,1,0,0,0
target,1189,6,1152925902653363200,570425344,91,0,1,0,0,0
target,1190,6,1152925902653364224,570425344,91,0,1,0,0,0
target,1191,6,1152925902653378560,570425344,93,0,1,0,0,0
target,1192,6,1152925902653394944,570425344,90,0,1,0,0,0
target,1193,6,1152925902653493248,570425344,88,0,1,0,0,0
target,1194,6,1152925902653624320,570425344,88,0,1,0,0,0
target,1195,6,1152925902653886464,570425344,87,0,1,0,0,0
target,1196,6,1152925902654406656,9143582720,63,0,1,0,0,0
target,1197,6,1152925902654406656,43486543872,86,0,1,0,0,0
target,1198,6,1152925902654410752,570425344,90,0,1,0,0,0
target,1199,6,1152925902655459328,570425344,86,0,1,0,0,0
target,1200,6,1152925902657556480,570425344,86,0,1,0,0,0
target,1201,6,1152925902661750784,570425344,81,0,1,0,0,0
target,1202,6,1152925902670139392,570425344,89,0,1,0,0,0
target,1203,6,1152925902787579904,570425344,80,0,1,0,0,0
target,1204,6,1152925902795964417,68719476736,82,0,1,0,0,0
target,1205,6,1152925902795964418,68719476736,85,0,1,0,0,0
target,1206,6,1152925902795964420,68719476736,98,0,1,0,0,0
target,1207,6,1152925902795964424,68719476736,85,0,1,0,0,0
target,1208,6,1152925902795964448,68719476736,87,0,1,0,0,0
target,1209,6,1152925902795964480,68719476736,92,0,1,0,0,0
target,1210,6,1152925902795964544,68719476736,87,0,1,0,0,0
target,1211,6,1152925902795964672,68719476736,96,0,1,0,0,0
target,1212,6,1152925902795964928,68719476736,96,0,1,0,0,0
target,1213,6,1152925902795965440,68719476736,80,0,1,0,0,0
target,1214,6,1152925902795968512,68719476736,77,0,1,0,0,0
target,1215,6,1152925902795972608,68719476736,84,0,1,0,0,0
target,1216,6,1152925902795997184,68719476736,87,0,1,0,0,0
target,1217,6,1152925902796029952,68719476736,78,0,1,0,0,0
target,1218,6,1152925902796095488,68719476736,87,0,1,0,0,0
target,1219,6,1152925902796226560,68719476736,93,0,1,0,0,0
target,1220,6,1152925902796488704,68719476736,88,0,1,0,0,0
target,1221,6,1152925902797012992,68719476736,75,0,1,0,0,0
target,1222,6,1152925902921797632,570425344,91,0,1,0,0,0
target,1223,6,1152925903190233088,570425344,86,0,1,0,0,0
target,1224,6,1152925903727104000,570425344,82,0,1,0,0,0
target,1225,6,1152925904800845824,570425344,94,0,1,0,0,0
target,1226,6,1152925906948329472,570425344,98,0,1,0,0,0
target,1227,6,1152925911243296768,570425344,69,0,1,0,0,0
target,1228,6,1152925919833231360,570425344,79,0,1,0,0,0
target,1229,6,1152925937013100544,570425344,89,0,1,0,0,0
target,1230,6,1152925971372838912,570425344,83,0,1,0,0,0
target,1231,6,1152926177531269120,570425344,80,0,1,0,0,0
target,1232,6,1152926452409176064,570425344,83,0,1,0,0,0
target,1233,6,1152927002164989952,570425344,89,0,1,0,0,0
target,1234,6,1152928101676617728,570425344,96,0,1,0,0,0
target,1235,6,1152930300699873280,570425345,87,0,1,0,0,0
target,1236,6,1152930300699873280,570425346,80,0,1,0,0,0
target,1237,6,1152930300699873280,570425348,88,0,1,0,0,0
target,1238,6,1152930300699873280,570425352,70,0,1,0,0,0
target,1239,6,1152930300699873280,570425360,82,0,1,0,0,0
target,1240,6,1152930300699873280,570425376,85,0,1,0,0,0
target,1241,6,1152930300699873280,570425408,80,0,1,0,0,0
target,1242,6,1152930300699873280,570425472,80,0,1,0,0,0
target,1243,6,1152930300699873280,570425600,78,0,1,0,0,0
target,1244,6,1152930300699873280,570425856,77,0,1,0,0,0
target,1245,6,1152930300699873280,570426368,95,0,1,0,0,0
target,1246,6,1152930300699873280,570427392,88,0,1,0,0,0
target,1247,6,1152930300699873280,570433536,85,0,1,0,0,0
target,1248,6,1152930300699873280,570441728,83,0,1,0,0,0
target,1249,6,1152930300699873280,570458112,86,0,1,0,0,0
target,1250,6,1152930300699873280,570490880,77,0,1,0,0,0
target,1251,6,1152930300699873280,570687488,87,0,1,0,0,0
target,1252,6,1152930300699873280,570949632,80,0,1,0,0,0
target,1253,6,1152930300699873280,571473920,76,0,1,0,0,0
target,1254,6,1152930300699873280,572522496,88,0,1,0,0,0
target,1255,6,1152930300699873280,574619648,95,0,1,0,0,0
target,1256,6,1152930300699873280,578813952,87,0,1,0,0,0
target,1257,6,1152930300699873280,587202560,78,0,1,0,0,0
target,1258,6,1152930300699873280,704643072,86,0,1,0,0,0
target,1259,6,1152930300699873280,838860800,80,0,1,0,0,0
target,1260,6,1152930300699873280,1644167168,77,0,1,0,0,0
target,1261,6,1152930300699873280,2717908992,78,0,1,0,0,0
target,1262,6,1152930300699873280,4865392640,72,0,1,0,0,0
target,1263,6,1152930300699873280,34930163712,90,0,1,0,0,0
target,1264,6,1152930300699873281,570425344,86,0,1,0,0,0
target,1265,6,1152930300699873282,570425344,75,0,1,0,0,0
target,1266,6,1152930300699873284,570425344,82,0,1,0,0,0
target,1267,6,1152930300699873288,570425344,88,0,1,0,0,0
target,1268,6,1152930300699873296,570425344,89,0,1,0,0,0
target,1269,6,1152930300699873312,570425344,73,0,1,0,0,0
target,1270,6,1152930300699873344,570425344,91,0,1,0,0,0
target,1271,6,1152930300699873408,570425344,88,0,1,0,0,0
target,1272,6,1152930300699873536,570425344,95,0,1,0,0,0
target,1273,6,1152930300699873792,570425344,81,0,1,0,0,0
target,1274,6,1152930300699874304,570425344,89,0,1,0,0,0
target,1275,6,1152930300699875328,570425344,89,0,1,0,0,0
target,1276,6,1152930300699889664,570425344,88,0,1,0,0,0
target,1277,6,1152930300699906048,570425344,87,0,1,0,0,0
target,1278,6,1152930300700004352,570425344,86,0,1,0,0,0
target,1279,6,1152930300700135424,570425344,90,0,1,0,0,0
target,1280,6,1152930300700397568,570425344,80,0,1,0,0,0
target,1281,6,1152930300700917760,43486543872,79,0,1,0,0,0
target,1282,6,1152930300700921856,570425344,87,0,1,0,0,0
target,1283,6,1152930300701970432,570425344,82,0,1,0,0,0
target,1284,6,1152930300704067584,570425344,85,0,1,0,0,0
target,1285,6,1152930300708261888,570425344,79,0,1,0,0,0
target,1286,6,1152930300716650496,570425344,85,0,1,0,0,0
target,1287,6,1152930300834091008,570425344,76,0,1,0,0,0
target,1288,6,1152930300842475521,68719476736,86,0,1,0,0,0
target,1289,6,1152930300842475522,68719476736,74,0,1,0,0,0
target,1290,6,1152930300842475524,68719476736,94,0,1,0,0,0
target,1291,6,1152930300842475528,68719476736,85,0,1,0,0,0
target,1292,6,1152930300842475552,68719476736,85,0,1,0,0,0
target,1293,6,1152930300842475584,68719476736,90,0,1,0,0,0
target,1294,6,1152930300842475648,68719476736,80,0,1,0,0,0
target,1295,6,1152930300842475776,68719476736,79,0,1,0,0,0
target,1296,6,1152930300842476032,68719476736,93,0,1,0,0,0
target,1297,6,1152930300842476544,68719476736,77,0,1,0,0,0
target,1298,6,1152930300842479616,68719476736,78,0,1,0,0,0
target,1299,6,1152930300842483712,68719476736,80,0,1,0,0,0
target,1300,6,1152930300842508288,68719476736,84,0,1,0,0,0
target,1301,6,1152930300842541056,68719476736,83,0,1,0,0,0
target,1302,6,1152930300842606592,68719476736,88,0,1,0,0,0
target,1303,6,1152930300842737664,68719476736,91,0,1,0,0,0
target,1304,6,1152930300842999808,68719476736,86,0,1,0,0,0
target,1305,6,1152930300843524096,68719476736,66,0,1,0,0,0
target,1306,6,1152930300968308736,570425344,93,0,1,0,0,0
target,1307,6,1152930301236744192,570425344,79,0,1,0,0,0
target,1308,6,1152930301773615104,570425344,80,0,1,0,0,0
target,1309,6,1152930302847356928,570425344,90,0,1,0,0,0
target,1310,6,1152930304994840576,570425344,93,0,1,0,0,0
target,1311,6,1152930309289807872,570425344,70,0,1,0,0,0
target,1312,6,1152930317879742464,570425344,75,0,1,0,0,0
target,1313,6,1152930335059611648,570425344,86,0,1,0,0,0
target,1314,6,1152930369419350016,570425344,80,0,1,0,0,0
target,1315,6,1152930575577780224,570425344,77,0,1,0,0,0
target,1316,6,1152930850455687168,570425344,82,0,1,0,0,0
target,1317,6,1152932499723128832,570425344,94,0,1,0,0,0
target,1318,6,1152934698746384384,570425344,94,0,1,0,0,0
target,1319,6,1152939096792895488,570425345,90,0,1,0,0,0
target,1320,6,1152939096792895488,570425346,87,0,1,0,0,0
target,1321,6,1152939096792895488,570427392,87,0,1,0,0,0
target,1322,6,1152939096792895488,570429440,93,0,1,0,0,0
target,1323,6,1152939096792895488,574619648,86,0,1,0,0,0
target,1324,6,1152939096792895488,578813952,90,0,1,0,0,0
target,1325,6,1152939096792895488,9160359936,84,0,1,0,0,0
target,1326,6,1152939096792896000,570425344,86,0,1,0,0,0
target,1327,6,1152939096792896512,570425344,91,0,1,0,0,0
target,1328,6,1152939096793939968,9143582720,74,0,1,0,0,0
target,1329,6,1152939096793939968,9160359936,85,0,1,0,0,0
target,1330,6,1152939096793944064,570425344,82,0,1,0,0,0
target,1331,6,1152939096794992640,570425344,83,0,1,0,0,0
target,1332,6,1152939096935498752,68719476736,79,0,1,0,0,0
target,1333,6,1152939098940379136,570425344,91,0,1,0,0,0
target,1334,6,1152939101087862784,570425344,94,0,1,0,0,0
target,1335,6,1152943494839406592,570425344,90,0,1,0,0,0
target,1336,6,1152947892885917696,570425344,92,0,1,0,0,0
target,1337,6,1152956688978939904,570425345,73,0,1,0,0,0
target,1338,6,1152956688978939904,570425346,71,0,1,0,0,0
target,1339,6,1152956688978939904,570427392,76,0,1,0,0,0
target,1340,6,1152956688978939904,570429440,79,0,1,0,0,0
target,1341,6,1152956688978939904,574619648,77,0,1,0,0,0
target,1342,6,1152956688978939904,9160359936,68,0,1,0,0,0
target,1343,6,1152956688978940416,570425344,71,0,1,0,0,0
target,1344,6,1152956688978940928,570425344,76,0,1,0,0,0
target,1345,6,1152956688979984384,9160359936,80,0,1,0,0,0
target,1346,6,1152956688979984384,43486543872,91,0,1,0,0,0
target,1347,6,1152956688979988480,570425344,74,0,1,0,0,0
target,1348,6,1152956688981037056,570425344,67,0,1,0,0,0
target,1349,6,1152956689121543168,68719476736,65,0,1,0,0,0
target,1350,6,1152956689122590720,68719476736,62,0,1,0,0,0
target,1351,6,1152956691126423552,570425344,74,0,1,0,0,0
target,1352,6,1152956693273907200,570425344,76,0,1,0,0,0
target,1353,6,1152961087025451008,570425344,75,0,1,0,0,0
target,1354,6,1152965485071962112,570425344,72,0,1,0,0,0
target,1355,6,1152991873351028736,570425345,81,0,1,0,0,0
target,1356,6,1152991873351028736,570425346,84,0,1,0,0,0
target,1357,6,1152991873351028736,570427392,90,0,1,0,0,0
target,1358,6,1152991873351028736,570429440,86,0,1,0,0,0
target,1359,6,1152991873351028736,574619648,91,0,1,0,0,0
target,1360,6,1152991873351028736,578813952,87,0,1,0,0,0
target,1361,6,1152991873351028736,9160359936,81,0,1,0,0,0
target,1362,6,1152991873351029248,570425344,82,0,1,0,0,0
target,1363,6,1152991873351029760,570425344,85,0,1,0,0,0
target,1364,6,1152991873352073216,9143582720,77,0,1,0,0,0
target,1365,6,1152991873352073216,9160359936,86,0,1,0,0,0
target,1366,6,1152991873352073216,43486543872,94,0,1,0,0,0
target,1367,6,1152991873352077312,570425344,88,0,1,0,0,0
target,1368,6,1152991873353125888,570425344,81,0,1,0,0,0
target,1369,6,1152991873493632000,68719476736,65,0,1,0,0,0
target,1370,6,1152991873494679552,68719476736,67,0,1,0,0,0
target,1371,6,1152991875498512384,570425344,90,0,1,0,0,0
target,1372,6,1152991877645996032,570425344,92,0,1,0,0,0
target,1373,6,1152996271397539840,570425344,87,0,1,0,0,0
target,1374,6,1153000669444050944,570425344,88,0,1,0,0,0
target,1375,6,1153062242238857216,68719476736,66,0,1,0,0,0
target,1376,6,1153202979583561728,570425345,76,0,1,0,0,0
target,1377,6,1153202979583561728,570425346,76,0,1,0,0,0
target,1378,6,1153202979583561728,570427392,80,0,1,0,0,0
target,1379,6,1153202979583561728,570429440,81,0,1,0,0,0
target,1380,6,1153202979583561728,574619648,78,0,1,0,0,0
target,1381,6,1153202979583561728,578813952,80,0,1,0,0,0
target,1382,6,1153202979583561728,9160359936,73,0,1,0,0,0
target,1383,6,1153202979583562240,570425344,74,0,1,0,0,0
target,1384,6,1153202979583562752,570425344,77,0,1,0,0,0
target,1385,6,1153202979584606208,9160359936,77,0,1,0,0,0
target,1386,6,1153202979584606208,43486543872,85,0,1,0,0,0
target,1387,6,1153202979584610304,570425344,74,0,1,0,0,0
target,1388,6,1153202979585658880,570425344,71,0,1,0,0,0
target,1389,6,1153202979726164992,68719476736,74,0,1,0,0,0
target,1390,6,1153202979727212544,68719476736,65,0,1,0,0,0
target,1391,6,1153202981731045376,570425344,80,0,1,0,0,0
target,1392,6,1153202983878529024,570425344,83,0,1,0,0,0
target,1393,6,1153207377630072832,570425344,81,0,1,0,0,0
target,1394,6,1153211775676583936,570425344,80,0,1,0,0,0
target,1395,6,1153484454702875648,68719476736,67,0,1,0,0,0
target,1396,6,1153484454703923200,68719476736,61,0,1,0,0,0
target,1397,6,1154047404513693696,570425345,79,0,1,0,0,0
target,1398,6,1154047404513693696,570427392,85,0,1,0,0,0
target,1399,6,1154047404513693696,570429440,85,0,1,0,0,0
target,1400,6,1154047404513693696,574619648,81,0,1,0,0,0
target,1401,6,1154047404513693696,578813952,82,0,1,0,0,0
target,1402,6,1154047404513694720,570425344,78,0,1,0,0,0
target,1403,6,1154047404514738176,9143582720,66,0,1,0,0,0
target,1404,6,1154047404514738176,43486543872,82,0,1,0,0,0
target,1405,6,1154047404514742272,570425344,76,0,1,0,0,0
target,1406,6,1154047404515790848,570425344,81,0,1,0,0,0
target,1407,6,1154047406661177344,570425344,84,0,1,0,0,0
target,1408,6,1154047408808660992,570425344,87,0,1,0,0,0
target,1409,6,1154051802560204800,570425344,85,0,1,0,0,0
target,1410,6,1154056200606715904,570425344,82,0,1,0,0,0
target,1411,6,1155173304563139584,68719476736,74,0,1,0,0,0
target,1412,6,1155173304564187136,68719476736,66,0,1,0,0,0
target,1413,6,1157425104234221568,570425345,88,0,1,0,0,0
target,1414,6,1157425104234221568,570425346,84,0,1,0,0,0
target,1415,6,1157425104234221568,570426368,93,0,1,0,0,0
target,1416,6,1157425104234221568,570427392,93,0,1,0,0,0
target,1417,6,1157425104234221568,570429440,94,0,1,0,0,0
target,1418,6,1157425104234221568,572522496,91,0,1,0,0,0
target,1419,6,1157425104234221568,574619648,91,0,1,0,0,0
target,1420,6,1157425104234221568,578813952,92,0,1,0,0,0
target,1421,6,1157425104234222080,570425344,87,0,1,0,0,0
target,1422,6,1157425104234222592,570425344,90,0,1,0,0,0
target,1423,6,1157425104235266048,9143582720,67,0,1,0,0,0
target,1424,6,1157425104235266048,43486543872,91,0,1,0,0,0
target,1425,6,1157425104235270144,570425344,88,0,1,0,0,0
target,1426,6,1157425104236318720,570425344,86,0,1,0,0,0
target,1427,6,1157425104376824832,68719476736,79,0,1,0,0,0
target,1428,6,1157425104377872384,68719476736,75,0,1,0,0,0
target,1429,6,1157425106381705216,570425344,91,0,1,0,0,0
target,1430,6,1157425108529188864,570425344,95,0,1,0,0,0
target,1431,6,1157429502280732672,570425344,92,0,1,0,0,0
target,1432,6,1157433900327243776,570425344,93,0,1,0,0,0
target,1433,6,1161928703861592064,570425348,82,0,1,0,0,0
target,1434,6,1161928703861592064,570425352,68,0,1,0,0,0
target,1435,6,1161928703861592064,570425360,78,0,1,0,0,0
target,1436,6,1161928703861592064,570425376,79,0,1,0,0,0
target,1437,6,1161928703861592064,570425408,80,0,1,0,0,0
target,1438,6,1161928703861592064,570425472,74,0,1,0,0,0
target,1439,6,1161928703861592064,570425600,75,0,1,0,0,0
target,1440,6,1161928703861592064,570425856,73,0,1,0,0,0
target,1441,6,1161928703861592064,570426368,88,0,1,0,0,0
target,1442,6,1161928703861592064,570427392,81,0,1,0,0,0
target,1443,6,1161928703861592064,570429440,86,0,1,0,0,0
target,1444,6,1161928703861592064,570433536,72,0,1,0,0,0
target,1445,6,1161928703861592064,570441728,79,0,1,0,0,0
target,1446,6,1161928703861592064,570458112,87,0,1,0,0,0
target,1447,6,1161928703861592064,570490880,68,0,1,0,0,0
target,1448,6,1161928703861592064,570687488,81,0,1,0,0,0
target,1449,6,1161928703861592064,570949632,74,0,1,0,0,0
target,1450,6,1161928703861592064,571473920,72,0,1,0,0,0
target,1451,6,1161928703861592064,572522496,79,0,1,0,0,0
target,1452,6,1161928703861592064,574619648,83,0,1,0,0,0
target,1453,6,1161928703861592064,578813952,86,0,1,0,0,0
target,1454,6,1161928703861592064,587202560,78,0,1,0,0,0
target,1455,6,1161928703861592064,704643072,81,0,1,0,0,0
target,1456,6,1161928703861592064,838860800,75,0,1,0,0,0
target,1457,6,1161928703861592064,1644167168,72,0,1,0,0,0
target,1458,6,1161928703861592064,2717908992,70,0,1,0,0,0
target,1459,6,1161928703861592064,4865392640,61,0,1,0,0,0
target,1460,6,1161928703861592064,34930163712,88,0,1,0,0,0
target,1461,6,1161928703861592065,570425344,82,0,1,0,0,0
target,1462,6,1161928703861592066,570425344,71,0,1,0,0,0
target,1463,6,1161928703861592072,570425344,87,0,1,0,0,0
target,1464,6,1161928703861592080,570425344,90,0,1,0,0,0
target,1465,6,1161928703861592096,570425344,71,0,1,0,0,0
target,1466,6,1161928703861592128,570425344,89,0,1,0,0,0
target,1467,6,1161928703861592192,570425344,83,0,1,0,0,0
target,1468,6,1161928703861592320,570425344,86,0,1,0,0,0
target,1469,6,1161928703861593088,570425344,88,0,1,0,0,0
target,1470,6,1161928703861594112,570425344,78,0,1,0,0,0
target,1471,6,1161928703861608448,570425344,88,0,1,0,0,0
target,1472,6,1161928703861624832,570425344,78,0,1,0,0,0
target,1473,6,1161928703861723136,570425344,79,0,1,0,0,0
target,1474,6,1161928703861854208,570425344,84,0,1,0,0,0
target,1475,6,1161928703862116352,570425344,77,0,1,0,0,0
target,1476,6,1161928703862636544,9143582720,62,0,1,0,0,0
target,1477,6,1161928703862636544,43486543872,77,0,1,0,0,0
target,1478,6,1161928703862640640,570425344,80,0,1,0,0,0
target,1479,6,1161928703863689216,570425344,82,0,1,0,0,0
target,1480,6,1161928703865786368,570425344,78,0,1,0,0,0
target,1481,6,1161928703869980672,570425344,72,0,1,0,0,0
target,1482,6,1161928703878369280,570425344,83,0,1,0,0,0
target,1483,6,1161928703995809792,570425344,71,0,1,0,0,0
target,1484,6,1161928704004194305,68719476736,90,0,1,0,0,0
target,1485,6,1161928704004194306,68719476736,80,0,1,0,0,0
target,1486,6,1161928704004194308,68719476736,97,0,1,0,0,0
target,1487,6,1161928704004194312,68719476736,89,0,1,0,0,0
target,1488,6,1161928704004194336,68719476736,81,0,1,0,0,0
target,1489,6,1161928704004194368,68719476736,91,0,1,0,0,0
target,1490,6,1161928704004194432,68719476736,87,0,1,0,0,0
target,1491,6,1161928704004194560,68719476736,90,0,1,0,0,0
target,1492,6,1161928704004194816,68719476736,95,0,1,0,0,0
target,1493,6,1161928704004195328,68719476736,79,0,1,0,0,0
target,1494,6,1161928704004198400,68719476736,79,0,1,0,0,0
target,1495,6,1161928704004202496,68719476736,83,0,1,0,0,0
target,1496,6,1161928704004227072,68719476736,82,0,1,0,0,0
target,1497,6,1161928704004259840,68719476736,86,0,1,0,0,0
target,1498,6,1161928704004325376,68719476736,86,0,1,0,0,0
target,1499,6,1161928704004456448,68719476736,94,0,1,0,0,0
target,1500,6,1161928704004718592,68719476736,86,0,1,0,0,0
target,1501,6,1161928704005242880,68719476736,70,0,1,0,0,0
target,1502,6,1161928704130027520,570425344,89,0,1,0,0,0
target,1503,6,1161928704398462976,570425344,71,0,1,0,0,0
target,1504,6,1161928704935333888,570425344,75,0,1,0,0,0
target,1505,6,1161928706009075712,570425344,89,0,1,0,0,0
target,1506,6,1161928708156559360,570425344,92,0,1,0,0,0
target,1507,6,1161928712451526656,570425344,74,0,1,0,0,0
target,1508,6,1161928721041461248,570425344,78,0,1,0,0,0
target,1509,6,1161928738221330432,570425344,86,0,1,0,0,0
target,1510,6,1161928772581068800,570425344,81,0,1,0,0,0
target,1511,6,1161928978739499008,570425344,77,0,1,0,0,0
target,1512,6,1161929253617405952,570425344,78,0,1,0,0,0
target,1513,6,1161929803373219840,570425344,84,0,1,0,0,0
target,1514,6,1161930902884847616,570425344,86,0,1,0,0,0
target,1515,6,1161933101908103168,570425344,86,0,1,0,0,0
target,1516,6,1161937499954614272,570425344,84,0,1,0,0,0
target,1517,6,1161946296047636480,570425344,78,0,1,0,0,0
target,1518,6,1161963888233680896,570425344,69,0,1,0,0,0
target,1519,6,1161999072605769728,570425344,74,0,1,0,0,0
target,1520,6,1162210178838302720,570425344,68,0,1,0,0,0
target,1521,6,1166432303488962560,570425344,84,0,1,0,0,0
target,1522,6,1170935903116333056,570425345,86,0,1,0,0,0
target,1523,6,1170935903116333056,570425348,87,0,1,0,0,0
target,1524,6,1170935903116333056,570425352,74,0,1,0,0,0
target,1525,6,1170935903116333056,570425360,84,0,1,0,0,0
target,1526,6,1170935903116333056,570425376,86,0,1,0,0,0
target,1527,6,1170935903116333056,570425408,84,0,1,0,0,0
target,1528,6,1170935903116333056,570425472,80,0,1,0,0,0
target,1529,6,1170935903116333056,570425600,75,0,1,0,0,0
target,1530,6,1170935903116333056,570425856,83,0,1,0,0,0
target,1531,6,1170935903116333056,570426368,94,0,1,0,0,0
target,1532,6,1170935903116333056,570427392,95,0,1,0,0,0
target,1533,6,1170935903116333056,570429440,92,0,1,0,0,0
target,1534,6,1170935903116333056,570433536,85,0,1,0,0,0
target,1535,6,1170935903116333056,570441728,77,0,1,0,0,0
target,1536,6,1170935903116333056,570458112,92,0,1,0,0,0
target,1537,6,1170935903116333056,570490880,81,0,1,0,0,0
target,1538,6,1170935903116333056,570687488,88,0,1,0,0,0
target,1539,6,1170935903116333056,570949632,86,0,1,0,0,0
target,1540,6,1170935903116333056,571473920,75,0,1,0,0,0
target,1541,6,1170935903116333056,572522496,91,0,1,0,0,0
target,1542,6,1170935903116333056,574619648,88,0,1,0,0,0
target,1543,6,1170935903116333056,578813952,79,0,1,0,0,0
target,1544,6,1170935903116333056,587202560,81,0,1,0,0,0
target,1545,6,1170935903116333056,704643072,86,0,1,0,0,0
target,1546,6,1170935903116333056,838860800,81,0,1,0,0,0
target,1547,6,1170935903116333056,1644167168,76,0,1,0,0,0
target,1548,6,1170935903116333056,2717908992,81,0,1,0,0,0
target,1549,6,1170935903116333056,4865392640,65,0,1,0,0,0
target,1550,6,1170935903116333056,34930163712,83,0,1,0,0,0
target,1551,6,1170935903116333057,570425344,85,0,1,0,0,0
target,1552,6,1170935903116333058,570425344,82,0,1,0,0,0
target,1553,6,1170935903116333060,570425344,75,0,1,0,0,0
target,1554,6,1170935903116333064,570425344,83,0,1,0,0,0
target,1555,6,1170935903116333072,570425344,90,0,1,0,0,0
target,1556,6,1170935903116333088,570425344,77,0,1,0,0,0
target,1557,6,1170935903116333120,570425344,81,0,1,0,0,0
target,1558,6,1170935903116333184,570425344,95,0,1,0,0,0
target,1559,6,1170935903116333312,570425344,89,0,1,0,0,0
target,1560,6,1170935903116333568,570425344,85,0,1,0,0,0
target,1561,6,1170935903116334080,570425344,90,0,1,0,0,0
target,1562,6,1170935903116335104,570425344,89,0,1,0,0,0
target,1563,6,1170935903116349440,570425344,93,0,1,0,0,0
target,1564,6,1170935903116365824,570425344,88,0,1,0,0,0
target,1565,6,1170935903116464128,570425344,85,0,1,0,0,0
target,1566,6,1170935903116595200,570425344,85,0,1,0,0,0
target,1567,6,1170935903116857344,570425344,82,0,1,0,0,0
target,1568,6,1170935903117377536,9143582720,75,0,1,0,0,0
target,1569,6,1170935903117377536,43486543872,93,0,1,0,0,0
target,1570,6,1170935903117381632,570425344,85,0,1,0,0,0
target,1571,6,1170935903118430208,570425344,82,0,1,0,0,0
target,1572,6,1170935903120527360,570425344,76,0,1,0,0,0
target,1573,6,1170935903124721664,570425344,79,0,1,0,0,0
target,1574,6,1170935903133110272,570425344,86,0,1,0,0,0
target,1575,6,1170935903250550784,570425344,78,0,1,0,0,0
target,1576,6,1170935903258935297,68719476736,90,0,1,0,0,0
target,1577,6,1170935903258935298,68719476736,85,0,1,0,0,0
target,1578,6,1170935903258935300,68719476736,93,0,1,0,0,0
target,1579,6,1170935903258935304,68719476736,91,0,1,0,0,0
target,1580,6,1170935903258935328,68719476736,89,0,1,0,0,0
target,1581,6,1170935903258935360,68719476736,93,0,1,0,0,0
target,1582,6,1170935903258935424,68719476736,84,0,1,0,0,0
target,1583,6,1170935903258935552,68719476736,96,0,1,0,0,0
target,1584,6,1170935903258935808,68719476736,93,0,1,0,0,0
target,1585,6,1170935903258936320,68719476736,83,0,1,0,0,0
target,1586,6,1170935903258939392,68719476736,77,0,1,0,0,0
target,1587,6,1170935903258943488,68719476736,84,0,1,0,0,0
target,1588,6,1170935903258968064,68719476736,86,0,1,0,0,0
target,1589,6,1170935903259000832,68719476736,85,0,1,0,0,0
target,1590,6,1170935903259066368,68719476736,91,0,1,0,0,0
target,1591,6,1170935903259197440,68719476736,91,0,1,0,0,0
target,1592,6,1170935903259459584,68719476736,92,0,1,0,0,0
target,1593,6,1170935903259983872,68719476736,76,0,1,0,0,0
target,1594,6,1170935903384768512,570425344,94,0,1,0,0,0
target,1595,6,1170935903653203968,570425344,83,0,1,0,0,0
target,1596,6,1170935904190074880,570425344,86,0,1,0,0,0
target,1597,6,1170935905263816704,570425344,85,0,1,0,0,0
target,1598,6,1170935907411300352,570425344,96,0,1,0,0,0
target,1599,6,1170935911706267648,570425344,77,0,1,0,0,0
target,1600,6,1170935920296202240,570425344,81,0,1,0,0,0
target,1601,6,1170935971835809792,570425344,84,0,1,0,0,0
target,1602,6,1170936177994240000,570425344,84,0,1,0,0,0
target,1603,6,1170936452872146944,570425344,84,0,1,0,0,0
target,1604,6,1170937002627960832,570425344,89,0,1,0,0,0
target,1605,6,1170938102139588608,570425344,95,0,1,0,0,0
target,1606,6,1170940301162844160,570425344,94,0,1,0,0,0
target,1607,6,1170944699209355264,570425344,87,0,1,0,0,0
target,1608,6,1170953495302377472,570425344,83,0,1,0,0,0
target,1609,6,1170971087488421888,570425344,70,0,1,0,0,0
target,1610,6,1171006271860510720,570425344,85,0,1,0,0,0
target,1611,6,1171217378093043712,570425344,76,0,1,0,0,0
target,1612,6,1172061803023175680,570425344,81,0,1,0,0,0
target,1613,6,1175439502743703552,570425344,94,0,1,0,0,0
target,1614,6,1179943102371074048,570425344,88,0,1,0,0,0
target,1615,6,1188950301625815040,570425345,71,0,1,0,0,0
target,1616,6,1188950301625815040,570425346,63,0,1,0,0,0
target,1617,6,1188950301625815040,570427392,83,0,1,0,0,0
target,1618,6,1188950301625815040,570429440,84,0,1,0,0,0
target,1619,6,1188950301625815040,574619648,81,0,1,0,0,0
target,1620,6,1188950301625815040,578813952,81,0,1,0,0,0
target,1621,6,1188950301625815040,9160359936,69,0,1,0,0,0
target,1622,6,1188950301625815552,570425344,76,0,1,0,0,0
target,1623,6,1188950301625816064,570425344,82,0,1,0,0,0
target,1624,6,1188950301626859520,9160359936,74,0,1,0,0,0
target,1625,6,1188950301626859520,43486543872,88,0,1,0,0,0
target,1626,6,1188950301626863616,570425344,81,0,1,0,0,0
target,1627,6,1188950301627912192,570425344,75,0,1,0,0,0
target,1628,6,1188950301769465856,68719476736,66,0,1,0,0,0
target,1629,6,1188950303773298688,570425344,74,0,1,0,0,0
target,1630,6,1188950305920782336,570425344,85,0,1,0,0,0
target,1631,6,1188954699672326144,570425344,79,0,1,0,0,0
target,1632,6,1188959097718837248,570425344,83,0,1,0,0,0
target,1633,6,1197957500880556032,570425344,78,0,1,0,0,0
target,1634,6,1206964700135297024,570425344,82,0,1,0,0,0
target,1635,6,1224979098645823488,9143582720,73,0,1,0,0,0
target,1636,6,1224979098645823488,43486543872,93,0,1,0,0,0
target,1637,6,1297036692682703872,17763984736256,85,0,1,0,0,0
target,1638,6,1297036692682706944,570425345,72,0,1,0,0,0
target,1639,6,1297036692682706944,570425346,71,0,1,0,0,0
target,1640,6,1297036692682706944,570427392,84,0,1,0,0,0
target,1641,6,1297036692682706944,570429440,85,0,1,0,0,0
target,1642,6,1297036692682706944,574619648,85,0,1,0,0,0
target,1643,6,1297036692682706944,578813952,82,0,1,0,0,0
target,1644,6,1297036692682706944,9160359936,78,0,1,0,0,0
target,1645,6,1297036692682707456,570425344,82,0,1,0,0,0
target,1646,6,1297036692682707968,570425344,84,0,1,0,0,0
target,1647,6,1297036692683751424,9143582720,72,0,1,0,0,0
target,1648,6,1297036692683751424,9160359936,81,0,1,0,0,0
target,1649,6,1297036692683751424,43486543872,94,0,1,0,0,0
target,1650,6,1297036692683755520,570425344,81,0,1,0,0,0
target,1651,6,1297036692683759616,6,80,0,1,0,0,0
target,1652,6,1297036692683759616,10,77,0,1,0,0,0
target,1653,6,1297036692683759616,12,87,0,1,0,0,0
target,1654,6,1297036692683759616,18,65,0,1,0,0,0
target,1655,6,1297036692683759616,20,78,0,1,0,0,0
target,1656,6,1297036692683759616,24,74,0,1,0,0,0
target,1657,6,1297036692683759616,34,70,0,1,0,0,0
target,1658,6,1297036692683759616,36,79,0,1,0,0,0
target,1659,6,1297036692683759616,40,82,0,1,0,0,0
target,1660,6,1297036692683759616,48,67,0,1,0,0,0
target,1661,6,1297036692683759616,66,64,0,1,0,0,0
target,1662,6,1297036692683759616,68,77,0,1,0,0,0
target,1663,6,1297036692683759616,72,68,0,1,0,0,0
target,1664,6,1297036692683759616,80,64,0,1,0,0,0
target,1665,6,1297036692683759616,132,78,0,1,0,0,0
target,1666,6,1297036692683759616,136,79,0,1,0,0,0
target,1667,6,1297036692683759616,160,75,0,1,0,0,0
target,1668,6,1297036692683759616,192,66,0,1,0,0,0
target,1669,6,1297036692683759616,260,79,0,1,0,0,0
target,1670,6,1297036692683759616,272,71,0,1,0,0,0
target,1671,6,1297036692683759616,288,68,0,1,0,0,0
target,1672,6,1297036692683759616,320,67,0,1,0,0,0
target,1673,6,1297036692683759616,520,74,0,1,0,0,0
target,1674,6,1297036692683759616,528,59,0,1,0,0,0
target,1675,6,1297036692683759616,1028,92,0,1,0,0,0
target,1676,6,1297036692683759616,1032,86,0,1,0,0,0
target,1677,6,1297036692683759616,1040,75,0,1,0,0,0
target,1678,6,1297036692683759616,2052,81,0,1,0,0,0
target,1679,6,1297036692683759616,2056,78,0,1,0,0,0
target,1680,6,1297036692683759616,4100,89,0,1,0,0,0
target,1681,6,1297036692683759616,8194,73,0,1,0,0,0
target,1682,6,1297036692683759616,8196,79,0,1,0,0,0
target,1683,6,1297036692683759616,8200,81,0,1,0,0,0
target,1684,6,1297036692683759616,8208,71,0,1,0,0,0
target,1685,6,1297036692683759616,8224,75,0,1,0,0,0
target,1686,6,1297036692683759616,8256,74,0,1,0,0,0
target,1687,6,1297036692683759616,8320,81,0,1,0,0,0
target,1688,6,1297036692683759616,8448,81,0,1,0,0,0
target,1689,6,1297036692683759616,8704,76,0,1,0,0,0
target,1690,6,1297036692683759616,9216,84,0,1,0,0,0
target,1691,6,1297036692683759616,10240,79,0,1,0,0,0
target,1692,6,1297036692683759616,12288,86,0,1,0,0,0
target,1693,6,1297036692683759616,16386,80,0,1,0,0,0
target,1694,6,1297036692683759616,16388,93,0,1,0,0,0
target,1695,6,1297036692683759616,16392,84,0,1,0,0,0
target,1696,6,1297036692683759616,16400,74,0,1,0,0,0
target,1697,6,1297036692683759616,16416,85,0,1,0,0,0
target,1698,6,1297036692683759616,16448,74,0,1,0,0,0
target,1699,6,1297036692683759616,16512,87,0,1,0,0,0
target,1700,6,1297036692683759616,16640,83,0,1,0,0,0
target,1701,6,1297036692683759616,16896,84,0,1,0,0,0
target,1702,6,1297036692683759616,17408,90,0,1,0,0,0
target,1703,6,1297036692683759616,18432,85,0,1,0,0,0
target,1704,6,1297036692683759616,20480,92,0,1,0,0,0
target,1705,6,1297036692683759616,24576,84,0,1,0,0,0
target,1706,6,1297036692683759616,32772,83,0,1,0,0,0
target,1707,6,1297036692683759616,32776,76,0,1,0,0,0
target,1708,6,1297036692683759616,32800,74,0,1,0,0,0
target,1709,6,1297036692683759616,32832,70,0,1,0,0,0
target,1710,6,1297036692683759616,32896,79,0,1,0,0,0
target,1711,6,1297036692683759616,33024,73,0,1,0,0,0
target,1712,6,1297036692683759616,33280,73,0,1,0,0,0
target,1713,6,1297036692683759616,33792,84,0,1,0,0,0
target,1714,6,1297036692683759616,34816,79,0,1,0,0,0
target,1715,6,1297036692683759616,36864,79,0,1,0,0,0
target,1716,6,1297036692683759616,40960,74,0,1,0,0,0
target,1717,6,1297036692683759616,49152,84,0,1,0,0,0
target,1718,6,1297036692683759616,65538,66,0,1,0,0,0
target,1719,6,1297036692683759616,65540,74,0,1,0,0,0
target,1720,6,1297036692683759616,65544,76,0,1,0,0,0
target,1721,6,1297036692683759616,65568,66,0,1,0,0,0
target,1722,6,1297036692683759616,65792,66,0,1,0,0,0
target,1723,6,1297036692683759616,66048,71,0,1,0,0,0
target,1724,6,1297036692683759616,66560,79,0,1,0,0,0
target,1725,6,1297036692683759616,73728,67,0,1,0,0,0
target,1726,6,1297036692683759616,81920,74,0,1,0,0,0
target,1727,6,1297036692683759616,98304,64,0,1,0,0,0
target,1728,6,1297036692683759616,131076,83,0,1,0,0,0
target,1729,6,1297036692683759616,131080,76,0,1,0,0,0
target,1730,6,1297036692683759616,131104,70,0,1,0,0,0
target,1731,6,1297036692683759616,131136,66,0,1,0,0,0
target,1732,6,1297036692683759616,131328,75,0,1,0,0,0
target,1733,6,1297036692683759616,131584,68,0,1,0,0,0
target,1734,6,1297036692683759616,132096,84,0,1,0,0,0
target,1735,6,1297036692683759616,133120,79,0,1,0,0,0
target,1736,6,1297036692683759616,135168,83,0,1,0,0,0
target,1737,6,1297036692683759616,139264,76,0,1,0,0,0
target,1738,6,1297036692683759616,147456,77,0,1,0,0,0
target,1739,6,1297036692683759616,163840,73,0,1,0,0,0
target,1740,6,1297036692683759616,1064960,86,0,1,0,0,0
target,1741,6,1297036692683759616,1081344,77,0,1,0,0,0
target,1742,6,1297036692683759616,1114112,72,0,1,0,0,0
target,1743,6,1297036692683759616,2105344,73,0,1,0,0,0
target,1744,6,1297036692683759616,2113536,73,0,1,0,0,0
target,1745,6,1297036692683759616,2129920,72,0,1,0,0,0
target,1746,6,1297036692683759616,4202496,78,0,1,0,0,0
target,1747,6,1297036692683759616,4210688,77,0,1,0,0,0
target,1748,6,1297036692683759616,8396800,85,0,1,0,0,0
target,1749,6,1297036692683759616,16777218,81,0,1,0,0,0
target,1750,6,1297036692683759616,16777220,92,0,1,0,0,0
target,1751,6,1297036692683759616,16777224,90,0,1,0,0,0
target,1752,6,1297036692683759616,16777232,81,0,1,0,0,0
target,1753,6,1297036692683759616,16777248,87,0,1,0,0,0
target,1754,6,1297036692683759616,16777280,79,0,1,0,0,0
target,1755,6,1297036692683759616,16777344,87,0,1,0,0,0
target,1756,6,1297036692683759616,16777472,85,0,1,0,0,0
target,1757,6,1297036692683759616,16777728,85,0,1,0,0,0
target,1758,6,1297036692683759616,16778240,95,0,1,0,0,0
target,1759,6,1297036692683759616,16779264,87,0,1,0,0,0
target,1760,6,1297036692683759616,16781312,83,0,1,0,0,0
target,1761,6,1297036692683759616,16785408,83,0,1,0,0,0
target,1762,6,1297036692683759616,16793600,93,0,1,0,0,0
target,1763,6,1297036692683759616,16842752,78,0,1,0,0,0
target,1764,6,1297036692683759616,16908288,83,0,1,0,0,0
target,1765,6,1297036692683759616,17825792,91,0,1,0,0,0
target,1766,6,1297036692683759616,18874368,85,0,1,0,0,0
target,1767,6,1297036692683759616,20971520,90,0,1,0,0,0
target,1768,6,1297036692683759616,25165824,96,0,1,0,0,0
target,1769,6,1297036692683759616,33554434,67,0,1,0,0,0
target,1770,6,1297036692683759616,33554436,86,0,1,0,0,0
target,1771,6,1297036692683759616,33554440,81,0,1,0,0,0
target,1772,6,1297036692683759616,33554448,74,0,1,0,0,0
target,1773,6,1297036692683759616,33554464,77,0,1,0,0,0
target,1774,6,1297036692683759616,33554496,77,0,1,0,0,0
target,1775,6,1297036692683759616,33554560,80,0,1,0,0,0
target,1776,6,1297036692683759616,33554688,80,0,1,0,0,0
target,1777,6,1297036692683759616,33554944,75,0,1,0,0,0
target,1778,6,1297036692683759616,33555456,91,0,1,0,0,0
target,1779,6,1297036692683759616,33556480,83,0,1,0,0,0
target,1780,6,1297036692683759616,33558528,89,0,1,0,0,0
target,1781,6,1297036692683759616,33562624,77,0,1,0,0,0
target,1782,6,1297036692683759616,33570816,83,0,1,0,0,0
target,1783,6,1297036692683759616,33587200,80,0,1,0,0,0
target,1784,6,1297036692683759616,33619968,73,0,1,0,0,0
target,1785,6,1297036692683759616,34603008,88,0,1,0,0,0
target,1786,6,1297036692683759616,35651584,78,0,1,0,0,0
target,1787,6,1297036692683759616,37748736,85,0,1,0,0,0
target,1788,6,1297036692683759616,41943040,92,0,1,0,0,0
target,1789,6,1297036692683759616,50331648,91,0,1,0,0,0
target,1790,6,1297036692683759616,67108866,58,0,1,0,0,0
target,1791,6,1297036692683759616,67108868,62,0,1,0,0,0
target,1792,6,1297036692683759616,67108872,63,0,1,0,0,0
target,1793,6,1297036692683759616,67108896,63,0,1,0,0,0
target,1794,6,1297036692683759616,67108992,66,0,1,0,0,0
target,1795,6,1297036692683759616,67109120,61,0,1,0,0,0
target,1796,6,1297036692683759616,67109376,64,0,1,0,0,0
target,1797,6,1297036692683759616,67109888,68,0,1,0,0,0
target,1798,6,1297036692683759616,67110912,63,0,1,0,0,0
target,1799,6,1297036692683759616,67112960,70,0,1,0,0,0
target,1800,6,1297036692683759616,67117056,58,0,1,0,0,0
target,1801,6,1297036692683759616,67125248,59,0,1,0,0,0
target,1802,6,1297036692683759616,68157440,63,0,1,0,0,0
target,1803,6,1297036692683759616,69206016,62,0,1,0,0,0
target,1804,6,1297036692683759616,71303168,64,0,1,0,0,0
target,1805,6,1297036692683759616,75497472,71,0,1,0,0,0
target,1806,6,1297036692683759616,83886080,70,0,1,0,0,0
target,1807,6,1297036692683759616,134217730,79,0,1,0,0,0
target,1808,6,1297036692683759616,134217732,89,0,1,0,0,0
target,1809,6,1297036692683759616,134217736,83,0,1,0,0,0
target,1810,6,1297036692683759616,134217744,77,0,1,0,0,0
target,1811,6,1297036692683759616,134217760,83,0,1,0,0,0
target,1812,6,1297036692683759616,134217792,75,0,1,0,0,0
target,1813,6,1297036692683759616,134217856,84,0,1,0,0,0
target,1814,6,1297036692683759616,134217984,86,0,1,0,0,0
target,1815,6,1297036692683759616,134218240,84,0,1,0,0,0
target,1816,6,1297036692683759616,134218752,95,0,1,0,0,0
target,1817,6,1297036692683759616,134219776,82,0,1,0,0,0
target,1818,6,1297036692683759616,134221824,94,0,1,0,0,0
target,1819,6,1297036692683759616,134225920,83,0,1,0,0,0
target,1820,6,1297036692683759616,134234112,89,0,1,0,0,0
target,1821,6,1297036692683759616,134250496,77,0,1,0,0,0
target,1822,6,1297036692683759616,134283264,76,0,1,0,0,0
target,1823,6,1297036692683759616,134348800,77,0,1,0,0,0
target,1824,6,1297036692683759616,135266304,90,0,1,0,0,0
target,1825,6,1297036692683759616,136314880,82,0,1,0,0,0
target,1826,6,1297036692683759616,138412032,89,0,1,0,0,0
target,1827,6,1297036692683759616,142606336,90,0,1,0,0,0
target,1828,6,1297036692683759616,150994944,93,0,1,0,0,0
target,1829,6,1297036692683759616,167772160,91,0,1,0,0,0
target,1830,6,1297036692683759616,201326592,63,0,1,0,0,0
target,1831,6,1297036692683759616,268435458,74,0,1,0,0,0
target,1832,6,1297036692683759616,268435460,95,0,1,0,0,0
target,1833,6,1297036692683759616,268435464,92,0,1,0,0,0
target,1834,6,1297036692683759616,268435472,76,0,1,0,0,0
target,1835,6,1297036692683759616,268435488,84,0,1,0,0,0
target,1836,6,1297036692683759616,268435520,75,0,1,0,0,0
target,1837,6,1297036692683759616,268435584,85,0,1,0,0,0
target,1838,6,1297036692683759616,268435712,82,0,1,0,0,0
target,1839,6,1297036692683759616,268435968,81,0,1,0,0,0
target,1840,6,1297036692683759616,268436480,91,0,1,0,0,0
target,1841,6,1297036692683759616,268437504,88,0,1,0,0,0
target,1842,6,1297036692683759616,268439552,94,0,1,0,0,0
target,1843,6,1297036692683759616,268443648,87,0,1,0,0,0
target,1844,6,1297036692683759616,268451840,91,0,1,0,0,0
target,1845,6,1297036692683759616,268468224,84,0,1,0,0,0
target,1846,6,1297036692683759616,268500992,68,0,1,0,0,0
target,1847,6,1297036692683759616,268566528,80,0,1,0,0,0
target,1848,6,1297036692683759616,269484032,92,0,1,0,0,0
target,1849,6,1297036692683759616,270532608,85,0,1,0,0,0
target,1850,6,1297036692683759616,272629760,90,0,1,0,0,0
target,1851,6,1297036692683759616,276824064,92,0,1,0,0,0
target,1852,6,1297036692683759616,285212672,97,0,1,0,0,0
target,1853,6,1297036692683759616,301989888,89,0,1,0,0,0
target,1854,6,1297036692683759616,335544320,68,0,1,0,0,0
target,1855,6,1297036692683759616,536870916,88,0,1,0,0,0
target,1856,6,1297036692683759616,536870920,83,0,1,0,0,0
target,1857,6,1297036692683759616,536870928,75,0,1,0,0,0
target,1858,6,1297036692683759616,536870944,74,0,1,0,0,0
target,1859,6,1297036692683759616,536870976,74,0,1,0,0,0
target,1860,6,1297036692683759616,536871040,76,0,1,0,0,0
target,1861,6,1297036692683759616,536879104,79,0,1,0,0,0
target,1862,6,1297036692683759616,536887296,90,0,1,0,0,0
target,1863,6,1297036692683759616,536903680,81,0,1,0,0,0
target,1864,6,1297036692683759616,536936448,68,0,1,0,0,0
target,1865,6,1297036692683759616,537001984,75,0,1,0,0,0
target,1866,6,1297036692683759616,553648128,83,0,1,0,0,0
target,1867,6,1297036692683759616,570425344,83,0,1,0,0,0
target,1868,6,1297036692683759616,1090519040,92,0,1,0,0,0
target,1869,6,1297036692683759616,1140850688,67,0,1,0,0,0
target,1870,6,1297036692683759616,2181038080,90,0,1,0,0,0
target,1871,6,1297036692683759616,2214592512,60,0,1,0,0,0
target,1872,6,1297036692683759616,4311744512,84,0,1,0,0,0
target,1873,6,1297036692683759616,4328521728,73,0,1,0,0,0
target,1874,6,1297036692683759616,4362076160,60,0,1,0,0,0
target,1875,6,1297036692683759616,8606711808,76,0,1,0,0,0
target,1876,6,1297036692683759616,8623489024,81,0,1,0,0,0
target,1877,6,1297036692683759616,17196646400,94,0,1,0,0,0
target,1878,6,1297036692683759616,34359738370,81,0,1,0,0,0
target,1879,6,1297036692683759616,34359738372,92,0,1,0,0,0
target,1880,6,1297036692683759616,34359738376,89,0,1,0,0,0
target,1881,6,1297036692683759616,34359738384,82,0,1,0,0,0
target,1882,6,1297036692683759616,34359738400,86,0,1,0,0,0
target,1883,6,1297036692683759616,34359738432,78,0,1,0,0,0
target,1884,6,1297036692683759616,34359738496,86,0,1,0,0,0
target,1885,6,1297036692683759616,34359738624,87,0,1,0,0,0
target,1886,6,1297036692683759616,34359738880,85,0,1,0,0,0
target,1887,6,1297036692683759616,34359739392,97,0,1,0,0,0
target,1888,6,1297036692683759616,34359740416,85,0,1,0,0,0
target,1889,6,1297036692683759616,34359742464,95,0,1,0,0,0
target,1890,6,1297036692683759616,34359746560,87,0,1,0,0,0
target,1891,6,1297036692683759616,34359754752,94,0,1,0,0,0
target,1892,6,1297036692683759616,34359771136,86,0,1,0,0,0
target,1893,6,1297036692683759616,34359803904,80,0,1,0,0,0
target,1894,6,1297036692683759616,34359869440,86,0,1,0,0,0
target,1895,6,1297036692683759616,34360786944,93,0,1,0,0,0
target,1896,6,1297036692683759616,34361835520,88,0,1,0,0,0
target,1897,6,1297036692683759616,34363932672,90,0,1,0,0,0
target,1898,6,1297036692683759616,34368126976,98,0,1,0,0,0
target,1899,6,1297036692683759616,34376515584,95,0,1,0,0,0
target,1900,6,1297036692683759616,34393292800,91,0,1,0,0,0
target,1901,6,1297036692683759616,34426847232,74,0,1,0,0,0
target,1902,6,1297036692683759616,34493956096,94,0,1,0,0,0
target,1903,6,1297036692683759616,34628173824,98,0,1,0,0,0
target,1904,6,1297036692683759616,34896609280,94,0,1,0,0,0
target,1905,6,1297036692683759616,35433480192,97,0,1,0,0,0
target,1906,6,1297036692683759616,36507222016,98,0,1,0,0,0
target,1907,6,1297036692683759616,38654705664,88,0,1,0,0,0
target,1908,6,1297036692683759616,42949672960,91,0,1,0,0,0
target,1909,6,1297036692683759616,51539607552,99,0,1,0,0,0
target,1910,6,1297036692683759616,68719476738,65,0,1,0,0,0
target,1911,6,1297036692683759616,68719477248,60,0,1,0,0,0
target,1912,6,1297036692683759616,68719477760,76,0,1,0,0,0
target,1913,6,1297036692683759616,68719478784,73,0,1,0,0,0
target,1914,6,1297036692683759616,68719480832,67,0,1,0,0,0
target,1915,6,1297036692683759616,68721573888,67,0,1,0,0,0
target,1916,6,1297036692683759616,68723671040,71,0,1,0,0,0
target,1917,6,1297036692683759616,68727865344,77,0,1,0,0,0
target,1918,6,1297036692683759616,77309411328,65,0,1,0,0,0
target,1919,6,1297036692683759617,8,86,0,1,0,0,0
target,1920,6,1297036692683759617,16,69,0,1,0,0,0
target,1921,6,1297036692683759617,32,76,0,1,0,0,0
target,1922,6,1297036692683759617,64,77,0,1,0,0,0
target,1923,6,1297036692683759617,128,82,0,1,0,0,0
target,1924,6,1297036692683759617,8192,76,0,1,0,0,0
target,1925,6,1297036692683759617,16384,88,0,1,0,0,0
target,1926,6,1297036692683759617,32768,79,0,1,0,0,0
target,1927,6,1297036692683759617,65536,73,0,1,0,0,0
target,1928,6,1297036692683759617,131072,74,0,1,0,0,0
target,1929,6,1297036692683759617,16777216,84,0,1,0,0,0
target,1930,6,1297036692683759617,33554432,84,0,1,0,0,0
target,1931,6,1297036692683759617,67108864,65,0,1,0,0,0
target,1932,6,1297036692683759617,134217728,89,0,1,0,0,0
target,1933,6,1297036692683759617,268435456,86,0,1,0,0,0
target,1934,6,1297036692683759617,536870912,86,0,1,0,0,0
target,1935,6,1297036692683759617,34359738368,85,0,1,0,0,0
target,1936,6,1297036692683759618,4,91,0,1,0,0,0
target,1937,6,1297036692683759618,16,77,0,1,0,0,0
target,1938,6,1297036692683759618,32,81,0,1,0,0,0
target,1939,6,1297036692683759618,128,85,0,1,0,0,0
target,1940,6,1297036692683759618,8192,84,0,1,0,0,0
target,1941,6,1297036692683759618,16384,87,0,1,0,0,0
target,1942,6,1297036692683759618,32768,81,0,1,0,0,0
target,1943,6,1297036692683759618,65536,78,0,1,0,0,0
target,1944,6,1297036692683759618,131072,81,0,1,0,0,0
target,1945,6,1297036692683759618,16777216,82,0,1,0,0,0
target,1946,6,1297036692683759618,33554432,85,0,1,0,0,0
target,1947,6,1297036692683759618,67108864,72,0,1,0,0,0
target,1948,6,1297036692683759618,134217728,92,0,1,0,0,0
target,1949,6,1297036692683759618,268435456,93,0,1,0,0,0
target,1950,6,1297036692683759618,536870912,87,0,1,0,0,0
target,1951,6,1297036692683759618,34359738368,91,0,1,0,0,0
target,1952,6,1297036692683759619,0,83,0,1,0,0,0
target,1953,6,1297036692683759620,4,80,0,1,0,0,0
target,1954,6,1297036692683759620,8,79,0,1,0,0,0
target,1955,6,1297036692683759620,32,77,0,1,0,0,0
target,1956,6,1297036692683759620,64,68,0,1,0,0,0
target,1957,6,1297036692683759620,128,69,0,1,0,0,0
target,1958,6,1297036692683759620,8192,74,0,1,0,0,0
target,1959,6,1297036692683759620,16384,78,0,1,0,0,0
target,1960,6,1297036692683759620,65536,67,0,1,0,0,0
target,1961,6,1297036692683759620,131072,73,0,1,0,0,0
target,1962,6,1297036692683759620,16777216,81,0,1,0,0,0
target,1963,6,1297036692683759620,33554432,81,0,1,0,0,0
target,1964,6,1297036692683759620,134217728,83,0,1,0,0,0
target,1965,6,1297036692683759620,268435456,83,0,1,0,0,0
target,1966,6,1297036692683759620,536870912,80,0,1,0,0,0
target,1967,6,1297036692683759620,34359738368,84,0,1,0,0,0
target,1968,6,1297036692683759621,0,74,0,1,0,0,0
target,1969,6,1297036692683759622,0,77,0,1,0,0,0
target,1970,6,1297036692683759624,4,86,0,1,0,0,0
target,1971,6,1297036692683759624,8,76,0,1,0,0,0
target,1972,6,1297036692683759624,64,76,0,1,0,0,0
target,1973,6,1297036692683759624,128,81,0,1,0,0,0
target,1974,6,1297036692683759624,8192,77,0,1,0,0,0
target,1975,6,1297036692683759624,16384,85,0,1,0,0,0
target,1976,6,1297036692683759624,32768,70,0,1,0,0,0
target,1977,6,1297036692683759624,131072,78,0,1,0,0,0
target,1978,6,1297036692683759624,16777216,86,0,1,0,0,0
target,1979,6,1297036692683759624,33554432,82,0,1,0,0,0
target,1980,6,1297036692683759624,67108864,61,0,1,0,0,0
target,1981,6,1297036692683759624,134217728,76,0,1,0,0,0
target,1982,6,1297036692683759624,268435456,84,0,1,0,0,0
target,1983,6,1297036692683759624,536870912,82,0,1,0,0,0
target,1984,6,1297036692683759624,34359738368,87,0,1,0,0,0
target,1985,6,1297036692683759625,0,78,0,1,0,0,0
target,1986,6,1297036692683759626,0,83,0,1,0,0,0
target,1987,6,1297036692683759628,0,67,0,1,0,0,0
target,1988,6,1297036692683759632,4,86,0,1,0,0,0
target,1989,6,1297036692683759632,8,84,0,1,0,0,0
target,1990,6,1297036692683759632,16,73,0,1,0,0,0
target,1991,6,1297036692683759632,32,83,0,1,0,0,0
target,1992,6,1297036692683759632,128,83,0,1,0,0,0
target,1993,6,1297036692683759632,16384,87,0,1,0,0,0
target,1994,6,1297036692683759632,32768,78,0,1,0,0,0
target,1995,6,1297036692683759632,65536,74,0,1,0,0,0
target,1996,6,1297036692683759632,131072,70,0,1,0,0,0
target,1997,6,1297036692683759632,16777216,88,0,1,0,0,0
target,1998,6,1297036692683759632,33554432,84,0,1,0,0,0
target,1999,6,1297036692683759632,67108864,64,0,1,0,0,0
target,2000,6,1297036692683759632,134217728,85,0,1,0,0,0
target,2001,6,1297036692683759632,268435456,85,0,1,0,0,0
target,2002,6,1297036692683759632,536870912,83,0,1,0,0,0
target,2003,6,1297036692683759632,34359738368,90,0,1,0,0,0
target,2004,6,1297036692683759633,0,83,0,1,0,0,0
target,2005,6,1297036692683759634,0,83,0,1,0,0,0
target,2006,6,1297036692683759636,0,73,0,1,0,0,0
target,2007,6,1297036692683759648,4,82,0,1,0,0,0
target,2008,6,1297036692683759648,8,79,0,1,0,0,0
target,2009,6,1297036692683759648,16,65,0,1,0,0,0
target,2010,6,1297036692683759648,32,73,0,1,0,0,0
target,2011,6,1297036692683759648,64,72,0,1,0,0,0
target,2012,6,1297036692683759648,8192,76,0,1,0,0,0
target,2013,6,1297036692683759648,16384,82,0,1,0,0,0
target,2014,6,1297036692683759648,32768,74,0,1,0,0,0
target,2015,6,1297036692683759648,65536,71,0,1,0,0,0
target,2016,6,1297036692683759648,131072,72,0,1,0,0,0
target,2017,6,1297036692683759648,16777216,83,0,1,0,0,0
target,2018,6,1297036692683759648,33554432,72,0,1,0,0,0
target,2019,6,1297036692683759648,67108864,66,0,1,0,0,0
target,2020,6,1297036692683759648,134217728,78,0,1,0,0,0
target,2021,6,1297036692683759648,268435456,84,0,1,0,0,0
target,2022,6,1297036692683759648,536870912,69,0,1,0,0,0
target,2023,6,1297036692683759648,34359738368,85,0,1,0,0,0
target,2024,6,1297036692683759649,0,72,0,1,0,0,0
target,2025,6,1297036692683759650,0,79,0,1,0,0,0
target,2026,6,1297036692683759656,0,73,0,1,0,0,0
target,2027,6,1297036692683759664,0,66,0,1,0,0,0
target,2028,6,1297036692683759680,4,88,0,1,0,0,0
target,2029,6,1297036692683759680,8,90,0,1,0,0,0
target,2030,6,1297036692683759680,16,78,0,1,0,0,0
target,2031,6,1297036692683759680,32,83,0,1,0,0,0
target,2032,6,1297036692683759680,64,73,0,1,0,0,0
target,2033,6,1297036692683759680,128,87,0,1,0,0,0
target,2034,6,1297036692683759680,8192,85,0,1,0,0,0
target,2035,6,1297036692683759680,16384,91,0,1,0,0,0
target,2036,6,1297036692683759680,32768,79,0,1,0,0,0
target,2037,6,1297036692683759680,65536,76,0,1,0,0,0
target,2038,6,1297036692683759680,131072,81,0,1,0,0,0
target,2039,6,1297036692683759680,16777216,92,0,1,0,0,0
target,2040,6,1297036692683759680,33554432,89,0,1,0,0,0
target,2041,6,1297036692683759680,67108864,59,0,1,0,0,0
target,2042,6,1297036692683759680,134217728,92,0,1,0,0,0
target,2043,6,1297036692683759680,268435456,93,0,1,0,0,0
target,2044,6,1297036692683759680,536870912,89,0,1,0,0,0
target,2045,6,1297036692683759680,34359738368,93,0,1,0,0,0
target,2046,6,1297036692683759680,68719476736,75,0,1,0,0,0
target,2047,6,1297036692683759681,0,84,0,1,0,0,0
target,2048,6,1297036692683759684,0,79,0,1,0,0,0
target,2049,6,1297036692683759688,0,77,0,1,0,0,0
target,2050,6,1297036692683759696,0,78,0,1,0,0,0
target,2051,6,1297036692683759744,4,79,0,1,0,0,0
target,2052,6,1297036692683759744,8,73,0,1,0,0,0
target,2053,6,1297036692683759744,16,67,0,1,0,0,0
target,2054,6,1297036692683759744,64,62,0,1,0,0,0
target,2055,6,1297036692683759744,128,70,0,1,0,0,0
target,2056,6,1297036692683759744,16384,75,0,1,0,0,0
target,2057,6,1297036692683759744,32768,67,0,1,0,0,0
target,2058,6,1297036692683759744,131072,68,0,1,0,0,0
target,2059,6,1297036692683759744,16777216,78,0,1,0,0,0
target,2060,6,1297036692683759744,33554432,74,0,1,0,0,0
target,2061,6,1297036692683759744,67108864,58,0,1,0,0,0
target,2062,6,1297036692683759744,134217728,70,0,1,0,0,0
target,2063,6,1297036692683759744,268435456,79,0,1,0,0,0
target,2064,6,1297036692683759744,536870912,71,0,1,0,0,0
target,2065,6,1297036692683759744,34359738368,80,0,1,0,0,0
target,2066,6,1297036692683759746,0,72,0,1,0,0,0
target,2067,6,1297036692683759748,0,58,0,1,0,0,0
target,2068,6,1297036692683759776,0,56,0,1,0,0,0
target,2069,6,1297036692683759808,0,66,0,1,0,0,0
target,2070,6,1297036692683759872,4,85,0,1,0,0,0
target,2071,6,1297036692683759872,8,80,0,1,0,0,0
target,2072,6,1297036692683759872,32,81,0,1,0,0,0
target,2073,6,1297036692683759872,64,71,0,1,0,0,0
target,2074,6,1297036692683759872,128,82,0,1,0,0,0
target,2075,6,1297036692683759872,8192,77,0,1,0,0,0
target,2076,6,1297036692683759872,16384,77,0,1,0,0,0
target,2077,6,1297036692683759872,32768,76,0,1,0,0,0
target,2078,6,1297036692683759872,16777216,75,0,1,0,0,0
target,2079,6,1297036692683759872,33554432,83,0,1,0,0,0
target,2080,6,1297036692683759872,67108864,61,0,1,0,0,0
target,2081,6,1297036692683759872,134217728,85,0,1,0,0,0
target,2082,6,1297036692683759872,268435456,86,0,1,0,0,0
target,2083,6,1297036692683759872,536870912,82,0,1,0,0,0
target,2084,6,1297036692683759872,34359738368,88,0,1,0,0,0
target,2085,6,1297036692683759872,68719476736,59,0,1,0,0,0
target,2086,6,1297036692683759873,0,73,0,1,0,0,0
target,2087,6,1297036692683759874,0,71,0,1,0,0,0
target,2088,6,1297036692683759876,0,70,0,1,0,0,0
target,2089,6,1297036692683759888,0,75,0,1,0,0,0
target,2090,6,1297036692683759936,0,81,0,1,0,0,0
target,2091,6,1297036692683760000,0,69,0,1,0,0,0
target,2092,6,1297036692683760128,4,89,0,1,0,0,0
target,2093,6,1297036692683760128,8,86,0,1,0,0,0
target,2094,6,1297036692683760128,16,77,0,1,0,0,0
target,2095,6,1297036692683760128,32,82,0,1,0,0,0
target,2096,6,1297036692683760128,64,78,0,1,0,0,0
target,2097,6,1297036692683760128,128,83,0,1,0,0,0
target,2098,6,1297036692683760128,8192,82,0,1,0,0,0
target,2099,6,1297036692683760128,16384,89,0,1,0,0,0
target,2100,6,1297036692683760128,32768,70,0,1,0,0,0
target,2101,6,1297036692683760128,65536,74,0,1,0,0,0
target,2102,6,1297036692683760128,131072,80,0,1,0,0,0
target,2103,6,1297036692683760128,16777216,90,0,1,0,0,0
target,2104,6,1297036692683760128,33554432,86,0,1,0,0,0
target,2105,6,1297036692683760128,67108864,71,0,1,0,0,0
target,2106,6,1297036692683760128,134217728,83,0,1,0,0,0
target,2107,6,1297036692683760128,268435456,91,0,1,0,0,0
target,2108,6,1297036692683760128,536870912,86,0,1,0,0,0
target,2109,6,1297036692683760128,34359738368,88,0,1,0,0,0
target,2110,6,1297036692683760128,68719476736,70,0,1,0,0,0
target,2111,6,1297036692683760130,0,83,0,1,0,0,0
target,2112,6,1297036692683760136,0,72,0,1,0,0,0
target,2113,6,1297036692683760144,0,79,0,1,0,0,0
target,2114,6,1297036692683760160,0,80,0,1,0,0,0
target,2115,6,1297036692683760192,0,82,0,1,0,0,0
target,2116,6,1297036692683760256,0,72,0,1,0,0,0
target,2117,6,1297036692683760384,0,81,0,1,0,0,0
target,2118,6,1297036692683760640,4,84,0,1,0,0,0
target,2119,6,1297036692683760640,8,80,0,1,0,0,0
target,2120,6,1297036692683760640,16,73,0,1,0,0,0
target,2121,6,1297036692683760640,32,79,0,1,0,0,0
target,2122,6,1297036692683760640,128,80,0,1,0,0,0
target,2123,6,1297036692683760640,8192,80,0,1,0,0,0
target,2124,6,1297036692683760640,16384,85,0,1,0,0,0
target,2125,6,1297036692683760640,32768,76,0,1,0,0,0
target,2126,6,1297036692683760640,131072,78,0,1,0,0,0
target,2127,6,1297036692683760640,16777216,86,0,1,0,0,0
target,2128,6,1297036692683760640,33554432,84,0,1,0,0,0
target,2129,6,1297036692683760640,134217728,86,0,1,0,0,0
target,2130,6,1297036692683760640,268435456,87,0,1,0,0,0
target,2131,6,1297036692683760640,536870912,86,0,1,0,0,0
target,2132,6,1297036692683760640,34359738368,88,0,1,0,0,0
target,2133,6,1297036692683760641,0,76,0,1,0,0,0
target,2134,6,1297036692683760644,0,68,0,1,0,0,0
target,2135,6,1297036692683760648,0,71,0,1,0,0,0
target,2136,6,1297036692683760656,0,79,0,1,0,0,0
target,2137,6,1297036692683760672,0,72,0,1,0,0,0
target,2138,6,1297036692683760704,0,85,0,1,0,0,0
target,2139,6,1297036692683760768,0,70,0,1,0,0,0
target,2140,6,1297036692683760896,0,75,0,1,0,0,0
target,2141,6,1297036692683761152,0,79,0,1,0,0,0
target,2142,6,1297036692683761664,4,80,0,1,0,0,0
target,2143,6,1297036692683761664,8,80,0,1,0,0,0
target,2144,6,1297036692683761664,16,68,0,1,0,0,0
target,2145,6,1297036692683761664,32,76,0,1,0,0,0
target,2146,6,1297036692683761664,64,68,0,1,0,0,0
target,2147,6,1297036692683761664,128,69,0,1,0,0,0
target,2148,6,1297036692683761664,8192,72,0,1,0,0,0
target,2149,6,1297036692683761664,16384,84,0,1,0,0,0
target,2150,6,1297036692683761664,32768,72,0,1,0,0,0
target,2151,6,1297036692683761664,65536,67,0,1,0,0,0
target,2152,6,1297036692683761664,131072,75,0,1,0,0,0
target,2153,6,1297036692683761664,16777216,73,0,1,0,0,0
target,2154,6,1297036692683761664,33554432,79,0,1,0,0,0
target,2155,6,1297036692683761664,67108864,61,0,1,0,0,0
target,2156,6,1297036692683761664,134217728,84,0,1,0,0,0
target,2157,6,1297036692683761664,268435456,85,0,1,0,0,0
target,2158,6,1297036692683761664,536870912,81,0,1,0,0,0
target,2159,6,1297036692683761664,34359738368,81,0,1,0,0,0
target,2160,6,1297036692683761666,0,71,0,1,0,0,0
target,2161,6,1297036692683761668,0,73,0,1,0,0,0
target,2162,6,1297036692683761672,0,76,0,1,0,0,0
target,2163,6,1297036692683761680,0,77,0,1,0,0,0
target,2164,6,1297036692683761696,0,75,0,1,0,0,0
target,2165,6,1297036692683761728,0,81,0,1,0,0,0
target,2166,6,1297036692683761792,0,69,0,1,0,0,0
target,2167,6,1297036692683761920,0,68,0,1,0,0,0
target,2168,6,1297036692683762688,0,76,0,1,0,0,0
target,2169,6,1297036692683763712,4,77,0,1,0,0,0
target,2170,6,1297036692683763712,8,68,0,1,0,0,0
target,2171,6,1297036692683763712,16,65,0,1,0,0,0
target,2172,6,1297036692683763712,32,72,0,1,0,0,0
target,2173,6,1297036692683763712,64,62,0,1,0,0,0
target,2174,6,1297036692683763712,128,74,0,1,0,0,0
target,2175,6,1297036692683763712,8192,70,0,1,0,0,0
target,2176,6,1297036692683763712,16384,72,0,1,0,0,0
target,2177,6,1297036692683763712,32768,71,0,1,0,0,0
target,2178,6,1297036692683763712,65536,63,0,1,0,0,0
target,2179,6,1297036692683763712,16777216,78,0,1,0,0,0
target,2180,6,1297036692683763712,134217728,78,0,1,0,0,0
target,2181,6,1297036692683763712,268435456,80,0,1,0,0,0
target,2182,6,1297036692683763712,536870912,75,0,1,0,0,0
target,2183,6,1297036692683763712,34359738368,80,0,1,0,0,0
target,2184,6,1297036692683763713,0,66,0,1,0,0,0
target,2185,6,1297036692683763714,0,76,0,1,0,0,0
target,2186,6,1297036692683763720,0,72,0,1,0,0,0
target,2187,6,1297036692683763728,0,71,0,1,0,0,0
target,2188,6,1297036692683763776,0,78,0,1,0,0,0
target,2189,6,1297036692683763840,0,65,0,1,0,0,0
target,2190,6,1297036692683763968,0,70,0,1,0,0,0
target,2191,6,1297036692683764224,0,78,0,1,0,0,0
target,2192,6,1297036692683764736,0,73,0,1,0,0,0
target,2193,6,1297036692683776000,4,83,0,1,0,0,0
target,2194,6,1297036692683776000,8,80,0,1,0,0,0
target,2195,6,1297036692683776000,16,65,0,1,0,0,0
target,2196,6,1297036692683776000,32,70,0,1,0,0,0
target,2197,6,1297036692683776000,64,68,0,1,0,0,0
target,2198,6,1297036692683776000,128,76,0,1,0,0,0
target,2199,6,1297036692683776000,8192,71,0,1,0,0,0
target,2200,6,1297036692683776000,16384,82,0,1,0,0,0
target,2201,6,1297036692683776000,32768,74,0,1,0,0,0
target,2202,6,1297036692683776000,65536,63,0,1,0,0,0
target,2203,6,1297036692683776000,131072,75,0,1,0,0,0
target,2204,6,1297036692683776000,16777216,84,0,1,0,0,0
target,2205,6,1297036692683776000,33554432,81,0,1,0,0,0
target,2206,6,1297036692683776000,67108864,55,0,1,0,0,0
target,2207,6,1297036692683776000,134217728,72,0,1,0,0,0
target,2208,6,1297036692683776000,268435456,80,0,1,0,0,0
target,2209,6,1297036692683776000,536870912,80,0,1,0,0,0
target,2210,6,1297036692683776000,34359738368,86,0,1,0,0,0
target,2211,6,1297036692683776001,0,75,0,1,0,0,0
target,2212,6,1297036692683776002,0,81,0,1,0,0,0
target,2213,6,1297036692683776004,0,71,0,1,0,0,0
target,2214,6,1297036692683776008,0,75,0,1,0,0,0
target,2215,6,1297036692683776016,0,74,0,1,0,0,0
target,2216,6,1297036692683776032,0,70,0,1,0,0,0
target,2217,6,1297036692683776064,0,75,0,1,0,0,0
target,2218,6,1297036692683776128,0,64,0,1,0,0,0
target,2219,6,1297036692683776256,0,75,0,1,0,0,0
target,2220,6,1297036692683776512,0,81,0,1,0,0,0
target,2221,6,1297036692683777024,0,74,0,1,0,0,0
target,2222,6,1297036692683792384,4,76,0,1,0,0,0
target,2223,6,1297036692683792384,8,70,0,1,0,0,0
target,2224,6,1297036692683792384,16,65,0,1,0,0,0
target,2225,6,1297036692683792384,32,72,0,1,0,0,0
target,2226,6,1297036692683792384,64,54,0,1,0,0,0
target,2227,6,1297036692683792384,128,71,0,1,0,0,0
target,2228,6,1297036692683792384,8192,71,0,1,0,0,0
target,2229,6,1297036692683792384,16384,77,0,1,0,0,0
target,2230,6,1297036692683792384,32768,64,0,1,0,0,0
target,2231,6,1297036692683792384,65536,59,0,1,0,0,0
target,2232,6,1297036692683792384,131072,66,0,1,0,0,0
target,2233,6,1297036692683792384,16777216,77,0,1,0,0,0
target,2234,6,1297036692683792384,33554432,75,0,1,0,0,0
target,2235,6,1297036692683792384,67108864,56,0,1,0,0,0
target,2236,6,1297036692683792384,134217728,72,0,1,0,0,0
target,2237,6,1297036692683792384,268435456,68,0,1,0,0,0
target,2238,6,1297036692683792384,536870912,73,0,1,0,0,0
target,2239,6,1297036692683792384,34359738368,73,0,1,0,0,0
target,2240,6,1297036692683792385,0,73,0,1,0,0,0
target,2241,6,1297036692683792386,0,75,0,1,0,0,0
target,2242,6,1297036692683792388,0,70,0,1,0,0,0
target,2243,6,1297036692683792392,0,70,0,1,0,0,0
target,2244,6,1297036692683792400,0,68,0,1,0,0,0
target,2245,6,1297036692683792448,0,68,0,1,0,0,0
target,2246,6,1297036692683792512,0,53,0,1,0,0,0
target,2247,6,1297036692683792896,0,74,0,1,0,0,0
target,2248,6,1297036692683793408,0,68,0,1,0,0,0
target,2249,6,1297036692683890688,4,75,0,1,0,0,0
target,2250,6,1297036692683890688,8,67,0,1,0,0,0
target,2251,6,1297036692683890688,16,65,0,1,0,0,0
target,2252,6,1297036692683890688,32,68,0,1,0,0,0
target,2253,6,1297036692683890688,64,62,0,1,0,0,0
target,2254,6,1297036692683890688,128,70,0,1,0,0,0
target,2255,6,1297036692683890688,8192,63,0,1,0,0,0
target,2256,6,1297036692683890688,16384,75,0,1,0,0,0
target,2257,6,1297036692683890688,32768,66,0,1,0,0,0
target,2258,6,1297036692683890688,65536,55,0,1,0,0,0
target,2259,6,1297036692683890688,131072,69,0,1,0,0,0
target,2260,6,1297036692683890688,16777216,75,0,1,0,0,0
target,2261,6,1297036692683890688,33554432,74,0,1,0,0,0
target,2262,6,1297036692683890688,134217728,76,0,1,0,0,0
target,2263,6,1297036692683890688,268435456,77,0,1,0,0,0
target,2264,6,1297036692683890688,536870912,68,0,1,0,0,0
target,2265,6,1297036692683890688,34359738368,77,0,1,0,0,0
target,2266,6,1297036692683890688,68719476736,63,0,1,0,0,0
target,2267,6,1297036692683890689,0,71,0,1,0,0,0
target,2268,6,1297036692683890690,0,74,0,1,0,0,0
target,2269,6,1297036692683890696,0,67,0,1,0,0,0
target,2270,6,1297036692683890704,0,69,0,1,0,0,0
target,2271,6,1297036692683890752,0,73,0,1,0,0,0
target,2272,6,1297036692683890816,0,58,0,1,0,0,0
target,2273,6,1297036692683890944,0,66,0,1,0,0,0
target,2274,6,1297036692683891200,0,73,0,1,0,0,0
target,2275,6,1297036692683891712,0,71,0,1,0,0,0
target,2276,6,1297036692684021760,4,84,0,1,0,0,0
target,2277,6,1297036692684021760,8,81,0,1,0,0,0
target,2278,6,1297036692684021760,16,65,0,1,0,0,0
target,2279,6,1297036692684021760,32,78,0,1,0,0,0
target,2280,6,1297036692684021760,64,66,0,1,0,0,0
target,2281,6,1297036692684021760,128,78,0,1,0,0,0
target,2282,6,1297036692684021760,8192,77,0,1,0,0,0
target,2283,6,1297036692684021760,16384,78,0,1,0,0,0
target,2284,6,1297036692684021760,32768,78,0,1,0,0,0
target,2285,6,1297036692684021760,65536,69,0,1,0,0,0
target,2286,6,1297036692684021760,131072,72,0,1,0,0,0
target,2287,6,1297036692684021760,16777216,76,0,1,0,0,0
target,2288,6,1297036692684021760,33554432,82,0,1,0,0,0
target,2289,6,1297036692684021760,67108864,62,0,1,0,0,0
target,2290,6,1297036692684021760,134217728,85,0,1,0,0,0
target,2291,6,1297036692684021760,268435456,86,0,1,0,0,0
target,2292,6,1297036692684021760,536870912,82,0,1,0,0,0
target,2293,6,1297036692684021760,34359738368,87,0,1,0,0,0
target,2294,6,1297036692684021760,68719476736,65,0,1,0,0,0
target,2295,6,1297036692684021761,0,82,0,1,0,0,0
target,2296,6,1297036692684021762,0,82,0,1,0,0,0
target,2297,6,1297036692684021764,0,73,0,1,0,0,0
target,2298,6,1297036692684021768,0,75,0,1,0,0,0
target,2299,6,1297036692684021776,0,74,0,1,0,0,0
target,2300,6,1297036692684021792,0,73,0,1,0,0,0
target,2301,6,1297036692684021824,0,79,0,1,0,0,0
target,2302,6,1297036692684021888,0,67,0,1,0,0,0
target,2303,6,1297036692684022016,0,75,0,1,0,0,0
target,2304,6,1297036692684022272,0,82,0,1,0,0,0
target,2305,6,1297036692684022784,0,72,0,1,0,0,0
target,2306,6,1297036692684283904,4,81,0,1,0,0,0
target,2307,6,1297036692684283904,8,77,0,1,0,0,0
target,2308,6,1297036692684283904,16,67,0,1,0,0,0
target,2309,6,1297036692684283904,64,65,0,1,0,0,0
target,2310,6,1297036692684283904,128,75,0,1,0,0,0
target,2311,6,1297036692684283904,8192,73,0,1,0,0,0
target,2312,6,1297036692684283904,16384,81,0,1,0,0,0
target,2313,6,1297036692684283904,32768,69,0,1,0,0,0
target,2314,6,1297036692684283904,65536,68,0,1,0,0,0
target,2315,6,1297036692684283904,131072,74,0,1,0,0,0
target,2316,6,1297036692684283904,16777216,82,0,1,0,0,0
target,2317,6,1297036692684283904,33554432,70,0,1,0,0,0
target,2318,6,1297036692684283904,67108864,59,0,1,0,0,0
target,2319,6,1297036692684283904,134217728,82,0,1,0,0,0
target,2320,6,1297036692684283904,268435456,78,0,1,0,0,0
target,2321,6,1297036692684283904,536870912,81,0,1,0,0,0
target,2322,6,1297036692684283904,34359738368,76,0,1,0,0,0
target,2323,6,1297036692684283904,68719476736,63,0,1,0,0,0
target,2324,6,1297036692684283905,0,77,0,1,0,0,0
target,2325,6,1297036692684283906,0,77,0,1,0,0,0
target,2326,6,1297036692684283908,0,71,0,1,0,0,0
target,2327,6,1297036692684283920,0,73,0,1,0,0,0
target,2328,6,1297036692684283936,0,67,0,1,0,0,0
target,2329,6,1297036692684283968,0,75,0,1,0,0,0
target,2330,6,1297036692684284160,0,74,0,1,0,0,0
target,2331,6,1297036692684284416,0,76,0,1,0,0,0
target,2332,6,1297036692684284928,0,71,0,1,0,0,0
target,2333,6,1297036692684804096,570425344,74,0,1,0,0,0
target,2334,6,1297036692685856768,4,78,0,1,0,0,0
target,2335,6,1297036692685856768,8,79,0,1,0,0,0
target,2336,6,1297036692685856768,16,72,0,1,0,0,0
target,2337,6,1297036692685856768,32,75,0,1,0,0,0
target,2338,6,1297036692685856768,64,67,0,1,0,0,0
target,2339,6,1297036692685856768,8192,75,0,1,0,0,0
target,2340,6,1297036692685856768,32768,67,0,1,0,0,0
target,2341,6,1297036692685856768,65536,65,0,1,0,0,0
target,2342,6,1297036692685856768,16777216,83,0,1,0,0,0
target,2343,6,1297036692685856768,33554432,79,0,1,0,0,0
target,2344,6,1297036692685856768,67108864,63,0,1,0,0,0
target,2345,6,1297036692685856768,134217728,67,0,1,0,0,0
target,2346,6,1297036692685856768,268435456,83,0,1,0,0,0
target,2347,6,1297036692685856768,536870912,79,0,1,0,0,0
target,2348,6,1297036692685856768,34359738368,85,0,1,0,0,0
target,2349,6,1297036692685856768,68719476736,64,0,1,0,0,0
target,2350,6,1297036692685856769,0,78,0,1,0,0,0
target,2351,6,1297036692685856770,0,80,0,1,0,0,0
target,2352,6,1297036692685856772,0,69,0,1,0,0,0
target,2353,6,1297036692685856776,0,69,0,1,0,0,0
target,2354,6,1297036692685856784,0,76,0,1,0,0,0
target,2355,6,1297036692685856800,0,72,0,1,0,0,0
target,2356,6,1297036692685856832,0,80,0,1,0,0,0
target,2357,6,1297036692685856896,0,63,0,1,0,0,0
target,2358,6,1297036692685857024,0,76,0,1,0,0,0
target,2359,6,1297036692685857280,0,70,0,1,0,0,0
target,2360,6,1297036692685857792,0,71,0,1,0,0,0
target,2361,6,1297036692687953920,4,92,0,1,0,0,0
target,2362,6,1297036692687953920,8,88,0,1,0,0,0
target,2363,6,1297036692687953920,16,79,0,1,0,0,0
target,2364,6,1297036692687953920,32,87,0,1,0,0,0
target,2365,6,1297036692687953920,64,73,0,1,0,0,0
target,2366,6,1297036692687953920,128,87,0,1,0,0,0
target,2367,6,1297036692687953920,8192,81,0,1,0,0,0
target,2368,6,1297036692687953920,16384,96,0,1,0,0,0
target,2369,6,1297036692687953920,32768,85,0,1,0,0,0
target,2370,6,1297036692687953920,65536,81,0,1,0,0,0
target,2371,6,1297036692687953920,131072,85,0,1,0,0,0
target,2372,6,1297036692687953920,16777216,95,0,1,0,0,0
target,2373,6,1297036692687953920,33554432,93,0,1,0,0,0
target,2374,6,1297036692687953920,67108864,70,0,1,0,0,0
target,2375,6,1297036692687953920,134217728,92,0,1,0,0,0
target,2376,6,1297036692687953920,268435456,98,0,1,0,0,0
target,2377,6,1297036692687953920,536870912,95,0,1,0,0,0
target,2378,6,1297036692687953920,34359738368,91,0,1,0,0,0
target,2379,6,1297036692687953921,0,88,0,1,0,0,0
target,2380,6,1297036692687953922,0,95,0,1,0,0,0
target,2381,6,1297036692687953924,0,77,0,1,0,0,0
target,2382,6,1297036692687953928,0,83,0,1,0,0,0
target,2383,6,1297036692687953936,0,90,0,1,0,0,0
target,2384,6,1297036692687953952,0,85,0,1,0,0,0
target,2385,6,1297036692687953984,0,93,0,1,0,0,0
target,2386,6,1297036692687954048,0,80,0,1,0,0,0
target,2387,6,1297036692687954176,0,84,0,1,0,0,0
target,2388,6,1297036692687954432,0,91,0,1,0,0,0
target,2389,6,1297036692687954944,0,89,0,1,0,0,0
target,2390,6,1297036692687955968,0,84,0,1,0,0,0
target,2391,6,1297036692687958016,0,70,0,1,0,0,0
target,2392,6,1297036692687970304,0,82,0,1,0,0,0
target,2393,6,1297036692687986688,0,72,0,1,0,0,0
target,2394,6,1297036692688084992,0,78,0,1,0,0,0
target,2395,6,1297036692688216064,0,88,0,1,0,0,0
target,2396,6,1297036692688478208,0,82,0,1,0,0,0
target,2397,6,1297036692690051072,0,85,0,1,0,0,0
target,2398,6,1297036692692148224,4,82,0,1,0,0,0
target,2399,6,1297036692692148224,8,75,0,1,0,0,0
target,2400,6,1297036692692148224,16,72,0,1,0,0,0
target,2401,6,1297036692692148224,32,74,0,1,0,0,0
target,2402,6,1297036692692148224,64,69,0,1,0,0,0
target,2403,6,1297036692692148224,128,71,0,1,0,0,0
target,2404,6,1297036692692148224,16384,76,0,1,0,0,0
target,2405,6,1297036692692148224,32768,70,0,1,0,0,0
target,2406,6,1297036692692148224,65536,69,0,1,0,0,0
target,2407,6,1297036692692148224,131072,72,0,1,0,0,0
target,2408,6,1297036692692148224,16777216,84,0,1,0,0,0
target,2409,6,1297036692692148224,33554432,70,0,1,0,0,0
target,2410,6,1297036692692148224,67108864,60,0,1,0,0,0
target,2411,6,1297036692692148224,134217728,84,0,1,0,0,0
target,2412,6,1297036692692148224,268435456,81,0,1,0,0,0
target,2413,6,1297036692692148224,536870912,77,0,1,0,0,0
target,2414,6,1297036692692148224,34359738368,82,0,1,0,0,0
target,2415,6,1297036692692148225,0,79,0,1,0,0,0
target,2416,6,1297036692692148226,0,78,0,1,0,0,0
target,2417,6,1297036692692148228,0,68,0,1,0,0,0
target,2418,6,1297036692692148232,0,73,0,1,0,0,0
target,2419,6,1297036692692148256,0,66,0,1,0,0,0
target,2420,6,1297036692692148288,0,79,0,1,0,0,0
target,2421,6,1297036692692148480,0,74,0,1,0,0,0
target,2422,6,1297036692692148736,0,80,0,1,0,0,0
target,2423,6,1297036692692149248,0,76,0,1,0,0,0
target,2424,6,1297036692692150272,0,71,0,1,0,0,0
target,2425,6,1297036692692152320,0,66,0,1,0,0,0
target,2426,6,1297036692692164608,0,70,0,1,0,0,0
target,2427,6,1297036692692279296,0,65,0,1,0,0,0
target,2428,6,1297036692692410368,0,72,0,1,0,0,0
target,2429,6,1297036692692672512,0,66,0,1,0,0,0
target,2430,6,1297036692694245376,0,73,0,1,0,0,0
target,2431,6,1297036692696342528,0,85,0,1,0,0,0
target,2432,6,1297036692717314048,4,90,0,1,0,0,0
target,2433,6,1297036692717314048,8,89,0,1,0,0,0
target,2434,6,1297036692717314048,16,76,0,1,0,0,0
target,2435,6,1297036692717314048,32,79,0,1,0,0,0
target,2436,6,1297036692717314048,64,77,0,1,0,0,0
target,2437,6,1297036692717314048,128,81,0,1,0,0,0
target,2438,6,1297036692717314048,8192,84,0,1,0,0,0
target,2439,6,1297036692717314048,16384,92,0,1,0,0,0
target,2440,6,1297036692717314048,32768,79,0,1,0,0,0
target,2441,6,1297036692717314048,65536,67,0,1,0,0,0
target,2442,6,1297036692717314048,131072,79,0,1,0,0,0
target,2443,6,1297036692717314048,16777216,93,0,1,0,0,0
target,2444,6,1297036692717314048,33554432,91,0,1,0,0,0
target,2445,6,1297036692717314048,67108864,73,0,1,0,0,0
target,2446,6,1297036692717314048,134217728,84,0,1,0,0,0
target,2447,6,1297036692717314048,268435456,89,0,1,0,0,0
target,2448,6,1297036692717314048,536870912,84,0,1,0,0,0
target,2449,6,1297036692717314048,34359738368,95,0,1,0,0,0
target,2450,6,1297036692717314049,0,84,0,1,0,0,0
target,2451,6,1297036692717314050,0,85,0,1,0,0,0
target,2452,6,1297036692717314052,0,78,0,1,0,0,0
target,2453,6,1297036692717314056,0,83,0,1,0,0,0
target,2454,6,1297036692717314064,0,86,0,1,0,0,0
target,2455,6,1297036692717314080,0,77,0,1,0,0,0
target,2456,6,1297036692717314112,0,90,0,1,0,0,0
target,2457,6,1297036692717314176,0,71,0,1,0,0,0
target,2458,6,1297036692717314304,0,83,0,1,0,0,0
target,2459,6,1297036692717314560,0,89,0,1,0,0,0
target,2460,6,1297036692717315072,0,86,0,1,0,0,0
target,2461,6,1297036692717318144,0,72,0,1,0,0,0
target,2462,6,1297036692717330432,0,84,0,1,0,0,0
target,2463,6,1297036692717346816,0,65,0,1,0,0,0
target,2464,6,1297036692717445120,0,72,0,1,0,0,0
target,2465,6,1297036692717576192,0,84,0,1,0,0,0
target,2466,6,1297036692717838336,0,80,0,1,0,0,0
target,2467,6,1297036692719411200,0,77,0,1,0,0,0
target,2468,6,1297036692721508352,0,89,0,1,0,0,0
target,2469,6,1297036692725702656,0,81,0,1,0,0,0
target,2470,6,1297036692750868480,4,82,0,1,0,0,0
target,2471,6,1297036692750868480,8,81,0,1,0,0,0
target,2472,6,1297036692750868480,16,62,0,1,0,0,0
target,2473,6,1297036692750868480,32,77,0,1,0,0,0
target,2474,6,1297036692750868480,64,66,0,1,0,0,0
target,2475,6,1297036692750868480,128,77,0,1,0,0,0
target,2476,6,1297036692750868480,8192,76,0,1,0,0,0
target,2477,6,1297036692750868480,16384,83,0,1,0,0,0
target,2478,6,1297036692750868480,32768,73,0,1,0,0,0
target,2479,6,1297036692750868480,65536,71,0,1,0,0,0
target,2480,6,1297036692750868480,16777216,81,0,1,0,0,0
target,2481,6,1297036692750868480,134217728,84,0,1,0,0,0
target,2482,6,1297036692750868480,268435456,79,0,1,0,0,0
target,2483,6,1297036692750868480,536870912,83,0,1,0,0,0
target,2484,6,1297036692750868480,34359738368,86,0,1,0,0,0
target,2485,6,1297036692750868481,0,73,0,1,0,0,0
target,2486,6,1297036692750868484,0,72,0,1,0,0,0
target,2487,6,1297036692750868488,0,75,0,1,0,0,0
target,2488,6,1297036692750868496,0,76,0,1,0,0,0
target,2489,6,1297036692750868512,0,72,0,1,0,0,0
target,2490,6,1297036692750868608,0,67,0,1,0,0,0
target,2491,6,1297036692750868736,0,76,0,1,0,0,0
target,2492,6,1297036692750868992,0,81,0,1,0,0,0
target,2493,6,1297036692750870528,0,73,0,1,0,0,0
target,2494,6,1297036692750884864,0,68,0,1,0,0,0
target,2495,6,1297036692750901248,0,68,0,1,0,0,0
target,2496,6,1297036692751130624,0,72,0,1,0,0,0
target,2497,6,1297036692751392768,0,74,0,1,0,0,0
target,2498,6,1297036692752965632,0,74,0,1,0,0,0
target,2499,6,1297036692755062784,0,84,0,1,0,0,0
target,2500,6,1297036692759257088,0,69,0,1,0,0,0
target,2501,6,1297036692817977344,4,82,0,1,0,0,0
target,2502,6,1297036692817977344,8,74,0,1,0,0,0
target,2503,6,1297036692817977344,32,73,0,1,0,0,0
target,2504,6,1297036692817977344,64,68,0,1,0,0,0
target,2505,6,1297036692817977344,128,71,0,1,0,0,0
target,2506,6,1297036692817977344,8192,69,0,1,0,0,0
target,2507,6,1297036692817977344,16384,82,0,1,0,0,0
target,2508,6,1297036692817977344,32768,71,0,1,0,0,0
target,2509,6,1297036692817977344,65536,69,0,1,0,0,0
target,2510,6,1297036692817977344,131072,73,0,1,0,0,0
target,2511,6,1297036692817977344,16777216,85,0,1,0,0,0
target,2512,6,1297036692817977344,33554432,79,0,1,0,0,0
target,2513,6,1297036692817977344,67108864,62,0,1,0,0,0
target,2514,6,1297036692817977344,134217728,75,0,1,0,0,0
target,2515,6,1297036692817977344,268435456,86,0,1,0,0,0
target,2516,6,1297036692817977344,536870912,75,0,1,0,0,0
target,2517,6,1297036692817977344,34359738368,86,0,1,0,0,0
target,2518,6,1297036692817977345,0,77,0,1,0,0,0
target,2519,6,1297036692817977346,0,78,0,1,0,0,0
target,2520,6,1297036692817977348,0,71,0,1,0,0,0
target,2521,6,1297036692817977352,0,69,0,1,0,0,0
target,2522,6,1297036692817977360,0,77,0,1,0,0,0
target,2523,6,1297036692817977376,0,71,0,1,0,0,0
target,2524,6,1297036692817977408,0,80,0,1,0,0,0
target,2525,6,1297036692817977472,0,66,0,1,0,0,0
target,2526,6,1297036692817977600,0,78,0,1,0,0,0
target,2527,6,1297036692817977856,0,79,0,1,0,0,0
target,2528,6,1297036692817978368,0,74,0,1,0,0,0
target,2529,6,1297036692817979392,0,72,0,1,0,0,0
target,2530,6,1297036692817981440,0,68,0,1,0,0,0
target,2531,6,1297036692817993728,0,70,0,1,0,0,0
target,2532,6,1297036692818239488,0,73,0,1,0,0,0
target,2533,6,1297036692818501632,0,69,0,1,0,0,0
target,2534,6,1297036692820074496,0,71,0,1,0,0,0
target,2535,6,1297036692822171648,0,73,0,1,0,0,0
target,2536,6,1297036692825310208,68719476736,73,0,1,0,0,0
target,2537,6,1297036692851531776,0,79,0,1,0,0,0
target,2538,6,1297036692885086208,0,71,0,1,0,0,0
target,2539,6,1297036692952195072,4,89,0,1,0,0,0
target,2540,6,1297036692952195072,8,86,0,1,0,0,0
target,2541,6,1297036692952195072,16,67,0,1,0,0,0
target,2542,6,1297036692952195072,32,80,0,1,0,0,0
target,2543,6,1297036692952195072,64,72,0,1,0,0,0
target,2544,6,1297036692952195072,128,80,0,1,0,0,0
target,2545,6,1297036692952195072,8192,83,0,1,0,0,0
target,2546,6,1297036692952195072,16384,85,0,1,0,0,0
target,2547,6,1297036692952195072,32768,79,0,1,0,0,0
target,2548,6,1297036692952195072,65536,73,0,1,0,0,0
target,2549,6,1297036692952195072,131072,79,0,1,0,0,0
target,2550,6,1297036692952195072,33554432,87,0,1,0,0,0
target,2551,6,1297036692952195072,67108864,67,0,1,0,0,0
target,2552,6,1297036692952195072,134217728,82,0,1,0,0,0
target,2553,6,1297036692952195072,268435456,91,0,1,0,0,0
target,2554,6,1297036692952195072,536870912,89,0,1,0,0,0
target,2555,6,1297036692952195072,34359738368,87,0,1,0,0,0
target,2556,6,1297036692952195072,68719476736,74,0,1,0,0,0
target,2557,6,1297036692952195073,0,80,0,1,0,0,0
target,2558,6,1297036692952195074,0,87,0,1,0,0,0
target,2559,6,1297036692952195076,0,77,0,1,0,0,0
target,2560,6,1297036692952195080,0,81,0,1,0,0,0
target,2561,6,1297036692952195088,0,82,0,1,0,0,0
target,2562,6,1297036692952195104,0,75,0,1,0,0,0
target,2563,6,1297036692952195136,0,86,0,1,0,0,0
target,2564,6,1297036692952195200,0,73,0,1,0,0,0
target,2565,6,1297036692952195328,0,76,0,1,0,0,0
target,2566,6,1297036692952195584,0,87,0,1,0,0,0
target,2567,6,1297036692952196096,0,76,0,1,0,0,0
target,2568,6,1297036692952197120,0,81,0,1,0,0,0
target,2569,6,1297036692952199168,0,77,0,1,0,0,0
target,2570,6,1297036692952211456,0,77,0,1,0,0,0
target,2571,6,1297036692952227840,0,70,0,1,0,0,0
target,2572,6,1297036692952326144,0,71,0,1,0,0,0
target,2573,6,1297036692952457216,0,75,0,1,0,0,0
target,2574,6,1297036692954292224,0,76,0,1,0,0,0
target,2575,6,1297036692956389376,0,85,0,1,0,0,0
target,2576,6,1297036692985749504,0,85,0,1,0,0,0
target,2577,6,1297036693019303936,0,79,0,1,0,0,0
target,2578,6,1297036693220630528,4,89,0,1,0,0,0
target,2579,6,1297036693220630528,8,85,0,1,0,0,0
target,2580,6,1297036693220630528,16,76,0,1,0,0,0
target,2581,6,1297036693220630528,32,77,0,1,0,0,0
target,2582,6,1297036693220630528,64,78,0,1,0,0,0
target,2583,6,1297036693220630528,128,84,0,1,0,0,0
target,2584,6,1297036693220630528,8192,84,0,1,0,0,0
target,2585,6,1297036693220630528,16384,91,0,1,0,0,0
target,2586,6,1297036693220630528,32768,73,0,1,0,0,0
target,2587,6,1297036693220630528,65536,75,0,1,0,0,0
target,2588,6,1297036693220630528,131072,81,0,1,0,0,0
target,2589,6,1297036693220630528,16777216,91,0,1,0,0,0
target,2590,6,1297036693220630528,33554432,82,0,1,0,0,0
target,2591,6,1297036693220630528,67108864,71,0,1,0,0,0
target,2592,6,1297036693220630528,134217728,92,0,1,0,0,0
target,2593,6,1297036693220630528,268435456,91,0,1,0,0,0
target,2594,6,1297036693220630528,34359738368,93,0,1,0,0,0
target,2595,6,1297036693220630528,68719476736,71,0,1,0,0,0
target,2596,6,1297036693220630529,0,86,0,1,0,0,0
target,2597,6,1297036693220630532,0,78,0,1,0,0,0
target,2598,6,1297036693220630536,0,82,0,1,0,0,0
target,2599,6,1297036693220630544,0,81,0,1,0,0,0
target,2600,6,1297036693220630560,0,76,0,1,0,0,0
target,2601,6,1297036693220630592,0,88,0,1,0,0,0
target,2602,6,1297036693220630656,0,74,0,1,0,0,0
target,2603,6,1297036693220630784,0,82,0,1,0,0,0
target,2604,6,1297036693220631040,0,84,0,1,0,0,0
target,2605,6,1297036693220632576,0,82,0,1,0,0,0
target,2606,6,1297036693220634624,0,77,0,1,0,0,0
target,2607,6,1297036693220646912,0,79,0,1,0,0,0
target,2608,6,1297036693220663296,0,73,0,1,0,0,0
target,2609,6,1297036693220761600,0,66,0,1,0,0,0
target,2610,6,1297036693220892672,0,80,0,1,0,0,0
target,2611,6,1297036693221154816,0,73,0,1,0,0,0
target,2612,6,1297036693222727680,0,75,0,1,0,0,0
target,2613,6,1297036693229019136,0,76,0,1,0,0,0
target,2614,6,1297036693254184960,0,88,0,1,0,0,0
target,2615,6,1297036693354848256,0,75,0,1,0,0,0
target,2616,6,1297036693489065984,0,85,0,1,0,0,0
target,2617,6,1297036693757501440,4,84,0,1,0,0,0
target,2618,6,1297036693757501440,8,84,0,1,0,0,0
target,2619,6,1297036693757501440,16,69,0,1,0,0,0
target,2620,6,1297036693757501440,32,80,0,1,0,0,0
target,2621,6,1297036693757501440,128,75,0,1,0,0,0
target,2622,6,1297036693757501440,8192,82,0,1,0,0,0
target,2623,6,1297036693757501440,16384,83,0,1,0,0,0
target,2624,6,1297036693757501440,32768,77,0,1,0,0,0
target,2625,6,1297036693757501440,131072,79,0,1,0,0,0
target,2626,6,1297036693757501440,16777216,88,0,1,0,0,0
target,2627,6,1297036693757501440,33554432,84,0,1,0,0,0
target,2628,6,1297036693757501440,134217728,88,0,1,0,0,0
target,2629,6,1297036693757501440,268435456,88,0,1,0,0,0
target,2630,6,1297036693757501440,536870912,83,0,1,0,0,0
target,2631,6,1297036693757501440,34359738368,90,0,1,0,0,0
target,2632,6,1297036693757501441,0,80,0,1,0,0,0
target,2633,6,1297036693757501442,0,87,0,1,0,0,0
target,2634,6,1297036693757501444,0,74,0,1,0,0,0
target,2635,6,1297036693757501448,0,81,0,1,0,0,0
target,2636,6,1297036693757501456,0,82,0,1,0,0,0
target,2637,6,1297036693757501472,0,76,0,1,0,0,0
target,2638,6,1297036693757501504,0,80,0,1,0,0,0
target,2639,6,1297036693757501568,0,71,0,1,0,0,0
target,2640,6,1297036693757501696,0,76,0,1,0,0,0
target,2641,6,1297036693757501952,0,81,0,1,0,0,0
target,2642,6,1297036693757503488,0,76,0,1,0,0,0
target,2643,6,1297036693757505536,0,72,0,1,0,0,0
target,2644,6,1297036693757517824,0,76,0,1,0,0,0
target,2645,6,1297036693757534208,0,72,0,1,0,0,0
target,2646,6,1297036693757632512,0,62,0,1,0,0,0
target,2647,6,1297036693757763584,0,71,0,1,0,0,0
target,2648,6,1297036693758025728,0,72,0,1,0,0,0
target,2649,6,1297036693759598592,0,71,0,1,0,0,0
target,2650,6,1297036693761695744,0,84,0,1,0,0,0
target,2651,6,1297036693765890048,0,67,0,1,0,0,0
target,2652,6,1297036693824610304,0,72,0,1,0,0,0
target,2653,6,1297036693891719168,0,79,0,1,0,0,0
target,2654,6,1297036694025936896,0,80,0,1,0,0,0
target,2655,6,1297036694294372352,0,77,0,1,0,0,0
target,2656,6,1297036694830190592,570425344,85,0,1,0,0,0
target,2657,6,1297036696977674240,570425344,86,0,1,0,0,0
target,2658,6,1297036696978726912,4,82,0,1,0,0,0
target,2659,6,1297036696978726912,8,83,0,1,0,0,0
target,2660,6,1297036696978726912,16,71,0,1,0,0,0
target,2661,6,1297036696978726912,32,74,0,1,0,0,0
target,2662,6,1297036696978726912,64,67,0,1,0,0,0
target,2663,6,1297036696978726912,128,79,0,1,0,0,0
target,2664,6,1297036696978726912,16384,81,0,1,0,0,0
target,2665,6,1297036696978726912,32768,72,0,1,0,0,0
target,2666,6,1297036696978726912,65536,65,0,1,0,0,0
target,2667,6,1297036696978726912,131072,73,0,1,0,0,0
target,2668,6,1297036696978726912,16777216,83,0,1,0,0,0
target,2669,6,1297036696978726912,33554432,78,0,1,0,0,0
target,2670,6,1297036696978726912,67108864,56,0,1,0,0,0
target,2671,6,1297036696978726912,134217728,83,0,1,0,0,0
target,2672,6,1297036696978726912,268435456,76,0,1,0,0,0
target,2673,6,1297036696978726912,536870912,79,0,1,0,0,0
target,2674,6,1297036696978726912,34359738368,85,0,1,0,0,0
target,2675,6,1297036696978726913,0,78,0,1,0,0,0
target,2676,6,1297036696978726914,0,80,0,1,0,0,0
target,2677,6,1297036696978726916,0,69,0,1,0,0,0
target,2678,6,1297036696978726920,0,76,0,1,0,0,0
target,2679,6,1297036696978726944,0,71,0,1,0,0,0
target,2680,6,1297036696978726976,0,74,0,1,0,0,0
target,2681,6,1297036696978727168,0,73,0,1,0,0,0
target,2682,6,1297036696978727424,0,78,0,1,0,0,0
target,2683,6,1297036696978727936,0,73,0,1,0,0,0
target,2684,6,1297036696978728960,0,74,0,1,0,0,0
target,2685,6,1297036696978731008,0,66,0,1,0,0,0
target,2686,6,1297036696978743296,0,68,0,1,0,0,0
target,2687,6,1297036696978759680,0,64,0,1,0,0,0
target,2688,6,1297036696978989056,0,73,0,1,0,0,0
target,2689,6,1297036696979251200,0,67,0,1,0,0,0
target,2690,6,1297036696980824064,0,72,0,1,0,0,0
target,2691,6,1297036696982921216,0,80,0,1,0,0,0
target,2692,6,1297036697012281344,0,74,0,1,0,0,0
target,2693,6,1297036697045835776,0,70,0,1,0,0,0
target,2694,6,1297036697247162368,0,78,0,1,0,0,0
target,2695,6,1297036697515597824,0,76,0,1,0,0,0
target,2696,6,1297036698052468736,0,74,0,1,0,0,0
target,2697,6,1297036701273694208,4,84,0,1,0,0,0
target,2698,6,1297036701273694208,8,83,0,1,0,0,0
target,2699,6,1297036701273694208,16,71,0,1,0,0,0
target,2700,6,1297036701273694208,32,76,0,1,0,0,0
target,2701,6,1297036701273694208,128,83,0,1,0,0,0
target,2702,6,1297036701273694208,8192,79,0,1,0,0,0
target,2703,6,1297036701273694208,16384,88,0,1,0,0,0
target,2704,6,1297036701273694208,32768,76,0,1,0,0,0
target,2705,6,1297036701273694208,65536,77,0,1,0,0,0
target,2706,6,1297036701273694208,131072,71,0,1,0,0,0
target,2707,6,1297036701273694208,16777216,82,0,1,0,0,0
target,2708,6,1297036701273694208,33554432,84,0,1,0,0,0
target,2709,6,1297036701273694208,67108864,69,0,1,0,0,0
target,2710,6,1297036701273694208,134217728,88,0,1,0,0,0
target,2711,6,1297036701273694208,268435456,90,0,1,0,0,0
target,2712,6,1297036701273694208,536870912,79,0,1,0,0,0
target,2713,6,1297036701273694208,34359738368,88,0,1,0,0,0
target,2714,6,1297036701273694210,0,87,0,1,0,0,0
target,2715,6,1297036701273694212,0,73,0,1,0,0,0
target,2716,6,1297036701273694216,0,76,0,1,0,0,0
target,2717,6,1297036701273694224,0,84,0,1,0,0,0
target,2718,6,1297036701273694464,0,81,0,1,0,0,0
target,2719,6,1297036701273694720,0,85,0,1,0,0,0
target,2720,6,1297036701273695232,0,84,0,1,0,0,0
target,2721,6,1297036701273696256,0,77,0,1,0,0,0
target,2722,6,1297036701273698304,0,67,0,1,0,0,0
target,2723,6,1297036701273710592,0,75,0,1,0,0,0
target,2724,6,1297036701273726976,0,71,0,1,0,0,0
target,2725,6,1297036701273825280,0,68,0,1,0,0,0
target,2726,6,1297036701273956352,0,76,0,1,0,0,0
target,2727,6,1297036701274218496,0,75,0,1,0,0,0
target,2728,6,1297036701275791360,0,78,0,1,0,0,0
target,2729,6,1297036701277888512,0,81,0,1,0,0,0
target,2730,6,1297036701282082816,0,76,0,1,0,0,0
target,2731,6,1297036701307248640,0,83,0,1,0,0,0
target,2732,6,1297036701340803072,0,78,0,1,0,0,0
target,2733,6,1297036701407911936,0,74,0,1,0,0,0
target,2734,6,1297036701542129664,0,84,0,1,0,0,0
target,2735,6,1297036701810565120,0,84,0,1,0,0,0
target,2736,6,1297036702347436032,0,86,0,1,0,0,0
target,2737,6,1297036705568661504,0,79,0,1,0,0,0
target,2738,6,1297036727043497984,4,82,0,1,0,0,0
target,2739,6,1297036727043497984,8,84,0,1,0,0,0
target,2740,6,1297036727043497984,32,76,0,1,0,0,0
target,2741,6,1297036727043497984,64,74,0,1,0,0,0
target,2742,6,1297036727043497984,128,74,0,1,0,0,0
target,2743,6,1297036727043497984,8192,80,0,1,0,0,0
target,2744,6,1297036727043497984,16384,87,0,1,0,0,0
target,2745,6,1297036727043497984,65536,69,0,1,0,0,0
target,2746,6,1297036727043497984,131072,74,0,1,0,0,0
target,2747,6,1297036727043497984,16777216,88,0,1,0,0,0
target,2748,6,1297036727043497984,33554432,84,0,1,0,0,0
target,2749,6,1297036727043497984,134217728,84,0,1,0,0,0
target,2750,6,1297036727043497984,268435456,88,0,1,0,0,0
target,2751,6,1297036727043497984,536870912,82,0,1,0,0,0
target,2752,6,1297036727043497984,34359738368,90,0,1,0,0,0
target,2753,6,1297036727043497985,0,81,0,1,0,0,0
target,2754,6,1297036727043497986,0,83,0,1,0,0,0
target,2755,6,1297036727043497992,0,76,0,1,0,0,0
target,2756,6,1297036727043498000,0,76,0,1,0,0,0
target,2757,6,1297036727043498016,0,66,0,1,0,0,0
target,2758,6,1297036727043498048,0,83,0,1,0,0,0
target,2759,6,1297036727043498112,0,67,0,1,0,0,0
target,2760,6,1297036727043498240,0,79,0,1,0,0,0
target,2761,6,1297036727043498496,0,82,0,1,0,0,0
target,2762,6,1297036727043499008,0,78,0,1,0,0,0
target,2763,6,1297036727043500032,0,75,0,1,0,0,0
target,2764,6,1297036727043502080,0,73,0,1,0,0,0
target,2765,6,1297036727043514368,0,76,0,1,0,0,0
target,2766,6,1297036727043530752,0,66,0,1,0,0,0
target,2767,6,1297036727043629056,0,68,0,1,0,0,0
target,2768,6,1297036727043760128,0,80,0,1,0,0,0
target,2769,6,1297036727044022272,0,73,0,1,0,0,0
target,2770,6,1297036727045595136,0,72,0,1,0,0,0
target,2771,6,1297036727047692288,0,88,0,1,0,0,0
target,2772,6,1297036727051886592,0,75,0,1,0,0,0
target,2773,6,1297036727077052416,0,81,0,1,0,0,0
target,2774,6,1297036727110606848,0,77,0,1,0,0,0
target,2775,6,1297036727177715712,0,76,0,1,0,0,0
target,2776,6,1297036727311933440,0,82,0,1,0,0,0
target,2777,6,1297036727580368896,0,80,0,1,0,0,0
target,2778,6,1297036728117239808,0,81,0,1,0,0,0
target,2779,6,1297036731338465280,0,75,0,1,0,0,0
target,2780,6,1297036735633432576,0,81,0,1,0,0,0
target,2781,6,1297036761403236352,4,76,0,1,0,0,0
target,2782,6,1297036761403236352,8,76,0,1,0,0,0
target,2783,6,1297036761403236352,16,64,0,1,0,0,0
target,2784,6,1297036761403236352,128,71,0,1,0,0,0
target,2785,6,1297036761403236352,8192,71,0,1,0,0,0
target,2786,6,1297036761403236352,16384,77,0,1,0,0,0
target,2787,6,1297036761403236352,32768,71,0,1,0,0,0
target,2788,6,1297036761403236352,65536,65,0,1,0,0,0
target,2789,6,1297036761403236352,131072,71,0,1,0,0,0
target,2790,6,1297036761403236352,16777216,82,0,1,0,0,0
target,2791,6,1297036761403236352,33554432,80,0,1,0,0,0
target,2792,6,1297036761403236352,134217728,71,0,1,0,0,0
target,2793,6,1297036761403236352,268435456,83,0,1,0,0,0
target,2794,6,1297036761403236352,536870912,78,0,1,0,0,0
target,2795,6,1297036761403236352,34359738368,80,0,1,0,0,0
target,2796,6,1297036761403236353,0,69,0,1,0,0,0
target,2797,6,1297036761403236354,0,79,0,1,0,0,0
target,2798,6,1297036761403236360,0,71,0,1,0,0,0
target,2799,6,1297036761403236368,0,75,0,1,0,0,0
target,2800,6,1297036761403236384,0,71,0,1,0,0,0
target,2801,6,1297036761403236416,0,72,0,1,0,0,0
target,2802,6,1297036761403236480,0,62,0,1,0,0,0
target,2803,6,1297036761403236608,0,72,0,1,0,0,0
target,2804,6,1297036761403237376,0,74,0,1,0,0,0
target,2805,6,1297036761403238400,0,73,0,1,0,0,0
target,2806,6,1297036761403240448,0,63,0,1,0,0,0
target,2807,6,1297036761403269120,0,60,0,1,0,0,0
target,2808,6,1297036761403498496,0,74,0,1,0,0,0
target,2809,6,1297036761403760640,0,71,0,1,0,0,0
target,2810,6,1297036761405333504,0,72,0,1,0,0,0
target,2811,6,1297036761407430656,0,78,0,1,0,0,0
target,2812,6,1297036761411624960,0,68,0,1,0,0,0
target,2813,6,1297036761436790784,0,73,0,1,0,0,0
target,2814,6,1297036761537454080,0,68,0,1,0,0,0
target,2815,6,1297036761671671808,0,74,0,1,0,0,0
target,2816,6,1297036761940107264,0,79,0,1,0,0,0
target,2817,6,1297036762476978176,0,72,0,1,0,0,0
target,2818,6,1297036765698203648,0,70,0,1,0,0,0
target,2819,6,1297036769993170944,0,71,0,1,0,0,0
target,2820,6,1297036795762974720,0,74,0,1,0,0,0
target,2821,6,1297036830122713088,4,87,0,1,0,0,0
target,2822,6,1297036830122713088,8,77,0,1,0,0,0
target,2823,6,1297036830122713088,16,67,0,1,0,0,0
target,2824,6,1297036830122713088,128,75,0,1,0,0,0
target,2825,6,1297036830122713088,8192,74,0,1,0,0,0
target,2826,6,1297036830122713088,16384,83,0,1,0,0,0
target,2827,6,1297036830122713088,32768,71,0,1,0,0,0
target,2828,6,1297036830122713088,65536,73,0,1,0,0,0
target,2829,6,1297036830122713088,131072,73,0,1,0,0,0
target,2830,6,1297036830122713088,16777216,86,0,1,0,0,0
target,2831,6,1297036830122713088,33554432,81,0,1,0,0,0
target,2832,6,1297036830122713088,67108864,68,0,1,0,0,0
target,2833,6,1297036830122713088,134217728,86,0,1,0,0,0
target,2834,6,1297036830122713088,268435456,77,0,1,0,0,0
target,2835,6,1297036830122713088,536870912,77,0,1,0,0,0
target,2836,6,1297036830122713088,34359738368,88,0,1,0,0,0
target,2837,6,1297036830122713090,0,78,0,1,0,0,0
target,2838,6,1297036830122713092,0,72,0,1,0,0,0
target,2839,6,1297036830122713096,0,80,0,1,0,0,0
target,2840,6,1297036830122713104,0,79,0,1,0,0,0
target,2841,6,1297036830122713120,0,73,0,1,0,0,0
target,2842,6,1297036830122713152,0,86,0,1,0,0,0
target,2843,6,1297036830122713344,0,78,0,1,0,0,0
target,2844,6,1297036830122713600,0,85,0,1,0,0,0
target,2845,6,1297036830122714112,0,77,0,1,0,0,0
target,2846,6,1297036830122715136,0,75,0,1,0,0,0
target,2847,6,1297036830122717184,0,66,0,1,0,0,0
target,2848,6,1297036830122729472,0,75,0,1,0,0,0
target,2849,6,1297036830122745856,0,68,0,1,0,0,0
target,2850,6,1297036830122844160,0,65,0,1,0,0,0
target,2851,6,1297036830122975232,0,76,0,1,0,0,0
target,2852,6,1297036830123237376,0,75,0,1,0,0,0
target,2853,6,1297036830124810240,0,73,0,1,0,0,0
target,2854,6,1297036830126907392,0,87,0,1,0,0,0
target,2855,6,1297036830131101696,0,73,0,1,0,0,0
target,2856,6,1297036830156267520,0,74,0,1,0,0,0
target,2857,6,1297036830189821952,0,69,0,1,0,0,0
target,2858,6,1297036830256930816,0,72,0,1,0,0,0
target,2859,6,1297036830391148544,0,81,0,1,0,0,0
target,2860,6,1297036830659584000,0,81,0,1,0,0,0
target,2861,6,1297036831196454912,0,81,0,1,0,0,0
target,2862,6,1297036834417680384,0,75,0,1,0,0,0
target,2863,6,1297036864482451456,0,78,0,1,0,0,0
target,2864,6,1297036967561666560,4,91,0,1,0,0,0
target,2865,6,1297036967561666560,8,87,0,1,0,0,0
target,2866,6,1297036967561666560,16,68,0,1,0,0,0
target,2867,6,1297036967561666560,32,81,0,1,0,0,0
target,2868,6,1297036967561666560,64,72,0,1,0,0,0
target,2869,6,1297036967561666560,128,78,0,1,0,0,0
target,2870,6,1297036967561666560,8192,85,0,1,0,0,0
target,2871,6,1297036967561666560,16384,87,0,1,0,0,0
target,2872,6,1297036967561666560,65536,73,0,1,0,0,0
target,2873,6,1297036967561666560,131072,81,0,1,0,0,0
target,2874,6,1297036967561666560,16777216,91,0,1,0,0,0
target,2875,6,1297036967561666560,33554432,88,0,1,0,0,0
target,2876,6,1297036967561666560,67108864,68,0,1,0,0,0
target,2877,6,1297036967561666560,134217728,92,0,1,0,0,0
target,2878,6,1297036967561666560,268435456,88,0,1,0,0,0
target,2879,6,1297036967561666560,536870912,78,0,1,0,0,0
target,2880,6,1297036967561666560,34359738368,95,0,1,0,0,0
target,2881,6,1297036967561666560,68719476736,72,0,1,0,0,0
target,2882,6,1297036967561666561,0,84,0,1,0,0,0
target,2883,6,1297036967561666562,0,89,0,1,0,0,0
target,2884,6,1297036967561666564,0,73,0,1,0,0,0
target,2885,6,1297036967561666568,0,78,0,1,0,0,0
target,2886,6,1297036967561666576,0,85,0,1,0,0,0
target,2887,6,1297036967561666592,0,76,0,1,0,0,0
target,2888,6,1297036967561666624,0,86,0,1,0,0,0
target,2889,6,1297036967561666688,0,74,0,1,0,0,0
target,2890,6,1297036967561666816,0,78,0,1,0,0,0
target,2891,6,1297036967561667072,0,87,0,1,0,0,0
target,2892,6,1297036967561667584,0,81,0,1,0,0,0
target,2893,6,1297036967561668608,0,82,0,1,0,0,0
target,2894,6,1297036967561670656,0,74,0,1,0,0,0
target,2895,6,1297036967561682944,0,76,0,1,0,0,0
target,2896,6,1297036967561699328,0,76,0,1,0,0,0
target,2897,6,1297036967561797632,0,74,0,1,0,0,0
target,2898,6,1297036967562190848,0,78,0,1,0,0,0
target,2899,6,1297036967563763712,0,80,0,1,0,0,0
target,2900,6,1297036967565860864,0,89,0,1,0,0,0
target,2901,6,1297036967570055168,0,80,0,1,0,0,0
target,2902,6,1297036967595220992,0,89,0,1,0,0,0
target,2903,6,1297036967628775424,0,77,0,1,0,0,0
target,2904,6,1297036967695884288,0,71,0,1,0,0,0
target,2905,6,1297036967830102016,0,81,0,1,0,0,0
target,2906,6,1297036968098537472,0,88,0,1,0,0,0
target,2907,6,1297036968635408384,0,80,0,1,0,0,0
target,2908,6,1297036971856633856,0,78,0,1,0,0,0
target,2909,6,1297036976151601152,0,78,0,1,0,0,0
target,2910,6,1297037036281143296,0,79,0,1,0,0,0
target,2911,6,1297037105000620032,0,77,0,1,0,0,0
target,2912,6,1297037792195387392,4,84,0,1,0,0,0
target,2913,6,1297037792195387392,8,80,0,1,0,0,0
target,2914,6,1297037792195387392,16,72,0,1,0,0,0
target,2915,6,1297037792195387392,32,81,0,1,0,0,0
target,2916,6,1297037792195387392,128,75,0,1,0,0,0
target,2917,6,1297037792195387392,8192,80,0,1,0,0,0
target,2918,6,1297037792195387392,16384,84,0,1,0,0,0
target,2919,6,1297037792195387392,32768,73,0,1,0,0,0
target,2920,6,1297037792195387392,131072,75,0,1,0,0,0
target,2921,6,1297037792195387392,16777216,85,0,1,0,0,0
target,2922,6,1297037792195387392,33554432,82,0,1,0,0,0
target,2923,6,1297037792195387392,134217728,84,0,1,0,0,0
target,2924,6,1297037792195387392,268435456,84,0,1,0,0,0
target,2925,6,1297037792195387392,536870912,79,0,1,0,0,0
target,2926,6,1297037792195387392,34359738368,87,0,1,0,0,0
target,2927,6,1297037792195387394,0,84,0,1,0,0,0
target,2928,6,1297037792195387396,0,73,0,1,0,0,0
target,2929,6,1297037792195387408,0,76,0,1,0,0,0
target,2930,6,1297037792195387424,0,72,0,1,0,0,0
target,2931,6,1297037792195387456,0,83,0,1,0,0,0
target,2932,6,1297037792195387648,0,75,0,1,0,0,0
target,2933,6,1297037792195387904,0,79,0,1,0,0,0
target,2934,6,1297037792195389440,0,75,0,1,0,0,0
target,2935,6,1297037792195391488,0,68,0,1,0,0,0
target,2936,6,1297037792195403776,0,74,0,1,0,0,0
target,2937,6,1297037792195420160,0,65,0,1,0,0,0
target,2938,6,1297037792195518464,0,67,0,1,0,0,0
target,2939,6,1297037792195649536,0,73,0,1,0,0,0
target,2940,6,1297037792195911680,0,69,0,1,0,0,0
target,2941,6,1297037792197484544,0,69,0,1,0,0,0
target,2942,6,1297037792199581696,0,87,0,1,0,0,0
target,2943,6,1297037792203776000,0,76,0,1,0,0,0
target,2944,6,1297037792228941824,0,83,0,1,0,0,0
target,2945,6,1297037792262496256,0,76,0,1,0,0,0
target,2946,6,1297037792329605120,0,75,0,1,0,0,0
target,2947,6,1297037792463822848,0,76,0,1,0,0,0
target,2948,6,1297037792732258304,0,73,0,1,0,0,0
target,2949,6,1297037796490354688,0,69,0,1,0,0,0
target,2950,6,1297037826555125760,0,72,0,1,0,0,0
target,2951,6,1297037860914864128,0,73,0,1,0,0,0
target,2952,6,1297038067073294336,0,79,0,1,0,0,0
target,2953,6,1297041090729218048,570425344,85,0,1,0,0,0
target,2954,6,1297041090730270720,4,93,0,1,0,0,0
target,2955,6,1297041090730270720,8,90,0,1,0,0,0
target,2956,6,1297041090730270720,16,79,0,1,0,0,0
target,2957,6,1297041090730270720,32,86,0,1,0,0,0
target,2958,6,1297041090730270720,64,77,0,1,0,0,0
target,2959,6,1297041090730270720,128,86,0,1,0,0,0
target,2960,6,1297041090730270720,8192,86,0,1,0,0,0
target,2961,6,1297041090730270720,16384,92,0,1,0,0,0
target,2962,6,1297041090730270720,32768,84,0,1,0,0,0
target,2963,6,1297041090730270720,65536,78,0,1,0,0,0
target,2964,6,1297041090730270720,131072,82,0,1,0,0,0
target,2965,6,1297041090730270720,16777216,89,0,1,0,0,0
target,2966,6,1297041090730270720,33554432,90,0,1,0,0,0
target,2967,6,1297041090730270720,67108864,71,0,1,0,0,0
target,2968,6,1297041090730270720,134217728,94,0,1,0,0,0
target,2969,6,1297041090730270720,268435456,92,0,1,0,0,0
target,2970,6,1297041090730270720,536870912,90,0,1,0,0,0
target,2971,6,1297041090730270720,34359738368,96,0,1,0,0,0
target,2972,6,1297041090730270720,68719476736,74,0,1,0,0,0
target,2973,6,1297041090730270721,0,86,0,1,0,0,0
target,2974,6,1297041090730270722,0,90,0,1,0,0,0
target,2975,6,1297041090730270724,0,83,0,1,0,0,0
target,2976,6,1297041090730270728,0,85,0,1,0,0,0
target,2977,6,1297041090730270736,0,86,0,1,0,0,0
target,2978,6,1297041090730270752,0,81,0,1,0,0,0
target,2979,6,1297041090730270784,0,85,0,1,0,0,0
target,2980,6,1297041090730270848,0,77,0,1,0,0,0
target,2981,6,1297041090730270976,0,82,0,1,0,0,0
target,2982,6,1297041090730271232,0,85,0,1,0,0,0
target,2983,6,1297041090730271744,0,82,0,1,0,0,0
target,2984,6,1297041090730272768,0,83,0,1,0,0,0
target,2985,6,1297041090730274816,0,78,0,1,0,0,0
target,2986,6,1297041090730303488,0,77,0,1,0,0,0
target,2987,6,1297041090730532864,0,80,0,1,0,0,0
target,2988,6,1297041090730795008,0,81,0,1,0,0,0
target,2989,6,1297041090732367872,0,83,0,1,0,0,0
target,2990,6,1297041090734465024,0,96,0,1,0,0,0
target,2991,6,1297041090738659328,0,82,0,1,0,0,0
target,2992,6,1297041090763825152,0,92,0,1,0,0,0
target,2993,6,1297041090797379584,0,84,0,1,0,0,0
target,2994,6,1297041090864488448,0,82,0,1,0,0,0
target,2995,6,1297041090998706176,0,85,0,1,0,0,0
target,2996,6,1297041091267141632,0,91,0,1,0,0,0
target,2997,6,1297041091804012544,0,80,0,1,0,0,0
target,2998,6,1297041095025238016,0,80,0,1,0,0,0
target,2999,6,1297041099320205312,0,80,0,1,0,0,0
target,3000,6,1297041228169224192,0,83,0,1,0,0,0
target,3001,6,1297041365608177664,0,86,0,1,0,0,0
target,3002,6,1297042190241898496,0,81,0,1,0,0,0
target,3003,6,1297045488775729152,570425344,77,0,1,0,0,0
target,3004,6,1297045488776781824,4,93,0,1,0,0,0
target,3005,6,1297045488776781824,8,89,0,1,0,0,0
target,3006,6,1297045488776781824,16,78,0,1,0,0,0
target,3007,6,1297045488776781824,32,86,0,1,0,0,0
target,3008,6,1297045488776781824,64,73,0,1,0,0,0
target,3009,6,1297045488776781824,128,84,0,1,0,0,0
target,3010,6,1297045488776781824,8192,85,0,1,0,0,0
target,3011,6,1297045488776781824,16384,92,0,1,0,0,0
target,3012,6,1297045488776781824,65536,75,0,1,0,0,0
target,3013,6,1297045488776781824,131072,83,0,1,0,0,0
target,3014,6,1297045488776781824,16777216,85,0,1,0,0,0
target,3015,6,1297045488776781824,33554432,89,0,1,0,0,0
target,3016,6,1297045488776781824,67108864,69,0,1,0,0,0
target,3017,6,1297045488776781824,134217728,93,0,1,0,0,0
target,3018,6,1297045488776781824,268435456,94,0,1,0,0,0
target,3019,6,1297045488776781824,536870912,81,0,1,0,0,0
target,3020,6,1297045488776781824,34359738368,91,0,1,0,0,0
target,3021,6,1297045488776781824,68719476736,66,0,1,0,0,0
target,3022,6,1297045488776781825,0,87,0,1,0,0,0
target,3023,6,1297045488776781826,0,81,0,1,0,0,0
target,3024,6,1297045488776781828,0,80,0,1,0,0,0
target,3025,6,1297045488776781832,0,82,0,1,0,0,0
target,3026,6,1297045488776781840,0,81,0,1,0,0,0
target,3027,6,1297045488776781856,0,76,0,1,0,0,0
target,3028,6,1297045488776781888,0,83,0,1,0,0,0
target,3029,6,1297045488776781952,0,65,0,1,0,0,0
target,3030,6,1297045488776782080,0,75,0,1,0,0,0
target,3031,6,1297045488776782336,0,88,0,1,0,0,0
target,3032,6,1297045488776782848,0,81,0,1,0,0,0
target,3033,6,1297045488776783872,0,74,0,1,0,0,0
target,3034,6,1297045488776785920,0,76,0,1,0,0,0
target,3035,6,1297045488776798208,0,83,0,1,0,0,0
target,3036,6,1297045488776814592,0,70,0,1,0,0,0
target,3037,6,1297045488776912896,0,74,0,1,0,0,0
target,3038,6,1297045488777043968,0,85,0,1,0,0,0
target,3039,6,1297045488777306112,0,72,0,1,0,0,0
target,3040,6,1297045488778878976,0,80,0,1,0,0,0
target,3041,6,1297045488780976128,0,95,0,1,0,0,0
target,3042,6,1297045488785170432,0,81,0,1,0,0,0
target,3043,6,1297045488810336256,0,91,0,1,0,0,0
target,3044,6,1297045488843890688,0,82,0,1,0,0,0
target,3045,6,1297045488910999552,0,82,0,1,0,0,0
target,3046,6,1297045489045217280,0,88,0,1,0,0,0
target,3047,6,1297045489313652736,0,86,0,1,0,0,0
target,3048,6,1297045489850523648,0,85,0,1,0,0,0
target,3049,6,1297045493071749120,0,75,0,1,0,0,0
target,3050,6,1297045497366716416,0,81,0,1,0,0,0
target,3051,6,1297045523136520192,0,80,0,1,0,0,0
target,3052,6,1297045557496258560,0,70,0,1,0,0,0
target,3053,6,1297045626215735296,0,85,0,1,0,0,0
target,3054,6,1297045763654688768,0,92,0,1,0,0,0
target,3055,6,1297046588288409600,0,76,0,1,0,0,0
target,3056,6,1297049886823292928,0,91,0,1,0,0,0
target,3057,6,1297071877055848448,4,86,0,1,0,0,0
target,3058,6,1297071877055848448,8,80,0,1,0,0,0
target,3059,6,1297071877055848448,16,70,0,1,0,0,0
target,3060,6,1297071877055848448,32,75,0,1,0,0,0
target,3061,6,1297071877055848448,64,72,0,1,0,0,0
target,3062,6,1297071877055848448,128,77,0,1,0,0,0
target,3063,6,1297071877055848448,8192,78,0,1,0,0,0
target,3064,6,1297071877055848448,16384,81,0,1,0,0,0
target,3065,6,1297071877055848448,32768,70,0,1,0,0,0
target,3066,6,1297071877055848448,65536,70,0,1,0,0,0
target,3067,6,1297071877055848448,131072,69,0,1,0,0,0
target,3068,6,1297071877055848448,16777216,82,0,1,0,0,0
target,3069,6,1297071877055848448,33554432,84,0,1,0,0,0
target,3070,6,1297071877055848448,67108864,68,0,1,0,0,0
target,3071,6,1297071877055848448,134217728,80,0,1,0,0,0
target,3072,6,1297071877055848448,268435456,88,0,1,0,0,0
target,3073,6,1297071877055848448,536870912,73,0,1,0,0,0
target,3074,6,1297071877055848448,34359738368,89,0,1,0,0,0
target,3075,6,1297071877055848449,0,81,0,1,0,0,0
target,3076,6,1297071877055848450,0,81,0,1,0,0,0
target,3077,6,1297071877055848456,0,71,0,1,0,0,0
target,3078,6,1297071877055848464,0,76,0,1,0,0,0
target,3079,6,1297071877055848512,0,85,0,1,0,0,0
target,3080,6,1297071877055848576,0,70,0,1,0,0,0
target,3081,6,1297071877055848704,0,79,0,1,0,0,0
target,3082,6,1297071877055848960,0,79,0,1,0,0,0
target,3083,6,1297071877055849472,0,79,0,1,0,0,0
target,3084,6,1297071877055850496,0,78,0,1,0,0,0
target,3085,6,1297071877055864832,0,78,0,1,0,0,0
target,3086,6,1297071877056110592,0,78,0,1,0,0,0
target,3087,6,1297071877056372736,0,77,0,1,0,0,0
target,3088,6,1297071877057945600,0,69,0,1,0,0,0
target,3089,6,1297071877060042752,0,83,0,1,0,0,0
target,3090,6,1297071877089402880,0,76,0,1,0,0,0
target,3091,6,1297071877122957312,0,79,0,1,0,0,0
target,3092,6,1297071877324283904,0,85,0,1,0,0,0
target,3093,6,1297071877592719360,0,84,0,1,0,0,0
target,3094,6,1297071878129590272,0,82,0,1,0,0,0
target,3095,6,1297071881350815744,0,77,0,1,0,0,0
target,3096,6,1297071885645783040,0,74,0,1,0,0,0
target,3097,6,1297071911415586816,0,79,0,1,0,0,0
target,3098,6,1297071945775325184,0,74,0,1,0,0,0
target,3099,6,1297072014494801920,0,77,0,1,0,0,0
target,3100,6,1297072151933755392,0,84,0,1,0,0,0
target,3101,6,1297072976567476224,0,78,0,1,0,0,0
target,3102,6,1297076275102359552,0,85,0,1,0,0,0
target,3103,6,1297080673148870656,0,85,0,1,0,0,0
target,3104,6,1297107061427937280,4,79,0,1,0,0,0
target,3105,6,1297107061427937280,8,76,0,1,0,0,0
target,3106,6,1297107061427937280,128,77,0,1,0,0,0
target,3107,6,1297107061427937280,8192,73,0,1,0,0,0
target,3108,6,1297107061427937280,16384,78,0,1,0,0,0
target,3109,6,1297107061427937280,65536,64,0,1,0,0,0
target,3110,6,1297107061427937280,131072,71,0,1,0,0,0
target,3111,6,1297107061427937280,16777216,82,0,1,0,0,0
target,3112,6,1297107061427937280,33554432,79,0,1,0,0,0
target,3113,6,1297107061427937280,134217728,80,0,1,0,0,0
target,3114,6,1297107061427937280,268435456,75,0,1,0,0,0
target,3115,6,1297107061427937280,536870912,77,0,1,0,0,0
target,3116,6,1297107061427937280,34359738368,81,0,1,0,0,0
target,3117,6,1297107061427937281,0,73,0,1,0,0,0
target,3118,6,1297107061427937282,0,78,0,1,0,0,0
target,3119,6,1297107061427937288,0,72,0,1,0,0,0
target,3120,6,1297107061427937296,0,73,0,1,0,0,0
target,3121,6,1297107061427937344,0,72,0,1,0,0,0
target,3122,6,1297107061427937408,0,65,0,1,0,0,0
target,3123,6,1297107061427937536,0,75,0,1,0,0,0
target,3124,6,1297107061427937792,0,79,0,1,0,0,0
target,3125,6,1297107061427938304,0,71,0,1,0,0,0
target,3126,6,1297107061427939328,0,71,0,1,0,0,0
target,3127,6,1297107061427941376,0,65,0,1,0,0,0
target,3128,6,1297107061427953664,0,66,0,1,0,0,0
target,3129,6,1297107061427970048,0,64,0,1,0,0,0
target,3130,6,1297107061428068352,0,60,0,1,0,0,0
target,3131,6,1297107061428199424,0,69,0,1,0,0,0
target,3132,6,1297107061428461568,0,65,0,1,0,0,0
target,3133,6,1297107061430034432,0,68,0,1,0,0,0
target,3134,6,1297107061432131584,0,79,0,1,0,0,0
target,3135,6,1297107061436325888,0,67,0,1,0,0,0
target,3136,6,1297107061461491712,0,72,0,1,0,0,0
target,3137,6,1297107061495046144,0,69,0,1,0,0,0
target,3138,6,1297107061562155008,0,70,0,1,0,0,0
target,3139,6,1297107061696372736,0,77,0,1,0,0,0
target,3140,6,1297107061964808192,0,77,0,1,0,0,0
target,3141,6,1297107062501679104,0,70,0,1,0,0,0
target,3142,6,1297107065722904576,0,68,0,1,0,0,0
target,3143,6,1297107070017871872,0,74,0,1,0,0,0
target,3144,6,1297107336305844224,0,80,0,1,0,0,0
target,3145,6,1297108160939565056,0,73,0,1,0,0,0
target,3146,6,1297111459474448384,0,80,0,1,0,0,0
target,3147,6,1297115857520959488,0,80,0,1,0,0,0
target,3148,6,1297142245800026112,0,71,0,1,0,0,0
target,3149,6,1297318167660470272,4,84,0,1,0,0,0
target,3150,6,1297318167660470272,8,79,0,1,0,0,0
target,3151,6,1297318167660470272,32,80,0,1,0,0,0
target,3152,6,1297318167660470272,64,69,0,1,0,0,0
target,3153,6,1297318167660470272,8192,78,0,1,0,0,0
target,3154,6,1297318167660470272,16384,76,0,1,0,0,0
target,3155,6,1297318167660470272,32768,77,0,1,0,0,0
target,3156,6,1297318167660470272,16777216,79,0,1,0,0,0
target,3157,6,1297318167660470272,33554432,80,0,1,0,0,0
target,3158,6,1297318167660470272,67108864,62,0,1,0,0,0
target,3159,6,1297318167660470272,134217728,84,0,1,0,0,0
target,3160,6,1297318167660470272,268435456,83,0,1,0,0,0
target,3161,6,1297318167660470272,536870912,79,0,1,0,0,0
target,3162,6,1297318167660470272,34359738368,89,0,1,0,0,0
target,3163,6,1297318167660470273,0,71,0,1,0,0,0
target,3164,6,1297318167660470274,0,84,0,1,0,0,0
target,3165,6,1297318167660470276,0,73,0,1,0,0,0
target,3166,6,1297318167660470280,0,82,0,1,0,0,0
target,3167,6,1297318167660470288,0,76,0,1,0,0,0
target,3168,6,1297318167660470336,0,85,0,1,0,0,0
target,3169,6,1297318167660470400,0,71,0,1,0,0,0
target,3170,6,1297318167660470784,0,82,0,1,0,0,0
target,3171,6,1297318167660471296,0,76,0,1,0,0,0
target,3172,6,1297318167660472320,0,75,0,1,0,0,0
target,3173,6,1297318167660474368,0,67,0,1,0,0,0
target,3174,6,1297318167660486656,0,76,0,1,0,0,0
target,3175,6,1297318167660601344,0,71,0,1,0,0,0
target,3176,6,1297318167660732416,0,73,0,1,0,0,0
target,3177,6,1297318167660994560,0,74,0,1,0,0,0
target,3178,6,1297318167662567424,0,73,0,1,0,0,0
target,3179,6,1297318167664664576,0,88,0,1,0,0,0
target,3180,6,1297318167668858880,0,76,0,1,0,0,0
target,3181,6,1297318167694024704,0,78,0,1,0,0,0
target,3182,6,1297318167794688000,0,76,0,1,0,0,0
target,3183,6,1297318167928905728,0,76,0,1,0,0,0
target,3184,6,1297318168197341184,0,82,0,1,0,0,0
target,3185,6,1297318168734212096,0,77,0,1,0,0,0
target,3186,6,1297318171955437568,0,74,0,1,0,0,0
target,3187,6,1297318176250404864,0,80,0,1,0,0,0
target,3188,6,1297318202020208640,0,79,0,1,0,0,0
target,3189,6,1297318236379947008,0,68,0,1,0,0,0
target,3190,6,1297318305099423744,0,71,0,1,0,0,0
target,3191,6,1297318442538377216,0,82,0,1,0,0,0
target,3192,6,1297319267172098048,0,76,0,1,0,0,0
target,3193,6,1297322565706981376,0,84,0,1,0,0,0
target,3194,6,1297326963753492480,0,85,0,1,0,0,0
target,3195,6,1297353352032559104,0,72,0,1,0,0,0
target,3196,6,1297388536404647936,0,73,0,1,0,0,0
target,3197,6,1297599642637180928,4,73,0,1,0,0,0
target,3198,6,1297599642637180928,8,66,0,1,0,0,0
target,3199,6,1297599642637180928,16,63,0,1,0,0,0
target,3200,6,1297599642637180928,128,61,0,1,0,0,0
target,3201,6,1297599642637180928,8192,67,0,1,0,0,0
target,3202,6,1297599642637180928,16384,69,0,1,0,0,0
target,3203,6,1297599642637180928,32768,63,0,1,0,0,0
target,3204,6,1297599642637180928,65536,61,0,1,0,0,0
target,3205,6,1297599642637180928,16777216,75,0,1,0,0,0
target,3206,6,1297599642637180928,134217728,73,0,1,0,0,0
target,3207,6,1297599642637180928,268435456,75,0,1,0,0,0
target,3208,6,1297599642637180928,536870912,68,0,1,0,0,0
target,3209,6,1297599642637180928,34359738368,67,0,1,0,0,0
target,3210,6,1297599642637180928,68719476736,60,0,1,0,0,0
target,3211,6,1297599642637180929,0,68,0,1,0,0,0
target,3212,6,1297599642637180930,0,66,0,1,0,0,0
target,3213,6,1297599642637180936,0,64,0,1,0,0,0
target,3214,6,1297599642637180944,0,69,0,1,0,0,0
target,3215,6,1297599642637180960,0,62,0,1,0,0,0
target,3216,6,1297599642637180992,0,72,0,1,0,0,0
target,3217,6,1297599642637181056,0,60,0,1,0,0,0
target,3218,6,1297599642637181184,0,67,0,1,0,0,0
target,3219,6,1297599642637181952,0,69,0,1,0,0,0
target,3220,6,1297599642637182976,0,65,0,1,0,0,0
target,3221,6,1297599642637197312,0,65,0,1,0,0,0
target,3222,6,1297599642637443072,0,67,0,1,0,0,0
target,3223,6,1297599642639278080,0,65,0,1,0,0,0
target,3224,6,1297599642641375232,0,76,0,1,0,0,0
target,3225,6,1297599642670735360,0,69,0,1,0,0,0
target,3226,6,1297599643174051840,0,66,0,1,0,0,0
target,3227,6,1297599646932148224,0,63,0,1,0,0,0
target,3228,6,1297599651227115520,0,67,0,1,0,0,0
target,3229,6,1297599676996919296,0,68,0,1,0,0,0
target,3230,6,1297599917515087872,0,64,0,1,0,0,0
target,3231,6,1297600742148808704,0,67,0,1,0,0,0
target,3232,6,1297608438730203136,0,72,0,1,0,0,0
target,3233,6,1297881117613891584,0,63,0,1,0,0,0
target,3234,6,1298162592590602240,4,77,0,1,0,0,0
target,3235,6,1298162592590602240,8,77,0,1,0,0,0
target,3236,6,1298162592590602240,16,69,0,1,0,0,0
target,3237,6,1298162592590602240,32,73,0,1,0,0,0
target,3238,6,1298162592590602240,128,73,0,1,0,0,0
target,3239,6,1298162592590602240,8192,71,0,1,0,0,0
target,3240,6,1298162592590602240,16384,79,0,1,0,0,0
target,3241,6,1298162592590602240,32768,71,0,1,0,0,0
target,3242,6,1298162592590602240,131072,72,0,1,0,0,0
target,3243,6,1298162592590602240,16777216,82,0,1,0,0,0
target,3244,6,1298162592590602240,33554432,80,0,1,0,0,0
target,3245,6,1298162592590602240,134217728,77,0,1,0,0,0
target,3246,6,1298162592590602240,268435456,81,0,1,0,0,0
target,3247,6,1298162592590602240,536870912,75,0,1,0,0,0
target,3248,6,1298162592590602240,34359738368,83,0,1,0,0,0
target,3249,6,1298162592590602241,0,75,0,1,0,0,0
target,3250,6,1298162592590602242,0,80,0,1,0,0,0
target,3251,6,1298162592590602248,0,73,0,1,0,0,0
target,3252,6,1298162592590602256,0,74,0,1,0,0,0
target,3253,6,1298162592590602304,0,74,0,1,0,0,0
target,3254,6,1298162592590602368,0,65,0,1,0,0,0
target,3255,6,1298162592590602496,0,70,0,1,0,0,0
target,3256,6,1298162592590604288,0,73,0,1,0,0,0
target,3257,6,1298162592590618624,0,69,0,1,0,0,0
target,3258,6,1298162592590635008,0,67,0,1,0,0,0
target,3259,6,1298162592590864384,0,71,0,1,0,0,0
target,3260,6,1298162592591126528,0,68,0,1,0,0,0
target,3261,6,1298162592592699392,0,66,0,1,0,0,0
target,3262,6,1298162592594796544,0,79,0,1,0,0,0
target,3263,6,1298162592598990848,0,73,0,1,0,0,0
target,3264,6,1298162592624156672,0,80,0,1,0,0,0
target,3265,6,1298162592657711104,0,71,0,1,0,0,0
target,3266,6,1298162592724819968,0,70,0,1,0,0,0
target,3267,6,1298162593127473152,0,73,0,1,0,0,0
target,3268,6,1298162596885569536,0,68,0,1,0,0,0
target,3269,6,1298162601180536832,0,80,0,1,0,0,0
target,3270,6,1298162626950340608,0,74,0,1,0,0,0
target,3271,6,1298162730029555712,0,78,0,1,0,0,0
target,3272,6,1298162867468509184,0,72,0,1,0,0,0
target,3273,6,1298166990637113344,0,77,0,1,0,0,0
target,3274,6,1298171388683624448,0,77,0,1,0,0,0
target,3275,6,1298232961334779904,0,70,0,1,0,0,0
target,3276,6,1298444067567312896,0,73,0,1,0,0,0
target,3277,6,1306043891937447936,570425344,79,0,1,0,0,0
target,3278,6,1306043891938500608,4,88,0,1,0,0,0
target,3279,6,1306043891938500608,8,85,0,1,0,0,0
target,3280,6,1306043891938500608,16,77,0,1,0,0,0
target,3281,6,1306043891938500608,32,85,0,1,0,0,0
target,3282,6,1306043891938500608,128,81,0,1,0,0,0
target,3283,6,1306043891938500608,8192,78,0,1,0,0,0
target,3284,6,1306043891938500608,16384,88,0,1,0,0,0
target,3285,6,1306043891938500608,32768,80,0,1,0,0,0
target,3286,6,1306043891938500608,65536,70,0,1,0,0,0
target,3287,6,1306043891938500608,131072,80,0,1,0,0,0
target,3288,6,1306043891938500608,16777216,89,0,1,0,0,0
target,3289,6,1306043891938500608,33554432,84,0,1,0,0,0
target,3290,6,1306043891938500608,67108864,66,0,1,0,0,0
target,3291,6,1306043891938500608,134217728,89,0,1,0,0,0
target,3292,6,1306043891938500608,268435456,90,0,1,0,0,0
target,3293,6,1306043891938500608,536870912,74,0,1,0,0,0
target,3294,6,1306043891938500608,34359738368,91,0,1,0,0,0
target,3295,6,1306043891938500608,68719476736,71,0,1,0,0,0
target,3296,6,1306043891938500609,0,82,0,1,0,0,0
target,3297,6,1306043891938500610,0,86,0,1,0,0,0
target,3298,6,1306043891938500616,0,82,0,1,0,0,0
target,3299,6,1306043891938500624,0,82,0,1,0,0,0
target,3300,6,1306043891938500672,0,87,0,1,0,0,0
target,3301,6,1306043891938500736,0,72,0,1,0,0,0
target,3302,6,1306043891938501120,0,79,0,1,0,0,0
target,3303,6,1306043891938501632,0,80,0,1,0,0,0
target,3304,6,1306043891938502656,0,76,0,1,0,0,0
target,3305,6,1306043891938504704,0,78,0,1,0,0,0
target,3306,6,1306043891938516992,0,80,0,1,0,0,0
target,3307,6,1306043891938631680,0,67,0,1,0,0,0
target,3308,6,1306043891938762752,0,81,0,1,0,0,0
target,3309,6,1306043891939024896,0,74,0,1,0,0,0
target,3310,6,1306043891940597760,0,75,0,1,0,0,0
target,3311,6,1306043891942694912,0,90,0,1,0,0,0
target,3312,6,1306043891946889216,0,78,0,1,0,0,0
target,3313,6,1306043891972055040,0,82,0,1,0,0,0
target,3314,6,1306043892005609472,0,78,0,1,0,0,0
target,3315,6,1306043892072718336,0,77,0,1,0,0,0
target,3316,6,1306043892206936064,0,84,0,1,0,0,0
target,3317,6,1306043892475371520,0,79,0,1,0,0,0
target,3318,6,1306043893012242432,0,77,0,1,0,0,0
target,3319,6,1306043896233467904,0,73,0,1,0,0,0
target,3320,6,1306043900528435200,0,84,0,1,0,0,0
target,3321,6,1306043926298238976,0,83,0,1,0,0,0
target,3322,6,1306043960657977344,0,79,0,1,0,0,0
target,3323,6,1306044029377454080,0,80,0,1,0,0,0
target,3324,6,1306044166816407552,0,86,0,1,0,0,0
target,3325,6,1306044991450128384,0,76,0,1,0,0,0
target,3326,6,1306048289985011712,0,80,0,1,0,0,0
target,3327,6,1306052688031522816,0,84,0,1,0,0,0
target,3328,6,1306079076310589440,0,80,0,1,0,0,0
target,3329,6,1306606841891921920,0,71,0,1,0,0,0
target,3330,6,1307169791845343232,0,72,0,1,0,0,0
target,3331,6,1315051091192188928,570425344,83,0,1,0,0,0
target,3332,6,1315051091193241600,4,94,0,1,0,0,0
target,3333,6,1315051091193241600,8,91,0,1,0,0,0
target,3334,6,1315051091193241600,16,79,0,1,0,0,0
target,3335,6,1315051091193241600,32,88,0,1,0,0,0
target,3336,6,1315051091193241600,64,72,0,1,0,0,0
target,3337,6,1315051091193241600,128,87,0,1,0,0,0
target,3338,6,1315051091193241600,8192,88,0,1,0,0,0
target,3339,6,1315051091193241600,16384,86,0,1,0,0,0
target,3340,6,1315051091193241600,32768,84,0,1,0,0,0
target,3341,6,1315051091193241600,65536,78,0,1,0,0,0
target,3342,6,1315051091193241600,131072,82,0,1,0,0,0
target,3343,6,1315051091193241600,16777216,95,0,1,0,0,0
target,3344,6,1315051091193241600,33554432,91,0,1,0,0,0
target,3345,6,1315051091193241600,67108864,65,0,1,0,0,0
target,3346,6,1315051091193241600,134217728,93,0,1,0,0,0
target,3347,6,1315051091193241600,268435456,91,0,1,0,0,0
target,3348,6,1315051091193241600,536870912,91,0,1,0,0,0
target,3349,6,1315051091193241600,34359738368,97,0,1,0,0,0
target,3350,6,1315051091193241600,68719476736,77,0,1,0,0,0
target,3351,6,1315051091193241601,0,89,0,1,0,0,0
target,3352,6,1315051091193241602,0,92,0,1,0,0,0
target,3353,6,1315051091193241604,0,77,0,1,0,0,0
target,3354,6,1315051091193241608,0,84,0,1,0,0,0
target,3355,6,1315051091193241616,0,87,0,1,0,0,0
target,3356,6,1315051091193241632,0,83,0,1,0,0,0
target,3357,6,1315051091193241664,0,83,0,1,0,0,0
target,3358,6,1315051091193241728,0,71,0,1,0,0,0
target,3359,6,1315051091193241856,0,80,0,1,0,0,0
target,3360,6,1315051091193242112,0,90,0,1,0,0,0
target,3361,6,1315051091193242624,0,82,0,1,0,0,0
target,3362,6,1315051091193243648,0,85,0,1,0,0,0
target,3363,6,1315051091193245696,0,75,0,1,0,0,0
target,3364,6,1315051091193257984,0,84,0,1,0,0,0
target,3365,6,1315051091193274368,0,68,0,1,0,0,0
target,3366,6,1315051091193372672,0,77,0,1,0,0,0
target,3367,6,1315051091193503744,0,81,0,1,0,0,0
target,3368,6,1315051091193765888,0,79,0,1,0,0,0
target,3369,6,1315051091195338752,0,78,0,1,0,0,0
target,3370,6,1315051091197435904,0,95,0,1,0,0,0
target,3371,6,1315051091201630208,0,84,0,1,0,0,0
target,3372,6,1315051091226796032,0,93,0,1,0,0,0
target,3373,6,1315051091260350464,0,84,0,1,0,0,0
target,3374,6,1315051091327459328,0,85,0,1,0,0,0
target,3375,6,1315051091461677056,0,86,0,1,0,0,0
target,3376,6,1315051091730112512,0,87,0,1,0,0,0
target,3377,6,1315051092266983424,0,79,0,1,0,0,0
target,3378,6,1315051099783176192,0,90,0,1,0,0,0
target,3379,6,1315051125552979968,0,85,0,1,0,0,0
target,3380,6,1315051159912718336,0,73,0,1,0,0,0
target,3381,6,1315051228632195072,0,87,0,1,0,0,0
target,3382,6,1315051366071148544,0,91,0,1,0,0,0
target,3383,6,1315052190704869376,0,84,0,1,0,0,0
target,3384,6,1315055489239752704,0,92,0,1,0,0,0
target,3385,6,1315059887286263808,0,84,0,1,0,0,0
target,3386,6,1315121459937419264,0,74,0,1,0,0,0
target,3387,6,1315332566169952256,0,85,0,1,0,0,0
target,3388,6,1315614041146662912,0,71,0,1,0,0,0
target,3389,6,1316176991100084224,0,77,0,1,0,0,0
target,3390,6,1324058290447982592,0,86,0,1,0,0,0
target,3391,6,1333065489702723584,4,78,0,1,0,0,0
target,3392,6,1333065489702723584,8,78,0,1,0,0,0
target,3393,6,1333065489702723584,16,68,0,1,0,0,0
target,3394,6,1333065489702723584,32,75,0,1,0,0,0
target,3395,6,1333065489702723584,64,69,0,1,0,0,0
target,3396,6,1333065489702723584,128,76,0,1,0,0,0
target,3397,6,1333065489702723584,8192,80,0,1,0,0,0
target,3398,6,1333065489702723584,16384,86,0,1,0,0,0
target,3399,6,1333065489702723584,32768,75,0,1,0,0,0
target,3400,6,1333065489702723584,65536,71,0,1,0,0,0
target,3401,6,1333065489702723584,131072,73,0,1,0,0,0
target,3402,6,1333065489702723584,16777216,83,0,1,0,0,0
target,3403,6,1333065489702723584,33554432,77,0,1,0,0,0
target,3404,6,1333065489702723584,67108864,62,0,1,0,0,0
target,3405,6,1333065489702723584,134217728,80,0,1,0,0,0
target,3406,6,1333065489702723584,268435456,89,0,1,0,0,0
target,3407,6,1333065489702723584,536870912,81,0,1,0,0,0
target,3408,6,1333065489702723584,34359738368,86,0,1,0,0,0
target,3409,6,1333065489702723585,0,78,0,1,0,0,0
target,3410,6,1333065489702723586,0,85,0,1,0,0,0
target,3411,6,1333065489702723588,0,74,0,1,0,0,0
target,3412,6,1333065489702723592,0,79,0,1,0,0,0
target,3413,6,1333065489702723600,0,81,0,1,0,0,0
target,3414,6,1333065489702723616,0,65,0,1,0,0,0
target,3415,6,1333065489702723648,0,86,0,1,0,0,0
target,3416,6,1333065489702723712,0,73,0,1,0,0,0
target,3417,6,1333065489702723840,0,80,0,1,0,0,0
target,3418,6,1333065489702724096,0,86,0,1,0,0,0
target,3419,6,1333065489702724608,0,80,0,1,0,0,0
target,3420,6,1333065489702727680,0,74,0,1,0,0,0
target,3421,6,1333065489702756352,0,69,0,1,0,0,0
target,3422,6,1333065489702854656,0,74,0,1,0,0,0
target,3423,6,1333065489702985728,0,82,0,1,0,0,0
target,3424,6,1333065489703247872,0,73,0,1,0,0,0
target,3425,6,1333065489704820736,0,79,0,1,0,0,0
target,3426,6,1333065489706917888,0,83,0,1,0,0,0
target,3427,6,1333065489711112192,0,71,0,1,0,0,0
target,3428,6,1333065489769832448,0,76,0,1,0,0,0
target,3429,6,1333065489836941312,0,76,0,1,0,0,0
target,3430,6,1333065489971159040,0,80,0,1,0,0,0
target,3431,6,1333065490239594496,0,86,0,1,0,0,0
target,3432,6,1333065490776465408,0,83,0,1,0,0,0
target,3433,6,1333065493997690880,0,78,0,1,0,0,0
target,3434,6,1333065498292658176,0,78,0,1,0,0,0
target,3435,6,1333065524062461952,0,77,0,1,0,0,0
target,3436,6,1333065558422200320,0,74,0,1,0,0,0
target,3437,6,1333065627141677056,0,78,0,1,0,0,0
target,3438,6,1333065764580630528,0,86,0,1,0,0,0
target,3439,6,1333066589214351360,0,79,0,1,0,0,0
target,3440,6,1333069887749234688,0,90,0,1,0,0,0
target,3441,6,1333074285795745792,0,89,0,1,0,0,0
target,3442,6,1333100674074812416,0,76,0,1,0,0,0
target,3443,6,1333135858446901248,0,72,0,1,0,0,0
target,3444,6,1333346964679434240,0,77,0,1,0,0,0
target,3445,6,1333628439656144896,0,67,0,1,0,0,0
target,3446,6,1334191389609566208,0,75,0,1,0,0,0
target,3447,6,1342072688957464576,0,83,0,1,0,0,0
target,3448,6,1351079888212205568,0,89,0,1,0,0,0
target,3449,6,1369094286721687552,4,78,0,1,0,0,0
target,3450,6,1369094286721687552,8,80,0,1,0,0,0
target,3451,6,1369094286721687552,16,68,0,1,0,0,0
target,3452,6,1369094286721687552,32,72,0,1,0,0,0
target,3453,6,1369094286721687552,64,67,0,1,0,0,0
target,3454,6,1369094286721687552,128,76,0,1,0,0,0
target,3455,6,1369094286721687552,8192,73,0,1,0,0,0
target,3456,6,1369094286721687552,16384,82,0,1,0,0,0
target,3457,6,1369094286721687552,65536,64,0,1,0,0,0
target,3458,6,1369094286721687552,131072,74,0,1,0,0,0
target,3459,6,1369094286721687552,16777216,83,0,1,0,0,0
target,3460,6,1369094286721687552,33554432,78,0,1,0,0,0
target,3461,6,1369094286721687552,67108864,52,0,1,0,0,0
target,3462,6,1369094286721687552,134217728,85,0,1,0,0,0
target,3463,6,1369094286721687552,268435456,79,0,1,0,0,0
target,3464,6,1369094286721687552,536870912,79,0,1,0,0,0
target,3465,6,1369094286721687552,34359738368,87,0,1,0,0,0
target,3466,6,1369094286721687553,0,79,0,1,0,0,0
target,3467,6,1369094286721687554,0,79,0,1,0,0,0
target,3468,6,1369094286721687556,0,72,0,1,0,0,0
target,3469,6,1369094286721687560,0,78,0,1,0,0,0
target,3470,6,1369094286721687568,0,78,0,1,0,0,0
target,3471,6,1369094286721687584,0,77,0,1,0,0,0
target,3472,6,1369094286721687616,0,74,0,1,0,0,0
target,3473,6,1369094286721687680,0,71,0,1,0,0,0
target,3474,6,1369094286721687808,0,79,0,1,0,0,0
target,3475,6,1369094286721688064,0,83,0,1,0,0,0
target,3476,6,1369094286721688576,0,78,0,1,0,0,0
target,3477,6,1369094286721689600,0,80,0,1,0,0,0
target,3478,6,1369094286721703936,0,73,0,1,0,0,0
target,3479,6,1369094286721818624,0,72,0,1,0,0,0
target,3480,6,1369094286721949696,0,79,0,1,0,0,0
target,3481,6,1369094286722211840,0,76,0,1,0,0,0
target,3482,6,1369094286723784704,0,79,0,1,0,0,0
target,3483,6,1369094286725881856,0,87,0,1,0,0,0
target,3484,6,1369094286730076160,0,70,0,1,0,0,0
target,3485,6,1369094286755241984,0,85,0,1,0,0,0
target,3486,6,1369094286788796416,0,68,0,1,0,0,0
target,3487,6,1369094286855905280,0,77,0,1,0,0,0
target,3488,6,1369094286990123008,0,79,0,1,0,0,0
target,3489,6,1369094287258558464,0,80,0,1,0,0,0
target,3490,6,1369094287795429376,0,80,0,1,0,0,0
target,3491,6,1369094291016654848,0,67,0,1,0,0,0
target,3492,6,1369094295311622144,0,77,0,1,0,0,0
target,3493,6,1369094321081425920,0,81,0,1,0,0,0
target,3494,6,1369094355441164288,0,72,0,1,0,0,0
target,3495,6,1369094424160641024,0,75,0,1,0,0,0
target,3496,6,1369094561599594496,0,83,0,1,0,0,0
target,3497,6,1369095386233315328,0,77,0,1,0,0,0
target,3498,6,1369098684768198656,0,84,0,1,0,0,0
target,3499,6,1369129471093776384,0,78,0,1,0,0,0
target,3500,6,1369164655465865216,0,70,0,1,0,0,0
target,3501,6,1369375761698398208,0,76,0,1,0,0,0
target,3502,6,1369657236675108864,0,69,0,1,0,0,0
target,3503,6,1370220186628530176,0,72,0,1,0,0,0
target,3504,6,1378101485976428544,0,82,0,1,0,0,0
target,3505,6,1387108685231169536,0,87,0,1,0,0,0
target,3506,6,1441151880758562816,570425345,82,0,1,0,0,0
target,3507,6,1441151880758562816,570425346,78,0,1,0,0,0
target,3508,6,1441151880758562816,570427392,93,0,1,0,0,0
target,3509,6,1441151880758562816,570429440,94,0,1,0,0,0
target,3510,6,1441151880758562816,574619648,92,0,1,0,0,0
target,3511,6,1441151880758562816,578813952,90,0,1,0,0,0
target,3512,6,1441151880758562816,9160359936,86,0,1,0,0,0
target,3513,6,1441151880758563328,570425344,85,0,1,0,0,0
target,3514,6,1441151880758563840,570425344,92,0,1,0,0,0
target,3515,6,1441151880759611392,570425344,90,0,1,0,0,0
target,3516,6,1441151880760659968,570425344,81,0,1,0,0,0
target,3517,6,1441151880901166080,68719476736,81,0,1,0,0,0
target,3518,6,1441151882906046464,570425344,91,0,1,0,0,0
target,3519,6,1441151885053530112,570425344,95,0,1,0,0,0
target,3520,6,1441156278805073920,570425344,94,0,1,0,0,0
target,3521,6,1441160676851585024,570425344,93,0,1,0,0,0
target,3522,6,1450159080013303808,570425344,87,0,1,0,0,0
target,3523,6,1459166279268044800,570425344,89,0,1,0,0,0
target,3524,6,1585267068835471360,4,85,0,1,0,0,0
target,3525,6,1585267068835471360,8,80,0,1,0,0,0
target,3526,6,1585267068835471360,16,70,0,1,0,0,0
target,3527,6,1585267068835471360,32,79,0,1,0,0,0
target,3528,6,1585267068835471360,64,67,0,1,0,0,0
target,3529,6,1585267068835471360,128,79,0,1,0,0,0
target,3530,6,1585267068835471360,8192,78,0,1,0,0,0
target,3531,6,1585267068835471360,16384,81,0,1,0,0,0
target,3532,6,1585267068835471360,32768,80,0,1,0,0,0
target,3533,6,1585267068835471360,65536,72,0,1,0,0,0
target,3534,6,1585267068835471360,131072,76,0,1,0,0,0
target,3535,6,1585267068835471360,16777216,83,0,1,0,0,0
target,3536,6,1585267068835471360,33554432,84,0,1,0,0,0
target,3537,6,1585267068835471360,67108864,61,0,1,0,0,0
target,3538,6,1585267068835471360,134217728,84,0,1,0,0,0
target,3539,6,1585267068835471360,268435456,90,0,1,0,0,0
target,3540,6,1585267068835471360,536870912,83,0,1,0,0,0
target,3541,6,1585267068835471360,34359738368,90,0,1,0,0,0
target,3542,6,1585267068835471361,0,81,0,1,0,0,0
target,3543,6,1585267068835471362,0,85,0,1,0,0,0
target,3544,6,1585267068835471364,0,71,0,1,0,0,0
target,3545,6,1585267068835471368,0,72,0,1,0,0,0
target,3546,6,1585267068835471376,0,80,0,1,0,0,0
target,3547,6,1585267068835471392,0,78,0,1,0,0,0
target,3548,6,1585267068835471424,0,83,0,1,0,0,0
target,3549,6,1585267068835471488,0,72,0,1,0,0,0
target,3550,6,1585267068835471616,0,77,0,1,0,0,0
target,3551,6,1585267068835471872,0,86,0,1,0,0,0
target,3552,6,1585267068835472384,0,81,0,1,0,0,0
target,3553,6,1585267068835473408,0,85,0,1,0,0,0
target,3554,6,1585267068835475456,0,77,0,1,0,0,0
target,3555,6,1585267068835504128,0,78,0,1,0,0,0
target,3556,6,1585267068835733504,0,79,0,1,0,0,0
target,3557,6,1585267068835995648,0,80,0,1,0,0,0
target,3558,6,1585267068837568512,0,82,0,1,0,0,0
target,3559,6,1585267068839665664,0,83,0,1,0,0,0
target,3560,6,1585267068843859968,0,76,0,1,0,0,0
target,3561,6,1585267068869025792,0,83,0,1,0,0,0
target,3562,6,1585267068902580224,0,79,0,1,0,0,0
target,3563,6,1585267068969689088,0,77,0,1,0,0,0
target,3564,6,1585267069103906816,0,82,0,1,0,0,0
target,3565,6,1585267069372342272,0,86,0,1,0,0,0
target,3566,6,1585267069909213184,0,80,0,1,0,0,0
target,3567,6,1585267073130438656,0,79,0,1,0,0,0
target,3568,6,1585267077425405952,0,79,0,1,0,0,0
target,3569,6,1585267103195209728,0,82,0,1,0,0,0
target,3570,6,1585267137554948096,0,76,0,1,0,0,0
target,3571,6,1585267206274424832,0,78,0,1,0,0,0
target,3572,6,1585267343713378304,0,80,0,1,0,0,0
target,3573,6,1585268168347099136,0,78,0,1,0,0,0
target,3574,6,1585271466881982464,0,91,0,1,0,0,0
target,3575,6,1585275864928493568,0,90,0,1,0,0,0
target,3576,6,1585302253207560192,0,81,0,1,0,0,0
target,3577,6,1585337437579649024,0,72,0,1,0,0,0
target,3578,6,1585548543812182016,0,77,0,1,0,0,0
target,3579,6,1585830018788892672,0,71,0,1,0,0,0
target,3580,6,1586392968742313984,0,76,0,1,0,0,0
target,3581,6,1594274268090212352,0,84,0,1,0,0,0
target,3582,6,1603281467344953344,0,90,0,1,0,0,0
target,3583,6,1729382256910274560,570425345,69,0,1,0,0,0
target,3584,6,1729382256910274560,570425346,64,0,1,0,0,0
target,3585,6,1729382256910274560,570427392,74,0,1,0,0,0
target,3586,6,1729382256910274560,570429440,76,0,1,0,0,0
target,3587,6,1729382256910274560,574619648,75,0,1,0,0,0
target,3588,6,1729382256910274560,578813952,75,0,1,0,0,0
target,3589,6,1729382256910274560,9160359936,67,0,1,0,0,0
target,3590,6,1729382256910275072,570425344,59,0,1,0,0,0
target,3591,6,1729382256910275584,570425344,74,0,1,0,0,0
target,3592,6,1729382256911319040,9160359936,71,0,1,0,0,0
target,3593,6,1729382256911319040,43486543872,86,0,1,0,0,0
target,3594,6,1729382256911323136,570425344,71,0,1,0,0,0
target,3595,6,1729382256912371712,570425344,67,0,1,0,0,0
target,3596,6,1729382259057758208,570425344,75,0,1,0,0,0
target,3597,6,1729382261205241856,570425344,75,0,1,0,0,0
target,3598,6,1729386654956785664,570425344,75,0,1,0,0,0
target,3599,6,1729391053003296768,570425344,68,0,1,0,0,0
target,3600,6,1738389456165015552,570425344,68,0,1,0,0,0
target,3601,6,1747396655419756544,570425344,74,0,1,0,0,0
target,3602,6,1873497444987183104,4,81,0,1,0,0,0
target,3603,6,1873497444987183104,8,72,0,1,0,0,0
target,3604,6,1873497444987183104,16,62,0,1,0,0,0
target,3605,6,1873497444987183104,32,73,0,1,0,0,0
target,3606,6,1873497444987183104,64,63,0,1,0,0,0
target,3607,6,1873497444987183104,128,69,0,1,0,0,0
target,3608,6,1873497444987183104,8192,71,0,1,0,0,0
target,3609,6,1873497444987183104,16384,81,0,1,0,0,0
target,3610,6,1873497444987183104,32768,68,0,1,0,0,0
target,3611,6,1873497444987183104,65536,62,0,1,0,0,0
target,3612,6,1873497444987183104,131072,73,0,1,0,0,0
target,3613,6,1873497444987183104,16777216,81,0,1,0,0,0
target,3614,6,1873497444987183104,33554432,70,0,1,0,0,0
target,3615,6,1873497444987183104,67108864,56,0,1,0,0,0
target,3616,6,1873497444987183104,134217728,80,0,1,0,0,0
target,3617,6,1873497444987183104,268435456,79,0,1,0,0,0
target,3618,6,1873497444987183104,536870912,72,0,1,0,0,0
target,3619,6,1873497444987183104,34359738368,80,0,1,0,0,0
target,3620,6,1873497444987183106,0,77,0,1,0,0,0
target,3621,6,1873497444987183108,0,71,0,1,0,0,0
target,3622,6,1873497444987183112,0,73,0,1,0,0,0
target,3623,6,1873497444987183120,0,68,0,1,0,0,0
target,3624,6,1873497444987183136,0,69,0,1,0,0,0
target,3625,6,1873497444987183168,0,79,0,1,0,0,0
target,3626,6,1873497444987183232,0,67,0,1,0,0,0
target,3627,6,1873497444987183360,0,75,0,1,0,0,0
target,3628,6,1873497444987184128,0,74,0,1,0,0,0
target,3629,6,1873497444987187200,0,73,0,1,0,0,0
target,3630,6,1873497444987199488,0,80,0,1,0,0,0
target,3631,6,1873497444987314176,0,69,0,1,0,0,0
target,3632,6,1873497444987707392,0,69,0,1,0,0,0
target,3633,6,1873497444989280256,0,75,0,1,0,0,0
target,3634,6,1873497444991377408,0,82,0,1,0,0,0
target,3635,6,1873497445020737536,0,80,0,1,0,0,0
target,3636,6,1873497445054291968,0,69,0,1,0,0,0
target,3637,6,1873497445255618560,0,79,0,1,0,0,0
target,3638,6,1873497445524054016,0,73,0,1,0,0,0
target,3639,6,1873497446060924928,0,74,0,1,0,0,0
target,3640,6,1873497449282150400,0,73,0,1,0,0,0
target,3641,6,1873497453577117696,0,77,0,1,0,0,0
target,3642,6,1873497479346921472,0,70,0,1,0,0,0
target,3643,6,1873497513706659840,0,72,0,1,0,0,0
target,3644,6,1873497582426136576,0,72,0,1,0,0,0
target,3645,6,1873497719865090048,0,81,0,1,0,0,0
target,3646,6,1873498544498810880,0,70,0,1,0,0,0
target,3647,6,1873501843033694208,0,82,0,1,0,0,0
target,3648,6,1873506241080205312,0,83,0,1,0,0,0
target,3649,6,1873567813731360768,0,64,0,1,0,0,0
target,3650,6,1873778919963893760,0,74,0,1,0,0,0
target,3651,6,1874623344894025728,0,69,0,1,0,0,0
target,3652,6,1882504644241924096,0,78,0,1,0,0,0
target,3653,6,1891511843496665088,0,84,0,1,0,0,0
target,3654,6,3458764513820545024,570425345,81,0,1,0,0,0
target,3655,6,3458764513820545024,570425346,78,0,1,0,0,0
target,3656,6,3458764513820545024,570427392,81,0,1,0,0,0
target,3657,6,3458764513820545024,570429440,87,0,1,0,0,0
target,3658,6,3458764513820545024,574619648,88,0,1,0,0,0
target,3659,6,3458764513820545024,578813952,84,0,1,0,0,0
target,3660,6,3458764513820545536,570425344,84,0,1,0,0,0
target,3661,6,3458764513821589504,9143582720,54,0,1,0,0,0
target,3662,6,3458764513821589504,43486543872,76,0,1,0,0,0
target,3663,6,3458764513821593600,570425344,82,0,1,0,0,0
target,3664,6,3458764513963148288,68719476736,75,0,1,0,0,0
target,3665,6,3458764513964195840,68719476736,71,0,1,0,0,0
target,3666,6,3458764515968028672,570425344,84,0,1,0,0,0
target,3667,6,3458764518115512320,570425344,89,0,1,0,0,0
target,3668,6,3458768911867056128,570425344,88,0,1,0,0,0
target,3669,6,3458773309913567232,570425344,86,0,1,0,0,0
target,3670,6,3467771713075286016,570425344,80,0,1,0,0,0
target,3671,6,3476778912330027008,570425344,86,0,1,0,0,0
target,3672,6,5764607523035283456,9143582720,76,0,1,0,0,0
target,3673,6,5764607523035283456,43486543872,92,0,1,0,0,0
target,3674,6,5908722711111147520,4,84,0,1,0,0,0
target,3675,6,5908722711111147520,8,81,0,1,0,0,0
target,3676,6,5908722711111147520,16,65,0,1,0,0,0
target,3677,6,5908722711111147520,32,76,0,1,0,0,0
target,3678,6,5908722711111147520,64,63,0,1,0,0,0
target,3679,6,5908722711111147520,128,74,0,1,0,0,0
target,3680,6,5908722711111147520,8192,77,0,1,0,0,0
target,3681,6,5908722711111147520,16384,78,0,1,0,0,0
target,3682,6,5908722711111147520,32768,75,0,1,0,0,0
target,3683,6,5908722711111147520,65536,66,0,1,0,0,0
target,3684,6,5908722711111147520,131072,75,0,1,0,0,0
target,3685,6,5908722711111147520,16777216,85,0,1,0,0,0
target,3686,6,5908722711111147520,33554432,76,0,1,0,0,0
target,3687,6,5908722711111147520,67108864,59,0,1,0,0,0
target,3688,6,5908722711111147520,134217728,84,0,1,0,0,0
target,3689,6,5908722711111147520,268435456,75,0,1,0,0,0
target,3690,6,5908722711111147520,536870912,78,0,1,0,0,0
target,3691,6,5908722711111147520,34359738368,87,0,1,0,0,0
target,3692,6,5908722711111147520,68719476736,67,0,1,0,0,0
target,3693,6,5908722711111147521,0,82,0,1,0,0,0
target,3694,6,5908722711111147522,0,82,0,1,0,0,0
target,3695,6,5908722711111147524,0,67,0,1,0,0,0
target,3696,6,5908722711111147528,0,76,0,1,0,0,0
target,3697,6,5908722711111147536,0,77,0,1,0,0,0
target,3698,6,5908722711111147552,0,73,0,1,0,0,0
target,3699,6,5908722711111147584,0,82,0,1,0,0,0
target,3700,6,5908722711111147648,0,62,0,1,0,0,0
target,3701,6,5908722711111147776,0,75,0,1,0,0,0
target,3702,6,5908722711111148032,0,83,0,1,0,0,0
target,3703,6,5908722711111148544,0,74,0,1,0,0,0
target,3704,6,5908722711111151616,0,76,0,1,0,0,0
target,3705,6,5908722711111180288,0,76,0,1,0,0,0
target,3706,6,5908722711111278592,0,73,0,1,0,0,0
target,3707,6,5908722711111671808,0,78,0,1,0,0,0
target,3708,6,5908722711115341824,0,88,0,1,0,0,0
target,3709,6,5908722711119536128,0,71,0,1,0,0,0
target,3710,6,5908722711144701952,0,85,0,1,0,0,0
target,3711,6,5908722711178256384,0,71,0,1,0,0,0
target,3712,6,5908722711245365248,0,74,0,1,0,0,0
target,3713,6,5908722711379582976,0,78,0,1,0,0,0
target,3714,6,5908722711648018432,0,77,0,1,0,0,0
target,3715,6,5908722712184889344,0,71,0,1,0,0,0
target,3716,6,5908722715406114816,0,71,0,1,0,0,0
target,3717,6,5908722719701082112,0,80,0,1,0,0,0
target,3718,6,5908722745470885888,0,78,0,1,0,0,0
target,3719,6,5908722848550100992,0,74,0,1,0,0,0
target,3720,6,5908722985989054464,0,78,0,1,0,0,0
target,3721,6,5908723810622775296,0,72,0,1,0,0,0
target,3722,6,5908731507204169728,0,85,0,1,0,0,0
target,3723,6,5908757895483236352,0,79,0,1,0,0,0
target,3724,6,5908793079855325184,0,69,0,1,0,0,0
target,3725,6,5909004186087858176,0,72,0,1,0,0,0
target,3726,6,5909285661064568832,0,61,0,1,0,0,0
target,3727,6,5909848611017990144,0,66,0,1,0,0,0
target,3728,6,5917729910365888512,0,79,0,1,0,0,0
target,3729,6,5926737109620629504,0,83,0,1,0,0,0
target,3730,6,10376293541461622785,8864812498946,84,0,1,0,0,0
target,3731,6,10376293541461622785,8864820887552,89,0,1,0,0,0
target,3732,6,10376293541461622785,8881992368128,93,0,1,0,0,0
target,3733,6,10376293541461622786,8864812498946,79,0,1,0,0,0
target,3734,6,10376293541461622786,8864820887552,81,0,1,0,0,0
target,3735,6,10376293541461622786,8881992368128,87,0,1,0,0,0
target,3736,6,10376293541461623808,8864812498948,80,0,1,0,0,0
target,3737,6,10376293541461623808,8864812507136,81,0,1,0,0,0
target,3738,6,10376293541461623808,8864829276160,70,0,1,0,0,0
target,3739,6,10376293541461623808,8899172237312,71,0,1,0,0,0
target,3740,6,10376293541461623809,8864812498944,73,0,1,0,0,0
target,3741,6,10376293541461623810,8864812498944,70,0,1,0,0,0
target,3742,6,10376293541461625856,8864812498944,78,0,1,0,0,0
target,3743,6,10376293541461626880,570425345,83,0,1,0,0,0
target,3744,6,10376293541461626880,570425346,80,0,1,0,0,0
target,3745,6,10376293541461626880,570426368,83,0,1,0,0,0
target,3746,6,10376293541461626880,570427392,83,0,1,0,0,0
target,3747,6,10376293541461626880,570429440,90,0,1,0,0,0
target,3748,6,10376293541461626880,572522496,89,0,1,0,0,0
target,3749,6,10376293541461626880,574619648,90,0,1,0,0,0
target,3750,6,10376293541461626880,578813952,85,0,1,0,0,0
target,3751,6,10376293541461627392,570425344,81,0,1,0,0,0
target,3752,6,10376293541461627904,570425344,87,0,1,0,0,0
target,3753,6,10376293541461627904,8864812498944,76,0,1,0,0,0
target,3754,6,10376293541462151168,5,85,0,1,0,0,0
target,3755,6,10376293541462151168,6,87,0,1,0,0,0
target,3756,6,10376293541462151168,9,78,0,1,0,0,0
target,3757,6,10376293541462151168,10,81,0,1,0,0,0
target,3758,6,10376293541462151168,12,83,0,1,0,0,0
target,3759,6,10376293541462151168,17,87,0,1,0,0,0
target,3760,6,10376293541462151168,18,89,0,1,0,0,0
target,3761,6,10376293541462151168,20,93,0,1,0,0,0
target,3762,6,10376293541462151168,24,84,0,1,0,0,0
target,3763,6,10376293541462151168,33,78,0,1,0,0,0
target,3764,6,10376293541462151168,34,77,0,1,0,0,0
target,3765,6,10376293541462151168,36,82,0,1,0,0,0
target,3766,6,10376293541462151168,40,78,0,1,0,0,0
target,3767,6,10376293541462151168,48,79,0,1,0,0,0
target,3768,6,10376293541462151168,65,75,0,1,0,0,0
target,3769,6,10376293541462151168,66,80,0,1,0,0,0
target,3770,6,10376293541462151168,68,83,0,1,0,0,0
target,3771,6,10376293541462151168,80,81,0,1,0,0,0
target,3772,6,10376293541462151168,96,72,0,1,0,0,0
target,3773,6,10376293541462151168,132,83,0,1,0,0,0
target,3774,6,10376293541462151168,136,83,0,1,0,0,0
target,3775,6,10376293541462151168,144,84,0,1,0,0,0
target,3776,6,10376293541462151168,160,74,0,1,0,0,0
target,3777,6,10376293541462151168,260,75,0,1,0,0,0
target,3778,6,10376293541462151168,264,62,0,1,0,0,0
target,3779,6,10376293541462151168,272,72,0,1,0,0,0
target,3780,6,10376293541462151168,516,81,0,1,0,0,0
target,3781,6,10376293541462151168,520,76,0,1,0,0,0
target,3782,6,10376293541462151168,1028,72,0,1,0,0,0
target,3783,6,10376293541462151168,8193,88,0,1,0,0,0
target,3784,6,10376293541462151168,8194,90,0,1,0,0,0
target,3785,6,10376293541462151168,8196,93,0,1,0,0,0
target,3786,6,10376293541462151168,8200,87,0,1,0,0,0
target,3787,6,10376293541462151168,8208,96,0,1,0,0,0
target,3788,6,10376293541462151168,8224,86,0,1,0,0,0
target,3789,6,10376293541462151168,8256,85,0,1,0,0,0
target,3790,6,10376293541462151168,8320,88,0,1,0,0,0
target,3791,6,10376293541462151168,8448,81,0,1,0,0,0
target,3792,6,10376293541462151168,8704,88,0,1,0,0,0
target,3793,6,10376293541462151168,9216,80,0,1,0,0,0
target,3794,6,10376293541462151168,10240,92,0,1,0,0,0
target,3795,6,10376293541462151168,12288,95,0,1,0,0,0
target,3796,6,10376293541462151168,16386,85,0,1,0,0,0
target,3797,6,10376293541462151168,16388,84,0,1,0,0,0
target,3798,6,10376293541462151168,16392,76,0,1,0,0,0
target,3799,6,10376293541462151168,16400,85,0,1,0,0,0
target,3800,6,10376293541462151168,16416,80,0,1,0,0,0
target,3801,6,10376293541462151168,16448,79,0,1,0,0,0
target,3802,6,10376293541462151168,16512,79,0,1,0,0,0
target,3803,6,10376293541462151168,16640,71,0,1,0,0,0
target,3804,6,10376293541462151168,16896,81,0,1,0,0,0
target,3805,6,10376293541462151168,17408,72,0,1,0,0,0
target,3806,6,10376293541462151168,18432,85,0,1,0,0,0
target,3807,6,10376293541462151168,20480,88,0,1,0,0,0
target,3808,6,10376293541462151168,24576,90,0,1,0,0,0
target,3809,6,10376293541462151168,32769,78,0,1,0,0,0
target,3810,6,10376293541462151168,32770,80,0,1,0,0,0
target,3811,6,10376293541462151168,32772,83,0,1,0,0,0
target,3812,6,10376293541462151168,32784,84,0,1,0,0,0
target,3813,6,10376293541462151168,32832,75,0,1,0,0,0
target,3814,6,10376293541462151168,32896,82,0,1,0,0,0
target,3815,6,10376293541462151168,33024,71,0,1,0,0,0
target,3816,6,10376293541462151168,33280,78,0,1,0,0,0
target,3817,6,10376293541462151168,34816,80,0,1,0,0,0
target,3818,6,10376293541462151168,40960,86,0,1,0,0,0
target,3819,6,10376293541462151168,49152,79,0,1,0,0,0
target,3820,6,10376293541462151168,65537,82,0,1,0,0,0
target,3821,6,10376293541462151168,65538,85,0,1,0,0,0
target,3822,6,10376293541462151168,65540,88,0,1,0,0,0
target,3823,6,10376293541462151168,65544,76,0,1,0,0,0
target,3824,6,10376293541462151168,65552,84,0,1,0,0,0
target,3825,6,10376293541462151168,65568,76,0,1,0,0,0
target,3826,6,10376293541462151168,65600,74,0,1,0,0,0
target,3827,6,10376293541462151168,65664,82,0,1,0,0,0
target,3828,6,10376293541462151168,65792,69,0,1,0,0,0
target,3829,6,10376293541462151168,66048,81,0,1,0,0,0
target,3830,6,10376293541462151168,66560,76,0,1,0,0,0
target,3831,6,10376293541462151168,67584,87,0,1,0,0,0
target,3832,6,10376293541462151168,69632,90,0,1,0,0,0
target,3833,6,10376293541462151168,73728,88,0,1,0,0,0
target,3834,6,10376293541462151168,98304,77,0,1,0,0,0
target,3835,6,10376293541462151168,532480,85,0,1,0,0,0
target,3836,6,10376293541462151168,540672,76,0,1,0,0,0
target,3837,6,10376293541462151168,1056768,70,0,1,0,0,0
target,3838,6,10376293541462151168,1064960,69,0,1,0,0,0
target,3839,6,10376293541462151168,2105344,73,0,1,0,0,0
target,3840,6,10376293541462151168,16777217,82,0,1,0,0,0
target,3841,6,10376293541462151168,16777218,91,0,1,0,0,0
target,3842,6,10376293541462151168,16777220,93,0,1,0,0,0
target,3843,6,10376293541462151168,16777224,89,0,1,0,0,0
target,3844,6,10376293541462151168,16777232,95,0,1,0,0,0
target,3845,6,10376293541462151168,16777248,87,0,1,0,0,0
target,3846,6,10376293541462151168,16777280,86,0,1,0,0,0
target,3847,6,10376293541462151168,16777344,89,0,1,0,0,0
target,3848,6,10376293541462151168,16777472,82,0,1,0,0,0
target,3849,6,10376293541462151168,16777728,89,0,1,0,0,0
target,3850,6,10376293541462151168,16778240,82,0,1,0,0,0
target,3851,6,10376293541462151168,16779264,91,0,1,0,0,0
target,3852,6,10376293541462151168,16781312,95,0,1,0,0,0
target,3853,6,10376293541462151168,16785408,96,0,1,0,0,0
target,3854,6,10376293541462151168,16793600,91,0,1,0,0,0
target,3855,6,10376293541462151168,16809984,87,0,1,0,0,0
target,3856,6,10376293541462151168,16842752,87,0,1,0,0,0
target,3857,6,10376293541462151168,17301504,87,0,1,0,0,0
target,3858,6,10376293541462151168,17825792,81,0,1,0,0,0
target,3859,6,10376293541462151168,18874368,85,0,1,0,0,0
target,3860,6,10376293541462151168,20971520,96,0,1,0,0,0
target,3861,6,10376293541462151168,25165824,89,0,1,0,0,0
target,3862,6,10376293541462151168,33554433,81,0,1,0,0,0
target,3863,6,10376293541462151168,33554434,76,0,1,0,0,0
target,3864,6,10376293541462151168,33554436,80,0,1,0,0,0
target,3865,6,10376293541462151168,33554440,75,0,1,0,0,0
target,3866,6,10376293541462151168,33554448,86,0,1,0,0,0
target,3867,6,10376293541462151168,33554464,76,0,1,0,0,0
target,3868,6,10376293541462151168,33554496,79,0,1,0,0,0
target,3869,6,10376293541462151168,33554560,81,0,1,0,0,0
target,3870,6,10376293541462151168,33554688,76,0,1,0,0,0
target,3871,6,10376293541462151168,33554944,81,0,1,0,0,0
target,3872,6,10376293541462151168,33555456,77,0,1,0,0,0
target,3873,6,10376293541462151168,33556480,86,0,1,0,0,0
target,3874,6,10376293541462151168,33558528,88,0,1,0,0,0
target,3875,6,10376293541462151168,33562624,79,0,1,0,0,0
target,3876,6,10376293541462151168,33570816,77,0,1,0,0,0
target,3877,6,10376293541462151168,33587200,76,0,1,0,0,0
target,3878,6,10376293541462151168,33619968,81,0,1,0,0,0
target,3879,6,10376293541462151168,34078720,79,0,1,0,0,0
target,3880,6,10376293541462151168,34603008,72,0,1,0,0,0
target,3881,6,10376293541462151168,35651584,75,0,1,0,0,0
target,3882,6,10376293541462151168,37748736,88,0,1,0,0,0
target,3883,6,10376293541462151168,41943040,81,0,1,0,0,0
target,3884,6,10376293541462151168,50331648,88,0,1,0,0,0
target,3885,6,10376293541462151168,67108865,80,0,1,0,0,0
target,3886,6,10376293541462151168,67108866,83,0,1,0,0,0
target,3887,6,10376293541462151168,67108872,78,0,1,0,0,0
target,3888,6,10376293541462151168,67108880,83,0,1,0,0,0
target,3889,6,10376293541462151168,67108896,74,0,1,0,0,0
target,3890,6,10376293541462151168,67108928,71,0,1,0,0,0
target,3891,6,10376293541462151168,67108992,79,0,1,0,0,0
target,3892,6,10376293541462151168,67109120,70,0,1,0,0,0
target,3893,6,10376293541462151168,67109376,82,0,1,0,0,0
target,3894,6,10376293541462151168,67109888,68,0,1,0,0,0
target,3895,6,10376293541462151168,67110912,86,0,1,0,0,0
target,3896,6,10376293541462151168,67112960,88,0,1,0,0,0
target,3897,6,10376293541462151168,67125248,74,0,1,0,0,0
target,3898,6,10376293541462151168,67141632,72,0,1,0,0,0
target,3899,6,10376293541462151168,67174400,77,0,1,0,0,0
target,3900,6,10376293541462151168,67633152,77,0,1,0,0,0
target,3901,6,10376293541462151168,69206016,78,0,1,0,0,0
target,3902,6,10376293541462151168,71303168,77,0,1,0,0,0
target,3903,6,10376293541462151168,75497472,81,0,1,0,0,0
target,3904,6,10376293541462151168,83886080,88,0,1,0,0,0
target,3905,6,10376293541462151168,134217729,86,0,1,0,0,0
target,3906,6,10376293541462151168,134217730,90,0,1,0,0,0
target,3907,6,10376293541462151168,134217732,91,0,1,0,0,0
target,3908,6,10376293541462151168,134217736,84,0,1,0,0,0
target,3909,6,10376293541462151168,134217744,96,0,1,0,0,0
target,3910,6,10376293541462151168,134217760,83,0,1,0,0,0
target,3911,6,10376293541462151168,134217792,86,0,1,0,0,0
target,3912,6,10376293541462151168,134217856,84,0,1,0,0,0
target,3913,6,10376293541462151168,134217984,81,0,1,0,0,0
target,3914,6,10376293541462151168,134218240,87,0,1,0,0,0
target,3915,6,10376293541462151168,134218752,81,0,1,0,0,0
target,3916,6,10376293541462151168,134219776,92,0,1,0,0,0
target,3917,6,10376293541462151168,134221824,92,0,1,0,0,0
target,3918,6,10376293541462151168,134225920,97,0,1,0,0,0
target,3919,6,10376293541462151168,134234112,90,0,1,0,0,0
target,3920,6,10376293541462151168,134250496,80,0,1,0,0,0
target,3921,6,10376293541462151168,134283264,86,0,1,0,0,0
target,3922,6,10376293541462151168,134742016,83,0,1,0,0,0
target,3923,6,10376293541462151168,135266304,78,0,1,0,0,0
target,3924,6,10376293541462151168,136314880,82,0,1,0,0,0
target,3925,6,10376293541462151168,138412032,90,0,1,0,0,0
target,3926,6,10376293541462151168,142606336,88,0,1,0,0,0
target,3927,6,10376293541462151168,150994944,97,0,1,0,0,0
target,3928,6,10376293541462151168,167772160,90,0,1,0,0,0
target,3929,6,10376293541462151168,201326592,83,0,1,0,0,0
target,3930,6,10376293541462151168,268435457,86,0,1,0,0,0
target,3931,6,10376293541462151168,268435458,85,0,1,0,0,0
target,3932,6,10376293541462151168,268435460,92,0,1,0,0,0
target,3933,6,10376293541462151168,268435464,87,0,1,0,0,0
target,3934,6,10376293541462151168,268435472,92,0,1,0,0,0
target,3935,6,10376293541462151168,268435488,81,0,1,0,0,0
target,3936,6,10376293541462151168,268435520,79,0,1,0,0,0
target,3937,6,10376293541462151168,268435584,82,0,1,0,0,0
target,3938,6,10376293541462151168,268435712,75,0,1,0,0,0
target,3939,6,10376293541462151168,268435968,83,0,1,0,0,0
target,3940,6,10376293541462151168,268436480,75,0,1,0,0,0
target,3941,6,10376293541462151168,268437504,90,0,1,0,0,0
target,3942,6,10376293541462151168,268439552,91,0,1,0,0,0
target,3943,6,10376293541462151168,268443648,96,0,1,0,0,0
target,3944,6,10376293541462151168,268451840,87,0,1,0,0,0
target,3945,6,10376293541462151168,268468224,81,0,1,0,0,0
target,3946,6,10376293541462151168,268500992,86,0,1,0,0,0
target,3947,6,10376293541462151168,268959744,80,0,1,0,0,0
target,3948,6,10376293541462151168,269484032,75,0,1,0,0,0
target,3949,6,10376293541462151168,270532608,83,0,1,0,0,0
target,3950,6,10376293541462151168,272629760,94,0,1,0,0,0
target,3951,6,10376293541462151168,276824064,87,0,1,0,0,0
target,3952,6,10376293541462151168,285212672,97,0,1,0,0,0
target,3953,6,10376293541462151168,301989888,86,0,1,0,0,0
target,3954,6,10376293541462151168,335544320,86,0,1,0,0,0
target,3955,6,10376293541462151168,402653184,94,0,1,0,0,0
target,3956,6,10376293541462151168,536870916,89,0,1,0,0,0
target,3957,6,10376293541462151168,536870920,81,0,1,0,0,0
target,3958,6,10376293541462151168,536870928,88,0,1,0,0,0
target,3959,6,10376293541462151168,536870944,73,0,1,0,0,0
target,3960,6,10376293541462151168,536870976,78,0,1,0,0,0
target,3961,6,10376293541462151168,536879104,92,0,1,0,0,0
target,3962,6,10376293541462151168,536887296,85,0,1,0,0,0
target,3963,6,10376293541462151168,536903680,77,0,1,0,0,0
target,3964,6,10376293541462151168,536936448,84,0,1,0,0,0
target,3965,6,10376293541462151168,553648128,88,0,1,0,0,0
target,3966,6,10376293541462151168,4311744512,65,0,1,0,0,0
target,3967,6,10376293541462151168,34359738369,79,0,1,0,0,0
target,3968,6,10376293541462151168,34359738370,81,0,1,0,0,0
target,3969,6,10376293541462151168,34359740416,79,0,1,0,0,0
target,3970,6,10376293541462151168,34359742464,87,0,1,0,0,0
target,3971,6,10376293541462151168,34363932672,86,0,1,0,0,0
target,3972,6,10376293541462151168,42949672960,83,0,1,0,0,0
target,3973,6,10376293541462151168,51539607552,88,0,1,0,0,0
target,3974,6,10376293541462151168,68719476737,79,0,1,0,0,0
target,3975,6,10376293541462151168,68719476738,88,0,1,0,0,0
target,3976,6,10376293541462151168,68719478784,89,0,1,0,0,0
target,3977,6,10376293541462151168,68723671040,92,0,1,0,0,0
target,3978,6,10376293541462151168,68727865344,85,0,1,0,0,0
target,3979,6,10376293541462151168,77309411328,89,0,1,0,0,0
target,3980,6,10376293541462151168,85899345920,93,0,1,0,0,0
target,3981,6,10376293541462151169,8,78,0,1,0,0,0
target,3982,6,10376293541462151169,16,80,0,1,0,0,0
target,3983,6,10376293541462151169,32,72,0,1,0,0,0
target,3984,6,10376293541462151169,64,77,0,1,0,0,0
target,3985,6,10376293541462151169,8192,82,0,1,0,0,0
target,3986,6,10376293541462151169,16384,80,0,1,0,0,0
target,3987,6,10376293541462151169,32768,78,0,1,0,0,0
target,3988,6,10376293541462151169,65536,79,0,1,0,0,0
target,3989,6,10376293541462151169,16777216,82,0,1,0,0,0
target,3990,6,10376293541462151169,33554432,81,0,1,0,0,0
target,3991,6,10376293541462151169,67108864,79,0,1,0,0,0
target,3992,6,10376293541462151169,134217728,87,0,1,0,0,0
target,3993,6,10376293541462151169,268435456,81,0,1,0,0,0
target,3994,6,10376293541462151170,4,88,0,1,0,0,0
target,3995,6,10376293541462151170,16,90,0,1,0,0,0
target,3996,6,10376293541462151170,32,79,0,1,0,0,0
target,3997,6,10376293541462151170,64,79,0,1,0,0,0
target,3998,6,10376293541462151170,8192,84,0,1,0,0,0
target,3999,6,10376293541462151170,16384,78,0,1,0,0,0
target,4000,6,10376293541462151170,32768,82,0,1,0,0,0
target,4001,6,10376293541462151170,65536,85,0,1,0,0,0
target,4002,6,10376293541462151170,16777216,92,0,1,0,0,0
target,4003,6,10376293541462151170,33554432,73,0,1,0,0,0
target,4004,6,10376293541462151170,67108864,85,0,1,0,0,0
target,4005,6,10376293541462151170,134217728,91,0,1,0,0,0
target,4006,6,10376293541462151170,268435456,90,0,1,0,0,0
target,4007,6,10376293541462151172,4,76,0,1,0,0,0
target,4008,6,10376293541462151172,32,79,0,1,0,0,0
target,4009,6,10376293541462151172,64,76,0,1,0,0,0
target,4010,6,10376293541462151172,8192,87,0,1,0,0,0
target,4011,6,10376293541462151172,16384,74,0,1,0,0,0
target,4012,6,10376293541462151172,65536,83,0,1,0,0,0
target,4013,6,10376293541462151172,16777216,85,0,1,0,0,0
target,4014,6,10376293541462151172,33554432,72,0,1,0,0,0
target,4015,6,10376293541462151172,67108864,69,0,1,0,0,0
target,4016,6,10376293541462151172,134217728,86,0,1,0,0,0
target,4017,6,10376293541462151172,268435456,86,0,1,0,0,0
target,4018,6,10376293541462151176,8,66,0,1,0,0,0
target,4019,6,10376293541462151176,16,79,0,1,0,0,0
target,4020,6,10376293541462151176,64,72,0,1,0,0,0
target,4021,6,10376293541462151176,8192,76,0,1,0,0,0
target,4022,6,10376293541462151176,16384,72,0,1,0,0,0
target,4023,6,10376293541462151176,32768,71,0,1,0,0,0
target,4024,6,10376293541462151176,65536,64,0,1,0,0,0
target,4025,6,10376293541462151176,16777216,80,0,1,0,0,0
target,4026,6,10376293541462151176,33554432,69,0,1,0,0,0
target,4027,6,10376293541462151176,134217728,71,0,1,0,0,0
target,4028,6,10376293541462151176,268435456,76,0,1,0,0,0
target,4029,6,10376293541462151184,4,90,0,1,0,0,0
target,4030,6,10376293541462151184,8,78,0,1,0,0,0
target,4031,6,10376293541462151184,16,92,0,1,0,0,0
target,4032,6,10376293541462151184,32,81,0,1,0,0,0
target,4033,6,10376293541462151184,8192,93,0,1,0,0,0
target,4034,6,10376293541462151184,16384,86,0,1,0,0,0
target,4035,6,10376293541462151184,32768,82,0,1,0,0,0
target,4036,6,10376293541462151184,65536,82,0,1,0,0,0
target,4037,6,10376293541462151184,16777216,87,0,1,0,0,0
target,4038,6,10376293541462151184,33554432,86,0,1,0,0,0
target,4039,6,10376293541462151184,67108864,82,0,1,0,0,0
target,4040,6,10376293541462151184,134217728,91,0,1,0,0,0
target,4041,6,10376293541462151184,268435456,88,0,1,0,0,0
target,4042,6,10376293541462151200,4,81,0,1,0,0,0
target,4043,6,10376293541462151200,8,77,0,1,0,0,0
target,4044,6,10376293541462151200,16,78,0,1,0,0,0
target,4045,6,10376293541462151200,32,66,0,1,0,0,0
target,4046,6,10376293541462151200,64,76,0,1,0,0,0
target,4047,6,10376293541462151200,8192,84,0,1,0,0,0
target,4048,6,10376293541462151200,16384,76,0,1,0,0,0
target,4049,6,10376293541462151200,32768,76,0,1,0,0,0
target,4050,6,10376293541462151200,65536,80,0,1,0,0,0
target,4051,6,10376293541462151200,16777216,85,0,1,0,0,0
target,4052,6,10376293541462151200,33554432,68,0,1,0,0,0
target,4053,6,10376293541462151200,67108864,77,0,1,0,0,0
target,4054,6,10376293541462151200,134217728,79,0,1,0,0,0
target,4055,6,10376293541462151200,268435456,83,0,1,0,0,0
target,4056,6,10376293541462151232,4,85,0,1,0,0,0
target,4057,6,10376293541462151232,8,81,0,1,0,0,0
target,4058,6,10376293541462151232,16,86,0,1,0,0,0
target,4059,6,10376293541462151232,32,76,0,1,0,0,0
target,4060,6,10376293541462151232,64,80,0,1,0,0,0
target,4061,6,10376293541462151232,8192,86,0,1,0,0,0
target,4062,6,10376293541462151232,16384,82,0,1,0,0,0
target,4063,6,10376293541462151232,32768,76,0,1,0,0,0
target,4064,6,10376293541462151232,65536,85,0,1,0,0,0
target,4065,6,10376293541462151232,16777216,90,0,1,0,0,0
target,4066,6,10376293541462151232,33554432,82,0,1,0,0,0
target,4067,6,10376293541462151232,67108864,78,0,1,0,0,0
target,4068,6,10376293541462151232,134217728,89,0,1,0,0,0
target,4069,6,10376293541462151232,268435456,88,0,1,0,0,0
target,4070,6,10376293541462151296,4,86,0,1,0,0,0
target,4071,6,10376293541462151296,16,88,0,1,0,0,0
target,4072,6,10376293541462151296,64,77,0,1,0,0,0
target,4073,6,10376293541462151296,8192,79,0,1,0,0,0
target,4074,6,10376293541462151296,16384,80,0,1,0,0,0
target,4075,6,10376293541462151296,65536,82,0,1,0,0,0
target,4076,6,10376293541462151296,16777216,88,0,1,0,0,0
target,4077,6,10376293541462151296,33554432,75,0,1,0,0,0
target,4078,6,10376293541462151296,67108864,83,0,1,0,0,0
target,4079,6,10376293541462151296,134217728,86,0,1,0,0,0
target,4080,6,10376293541462151296,268435456,85,0,1,0,0,0
target,4081,6,10376293541462151424,4,80,0,1,0,0,0
target,4082,6,10376293541462151424,8,76,0,1,0,0,0
target,4083,6,10376293541462151424,16,79,0,1,0,0,0
target,4084,6,10376293541462151424,32,74,0,1,0,0,0
target,4085,6,10376293541462151424,64,74,0,1,0,0,0
target,4086,6,10376293541462151424,8192,83,0,1,0,0,0
target,4087,6,10376293541462151424,16384,70,0,1,0,0,0
target,4088,6,10376293541462151424,32768,72,0,1,0,0,0
target,4089,6,10376293541462151424,65536,78,0,1,0,0,0
target,4090,6,10376293541462151424,16777216,82,0,1,0,0,0
target,4091,6,10376293541462151424,33554432,80,0,1,0,0,0
target,4092,6,10376293541462151424,67108864,71,0,1,0,0,0
target,4093,6,10376293541462151424,134217728,83,0,1,0,0,0
target,4094,6,10376293541462151424,268435456,80,0,1,0,0,0
target,4095,6,10376293541462151680,4,81,0,1,0,0,0
target,4096,6,10376293541462151680,8,83,0,1,0,0,0
target,4097,6,10376293541462151680,16,92,0,1,0,0,0
target,4098,6,10376293541462151680,32,78,0,1,0,0,0
target,4099,6,10376293541462151680,64,84,0,1,0,0,0
target,4100,6,10376293541462151680,8192,93,0,1,0,0,0
target,4101,6,10376293541462151680,16384,86,0,1,0,0,0
target,4102,6,10376293541462151680,32768,75,0,1,0,0,0
target,4103,6,10376293541462151680,65536,87,0,1,0,0,0
target,4104,6,10376293541462151680,16777216,94,0,1,0,0,0
target,4105,6,10376293541462151680,33554432,72,0,1,0,0,0
target,4106,6,10376293541462151680,67108864,86,0,1,0,0,0
target,4107,6,10376293541462151680,134217728,93,0,1,0,0,0
target,4108,6,10376293541462151680,268435456,92,0,1,0,0,0
target,4109,6,10376293541462151680,34359738368,77,0,1,0,0,0
target,4110,6,10376293541462152192,4,87,0,1,0,0,0
target,4111,6,10376293541462152192,8,80,0,1,0,0,0
target,4112,6,10376293541462152192,16,89,0,1,0,0,0
target,4113,6,10376293541462152192,32,80,0,1,0,0,0
target,4114,6,10376293541462152192,64,71,0,1,0,0,0
target,4115,6,10376293541462152192,8192,90,0,1,0,0,0
target,4116,6,10376293541462152192,16384,83,0,1,0,0,0
target,4117,6,10376293541462152192,32768,81,0,1,0,0,0
target,4118,6,10376293541462152192,65536,78,0,1,0,0,0
target,4119,6,10376293541462152192,16777216,91,0,1,0,0,0
target,4120,6,10376293541462152192,33554432,82,0,1,0,0,0
target,4121,6,10376293541462152192,67108864,75,0,1,0,0,0
target,4122,6,10376293541462152192,134217728,90,0,1,0,0,0
target,4123,6,10376293541462152192,268435456,88,0,1,0,0,0
target,4124,6,10376293541462152192,34359738368,83,0,1,0,0,0
target,4125,6,10376293541462152192,68719476736,78,0,1,0,0,0
target,4126,6,10376293541462152192,70368744177664,79,0,1,0,0,0
target,4127,6,10376293541462153216,4,76,0,1,0,0,0
target,4128,6,10376293541462153216,8,75,0,1,0,0,0
target,4129,6,10376293541462153216,16,82,0,1,0,0,0
target,4130,6,10376293541462153216,32,74,0,1,0,0,0
target,4131,6,10376293541462153216,64,76,0,1,0,0,0
target,4132,6,10376293541462153216,8192,74,0,1,0,0,0
target,4133,6,10376293541462153216,16384,78,0,1,0,0,0
target,4134,6,10376293541462153216,65536,77,0,1,0,0,0
target,4135,6,10376293541462153216,16777216,78,0,1,0,0,0
target,4136,6,10376293541462153216,33554432,69,0,1,0,0,0
target,4137,6,10376293541462153216,67108864,77,0,1,0,0,0
target,4138,6,10376293541462153216,134217728,83,0,1,0,0,0
target,4139,6,10376293541462153216,268435456,82,0,1,0,0,0
target,4140,6,10376293541462159360,4,81,0,1,0,0,0
target,4141,6,10376293541462159360,8,73,0,1,0,0,0
target,4142,6,10376293541462159360,16,79,0,1,0,0,0
target,4143,6,10376293541462159360,64,71,0,1,0,0,0
target,4144,6,10376293541462159360,8192,82,0,1,0,0,0
target,4145,6,10376293541462159360,16384,76,0,1,0,0,0
target,4146,6,10376293541462159360,32768,72,0,1,0,0,0
target,4147,6,10376293541462159360,65536,77,0,1,0,0,0
target,4148,6,10376293541462159360,16777216,82,0,1,0,0,0
target,4149,6,10376293541462159360,134217728,81,0,1,0,0,0
target,4150,6,10376293541462159360,268435456,81,0,1,0,0,0
target,4151,6,10376293541462167552,4,83,0,1,0,0,0
target,4152,6,10376293541462167552,8,77,0,1,0,0,0
target,4153,6,10376293541462167552,16,85,0,1,0,0,0
target,4154,6,10376293541462167552,32,70,0,1,0,0,0
target,4155,6,10376293541462167552,64,74,0,1,0,0,0
target,4156,6,10376293541462167552,8192,86,0,1,0,0,0
target,4157,6,10376293541462167552,32768,73,0,1,0,0,0
target,4158,6,10376293541462167552,16777216,87,0,1,0,0,0
target,4159,6,10376293541462167552,33554432,77,0,1,0,0,0
target,4160,6,10376293541462167552,67108864,80,0,1,0,0,0
target,4161,6,10376293541462167552,134217728,79,0,1,0,0,0
target,4162,6,10376293541462167552,268435456,80,0,1,0,0,0
target,4163,6,10376293541462183936,4,73,0,1,0,0,0
target,4164,6,10376293541462183936,16,74,0,1,0,0,0
target,4165,6,10376293541462183936,32,64,0,1,0,0,0
target,4166,6,10376293541462183936,8192,76,0,1,0,0,0
target,4167,6,10376293541462183936,16384,71,0,1,0,0,0
target,4168,6,10376293541462183936,32768,60,0,1,0,0,0
target,4169,6,10376293541462183936,65536,71,0,1,0,0,0
target,4170,6,10376293541462183936,16777216,77,0,1,0,0,0
target,4171,6,10376293541462183936,33554432,71,0,1,0,0,0
target,4172,6,10376293541462183936,67108864,69,0,1,0,0,0
target,4173,6,10376293541462183936,134217728,76,0,1,0,0,0
target,4174,6,10376293541462183936,268435456,65,0,1,0,0,0
target,4175,6,10376293541462282240,4,75,0,1,0,0,0
target,4176,6,10376293541462282240,8,64,0,1,0,0,0
target,4177,6,10376293541462282240,16,78,0,1,0,0,0
target,4178,6,10376293541462282240,32,68,0,1,0,0,0
target,4179,6,10376293541462282240,64,67,0,1,0,0,0
target,4180,6,10376293541462282240,8192,71,0,1,0,0,0
target,4181,6,10376293541462282240,16384,74,0,1,0,0,0
target,4182,6,10376293541462282240,32768,72,0,1,0,0,0
target,4183,6,10376293541462282240,65536,66,0,1,0,0,0
target,4184,6,10376293541462282240,16777216,77,0,1,0,0,0
target,4185,6,10376293541462282240,33554432,70,0,1,0,0,0
target,4186,6,10376293541462282240,67108864,69,0,1,0,0,0
target,4187,6,10376293541462282240,134217728,78,0,1,0,0,0
target,4188,6,10376293541462282240,268435456,76,0,1,0,0,0
target,4189,6,10376293541462413312,4,82,0,1,0,0,0
target,4190,6,10376293541462413312,8,78,0,1,0,0,0
target,4191,6,10376293541462413312,16,80,0,1,0,0,0
target,4192,6,10376293541462413312,32,74,0,1,0,0,0
target,4193,6,10376293541462413312,64,74,0,1,0,0,0
target,4194,6,10376293541462413312,8192,83,0,1,0,0,0
target,4195,6,10376293541462413312,16384,78,0,1,0,0,0
target,4196,6,10376293541462413312,32768,77,0,1,0,0,0
target,4197,6,10376293541462413312,65536,82,0,1,0,0,0
target,4198,6,10376293541462413312,16777216,77,0,1,0,0,0
target,4199,6,10376293541462413312,33554432,76,0,1,0,0,0
target,4200,6,10376293541462413312,67108864,79,0,1,0,0,0
target,4201,6,10376293541462413312,134217728,85,0,1,0,0,0
target,4202,6,10376293541462413312,268435456,85,0,1,0,0,0
target,4203,6,10376293541462671360,9143582720,71,0,1,0,0,0
target,4204,6,10376293541462671360,43486543872,83,0,1,0,0,0
target,4205,6,10376293541462675456,570425344,85,0,1,0,0,0
target,4206,6,10376293541463199744,4,77,0,1,0,0,0
target,4207,6,10376293541463199744,8,72,0,1,0,0,0
target,4208,6,10376293541463199744,16,79,0,1,0,0,0
target,4209,6,10376293541463199744,32,71,0,1,0,0,0
target,4210,6,10376293541463199744,64,61,0,1,0,0,0
target,4211,6,10376293541463199744,8192,80,0,1,0,0,0
target,4212,6,10376293541463199744,16384,72,0,1,0,0,0
target,4213,6,10376293541463199744,32768,69,0,1,0,0,0
target,4214,6,10376293541463199744,65536,68,0,1,0,0,0
target,4215,6,10376293541463199744,16777216,81,0,1,0,0,0
target,4216,6,10376293541463199744,33554432,78,0,1,0,0,0
target,4217,6,10376293541463199744,67108864,60,0,1,0,0,0
target,4218,6,10376293541463199744,134217728,77,0,1,0,0,0
target,4219,6,10376293541463199744,268435456,80,0,1,0,0,0
target,4220,6,10376293541463199744,34359738368,70,0,1,0,0,0
target,4221,6,10376293541463199744,68719476736,69,0,1,0,0,0
target,4222,6,10376293541463719937,8864812498944,96,0,1,0,0,0
target,4223,6,10376293541463719938,8864812498944,84,0,1,0,0,0
target,4224,6,10376293541463721984,8864812498944,82,0,1,0,0,0
target,4225,6,10376293541463724032,570425344,81,0,1,0,0,0
target,4226,6,10376293541463724032,8864812498944,90,0,1,0,0,0
target,4227,6,10376293541464248320,4,74,0,1,0,0,0
target,4228,6,10376293541464248320,8,76,0,1,0,0,0
target,4229,6,10376293541464248320,16,84,0,1,0,0,0
target,4230,6,10376293541464248320,32,74,0,1,0,0,0
target,4231,6,10376293541464248320,64,75,0,1,0,0,0
target,4232,6,10376293541464248320,8192,86,0,1,0,0,0
target,4233,6,10376293541464248320,16384,80,0,1,0,0,0
target,4234,6,10376293541464248320,32768,75,0,1,0,0,0
target,4235,6,10376293541464248320,65536,81,0,1,0,0,0
target,4236,6,10376293541464248320,16777216,87,0,1,0,0,0
target,4237,6,10376293541464248320,33554432,70,0,1,0,0,0
target,4238,6,10376293541464248320,67108864,79,0,1,0,0,0
target,4239,6,10376293541464248320,134217728,80,0,1,0,0,0
target,4240,6,10376293541464248320,268435456,85,0,1,0,0,0
target,4241,6,10376293541464248320,34359738368,78,0,1,0,0,0
target,4242,6,10376293541464248320,68719476736,83,0,1,0,0,0
target,4243,6,10376293541465818112,8864812498944,85,0,1,0,0,0
target,4244,6,10376293541466345472,4,76,0,1,0,0,0
target,4245,6,10376293541466345472,16,83,0,1,0,0,0
target,4246,6,10376293541466345472,32,73,0,1,0,0,0
target,4247,6,10376293541466345472,8192,76,0,1,0,0,0
target,4248,6,10376293541466345472,16384,76,0,1,0,0,0
target,4249,6,10376293541466345472,32768,75,0,1,0,0,0
target,4250,6,10376293541466345472,65536,79,0,1,0,0,0
target,4251,6,10376293541466345472,16777216,77,0,1,0,0,0
target,4252,6,10376293541466345472,33554432,73,0,1,0,0,0
target,4253,6,10376293541466345472,67108864,76,0,1,0,0,0
target,4254,6,10376293541466345472,134217728,84,0,1,0,0,0
target,4255,6,10376293541466345472,268435456,81,0,1,0,0,0
target,4256,6,10376293541478928384,4,82,0,1,0,0,0
target,4257,6,10376293541478928384,8,80,0,1,0,0,0
target,4258,6,10376293541478928384,16,81,0,1,0,0,0
target,4259,6,10376293541478928384,32,77,0,1,0,0,0
target,4260,6,10376293541478928384,64,74,0,1,0,0,0
target,4261,6,10376293541478928384,8192,89,0,1,0,0,0
target,4262,6,10376293541478928384,16384,81,0,1,0,0,0
target,4263,6,10376293541478928384,32768,67,0,1,0,0,0
target,4264,6,10376293541478928384,65536,79,0,1,0,0,0
target,4265,6,10376293541478928384,16777216,90,0,1,0,0,0
target,4266,6,10376293541478928384,33554432,85,0,1,0,0,0
target,4267,6,10376293541478928384,67108864,81,0,1,0,0,0
target,4268,6,10376293541478928384,134217728,85,0,1,0,0,0
target,4269,6,10376293541478928384,268435456,82,0,1,0,0,0
target,4270,6,10376293541495705600,4,91,0,1,0,0,0
target,4271,6,10376293541495705600,8,83,0,1,0,0,0
target,4272,6,10376293541495705600,16,92,0,1,0,0,0
target,4273,6,10376293541495705600,32,75,0,1,0,0,0
target,4274,6,10376293541495705600,64,78,0,1,0,0,0
target,4275,6,10376293541495705600,8192,88,0,1,0,0,0
target,4276,6,10376293541495705600,16384,86,0,1,0,0,0
target,4277,6,10376293541495705600,32768,78,0,1,0,0,0
target,4278,6,10376293541495705600,65536,77,0,1,0,0,0
target,4279,6,10376293541495705600,16777216,90,0,1,0,0,0
target,4280,6,10376293541495705600,33554432,84,0,1,0,0,0
target,4281,6,10376293541495705600,67108864,86,0,1,0,0,0
target,4282,6,10376293541495705600,134217728,91,0,1,0,0,0
target,4283,6,10376293541495705600,268435456,93,0,1,0,0,0
target,4284,6,10376293541529260032,4,87,0,1,0,0,0
target,4285,6,10376293541529260032,8,79,0,1,0,0,0
target,4286,6,10376293541529260032,16,86,0,1,0,0,0
target,4287,6,10376293541529260032,32,81,0,1,0,0,0
target,4288,6,10376293541529260032,64,74,0,1,0,0,0
target,4289,6,10376293541529260032,8192,92,0,1,0,0,0
target,4290,6,10376293541529260032,16384,83,0,1,0,0,0
target,4291,6,10376293541529260032,32768,80,0,1,0,0,0
target,4292,6,10376293541529260032,65536,85,0,1,0,0,0
target,4293,6,10376293541529260032,16777216,92,0,1,0,0,0
target,4294,6,10376293541529260032,134217728,92,0,1,0,0,0
target,4295,6,10376293541529260032,268435456,84,0,1,0,0,0
target,4296,6,10376293541596368896,4,81,0,1,0,0,0
target,4297,6,10376293541596368896,16,83,0,1,0,0,0
target,4298,6,10376293541596368896,32,72,0,1,0,0,0
target,4299,6,10376293541596368896,8192,79,0,1,0,0,0
target,4300,6,10376293541596368896,16384,78,0,1,0,0,0
target,4301,6,10376293541596368896,32768,76,0,1,0,0,0
target,4302,6,10376293541596368896,65536,78,0,1,0,0,0
target,4303,6,10376293541596368896,16777216,86,0,1,0,0,0
target,4304,6,10376293541596368896,33554432,79,0,1,0,0,0
target,4305,6,10376293541596368896,67108864,76,0,1,0,0,0
target,4306,6,10376293541596368896,134217728,83,0,1,0,0,0
target,4307,6,10376293541596368896,268435456,84,0,1,0,0,0
target,4308,6,10376293541604230144,68719476736,79,0,1,0,0,0
target,4309,6,10376293541605277696,68719476736,70,0,1,0,0,0
target,4310,6,10376293541730586624,4,75,0,1,0,0,0
target,4311,6,10376293541730586624,8,76,0,1,0,0,0
target,4312,6,10376293541730586624,16,78,0,1,0,0,0
target,4313,6,10376293541730586624,32,70,0,1,0,0,0
target,4314,6,10376293541730586624,64,75,0,1,0,0,0
target,4315,6,10376293541730586624,8192,85,0,1,0,0,0
target,4316,6,10376293541730586624,16384,73,0,1,0,0,0
target,4317,6,10376293541730586624,32768,76,0,1,0,0,0
target,4318,6,10376293541730586624,65536,78,0,1,0,0,0
target,4319,6,10376293541730586624,16777216,83,0,1,0,0,0
target,4320,6,10376293541730586624,33554432,81,0,1,0,0,0
target,4321,6,10376293541730586624,67108864,78,0,1,0,0,0
target,4322,6,10376293541730586624,134217728,84,0,1,0,0,0
target,4323,6,10376293541730586624,268435456,84,0,1,0,0,0
target,4324,6,10376293541999022080,4,89,0,1,0,0,0
target,4325,6,10376293541999022080,8,84,0,1,0,0,0
target,4326,6,10376293541999022080,16,93,0,1,0,0,0
target,4327,6,10376293541999022080,32,74,0,1,0,0,0
target,4328,6,10376293541999022080,64,82,0,1,0,0,0
target,4329,6,10376293541999022080,8192,89,0,1,0,0,0
target,4330,6,10376293541999022080,16384,87,0,1,0,0,0
target,4331,6,10376293541999022080,32768,75,0,1,0,0,0
target,4332,6,10376293541999022080,65536,88,0,1,0,0,0
target,4333,6,10376293541999022080,16777216,95,0,1,0,0,0
target,4334,6,10376293541999022080,33554432,77,0,1,0,0,0
target,4335,6,10376293541999022080,67108864,87,0,1,0,0,0
target,4336,6,10376293541999022080,134217728,94,0,1,0,0,0
target,4337,6,10376293542535368704,570425344,86,0,1,0,0,0
target,4338,6,10376293543609110528,570425344,90,0,1,0,0,0
target,4339,6,10376293543609634816,4,82,0,1,0,0,0
target,4340,6,10376293543609634816,8,74,0,1,0,0,0
target,4341,6,10376293543609634816,16,81,0,1,0,0,0
target,4342,6,10376293543609634816,32,71,0,1,0,0,0
target,4343,6,10376293543609634816,64,79,0,1,0,0,0
target,4344,6,10376293543609634816,8192,84,0,1,0,0,0
target,4345,6,10376293543609634816,16384,77,0,1,0,0,0
target,4346,6,10376293543609634816,32768,70,0,1,0,0,0
target,4347,6,10376293543609634816,65536,81,0,1,0,0,0
target,4348,6,10376293543609634816,16777216,85,0,1,0,0,0
target,4349,6,10376293543609634816,33554432,74,0,1,0,0,0
target,4350,6,10376293543609634816,67108864,77,0,1,0,0,0
target,4351,6,10376293543609634816,134217728,75,0,1,0,0,0
target,4352,6,10376293543609634816,268435456,83,0,1,0,0,0
target,4353,6,10376293543609634816,68719476736,82,0,1,0,0,0
target,4354,6,10376293545756590081,8864812498944,94,0,1,0,0,0
target,4355,6,10376293545756590082,8864812498944,85,0,1,0,0,0
target,4356,6,10376293545756594176,570425344,94,0,1,0,0,0
target,4357,6,10376293545757118464,4,95,0,1,0,0,0
target,4358,6,10376293545757118464,8,88,0,1,0,0,0
target,4359,6,10376293545757118464,16,97,0,1,0,0,0
target,4360,6,10376293545757118464,32,83,0,1,0,0,0
target,4361,6,10376293545757118464,64,87,0,1,0,0,0
target,4362,6,10376293545757118464,8192,98,0,1,0,0,0
target,4363,6,10376293545757118464,16384,91,0,1,0,0,0
target,4364,6,10376293545757118464,32768,87,0,1,0,0,0
target,4365,6,10376293545757118464,65536,93,0,1,0,0,0
target,4366,6,10376293545757118464,16777216,99,0,1,0,0,0
target,4367,6,10376293545757118464,33554432,91,0,1,0,0,0
target,4368,6,10376293545757118464,67108864,90,0,1,0,0,0
target,4369,6,10376293545757118464,134217728,98,0,1,0,0,0
target,4370,6,10376293545757118464,268435456,91,0,1,0,0,0
target,4371,6,10376293545757118464,34359738368,90,0,1,0,0,0
target,4372,6,10376293545757118464,68719476736,92,0,1,0,0,0
target,4373,6,10376293550051558400,8864812498944,84,0,1,0,0,0
target,4374,6,10376293550052085760,4,79,0,1,0,0,0
target,4375,6,10376293550052085760,8,79,0,1,0,0,0
target,4376,6,10376293550052085760,16,93,0,1,0,0,0
target,4377,6,10376293550052085760,64,83,0,1,0,0,0
target,4378,6,10376293550052085760,8192,90,0,1,0,0,0
target,4379,6,10376293550052085760,32768,86,0,1,0,0,0
target,4380,6,10376293550052085760,65536,83,0,1,0,0,0
target,4381,6,10376293550052085760,16777216,91,0,1,0,0,0
target,4382,6,10376293550052085760,33554432,79,0,1,0,0,0
target,4383,6,10376293550052085760,67108864,87,0,1,0,0,0
target,4384,6,10376293550052085760,134217728,90,0,1,0,0,0
target,4385,6,10376293550052085760,268435456,93,0,1,0,0,0
target,4386,6,10376293558642020352,4,92,0,1,0,0,0
target,4387,6,10376293558642020352,8,78,0,1,0,0,0
target,4388,6,10376293558642020352,16,87,0,1,0,0,0
target,4389,6,10376293558642020352,32,85,0,1,0,0,0
target,4390,6,10376293558642020352,8192,95,0,1,0,0,0
target,4391,6,10376293558642020352,16384,83,0,1,0,0,0
target,4392,6,10376293558642020352,32768,84,0,1,0,0,0
target,4393,6,10376293558642020352,65536,88,0,1,0,0,0
target,4394,6,10376293558642020352,16777216,96,0,1,0,0,0
target,4395,6,10376293558642020352,33554432,77,0,1,0,0,0
target,4396,6,10376293558642020352,67108864,87,0,1,0,0,0
target,4397,6,10376293558642020352,134217728,95,0,1,0,0,0
target,4398,6,10376293558642020352,268435456,94,0,1,0,0,0
target,4399,6,10376293610181627904,4,81,0,1,0,0,0
target,4400,6,10376293610181627904,8,77,0,1,0,0,0
target,4401,6,10376293610181627904,16,85,0,1,0,0,0
target,4402,6,10376293610181627904,32,74,0,1,0,0,0
target,4403,6,10376293610181627904,64,72,0,1,0,0,0
target,4404,6,10376293610181627904,8192,85,0,1,0,0,0
target,4405,6,10376293610181627904,16384,79,0,1,0,0,0
target,4406,6,10376293610181627904,32768,77,0,1,0,0,0
target,4407,6,10376293610181627904,65536,80,0,1,0,0,0
target,4408,6,10376293610181627904,16777216,87,0,1,0,0,0
target,4409,6,10376293610181627904,33554432,78,0,1,0,0,0
target,4410,6,10376293610181627904,67108864,77,0,1,0,0,0
target,4411,6,10376293610181627904,134217728,79,0,1,0,0,0
target,4412,6,10376293610181627904,268435456,84,0,1,0,0,0
target,4413,6,10376293816340058112,4,90,0,1,0,0,0
target,4414,6,10376293816340058112,8,84,0,1,0,0,0
target,4415,6,10376293816340058112,16,86,0,1,0,0,0
target,4416,6,10376293816340058112,32,77,0,1,0,0,0
target,4417,6,10376293816340058112,64,79,0,1,0,0,0
target,4418,6,10376293816340058112,8192,93,0,1,0,0,0
target,4419,6,10376293816340058112,32768,81,0,1,0,0,0
target,4420,6,10376293816340058112,16777216,92,0,1,0,0,0
target,4421,6,10376293816340058112,33554432,86,0,1,0,0,0
target,4422,6,10376293816340058112,67108864,83,0,1,0,0,0
target,4423,6,10376293816340058112,134217728,93,0,1,0,0,0
target,4424,6,10376293816340058112,268435456,90,0,1,0,0,0
target,4425,6,10376294091217965056,4,84,0,1,0,0,0
target,4426,6,10376294091217965056,8,78,0,1,0,0,0
target,4427,6,10376294091217965056,16,82,0,1,0,0,0
target,4428,6,10376294091217965056,32,68,0,1,0,0,0
target,4429,6,10376294091217965056,64,76,0,1,0,0,0
target,4430,6,10376294091217965056,8192,88,0,1,0,0,0
target,4431,6,10376294091217965056,16384,80,0,1,0,0,0
target,4432,6,10376294091217965056,32768,67,0,1,0,0,0
target,4433,6,10376294091217965056,65536,82,0,1,0,0,0
target,4434,6,10376294091217965056,16777216,89,0,1,0,0,0
target,4435,6,10376294091217965056,33554432,75,0,1,0,0,0
target,4436,6,10376294091217965056,67108864,81,0,1,0,0,0
target,4437,6,10376294091217965056,134217728,88,0,1,0,0,0
target,4438,6,10376294091217965056,268435456,84,0,1,0,0,0
target,4439,6,10376294640973778944,4,80,0,1,0,0,0
target,4440,6,10376294640973778944,8,64,0,1,0,0,0
target,4441,6,10376294640973778944,16,81,0,1,0,0,0
target,4442,6,10376294640973778944,64,63,0,1,0,0,0
target,4443,6,10376294640973778944,8192,83,0,1,0,0,0
target,4444,6,10376294640973778944,16384,76,0,1,0,0,0
target,4445,6,10376294640973778944,32768,72,0,1,0,0,0
target,4446,6,10376294640973778944,65536,63,0,1,0,0,0
target,4447,6,10376294640973778944,16777216,84,0,1,0,0,0
target,4448,6,10376294640973778944,33554432,80,0,1,0,0,0
target,4449,6,10376294640973778944,67108864,63,0,1,0,0,0
target,4450,6,10376294640973778944,134217728,82,0,1,0,0,0
target,4451,6,10376294640973778944,268435456,80,0,1,0,0,0
target,4452,6,10376295740484882432,570425344,86,0,1,0,0,0
target,4453,6,10376295740485406720,4,85,0,1,0,0,0
target,4454,6,10376295740485406720,8,81,0,1,0,0,0
target,4455,6,10376295740485406720,16,86,0,1,0,0,0
target,4456,6,10376295740485406720,32,76,0,1,0,0,0
target,4457,6,10376295740485406720,64,77,0,1,0,0,0
target,4458,6,10376295740485406720,8192,86,0,1,0,0,0
target,4459,6,10376295740485406720,32768,79,0,1,0,0,0
target,4460,6,10376295740485406720,65536,85,0,1,0,0,0
target,4461,6,10376295740485406720,16777216,89,0,1,0,0,0
target,4462,6,10376295740485406720,33554432,84,0,1,0,0,0
target,4463,6,10376295740485406720,67108864,81,0,1,0,0,0
target,4464,6,10376295740485406720,134217728,83,0,1,0,0,0
target,4465,6,10376295740485406720,268435456,87,0,1,0,0,0
target,4466,6,10376297939508137984,570425344,94,0,1,0,0,0
target,4467,6,10376302337554644993,8864812498944,87,0,1,0,0,0
target,4468,6,10376302337554649088,570425344,84,0,1,0,0,0
target,4469,6,10376302337555173376,4,89,0,1,0,0,0
target,4470,6,10376302337555173376,8,80,0,1,0,0,0
target,4471,6,10376302337555173376,16,89,0,1,0,0,0
target,4472,6,10376302337555173376,32,80,0,1,0,0,0
target,4473,6,10376302337555173376,64,81,0,1,0,0,0
target,4474,6,10376302337555173376,8192,91,0,1,0,0,0
target,4475,6,10376302337555173376,16384,83,0,1,0,0,0
target,4476,6,10376302337555173376,32768,77,0,1,0,0,0
target,4477,6,10376302337555173376,65536,85,0,1,0,0,0
target,4478,6,10376302337555173376,16777216,92,0,1,0,0,0
target,4479,6,10376302337555173376,33554432,80,0,1,0,0,0
target,4480,6,10376302337555173376,67108864,84,0,1,0,0,0
target,4481,6,10376302337555173376,134217728,91,0,1,0,0,0
target,4482,6,10376302337555173376,268435456,89,0,1,0,0,0
target,4483,6,10376302337555173376,34359738368,81,0,1,0,0,0
target,4484,6,10376302337555173376,68719476736,87,0,1,0,0,0
target,4485,6,10376311133647668224,8864812498944,83,0,1,0,0,0
target,4486,6,10376311133648195584,4,91,0,1,0,0,0
target,4487,6,10376311133648195584,8,80,0,1,0,0,0
target,4488,6,10376311133648195584,32,84,0,1,0,0,0
target,4489,6,10376311133648195584,64,85,0,1,0,0,0
target,4490,6,10376311133648195584,8192,92,0,1,0,0,0
target,4491,6,10376311133648195584,16384,83,0,1,0,0,0
target,4492,6,10376311133648195584,32768,82,0,1,0,0,0
target,4493,6,10376311133648195584,65536,79,0,1,0,0,0
target,4494,6,10376311133648195584,16777216,96,0,1,0,0,0
target,4495,6,10376311133648195584,33554432,87,0,1,0,0,0
target,4496,6,10376311133648195584,67108864,77,0,1,0,0,0
target,4497,6,10376311133648195584,134217728,96,0,1,0,0,0
target,4498,6,10376311133648195584,268435456,91,0,1,0,0,0
target,4499,6,10376328725834240000,4,85,0,1,0,0,0
target,4500,6,10376328725834240000,8,76,0,1,0,0,0
target,4501,6,10376328725834240000,16,86,0,1,0,0,0
target,4502,6,10376328725834240000,64,78,0,1,0,0,0
target,4503,6,10376328725834240000,8192,90,0,1,0,0,0
target,4504,6,10376328725834240000,16384,75,0,1,0,0,0
target,4505,6,10376328725834240000,32768,78,0,1,0,0,0
target,4506,6,10376328725834240000,65536,82,0,1,0,0,0
target,4507,6,10376328725834240000,16777216,86,0,1,0,0,0
target,4508,6,10376328725834240000,33554432,78,0,1,0,0,0
target,4509,6,10376328725834240000,67108864,82,0,1,0,0,0
target,4510,6,10376328725834240000,134217728,90,0,1,0,0,0
target,4511,6,10376328725834240000,268435456,85,0,1,0,0,0
target,4512,6,10376575016438861824,4,80,0,1,0,0,0
target,4513,6,10376575016438861824,8,73,0,1,0,0,0
target,4514,6,10376575016438861824,16,75,0,1,0,0,0
target,4515,6,10376575016438861824,32,72,0,1,0,0,0
target,4516,6,10376575016438861824,64,70,0,1,0,0,0
target,4517,6,10376575016438861824,8192,81,0,1,0,0,0
target,4518,6,10376575016438861824,16384,74,0,1,0,0,0
target,4519,6,10376575016438861824,32768,70,0,1,0,0,0
target,4520,6,10376575016438861824,65536,71,0,1,0,0,0
target,4521,6,10376575016438861824,16777216,74,0,1,0,0,0
target,4522,6,10376575016438861824,33554432,76,0,1,0,0,0
target,4523,6,10376575016438861824,67108864,76,0,1,0,0,0
target,4524,6,10376575016438861824,134217728,78,0,1,0,0,0
target,4525,6,10376575016438861824,268435456,78,0,1,0,0,0
target,4526,6,10376856491415572480,4,73,0,1,0,0,0
target,4527,6,10376856491415572480,8,63,0,1,0,0,0
target,4528,6,10376856491415572480,16,76,0,1,0,0,0
target,4529,6,10376856491415572480,32,63,0,1,0,0,0
target,4530,6,10376856491415572480,8192,76,0,1,0,0,0
target,4531,6,10376856491415572480,16384,70,0,1,0,0,0
target,4532,6,10376856491415572480,32768,57,0,1,0,0,0
target,4533,6,10376856491415572480,65536,68,0,1,0,0,0
target,4534,6,10376856491415572480,16777216,77,0,1,0,0,0
target,4535,6,10376856491415572480,134217728,75,0,1,0,0,0
target,4536,6,10376856491415572480,268435456,74,0,1,0,0,0
target,4537,6,10377419441368993792,4,83,0,1,0,0,0
target,4538,6,10377419441368993792,8,82,0,1,0,0,0
target,4539,6,10377419441368993792,16,87,0,1,0,0,0
target,4540,6,10377419441368993792,32,78,0,1,0,0,0
target,4541,6,10377419441368993792,64,69,0,1,0,0,0
target,4542,6,10377419441368993792,8192,88,0,1,0,0,0
target,4543,6,10377419441368993792,16384,81,0,1,0,0,0
target,4544,6,10377419441368993792,65536,74,0,1,0,0,0
target,4545,6,10377419441368993792,16777216,89,0,1,0,0,0
target,4546,6,10377419441368993792,33554432,80,0,1,0,0,0
target,4547,6,10377419441368993792,67108864,70,0,1,0,0,0
target,4548,6,10377419441368993792,134217728,87,0,1,0,0,0
target,4549,6,10377419441368993792,268435456,85,0,1,0,0,0
target,4550,6,10380797141089521664,4,79,0,1,0,0,0
target,4551,6,10380797141089521664,8,74,0,1,0,0,0
target,4552,6,10380797141089521664,16,83,0,1,0,0,0
target,4553,6,10380797141089521664,64,72,0,1,0,0,0
target,4554,6,10380797141089521664,8192,82,0,1,0,0,0
target,4555,6,10380797141089521664,16384,79,0,1,0,0,0
target,4556,6,10380797141089521664,32768,70,0,1,0,0,0
target,4557,6,10380797141089521664,65536,75,0,1,0,0,0
target,4558,6,10380797141089521664,16777216,83,0,1,0,0,0
target,4559,6,10380797141089521664,67108864,74,0,1,0,0,0
target,4560,6,10380797141089521664,134217728,82,0,1,0,0,0
target,4561,6,10380797141089521664,268435456,74,0,1,0,0,0
target,4562,6,10385300740716367872,570425344,78,0,1,0,0,0
target,4563,6,10385300740716892160,4,85,0,1,0,0,0
target,4564,6,10385300740716892160,8,81,0,1,0,0,0
target,4565,6,10385300740716892160,16,88,0,1,0,0,0
target,4566,6,10385300740716892160,32,72,0,1,0,0,0
target,4567,6,10385300740716892160,64,77,0,1,0,0,0
target,4568,6,10385300740716892160,8192,81,0,1,0,0,0
target,4569,6,10385300740716892160,16384,82,0,1,0,0,0
target,4570,6,10385300740716892160,32768,76,0,1,0,0,0
target,4571,6,10385300740716892160,65536,80,0,1,0,0,0
target,4572,6,10385300740716892160,16777216,89,0,1,0,0,0
target,4573,6,10385300740716892160,33554432,76,0,1,0,0,0
target,4574,6,10385300740716892160,67108864,81,0,1,0,0,0
target,4575,6,10385300740716892160,134217728,88,0,1,0,0,0
target,4576,6,10385300740716892160,268435456,87,0,1,0,0,0
target,4577,6,10385300740716892160,34359738368,80,0,1,0,0,0
target,4578,6,10385300740716892160,68719476736,85,0,1,0,0,0
target,4579,6,10394307939971104769,8864812498944,91,0,1,0,0,0
target,4580,6,10394307939971104770,8864812498944,84,0,1,0,0,0
target,4581,6,10412322338480587776,8864812498944,63,0,1,0,0,0
target,4582,6,10412322338481115136,4,68,0,1,0,0,0
target,4583,6,10412322338481115136,16,74,0,1,0,0,0
target,4584,6,10412322338481115136,32,67,0,1,0,0,0
target,4585,6,10412322338481115136,128,71,0,1,0,0,0
target,4586,6,10412322338481115136,8192,77,0,1,0,0,0
target,4587,6,10412322338481115136,65536,73,0,1,0,0,0
target,4588,6,10412322338481115136,16777216,76,0,1,0,0,0
target,4589,6,10412322338481115136,33554432,65,0,1,0,0,0
target,4590,6,10412322338481115136,67108864,66,0,1,0,0,0
target,4591,6,10412322338481115136,134217728,71,0,1,0,0,0
target,4592,6,10412322338481115136,268435456,78,0,1,0,0,0
target,4593,6,10412322338481115136,536870912,69,0,1,0,0,0
target,4594,6,10412322338481115137,0,64,0,1,0,0,0
target,4595,6,10412322338481115138,0,75,0,1,0,0,0
target,4596,6,10412322338481115140,0,73,0,1,0,0,0
target,4597,6,10412322338481115144,0,59,0,1,0,0,0
target,4598,6,10412322338481115152,0,77,0,1,0,0,0
target,4599,6,10412322338481115168,0,54,0,1,0,0,0
target,4600,6,10412322338481115200,0,73,0,1,0,0,0
target,4601,6,10412322338481115264,0,72,0,1,0,0,0
target,4602,6,10412322338481115392,0,68,0,1,0,0,0
target,4603,6,10412322338481115648,0,77,0,1,0,0,0
target,4604,6,10412322338481116160,0,72,0,1,0,0,0
target,4605,6,10412322338481123328,0,62,0,1,0,0,0
target,4606,6,10412322338481131520,0,76,0,1,0,0,0
target,4607,6,10412322338481246208,0,65,0,1,0,0,0
target,4608,6,10412322338482163712,0,71,0,1,0,0,0
target,4609,6,10412322338483212288,0,75,0,1,0,0,0
target,4610,6,10412322338497892352,0,65,0,1,0,0,0
target,4611,6,10412322338514669568,0,69,0,1,0,0,0
target,4612,6,10412322338548224000,0,76,0,1,0,0,0
target,4613,6,10412322338749550592,0,60,0,1,0,0,0
target,4614,6,10412322339017986048,0,79,0,1,0,0,0
target,4615,6,10412322340628598784,0,62,0,1,0,0,0
target,4616,6,10412322342776082432,0,82,0,1,0,0,0
target,4617,6,10412322355660984320,0,81,0,1,0,0,0
target,4618,6,10412322407200591872,0,65,0,1,0,0,0
target,4619,6,10412322613359022080,0,79,0,1,0,0,0
target,4620,6,10412322888236929024,0,65,0,1,0,0,0
target,4621,6,10412323437992742912,0,70,0,1,0,0,0
target,4622,6,10412324537504370688,0,71,0,1,0,0,0
target,4623,6,10412331134574137344,0,75,0,1,0,0,0
target,4624,6,10412339930667159552,0,68,0,1,0,0,0
target,4625,6,10412357522853203968,0,67,0,1,0,0,0
target,4626,6,10412603813457825792,0,62,0,1,0,0,0
target,4627,6,10412885288434536448,0,60,0,1,0,0,0
target,4628,6,10413448238387957760,0,75,0,1,0,0,0
target,4629,6,10416825938108485632,0,62,0,1,0,0,0
target,4630,6,10421329537735856128,0,75,0,1,0,0,0
target,4631,6,10520408729538007040,4,77,0,1,0,0,0
target,4632,6,10520408729538007040,8,66,0,1,0,0,0
target,4633,6,10520408729538007040,16,77,0,1,0,0,0
target,4634,6,10520408729538007040,128,71,0,1,0,0,0
target,4635,6,10520408729538007040,8192,78,0,1,0,0,0
target,4636,6,10520408729538007040,16384,74,0,1,0,0,0
target,4637,6,10520408729538007040,32768,73,0,1,0,0,0
target,4638,6,10520408729538007040,65536,73,0,1,0,0,0
target,4639,6,10520408729538007040,16777216,81,0,1,0,0,0
target,4640,6,10520408729538007040,33554432,73,0,1,0,0,0
target,4641,6,10520408729538007040,67108864,75,0,1,0,0,0
target,4642,6,10520408729538007040,134217728,80,0,1,0,0,0
target,4643,6,10520408729538007040,268435456,77,0,1,0,0,0
target,4644,6,10520408729538007040,536870912,75,0,1,0,0,0
target,4645,6,10520408729538007041,0,69,0,1,0,0,0
target,4646,6,10520408729538007042,0,74,0,1,0,0,0
target,4647,6,10520408729538007056,0,78,0,1,0,0,0
target,4648,6,10520408729538007104,0,74,0,1,0,0,0
target,4649,6,10520408729538007296,0,71,0,1,0,0,0
target,4650,6,10520408729538007552,0,77,0,1,0,0,0
target,4651,6,10520408729538008064,0,76,0,1,0,0,0
target,4652,6,10520408729538009088,0,72,0,1,0,0,0
target,4653,6,10520408729538023424,0,77,0,1,0,0,0
target,4654,6,10520408729538269184,0,78,0,1,0,0,0
target,4655,6,10520408729538535424,4,80,0,1,0,0,0
target,4656,6,10520408729538535424,8,73,0,1,0,0,0
target,4657,6,10520408729538535424,16,68,0,1,0,0,0
target,4658,6,10520408729538535424,64,63,0,1,0,0,0
target,4659,6,10520408729538535424,8192,73,0,1,0,0,0
target,4660,6,10520408729538535424,16384,79,0,1,0,0,0
target,4661,6,10520408729538535424,32768,67,0,1,0,0,0
target,4662,6,10520408729538535424,65536,65,0,1,0,0,0
target,4663,6,10520408729538535424,131072,69,0,1,0,0,0
target,4664,6,10520408729538535424,16777216,80,0,1,0,0,0
target,4665,6,10520408729538535424,33554432,77,0,1,0,0,0
target,4666,6,10520408729538535424,67108864,57,0,1,0,0,0
target,4667,6,10520408729538535424,134217728,78,0,1,0,0,0
target,4668,6,10520408729538535424,268435456,80,0,1,0,0,0
target,4669,6,10520408729538535424,34359738368,78,0,1,0,0,0
target,4670,6,10520408729538535424,68719476736,60,0,1,0,0,0
target,4671,6,10520408729538537472,0,70,0,1,0,0,0
target,4672,6,10520408729542201344,0,68,0,1,0,0,0
target,4673,6,10520408729542729728,0,82,0,1,0,0,0
target,4674,6,10520408729546924032,0,72,0,1,0,0,0
target,4675,6,10520408729554784256,0,71,0,1,0,0,0
target,4676,6,10520408729571561472,0,76,0,1,0,0,0
target,4677,6,10520408729572089856,0,78,0,1,0,0,0
target,4678,6,10520408729605115904,0,75,0,1,0,0,0
target,4679,6,10520408729605644288,0,71,0,1,0,0,0
target,4680,6,10520408729672224768,0,69,0,1,0,0,0
target,4681,6,10520408738127941632,0,78,0,1,0,0,0
target,4682,6,10520408738128470016,0,74,0,1,0,0,0
target,4683,6,10520408763898273792,0,71,0,1,0,0,0
target,4684,6,10520408798257483776,0,70,0,1,0,0,0
target,4685,6,10520408798258012160,0,68,0,1,0,0,0
target,4686,6,10520408866977488896,0,70,0,1,0,0,0
target,4687,6,10520409004415913984,0,79,0,1,0,0,0
target,4688,6,10520426321724051456,0,80,0,1,0,0,0
target,4689,6,10520443913910624256,0,74,0,1,0,0,0
target,4690,6,10520479098282713088,0,72,0,1,0,0,0
target,4691,6,10520690204514717696,0,65,0,1,0,0,0
target,4692,6,10664523917613862912,4,83,0,1,0,0,0
target,4693,6,10664523917613862912,8,76,0,1,0,0,0
target,4694,6,10664523917613862912,16,80,0,1,0,0,0
target,4695,6,10664523917613862912,32,69,0,1,0,0,0
target,4696,6,10664523917613862912,64,73,0,1,0,0,0
target,4697,6,10664523917613862912,8192,86,0,1,0,0,0
target,4698,6,10664523917613862912,16384,79,0,1,0,0,0
target,4699,6,10664523917613862912,32768,72,0,1,0,0,0
target,4700,6,10664523917613862912,65536,82,0,1,0,0,0
target,4701,6,10664523917613862912,16777216,85,0,1,0,0,0
target,4702,6,10664523917613862912,33554432,79,0,1,0,0,0
target,4703,6,10664523917613862912,67108864,67,0,1,0,0,0
target,4704,6,10664523917613862912,134217728,82,0,1,0,0,0
target,4705,6,10664523917613862912,268435456,85,0,1,0,0,0
target,4706,6,12682136550675845120,4,81,0,1,0,0,0
target,4707,6,12682136550675845120,8,76,0,1,0,0,0
target,4708,6,12682136550675845120,16,81,0,1,0,0,0
target,4709,6,12682136550675845120,32,68,0,1,0,0,0
target,4710,6,12682136550675845120,64,70,0,1,0,0,0
target,4711,6,12682136550675845120,8192,83,0,1,0,0,0
target,4712,6,12682136550675845120,16384,79,0,1,0,0,0
target,4713,6,12682136550675845120,32768,73,0,1,0,0,0
target,4714,6,12682136550675845120,65536,75,0,1,0,0,0
target,4715,6,12682136550675845120,16777216,83,0,1,0,0,0
target,4716,6,12682136550675845120,33554432,77,0,1,0,0,0
target,4717,6,12682136550675845120,67108864,73,0,1,0,0,0
target,4718,6,12682136550675845120,134217728,78,0,1,0,0,0
target,4719,6,12682136550675845120,268435456,81,0,1,0,0,0
target,4720,6,14987979559889539072,4,88,0,1,0,0,0
target,4721,6,14987979559889539072,8,83,0,1,0,0,0
target,4722,6,14987979559889539072,16,87,0,1,0,0,0
target,4723,6,14987979559889539072,32,80,0,1,0,0,0
target,4724,6,14987979559889539072,64,76,0,1,0,0,0
target,4725,6,14987979559889539072,8192,91,0,1,0,0,0
target,4726,6,14987979559889539072,16384,86,0,1,0,0,0
target,4727,6,14987979559889539072,32768,79,0,1,0,0,0
target,4728,6,14987979559889539072,65536,83,0,1,0,0,0
target,4729,6,14987979559889539072,16777216,92,0,1,0,0,0
target,4730,6,14987979559889539072,33554432,85,0,1,0,0,0
target,4731,6,14987979559889539072,67108864,80,0,1,0,0,0
target,4732,6,14987979559889539072,134217728,90,0,1,0,0,0
target,4733,6,14987979559889539072,268435456,80,0,1,0,0,0
