canonical_parent,top_T,top_TE,top_TO,top_raw,diff_E_at_O0,diff_O_at_E0,diff_E_at_O1,diff_O_at_E1,distinct_top_moves,orbit_size,E_at_top_T,E_at_top_TE,E_at_top_TO,E_at_top_raw,O_at_top_T,O_at_top_TE,O_at_top_TO,O_at_top_raw,pair_E_sum_top_T,pair_O_sum_top_T,pair_E_sum_top_TE,pair_O_sum_top_TE,pair_E_sum_top_TO,pair_O_sum_top_TO,pair_E_sum_top_raw,pair_O_sum_top_raw
"0,1,2,10",28,19,28,19,1,0,1,0,2,8,1,3,1,3,0,0,0,0,1,0,3,0,1,0,3,0
"0,1,2,16",52,24,52,24,1,0,1,0,2,8,2,6,2,6,0,0,0,0,2,0,6,0,2,0,6,0
"0,1,2,21",11,16,11,16,1,0,1,0,2,8,0,3,0,3,0,0,0,0,0,0,3,0,0,0,3,0
"0,1,2,26",36,27,36,27,1,0,1,0,2,8,2,7,2,7,0,0,0,0,2,0,7,0,2,0,7,0
"0,1,2,55",11,57,11,57,1,0,1,0,2,8,0,2,0,2,0,0,0,0,0,0,2,0,0,0,2,0
"0,1,2,60",11,57,11,57,1,0,1,0,2,8,0,3,0,3,0,0,0,0,0,0,3,0,0,0,3,0
"0,1,2,62",11,57,11,57,1,0,1,0,2,8,0,3,0,3,0,0,0,0,0,0,3,0,0,0,3,0
"0,1,3,18",36,28,36,28,1,0,1,0,2,8,1,5,1,5,0,0,0,0,1,0,5,0,1,0,5,0
"0,1,3,22",51,30,51,30,1,0,1,0,2,8,1,3,1,3,0,0,0,0,1,0,3,0,1,0,3,0
"0,1,3,25",30,30,30,8,0,0,1,1,2,8,3,3,3,5,0,0,0,2,3,0,3,0,3,0,5,2
"0,1,3,47",12,40,12,40,1,0,1,0,2,8,0,3,0,3,0,0,0,0,0,0,3,0,0,0,3,0
"0,1,3,50",24,51,24,51,1,0,1,0,2,8,0,4,0,4,0,0,0,0,0,0,4,0,0,0,4,0
"0,1,3,52",12,51,12,51,1,0,1,0,2,8,1,4,1,4,0,0,0,0,1,0,4,0,1,0,4,0
"0,1,4,10",60,28,60,28,1,0,1,0,2,8,2,5,2,5,0,0,0,0,2,0,5,0,2,0,5,0
"0,1,4,18",36,27,36,27,1,0,1,0,2,8,1,5,1,5,0,0,0,0,1,0,5,0,1,0,5,0
"0,1,4,21",13,28,13,28,1,0,1,0,2,8,1,3,1,3,0,0,0,0,1,0,3,0,1,0,3,0
"0,1,4,23",41,16,41,16,1,0,1,0,2,8,1,3,1,3,0,0,0,0,1,0,3,0,1,0,3,0
"0,1,5,28",40,14,40,14,1,0,1,0,2,8,1,4,1,4,0,0,0,0,1,0,4,0,1,0,4,0
"0,1,5,37",28,30,28,30,1,0,1,0,2,8,1,3,1,3,0,0,0,0,1,0,3,0,1,0,3,0
"0,1,5,42",40,45,40,45,1,0,1,0,2,8,1,3,1,3,0,0,0,0,1,0,3,0,1,0,3,0
"0,1,6,11",41,16,41,16,1,0,1,0,2,8,1,3,1,3,0,0,0,0,1,0,3,0,1,0,3,0
"0,1,6,58",52,57,52,57,1,0,1,0,2,8,1,3,1,3,0,0,0,0,1,0,3,0,1,0,3,0
"0,1,7,50",30,51,30,51,1,0,1,0,2,8,1,3,1,3,0,0,0,0,1,0,3,0,1,0,3,0
"0,1,8,10",28,11,28,11,1,0,1,0,2,8,1,5,1,5,1,0,1,0,1,1,5,0,1,1,5,0
"0,1,8,15",40,11,40,11,1,0,1,0,2,8,1,4,1,4,0,0,0,0,1,0,4,0,1,0,4,0
"0,1,10,19",2,11,2,2,1,0,0,1,2,8,1,5,1,1,2,0,2,2,1,2,5,0,1,2,1,2
"0,1,11,18",27,2,27,2,1,0,1,0,2,8,1,4,1,4,0,1,0,1,1,0,4,1,1,0,4,1
"0,1,11,60",2,4,2,4,1,0,1,0,2,8,0,3,0,3,0,0,0,0,0,0,3,0,0,0,3,0
"0,1,12,57",4,3,4,3,1,0,1,0,2,8,1,4,1,4,0,0,0,0,1,0,4,0,1,0,4,0
"0,1,13,37",28,5,28,5,1,0,1,0,2,8,0,4,0,4,0,0,0,0,0,0,4,0,0,0,4,0
"0,1,14,48",56,8,8,8,1,1,0,0,2,8,0,2,2,2,0,2,2,2,0,0,2,2,2,2,2,2
"0,1,15,57",25,7,25,7,1,0,1,0,2,8,3,5,3,5,0,0,0,0,3,0,5,0,3,0,5,0
"0,1,16,31",4,36,4,36,1,0,1,0,2,8,1,3,1,3,0,0,0,0,1,0,3,0,1,0,3,0
"0,1,17,24",28,41,28,41,1,0,1,0,2,8,0,4,0,4,1,1,1,1,0,1,4,1,0,1,4,1
"0,1,17,34",25,28,25,28,1,0,1,0,2,8,0,2,0,2,1,1,1,1,0,1,2,1,0,1,2,1
"0,1,18,19",28,36,28,36,1,0,1,0,2,8,2,4,2,4,1,1,1,1,2,1,4,1,2,1,4,1
"0,1,19,24",28,16,28,16,1,0,1,0,2,8,3,6,3,6,1,1,1,1,3,1,6,1,3,1,6,1
"0,1,19,43",25,11,25,11,1,0,1,0,2,8,0,3,0,3,1,1,1,1,0,1,3,1,0,1,3,1
"0,1,19,56",4,16,4,16,1,0,1,0,2,8,0,3,0,3,0,1,0,1,0,0,3,1,0,0,3,1
"0,1,20,28",3,4,3,4,1,0,1,0,2,8,1,3,1,3,1,1,1,1,1,1,3,1,1,1,3,1
"0,1,20,57",48,2,48,2,1,0,1,0,2,8,1,3,1,3,0,0,0,0,1,0,3,0,1,0,3,0
"0,1,21,37",12,5,12,5,1,0,1,0,2,8,0,2,0,2,0,0,0,0,0,0,2,0,0,0,2,0
"0,1,24,29",16,28,16,28,1,0,1,0,2,8,0,5,0,5,0,0,0,0,0,0,5,0,0,0,5,0
"0,1,24,33",41,16,41,16,1,0,1,0,2,8,1,4,1,4,0,0,0,0,1,0,4,0,1,0,4,0
"0,1,27,30",25,36,25,36,1,0,1,0,2,8,0,4,0,4,1,0,1,0,0,1,4,0,0,1,4,0
"0,1,28,55",6,27,6,27,1,0,1,0,2,8,1,4,1,4,0,0,0,0,1,0,4,0,1,0,4,0
"0,1,31,35",24,24,7,7,0,1,0,1,2,8,0,0,0,0,0,0,2,2,0,0,0,0,0,2,0,2
"0,1,33,56",3,24,3,24,1,0,1,0,2,8,1,4,1,4,0,1,0,1,1,0,4,1,1,0,4,1
"0,1,45,57",6,9,6,9,1,0,1,0,2,8,0,2,0,2,0,0,0,0,0,0,2,0,0,0,2,0
"0,1,45,63",7,51,7,51,1,0,1,0,2,8,0,2,0,2,0,0,0,0,0,0,2,0,0,0,2,0
"0,1,57,61",9,58,9,58,1,0,1,0,2,8,0,2,0,2,0,0,0,0,0,0,2,0,0,0,2,0
"0,2,3,50",58,22,58,22,1,0,1,0,2,8,1,3,1,3,0,0,0,0,1,0,3,0,1,0,3,0
"0,2,3,60",24,59,24,59,1,0,1,0,2,8,1,3,1,3,0,0,0,0,1,0,3,0,1,0,3,0
"0,2,3,61",16,58,16,58,1,0,1,0,2,8,1,4,1,4,0,0,0,0,1,0,4,0,1,0,4,0
"0,2,4,11",38,36,38,36,1,0,1,0,2,8,3,6,3,6,0,0,0,0,3,0,6,0,3,0,6,0
"0,2,4,16",24,48,24,48,1,0,1,0,2,8,2,6,2,6,0,0,0,0,2,0,6,0,2,0,6,0
"0,2,4,36",38,27,38,27,1,0,1,0,2,8,3,6,3,6,0,1,0,1,3,0,6,1,3,0,6,1
"0,2,4,37",13,32,13,32,1,0,1,0,2,8,1,3,1,3,0,0,0,0,1,0,3,0,1,0,3,0
"0,2,4,48",8,16,8,16,1,0,1,0,2,8,2,5,2,5,0,1,0,1,2,0,5,1,2,0,5,1
"0,2,5,11",45,51,45,51,1,0,1,0,2,8,0,3,0,3,0,0,0,0,0,0,3,0,0,0,3,0
"0,2,5,14",22,40,22,40,1,0,1,0,2,8,2,5,2,5,0,0,0,0,2,0,5,0,2,0,5,0
"0,2,5,22",14,16,14,16,1,0,1,0,2,8,2,6,2,6,0,0,0,0,2,0,6,0,2,0,6,0
"0,2,5,52",16,50,16,50,1,0,1,0,2,8,1,4,1,4,0,1,0,1,1,0,4,1,1,0,4,1
"0,2,6,39",15,32,15,32,1,0,1,0,2,8,1,3,1,3,0,0,0,0,1,0,3,0,1,0,3,0
"0,2,6,44",50,41,50,41,1,0,1,0,2,8,0,2,0,2,0,0,0,0,0,0,2,0,0,0,2,0
"0,2,7,38",52,30,52,30,1,0,1,0,2,8,1,3,1,3,1,1,1,1,1,1,3,1,1,1,3,1
"0,2,7,40",8,8,8,16,0,0,1,1,2,8,0,0,0,2,0,0,0,2,0,0,0,0,0,0,2,2
"0,2,7,49",35,42,35,42,1,0,1,0,2,8,0,2,0,2,0,0,0,0,0,0,2,0,0,0,2,0
"0,2,7,50",10,22,10,22,1,0,1,0,2,8,0,2,0,2,0,0,0,0,0,0,2,0,0,0,2,0
"0,2,11,28",29,20,29,20,1,0,1,0,2,8,0,3,0,3,0,0,0,0,0,0,3,0,0,0,3,0
"0,2,11,33",5,1,5,1,1,0,1,0,2,8,0,3,0,3,0,0,0,0,0,0,3,0,0,0,3,0
"0,2,11,54",1,47,1,47,1,0,1,0,2,8,0,2,0,2,0,0,0,0,0,0,2,0,0,0,2,0
"0,2,16,20",3,32,3,32,1,0,1,0,2,8,2,6,2,6,1,1,1,1,2,1,6,1,2,1,6,1
"0,2,17,24",42,3,42,3,1,0,1,0,2,8,0,2,0,2,1,1,1,1,0,1,2,1,0,1,2,1
"0,2,17,32",7,22,7,7,1,0,0,1,2,8,1,3,1,1,2,0,2,2,1,2,3,0,1,2,1,2
"0,2,17,40",5,47,5,47,1,0,1,0,2,8,0,2,0,2,1,1,1,1,0,1,2,1,0,1,2,1
"0,2,17,47",11,40,11,40,1,0,1,0,2,8,0,3,0,3,1,0,1,0,0,1,3,0,0,1,3,0
"0,2,18,34",4,36,4,36,1,0,1,0,2,8,0,4,0,4,1,2,1,2,0,1,4,2,0,1,4,2
"0,2,20,26",19,34,19,34,1,0,1,0,2,8,0,2,0,2,0,0,0,0,0,0,2,0,0,0,2,0
"0,2,22,60",50,50,4,4,0,1,0,1,2,8,0,0,0,0,0,0,2,2,0,0,0,0,0,2,0,2
"0,2,23,61",6,7,6,7,1,0,1,0,2,8,1,3,1,3,0,0,0,0,1,0,3,0,1,0,3,0
"0,2,24,38",3,3,32,32,0,1,0,1,2,8,0,0,0,0,0,0,2,2,0,0,0,0,0,2,0,2
"0,2,25,26",36,7,36,7,1,0,1,0,2,8,1,3,1,3,1,1,1,1,1,1,3,1,1,1,3,1
"0,2,26,29",34,36,34,36,1,0,1,0,2,8,0,2,0,2,0,0,0,0,0,0,2,0,0,0,2,0
"0,2,26,41",27,50,50,50,1,1,0,0,2,8,0,2,2,2,0,2,2,2,0,0,2,2,2,2,2,2
"0,2,26,42",3,3,7,7,0,1,0,1,2,8,1,1,1,1,0,0,2,2,1,0,1,0,1,2,1,2
"0,2,26,50",22,27,22,27,1,0,1,0,2,8,0,5,0,5,0,0,0,0,0,0,5,0,0,0,5,0
"0,2,27,50",22,26,22,26,1,0,1,0,2,8,1,4,1,4,0,1,0,1,1,0,4,1,1,0,4,1
"0,2,27,54",20,50,20,50,1,0,1,0,2,8,2,5,2,5,0,0,0,0,2,0,5,0,2,0,5,0
"0,2,29,37",34,5,34,5,1,0,1,0,2,8,0,2,0,2,0,0,0,0,0,0,2,0,0,0,2,0
"0,2,29,41",1,6,1,6,1,0,1,0,2,8,0,2,0,2,0,0,0,0,0,0,2,0,0,0,2,0
"0,2,30,36",29,3,29,3,1,0,1,0,2,8,1,4,1,4,0,0,0,0,1,0,4,0,1,0,4,0
"0,2,30,40",58,58,48,48,0,1,0,1,2,8,1,1,1,1,0,0,2,2,1,0,1,0,1,2,1,2
"0,2,31,42",34,5,34,5,1,0,1,0,2,8,0,3,0,3,0,0,0,0,0,0,3,0,0,0,3,0
"0,2,32,36",6,16,6,16,1,0,1,0,2,8,2,7,2,7,0,1,0,1,2,0,7,1,2,0,7,1
"0,2,32,45",40,5,40,5,1,0,1,0,2,8,0,2,0,2,0,0,0,0,0,0,2,0,0,0,2,0
"0,2,36,54",7,6,7,6,1,0,1,0,2,8,0,4,0,4,0,0,0,0,0,0,4,0,0,0,4,0
"0,2,38,49",4,7,4,7,1,0,1,0,2,8,0,2,0,2,0,0,0,0,0,0,2,0,0,0,2,0
"0,2,39,51",3,5,3,5,1,0,1,0,2,8,1,3,1,3,1,1,1,1,1,1,3,1,1,1,3,1
"0,2,40,61",3,56,3,56,1,0,1,0,2,8,1,3,1,3,0,0,0,0,1,0,3,0,1,0,3,0
"0,2,48,49",8,3,8,3,1,0,1,0,2,8,0,3,0,3,0,0,0,0,0,0,3,0,0,0,3,0
"0,2,50,54",5,27,5,27,1,0,1,0,2,8,1,4,1,4,1,1,1,1,1,1,4,1,1,1,4,1
"0,2,52,53",38,38,48,48,0,1,0,1,2,8,0,0,0,0,0,0,2,2,0,0,0,0,0,2,0,2
"0,2,52,54",47,47,47,50,0,0,1,1,2,8,0,0,0,2,1,1,1,3,0,1,0,1,0,1,2,3
"0,2,58,63",18,18,3,3,0,1,0,1,2,8,1,1,1,1,0,0,2,2,1,0,1,0,1,2,1,2
"0,3,4,12",60,9,60,9,1,0,1,0,2,8,1,4,1,4,0,0,0,0,1,0,4,0,1,0,4,0
"0,3,4,19",59,27,59,27,1,0,1,0,2,8,0,3,0,3,0,0,0,0,0,0,3,0,0,0,3,0
"0,3,4,49",43,21,43,21,1,0,1,0,2,8,0,4,0,4,0,0,0,0,0,0,4,0,0,0,4,0
"0,3,4,51",59,39,59,39,1,0,1,0,2,8,1,4,1,4,1,1,1,1,1,1,4,1,1,1,4,1
"0,3,5,10",33,50,33,50,1,0,1,0,2,8,1,3,1,3,0,0,0,0,1,0,3,0,1,0,3,0
"0,3,5,32",24,39,24,39,1,0,1,0,2,8,1,3,1,3,1,1,1,1,1,1,3,1,1,1,3,1
"0,3,5,42",33,45,33,45,1,0,1,0,2,8,1,4,1,4,0,0,0,0,1,0,4,0,1,0,4,0
"0,3,6,17",39,22,39,22,1,0,1,0,2,8,1,3,1,3,0,0,0,0,1,0,3,0,1,0,3,0
"0,3,6,23",39,16,39,16,1,0,1,0,2,8,1,3,1,3,0,0,0,0,1,0,3,0,1,0,3,0
"0,3,6,25",43,30,43,30,1,0,1,0,2,8,1,3,1,3,0,0,0,0,1,0,3,0,1,0,3,0
"0,3,6,37",10,34,10,34,1,0,1,0,2,8,1,5,1,5,0,0,0,0,1,0,5,0,1,0,5,0
"0,3,9,60",12,63,12,63,1,0,1,0,2,8,0,3,0,3,0,0,0,0,0,0,3,0,0,0,3,0
"0,3,10,45",5,18,5,18,1,0,1,0,2,8,0,3,0,3,1,1,1,1,0,1,3,1,0,1,3,1
"0,3,11,21",43,51,43,51,1,0,1,0,2,8,1,4,1,4,0,1,0,1,1,0,4,1,1,0,4,1
"0,3,11,22",51,43,51,43,1,0,1,0,2,8,0,3,0,3,0,0,0,0,0,0,3,0,0,0,3,0
"0,3,11,35",5,36,5,36,1,0,1,0,2,8,0,5,0,5,1,1,1,1,0,1,5,1,0,1,5,1
"0,3,12,17",33,39,33,39,1,0,1,0,2,8,1,4,1,4,0,1,0,1,1,0,4,1,1,0,4,1
"0,3,12,34",2,6,2,6,1,0,1,0,2,8,0,3,0,3,1,1,1,1,0,1,3,1,0,1,3,1
"0,3,13,18",43,45,43,45,1,0,1,0,2,8,2,7,2,7,0,0,0,0,2,0,7,0,2,0,7,0
"0,3,13,24",8,4,8,4,1,0,1,0,2,8,1,3,1,3,1,1,1,1,1,1,3,1,1,1,3,1
"0,3,13,57",4,48,4,48,1,0,1,0,2,8,0,4,0,4,0,0,0,0,0,0,4,0,0,0,4,0
"0,3,14,22",5,4,5,4,1,0,1,0,2,8,0,2,0,2,2,2,2,2,0,2,2,2,0,2,2,2
"0,3,14,37",31,32,31,32,1,0,1,0,2,8,0,3,0,3,0,0,0,0,0,0,3,0,0,0,3,0
"0,3,17,34",6,39,6,39,1,0,1,0,2,8,0,3,0,3,0,0,0,0,0,0,3,0,0,0,3,0
"0,3,17,41",22,27,22,27,1,0,1,0,2,8,0,2,0,2,1,1,1,1,0,1,2,1,0,1,2,1
"0,3,18,25",36,4,36,4,1,0,1,0,2,8,1,4,1,4,2,1,2,1,1,2,4,1,1,2,4,1
"0,3,18,43",4,27,4,27,1,0,1,0,2,8,1,4,1,4,0,0,0,0,1,0,4,0,1,0,4,0
"0,3,18,45",5,4,5,4,1,0,1,0,2,8,0,2,0,2,2,2,2,2,0,2,2,2,0,2,2,2
"0,3,19,20",43,27,43,27,1,0,1,0,2,8,1,3,1,3,0,0,0,0,1,0,3,0,1,0,3,0
"0,3,20,26",43,5,43,5,1,0,1,0,2,8,1,5,1,5,0,0,0,0,1,0,5,0,1,0,5,0
"0,3,21,40",5,16,5,16,1,0,1,0,2,8,1,6,1,6,0,1,0,1,1,0,6,1,1,0,6,1
"0,3,21,42",10,7,10,7,1,0,1,0,2,8,0,4,0,4,0,0,0,0,0,0,4,0,0,0,4,0
"0,3,21,61",18,5,18,5,1,0,1,0,2,8,0,3,0,3,0,0,0,0,0,0,3,0,0,0,3,0
"0,3,21,62",2,6,2,6,1,0,1,0,2,8,0,3,0,3,0,1,0,1,0,0,3,1,0,0,3,1
"0,3,23,35",5,5,7,7,0,1,0,1,2,8,1,1,1,1,0,0,2,2,1,0,1,0,1,2,1,2
"0,3,26,27",35,18,35,18,1,0,1,0,2,8,2,4,2,4,1,1,1,1,2,1,4,1,2,1,4,1
"0,3,26,32",39,9,39,9,1,0,1,0,2,8,0,3,0,3,0,0,0,0,0,0,3,0,0,0,3,0
"0,3,26,44",5,17,5,17,1,0,1,0,2,8,0,2,0,2,1,1,1,1,0,1,2,1,0,1,2,1
"0,3,27,43",4,18,4,18,1,0,1,0,2,8,0,3,0,3,1,1,1,1,0,1,3,1,0,1,3,1
"0,3,30,43",2,35,2,35,1,0,1,0,2,8,1,3,1,3,0,0,0,0,1,0,3,0,1,0,3,0
"0,3,30,50",8,35,8,35,1,0,1,0,2,8,0,2,0,2,1,1,1,1,0,1,2,1,0,1,2,1
"0,3,31,52",24,24,39,39,0,1,0,1,2,8,0,0,0,0,0,0,2,2,0,0,0,0,0,2,0,2
"0,3,31,54",43,45,43,45,1,0,1,0,2,8,0,4,0,4,0,0,0,0,0,0,4,0,0,0,4,0
"0,3,31,59",13,7,13,7,1,0,1,0,2,8,1,5,1,5,0,0,0,0,1,0,5,0,1,0,5,0
"0,3,34,37",43,43,43,6,0,0,1,1,2,8,1,1,1,3,0,0,0,2,1,0,1,0,1,0,3,2
"0,3,35,36",27,11,11,11,1,1,0,0,2,8,1,4,4,4,0,2,2,2,1,0,4,2,4,2,4,2
"0,3,35,41",59,59,59,27,0,0,1,1,2,8,0,0,0,2,0,0,0,2,0,0,0,0,0,0,2,2
"0,3,35,58",59,59,8,8,0,1,0,1,2,8,0,0,0,0,0,0,2,2,0,0,0,0,0,2,0,2
"0,3,36,39",32,54,32,54,1,0,1,0,2,8,0,2,0,2,2,2,2,2,0,2,2,2,0,2,2,2
"0,3,36,44",4,4,30,4,0,1,1,0,2,8,3,3,1,3,0,0,2,0,3,0,3,0,1,2,3,0
"0,3,37,56",5,1,5,1,1,0,1,0,2,8,0,2,0,2,1,1,1,1,0,1,2,1,0,1,2,1
"0,3,40,63",7,45,7,45,1,0,1,0,2,8,0,2,0,2,0,0,0,0,0,0,2,0,0,0,2,0
"0,3,43,57",4,51,51,51,1,1,0,0,2,8,0,3,3,3,0,2,2,2,0,0,3,2,3,2,3,2
"0,3,45,52",18,51,18,51,1,0,1,0,2,8,0,3,0,3,0,0,0,0,0,0,3,0,0,0,3,0
"0,3,53,58",33,5,33,5,1,0,1,0,2,8,0,3,0,3,0,0,0,0,0,0,3,0,0,0,3,0
"0,3,57,60",24,4,4,4,1,1,0,0,2,8,0,2,2,2,0,2,2,2,0,0,2,2,2,2,2,2
"0,4,5,11",45,51,45,51,1,0,1,0,2,8,1,4,1,4,0,0,0,0,1,0,4,0,1,0,4,0
"0,4,5,12",60,30,60,30,1,0,1,0,2,8,0,2,0,2,0,0,0,0,0,0,2,0,0,0,2,0
"0,4,5,15",45,30,45,30,1,0,1,0,2,8,1,5,1,5,0,0,0,0,1,0,5,0,1,0,5,0
"0,4,5,17",33,22,22,22,1,1,0,0,2,8,1,4,4,4,0,2,2,2,1,0,4,2,4,2,4,2
"0,4,5,25",45,30,45,30,1,0,1,0,2,8,1,7,1,7,0,1,0,1,1,0,7,1,1,0,7,1
"0,4,5,36",45,25,45,25,1,0,1,0,2,8,0,4,0,4,1,1,1,1,0,1,4,1,0,1,4,1
"0,4,5,41",50,45,50,45,1,0,1,0,2,8,0,4,0,4,1,0,1,0,0,1,4,0,0,1,4,0
"0,4,5,52",60,50,60,50,1,0,1,0,2,8,0,4,0,4,0,1,0,1,0,0,4,1,0,0,4,1
"0,4,6,38",34,22,22,22,1,1,0,0,2,8,2,4,4,4,0,2,2,2,2,0,4,2,4,2,4,2
"0,4,6,39",31,32,31,32,1,0,1,0,2,8,1,3,1,3,0,0,0,0,1,0,3,0,1,0,3,0
"0,4,9,20",60,36,3,36,1,1,1,0,3,8,0,4,1,4,0,2,2,2,0,0,4,2,1,2,4,2
"0,4,9,59",36,45,36,45,1,0,1,0,2,8,2,4,2,4,0,0,0,0,2,0,4,0,2,0,4,0
"0,4,10,27",36,5,36,5,1,0,1,0,2,8,1,4,1,4,0,0,0,0,1,0,4,0,1,0,4,0
"0,4,10,59",60,60,3,3,0,1,0,1,2,8,0,0,0,0,0,0,2,2,0,0,0,0,0,2,0,2
"0,4,11,20",28,36,28,36,1,0,1,0,2,8,1,3,1,3,2,2,2,2,1,2,3,2,1,2,3,2
"0,4,12,30",22,36,22,36,1,0,1,0,2,8,0,2,0,2,0,0,0,0,0,0,2,0,0,0,2,0
"0,4,12,60",3,24,3,24,1,0,1,0,2,8,1,3,1,3,0,0,0,0,1,0,3,0,1,0,3,0
"0,4,13,21",29,5,29,5,1,0,1,0,2,8,1,3,1,3,0,0,0,0,1,0,3,0,1,0,3,0
"0,4,14,19",39,54,39,54,1,0,1,0,2,8,0,3,0,3,0,0,0,0,0,0,3,0,0,0,3,0
"0,4,14,56",28,32,28,32,1,0,1,0,2,8,1,3,1,3,1,1,1,1,1,1,3,1,1,1,3,1
"0,4,18,36",28,25,28,25,1,0,1,0,2,8,1,3,1,3,0,0,0,0,1,0,3,0,1,0,3,0
"0,4,19,35",27,27,7,7,0,1,0,1,2,8,0,0,0,0,0,0,2,2,0,0,0,0,0,2,0,2
"0,4,19,44",5,28,5,28,1,0,1,0,2,8,0,3,0,3,1,1,1,1,0,1,3,1,0,1,3,1
"0,4,20,44",5,45,5,45,1,0,1,0,2,8,0,2,0,2,0,0,0,0,0,0,2,0,0,0,2,0
"0,4,21,33",10,5,10,5,1,0,1,0,2,8,0,4,0,4,0,0,0,0,0,0,4,0,0,0,4,0
"0,4,21,48",16,3,16,3,1,0,1,0,2,8,0,2,0,2,0,0,0,0,0,0,2,0,0,0,2,0
"0,4,21,59",49,60,49,60,1,0,1,0,2,8,1,3,1,3,0,0,0,0,1,0,3,0,1,0,3,0
"0,4,22,30",36,7,36,7,1,0,1,0,2,8,1,4,1,4,0,1,0,1,1,0,4,1,1,0,4,1
"0,4,22,50",10,60,10,60,1,0,1,0,2,8,1,3,1,3,0,0,0,0,1,0,3,0,1,0,3,0
"0,4,22,52",28,5,28,5,1,0,1,0,2,8,0,3,0,3,0,0,0,0,0,0,3,0,0,0,3,0
"0,4,22,56",28,5,28,5,1,0,1,0,2,8,0,2,0,2,1,1,1,1,0,1,2,1,0,1,2,1
"0,4,25,30",55,5,5,5,1,1,0,0,2,8,4,6,6,6,0,2,2,2,4,0,6,2,6,2,6,2
"0,4,25,36",28,33,28,33,1,0,1,0,2,8,2,4,2,4,1,1,1,1,2,1,4,1,2,1,4,1
"0,4,25,52",7,36,7,36,1,0,1,0,2,8,0,4,0,4,1,1,1,1,0,1,4,1,0,1,4,1
"0,4,26,52",2,5,2,5,1,0,1,0,2,8,0,2,0,2,0,0,0,0,0,0,2,0,0,0,2,0
"0,4,27,31",3,54,3,54,1,0,1,0,2,8,1,3,1,3,2,2,2,2,1,2,3,2,1,2,3,2
"0,4,27,52",6,36,6,36,1,0,1,0,2,8,0,4,0,4,1,1,1,1,0,1,4,1,0,1,4,1
"0,4,27,57",1,36,36,36,1,1,0,0,2,8,0,2,2,2,0,2,2,2,0,0,2,2,2,2,2,2
"0,4,28,52",22,27,22,27,1,0,1,0,2,8,0,4,0,4,0,0,0,0,0,0,4,0,0,0,4,0
"0,4,31,38",14,32,14,32,1,0,1,0,2,8,1,4,1,4,0,0,0,0,1,0,4,0,1,0,4,0
"0,4,31,47",7,7,54,7,0,1,1,0,2,8,2,2,0,2,0,0,2,0,2,0,2,0,0,2,2,0
"0,4,36,52",6,25,6,25,1,0,1,0,2,8,0,4,0,4,1,1,1,1,0,1,4,1,0,1,4,1
"0,4,39,52",60,3,60,3,1,0,1,0,2,8,1,4,1,4,1,0,1,0,1,1,4,0,1,1,4,0
"0,4,40,51",48,1,48,1,1,0,1,0,2,8,1,3,1,3,0,0,0,0,1,0,3,0,1,0,3,0
"0,4,44,48",3,8,3,8,1,0,1,0,2,8,0,4,0,4,0,1,0,1,0,0,4,1,0,0,4,1
"0,4,50,51",33,33,33,52,0,0,1,1,2,8,1,1,1,3,0,0,0,2,1,0,1,0,1,0,3,2
"0,5,6,47",61,40,61,40,1,0,1,0,2,8,1,3,1,3,0,0,0,0,1,0,3,0,1,0,3,0
"0,5,6,48",34,8,34,8,1,0,1,0,2,8,0,2,0,2,0,0,0,0,0,0,2,0,0,0,2,0
"0,5,9,45",13,4,13,4,1,0,1,0,2,8,1,3,1,3,0,0,0,0,1,0,3,0,1,0,3,0
"0,5,10,25",30,35,30,35,1,0,1,0,2,8,2,5,2,5,2,2,2,2,2,2,5,2,2,2,5,2
"0,5,11,29",45,51,45,51,1,0,1,0,2,8,1,6,1,6,0,2,0,2,1,0,6,2,1,0,6,2
"0,5,11,36",27,27,27,6,0,0,1,1,2,8,0,0,0,2,0,0,0,2,0,0,0,0,0,0,2,2
"0,5,12,17",40,3,40,3,1,0,1,0,2,8,0,2,0,2,1,1,1,1,0,1,2,1,0,1,2,1
"0,5,13,45",9,18,9,18,1,0,1,0,2,8,1,4,1,4,0,0,0,0,1,0,4,0,1,0,4,0
"0,5,14,42",30,7,30,7,1,0,1,0,2,8,1,4,1,4,0,0,0,0,1,0,4,0,1,0,4,0
"0,5,18,23",51,51,3,3,0,1,0,1,2,8,1,1,1,1,0,0,2,2,1,0,1,0,1,2,1,2
"0,5,18,36",1,26,1,26,1,0,1,0,2,8,1,3,1,3,0,0,0,0,1,0,3,0,1,0,3,0
"0,5,20,50",25,10,25,10,1,0,1,0,2,8,1,4,1,4,1,0,1,0,1,1,4,0,1,1,4,0
"0,5,23,47",51,7,51,7,1,0,1,0,2,8,1,4,1,4,0,0,0,0,1,0,4,0,1,0,4,0
"0,5,26,33",4,51,51,51,1,1,0,0,2,8,0,4,4,4,0,2,2,2,0,0,4,2,4,2,4,2
"0,5,27,45",2,4,2,4,1,0,1,0,2,8,2,5,2,5,0,0,0,0,2,0,5,0,2,0,5,0
"0,5,27,48",36,45,36,45,1,0,1,0,2,8,0,3,0,3,0,1,0,1,0,0,3,1,0,0,3,1
"0,5,27,54",4,50,4,50,1,0,1,0,2,8,0,3,0,3,0,0,0,0,0,0,3,0,0,0,3,0
"0,5,27,56",28,45,28,45,1,0,1,0,2,8,0,2,0,2,0,0,0,0,0,0,2,0,0,0,2,0
"0,5,28,54",27,36,27,36,1,0,1,0,2,8,0,3,0,3,0,0,0,0,0,0,3,0,0,0,3,0
"0,5,29,51",6,11,11,11,1,1,0,0,2,8,1,5,5,5,0,3,3,3,1,0,5,3,5,3,5,3
"0,5,30,35",60,20,60,20,1,0,1,0,2,8,1,5,1,5,0,0,0,0,1,0,5,0,1,0,5,0
"0,5,30,47",29,7,29,7,1,0,1,0,2,8,0,3,0,3,1,0,1,0,0,1,3,0,0,1,3,0
"0,5,31,45",21,9,21,9,1,0,1,0,2,8,1,4,1,4,0,0,0,0,1,0,4,0,1,0,4,0
"0,5,36,46",1,1,45,45,0,1,0,1,2,8,0,0,0,0,0,0,2,2,0,0,0,0,0,2,0,2
"0,5,36,54",30,51,30,51,1,0,1,0,2,8,2,4,2,4,0,0,0,0,2,0,4,0,2,0,4,0
"0,5,37,38",14,45,14,45,1,0,1,0,2,8,0,2,0,2,0,0,0,0,0,0,2,0,0,0,2,0
"0,5,49,53",33,51,33,51,1,0,1,0,2,8,0,3,0,3,0,1,0,1,0,0,3,1,0,0,3,1
"0,5,57,58",51,1,51,1,1,0,1,0,2,8,0,2,0,2,1,1,1,1,0,1,2,1,0,1,2,1
"0,6,9,10",27,15,27,15,1,0,1,0,2,8,0,3,0,3,0,0,0,0,0,0,3,0,0,0,3,0
"0,6,10,13",27,3,3,3,1,1,0,0,2,8,0,4,4,4,0,2,2,2,0,0,4,2,4,2,4,2
"0,6,11,61",38,56,38,56,1,0,1,0,2,8,0,4,0,4,0,0,0,0,0,0,4,0,0,0,4,0
"0,6,14,28",22,7,22,7,1,0,1,0,2,8,1,3,1,3,0,0,0,0,1,0,3,0,1,0,3,0
"0,6,14,61",34,62,34,62,1,0,1,0,2,8,1,3,1,3,0,0,0,0,1,0,3,0,1,0,3,0
"0,6,18,52",1,45,1,45,1,0,1,0,2,8,2,4,2,4,1,1,1,1,2,1,4,1,2,1,4,1
"0,6,22,42",45,7,45,7,1,0,1,0,2,8,0,2,0,2,0,0,0,0,0,0,2,0,0,0,2,0
"0,6,22,46",41,41,1,1,0,1,0,1,2,8,2,2,2,2,0,0,2,2,2,0,2,0,2,2,2,2
"0,6,22,54",27,9,27,9,1,0,1,0,2,8,1,3,1,3,1,1,1,1,1,1,3,1,1,1,3,1
"0,6,25,34",11,4,11,4,1,0,1,0,2,8,0,4,0,4,0,1,0,1,0,0,4,1,0,0,4,1
"0,6,25,36",27,4,27,4,1,0,1,0,2,8,2,5,2,5,1,2,1,2,2,1,5,2,2,1,5,2
"0,6,27,41",50,36,50,36,1,0,1,0,2,8,0,3,0,3,0,0,0,0,0,0,3,0,0,0,3,0
"0,6,27,45",52,34,52,34,1,0,1,0,2,8,1,3,1,3,0,0,0,0,1,0,3,0,1,0,3,0
"0,6,31,41",13,4,13,4,1,0,1,0,2,8,0,2,0,2,0,0,0,0,0,0,2,0,0,0,2,0
"0,6,34,51",52,1,52,1,1,0,1,0,2,8,1,4,1,4,0,0,0,0,1,0,4,0,1,0,4,0
"0,6,36,54",30,15,30,15,1,0,1,0,2,8,1,3,1,3,0,0,0,0,1,0,3,0,1,0,3,0
"0,6,41,50",27,51,27,51,1,0,1,0,2,8,0,4,0,4,0,0,0,0,0,0,4,0,0,0,4,0
"0,6,45,46",52,22,22,22,1,1,0,0,2,8,1,3,3,3,0,2,2,2,1,0,3,2,3,2,3,2
"0,6,45,52",27,51,27,51,1,0,1,0,2,8,0,4,0,4,1,0,1,0,0,1,4,0,0,1,4,0
"0,6,46,56",1,16,1,16,1,0,1,0,2,8,0,2,0,2,1,1,1,1,0,1,2,1,0,1,2,1
"0,6,48,55",20,56,20,56,1,0,1,0,2,8,0,4,0,4,0,0,0,0,0,0,4,0,0,0,4,0
"0,6,51,56",24,5,24,5,1,0,1,0,2,8,1,4,1,4,1,1,1,1,1,1,4,1,1,1,4,1
"0,6,61,62",38,63,38,63,1,0,1,0,2,8,0,3,0,3,0,0,0,0,0,0,3,0,0,0,3,0
"0,7,10,20",28,35,28,35,1,0,1,0,2,8,0,2,0,2,1,1,1,1,0,1,2,1,0,1,2,1
"0,7,11,25",2,1,2,1,1,0,1,0,2,8,2,4,2,4,1,1,1,1,2,1,4,1,2,1,4,1
"0,7,18,36",1,28,1,28,1,0,1,0,2,8,1,3,1,3,0,0,0,0,1,0,3,0,1,0,3,0
"0,7,18,54",3,25,3,25,1,0,1,0,2,8,0,3,0,3,0,1,0,1,0,0,3,1,0,0,3,1
"0,7,19,54",36,27,36,27,1,0,1,0,2,8,0,3,0,3,0,0,0,0,0,0,3,0,0,0,3,0
"0,7,25,59",47,52,47,52,1,0,1,0,2,8,0,3,0,3,0,1,0,1,0,0,3,1,0,0,3,1
"0,7,25,63",18,27,18,27,1,0,1,0,2,8,1,3,1,3,0,0,0,0,1,0,3,0,1,0,3,0
"0,7,41,49",35,1,35,1,1,0,1,0,2,8,0,3,0,3,0,0,0,0,0,0,3,0,0,0,3,0
"0,9,10,27",13,28,13,28,1,0,1,0,2,8,2,5,2,5,1,0,1,0,2,1,5,0,2,1,5,0
"0,9,10,54",14,24,14,24,1,0,1,0,2,8,1,3,1,3,0,0,0,0,1,0,3,0,1,0,3,0
"0,9,10,63",8,24,8,24,1,0,1,0,2,8,0,2,0,2,0,0,0,0,0,0,2,0,0,0,2,0
"0,9,11,20",17,10,17,27,1,0,1,1,3,8,0,2,0,5,1,0,1,3,0,1,2,0,0,1,5,3
"0,9,11,45",5,51,5,51,1,0,1,0,2,8,0,3,0,3,0,0,0,0,0,0,3,0,0,0,3,0
"0,9,11,51",32,45,32,45,1,0,1,0,2,8,1,3,1,3,0,0,0,0,1,0,3,0,1,0,3,0
"0,9,12,49",3,54,3,54,1,0,1,0,2,8,1,3,1,3,0,0,0,0,1,0,3,0,1,0,3,0
"0,9,12,54",14,3,14,3,1,0,1,0,2,8,1,3,1,3,0,0,0,0,1,0,3,0,1,0,3,0
"0,9,13,22",45,36,45,36,1,0,1,0,2,8,3,5,3,5,2,2,2,2,3,2,5,2,3,2,5,2
"0,9,13,26",36,12,36,12,1,0,1,0,2,8,1,3,1,3,0,0,0,0,1,0,3,0,1,0,3,0
"0,9,13,38",8,45,45,45,1,1,0,0,2,8,0,2,2,2,0,2,2,2,0,0,2,2,2,2,2,2
"0,9,15,50",10,36,10,36,1,0,1,0,2,8,0,3,0,3,0,0,0,0,0,0,3,0,0,0,3,0
"0,9,22,36",50,13,50,13,1,0,1,0,2,8,1,7,1,7,0,0,0,0,1,0,7,0,1,0,7,0
"0,9,22,39",32,54,54,54,1,1,0,0,2,8,1,4,4,4,0,2,2,2,1,0,4,2,4,2,4,2
"0,9,27,47",20,2,20,2,1,0,1,0,2,8,1,3,1,3,0,0,0,0,1,0,3,0,1,0,3,0
"0,9,36,38",34,11,34,11,1,0,1,0,2,8,0,3,0,3,0,1,0,1,0,0,3,1,0,0,3,1
"0,9,36,55",25,1,25,1,1,0,1,0,2,8,1,3,1,3,0,0,0,0,1,0,3,0,1,0,3,0
"0,10,11,28",29,27,29,27,1,0,1,0,2,8,2,4,2,4,0,0,0,0,2,0,4,0,2,0,4,0
"0,10,12,30",37,5,37,5,1,0,1,0,2,8,0,4,0,4,0,0,0,0,0,0,4,0,0,0,4,0
"0,10,12,36",11,30,11,30,1,0,1,0,2,8,0,3,0,3,0,0,0,0,0,0,3,0,0,0,3,0
"0,10,13,21",37,45,37,45,1,0,1,0,2,8,0,3,0,3,0,0,0,0,0,0,3,0,0,0,3,0
"0,10,13,22",45,27,45,27,1,0,1,0,2,8,1,4,1,4,1,1,1,1,1,1,4,1,1,1,4,1
"0,10,13,39",12,26,12,26,1,0,1,0,2,8,0,2,0,2,0,0,0,0,0,0,2,0,0,0,2,0
"0,10,13,54",9,9,27,27,0,1,0,1,2,8,0,0,0,0,0,0,2,2,0,0,0,0,0,2,0,2
"0,10,15,28",36,36,25,25,0,1,0,1,2,8,1,1,1,1,0,0,2,2,1,0,1,0,1,2,1,2
"0,10,18,27",2,34,2,34,1,0,1,0,2,8,1,4,1,4,1,1,1,1,1,1,4,1,1,1,4,1
"0,10,18,36",26,28,26,28,1,0,1,0,2,8,0,6,0,6,0,0,0,0,0,0,6,0,0,0,6,0
"0,10,20,34",19,27,19,27,1,0,1,0,2,8,0,3,0,3,0,1,0,1,0,0,3,1,0,0,3,1
"0,10,23,25",55,15,55,15,1,0,1,0,2,8,0,3,0,3,0,1,0,1,0,0,3,1,0,0,3,1
"0,10,25,27",36,28,36,28,1,0,1,0,2,8,2,5,2,5,0,1,0,1,2,0,5,1,2,0,5,1
"0,10,26,37",34,50,34,50,1,0,1,0,2,8,0,2,0,2,0,0,0,0,0,0,2,0,0,0,2,0
"0,10,27,36",11,28,11,28,1,0,1,0,2,8,1,6,1,6,0,0,0,0,1,0,6,0,1,0,6,0
"0,10,28,39",34,36,34,36,1,0,1,0,2,8,0,2,0,2,0,0,0,0,0,0,2,0,0,0,2,0
"0,10,29,51",7,5,7,5,1,0,1,0,2,8,1,3,1,3,0,0,0,0,1,0,3,0,1,0,3,0
"0,10,29,54",36,36,36,24,0,0,1,1,2,8,0,0,0,2,0,0,0,2,0,0,0,0,0,0,2,2
"0,10,30,35",60,45,60,45,1,0,1,0,2,8,2,5,2,5,0,0,0,0,2,0,5,0,2,0,5,0
"0,10,33,61",16,56,16,56,1,0,1,0,2,8,0,3,0,3,0,0,0,0,0,0,3,0,0,0,3,0
"0,10,34,42",27,27,24,24,0,1,0,1,2,8,2,2,2,2,0,0,2,2,2,0,2,0,2,2,2,2
"0,10,36,50",22,51,22,51,1,0,1,0,2,8,0,3,0,3,0,1,0,1,0,0,3,1,0,0,3,1
"0,10,39,52",34,13,34,13,1,0,1,0,2,8,0,3,0,3,0,0,0,0,0,0,3,0,0,0,3,0
"0,10,42,52",7,7,7,45,0,0,1,1,2,8,0,0,0,2,1,1,1,3,0,1,0,1,0,1,2,3
"0,10,46,55",50,60,50,60,1,0,1,0,2,8,0,2,0,2,0,0,0,0,0,0,2,0,0,0,2,0
"0,11,12,35",27,8,8,8,1,1,0,0,2,8,1,3,3,3,0,2,2,2,1,0,3,2,3,2,3,2
"0,11,12,47",51,36,51,36,1,0,1,0,2,8,1,3,1,3,0,0,0,0,1,0,3,0,1,0,3,0
"0,11,13,22",12,17,12,17,1,0,1,0,2,8,1,3,1,3,0,0,0,0,1,0,3,0,1,0,3,0
"0,11,14,57",12,22,12,22,1,0,1,0,2,8,0,2,0,2,0,0,0,0,0,0,2,0,0,0,2,0
"0,11,15,28",10,8,10,8,1,0,1,0,2,8,0,2,0,2,0,0,0,0,0,0,2,0,0,0,2,0
"0,11,18,45",5,51,5,51,1,0,1,0,2,8,1,5,1,5,0,0,0,0,1,0,5,0,1,0,5,0
"0,11,18,54",25,43,25,43,1,0,1,0,2,8,0,3,0,3,0,0,0,0,0,0,3,0,0,0,3,0
"0,11,19,29",26,36,26,36,1,0,1,0,2,8,0,3,0,3,0,0,0,0,0,0,3,0,0,0,3,0
"0,11,20,50",10,51,10,51,1,0,1,0,2,8,0,3,0,3,1,0,1,0,0,1,3,0,0,1,3,0
"0,11,21,59",18,51,18,51,1,0,1,0,2,8,1,3,1,3,0,0,0,0,1,0,3,0,1,0,3,0
"0,11,25,36",18,18,27,18,0,1,1,0,2,4,4,4,2,4,0,0,3,0,4,0,4,0,2,3,4,0
"0,11,25,38",34,56,34,56,1,0,1,0,2,8,0,3,0,3,1,0,1,0,0,1,3,0,0,1,3,0
"0,11,26,51",30,8,30,8,1,0,1,0,2,8,1,3,1,3,0,0,0,0,1,0,3,0,1,0,3,0
"0,11,27,36",19,35,19,35,1,0,1,0,2,8,2,5,2,5,0,0,0,0,2,0,5,0,2,0,5,0
"0,11,28,29",35,24,35,24,1,0,1,0,2,8,1,5,1,5,0,0,0,0,1,0,5,0,1,0,5,0
"0,11,28,43",34,19,34,19,1,0,1,0,2,8,0,3,0,3,0,0,0,0,0,0,3,0,0,0,3,0
"0,11,29,30",51,36,51,36,1,0,1,0,2,8,0,3,0,3,1,1,1,1,0,1,3,1,0,1,3,1
"0,11,29,45",5,18,5,18,1,0,1,0,2,8,0,3,0,3,1,1,1,1,0,1,3,1,0,1,3,1
"0,11,30,36",27,12,27,12,1,0,1,0,2,8,1,5,1,5,0,0,0,0,1,0,5,0,1,0,5,0
"0,11,31,45",18,18,36,36,0,1,0,1,2,8,0,0,0,0,0,0,2,2,0,0,0,0,0,2,0,2
"0,11,31,57",47,39,47,39,1,0,1,0,2,8,0,3,0,3,0,0,0,0,0,0,3,0,0,0,3,0
"0,11,33,38",36,36,36,56,0,0,1,1,2,8,1,1,1,4,0,0,0,2,1,0,1,0,1,0,4,2
"0,11,36,49",18,9,18,9,1,0,1,0,2,8,0,3,0,3,0,0,0,0,0,0,3,0,0,0,3,0
"0,11,41,57",32,17,32,17,1,0,1,0,2,8,1,3,1,3,0,0,0,0,1,0,3,0,1,0,3,0
"0,11,41,60",36,38,36,38,1,0,1,0,2,8,0,3,0,3,0,0,0,0,0,0,3,0,0,0,3,0
"0,11,43,57",22,40,22,40,1,0,1,0,2,8,1,4,1,4,0,1,0,1,1,0,4,1,1,0,4,1
"0,11,45,59",18,51,18,51,1,0,1,0,2,8,2,5,2,5,1,0,1,0,2,1,5,0,2,1,5,0
"0,11,47,57",29,54,29,54,1,0,1,0,2,8,1,4,1,4,0,0,0,0,1,0,4,0,1,0,4,0
"0,11,51,55",50,30,30,30,1,1,0,0,2,8,0,2,2,2,0,2,2,2,0,0,2,2,2,2,2,2
"0,11,51,59",50,45,50,45,1,0,1,0,2,8,0,4,0,4,0,1,0,1,0,0,4,1,0,0,4,1
"0,12,14,21",35,56,35,56,1,0,1,0,2,8,0,2,0,2,0,0,0,0,0,0,2,0,0,0,2,0
"0,12,15,26",30,30,36,36,0,1,0,1,2,8,0,0,0,0,0,0,2,2,0,0,0,0,0,2,0,2
"0,12,15,35",20,11,20,11,1,0,1,0,2,8,1,3,1,3,0,0,0,0,1,0,3,0,1,0,3,0
"0,12,19,43",44,27,44,27,1,0,1,0,2,8,0,3,0,3,0,0,0,0,0,0,3,0,0,0,3,0
"0,12,20,26",29,36,29,36,1,0,1,0,2,8,0,3,0,3,0,0,0,0,0,0,3,0,0,0,3,0
"0,12,20,27",30,36,30,36,1,0,1,0,2,8,0,4,0,4,0,0,0,0,0,0,4,0,0,0,4,0
"0,12,30,45",38,36,38,36,1,0,1,0,2,8,1,5,1,5,0,1,0,1,1,0,5,1,1,0,5,1
"0,12,34,55",52,43,52,43,1,0,1,0,2,8,0,3,0,3,0,0,0,0,0,0,3,0,0,0,3,0
"0,12,36,61",30,54,30,54,1,0,1,0,2,8,0,2,0,2,0,0,0,0,0,0,2,0,0,0,2,0
"0,12,37,39",36,32,36,32,1,0,1,0,2,8,0,3,0,3,0,0,0,0,0,0,3,0,0,0,3,0
"0,12,43,50",55,22,55,22,1,0,1,0,2,8,0,2,0,2,0,0,0,0,0,0,2,0,0,0,2,0
"0,12,45,49",7,54,7,54,1,0,1,0,2,8,1,3,1,3,0,0,0,0,1,0,3,0,1,0,3,0
"0,12,46,58",23,63,23,63,1,0,1,0,2,8,0,3,0,3,0,0,0,0,0,0,3,0,0,0,3,0
"0,13,15,20",27,8,27,8,1,0,1,0,2,8,0,2,0,2,0,0,0,0,0,0,2,0,0,0,2,0
"0,13,18,27",41,22,41,22,1,0,1,0,2,8,1,5,1,5,0,0,0,0,1,0,5,0,1,0,5,0
"0,13,18,39",26,45,26,45,1,0,1,0,2,8,0,3,0,3,0,0,0,0,0,0,3,0,0,0,3,0
"0,13,18,59",45,45,3,3,0,1,0,1,2,8,0,0,0,0,0,0,2,2,0,0,0,0,0,2,0,2
"0,13,20,45",5,27,5,27,1,0,1,0,2,8,0,3,0,3,0,0,0,0,0,0,3,0,0,0,3,0
"0,13,20,59",38,38,48,48,0,1,0,1,2,8,0,0,0,0,0,0,2,2,0,0,0,0,0,2,0,2
"0,13,21,28",36,45,36,45,1,0,1,0,2,8,0,3,0,3,0,0,0,0,0,0,3,0,0,0,3,0
"0,13,22,28",45,36,45,36,1,0,1,0,2,8,1,4,1,4,0,0,0,0,1,0,4,0,1,0,4,0
"0,13,22,50",36,27,36,27,1,0,1,0,2,8,2,4,2,4,0,0,0,0,2,0,4,0,2,0,4,0
"0,13,22,52",27,50,27,50,1,0,1,0,2,8,0,2,0,2,0,0,0,0,0,0,2,0,0,0,2,0
"0,13,28,36",4,27,4,27,1,0,1,0,2,8,0,2,0,2,2,2,2,2,0,2,2,2,0,2,2,2
"0,13,29,36",30,45,30,45,1,0,1,0,2,8,1,4,1,4,0,0,0,0,1,0,4,0,1,0,4,0
"0,13,29,50",22,22,45,45,0,1,0,1,2,8,0,0,1,1,0,0,3,3,0,0,0,0,1,3,1,3
"0,13,39,46",52,10,52,10,1,0,1,0,2,8,0,3,0,3,0,0,0,0,0,0,3,0,0,0,3,0
"0,13,45,59",18,53,18,53,1,0,1,0,2,8,0,4,0,4,0,0,0,0,0,0,4,0,0,0,4,0
"0,14,28,29",38,56,38,56,1,0,1,0,2,8,0,2,0,2,0,0,0,0,0,0,2,0,0,0,2,0
"0,14,28,37",5,5,56,56,0,1,0,1,2,8,0,0,0,0,0,0,2,2,0,0,0,0,0,2,0,2
"0,14,31,49",23,7,23,7,1,0,1,0,2,8,0,3,0,3,0,1,0,1,0,0,3,1,0,0,3,1
"0,14,34,36",9,35,9,35,1,0,1,0,2,8,1,3,1,3,0,0,0,0,1,0,3,0,1,0,3,0
"0,14,38,46",33,5,33,56,1,0,1,1,3,8,0,2,0,3,0,0,0,2,0,0,2,0,0,0,3,2
"0,14,42,44",12,45,12,45,1,0,1,0,2,8,0,2,0,2,0,0,0,0,0,0,2,0,0,0,2,0
"0,14,42,51",45,56,45,56,1,0,1,0,2,8,0,3,0,3,1,1,1,1,0,1,3,1,0,1,3,1
"0,14,46,53",35,54,35,54,1,0,1,0,2,8,0,3,0,3,0,0,0,0,0,0,3,0,0,0,3,0
"0,14,47,49",23,9,23,9,1,0,1,0,2,8,1,3,1,3,0,0,0,0,1,0,3,0,1,0,3,0
"0,14,47,61",11,23,11,23,1,0,1,0,2,8,1,3,1,3,0,0,0,0,1,0,3,0,1,0,3,0
"0,14,50,61",60,10,60,10,1,0,1,0,2,8,1,3,1,3,0,0,0,0,1,0,3,0,1,0,3,0
"0,14,61,62",58,6,58,6,1,0,1,0,2,8,1,3,1,3,0,0,0,0,1,0,3,0,1,0,3,0
"0,15,22,36",45,27,45,27,1,0,1,0,2,8,2,4,2,4,0,0,0,0,2,0,4,0,2,0,4,0
"0,15,23,29",7,36,7,36,1,0,1,0,2,8,1,3,1,3,0,0,0,0,1,0,3,0,1,0,3,0
"0,15,28,35",20,11,20,11,1,0,1,0,2,8,1,4,1,4,0,0,0,0,1,0,4,0,1,0,4,0
"0,15,28,36",20,22,20,22,1,0,1,0,2,8,0,3,0,3,0,0,0,0,0,0,3,0,0,0,3,0
"0,15,39,51",3,30,30,30,1,1,0,0,2,8,0,2,2,2,0,2,2,2,0,0,2,2,2,2,2,2
"0,15,39,52",13,31,13,31,1,0,1,0,2,8,0,2,0,2,0,0,0,0,0,0,2,0,0,0,2,0
"0,15,39,53",63,7,63,7,1,0,1,0,2,8,0,3,0,3,0,0,0,0,0,0,3,0,0,0,3,0
"0,15,44,45",36,36,30,30,0,1,0,1,2,8,1,1,1,1,0,0,2,2,1,0,1,0,1,2,1,2
"0,18,19,28",17,1,17,1,1,0,1,0,2,8,0,2,0,2,1,1,1,1,0,1,2,1,0,1,2,1
"0,18,19,29",20,36,20,36,1,0,1,0,2,8,0,3,0,3,0,1,0,1,0,0,3,1,0,0,3,1
"0,18,19,54",21,25,21,25,1,0,1,0,2,8,0,3,0,3,0,1,0,1,0,0,3,1,0,0,3,1
"0,18,22,29",11,36,11,45,1,0,1,1,3,8,0,2,0,3,0,0,0,2,0,0,2,0,0,0,3,2
"0,18,22,39",17,45,17,45,1,0,1,0,2,8,1,3,1,3,1,1,1,1,1,1,3,1,1,1,3,1
"0,18,27,31",4,4,24,4,0,1,1,0,2,8,3,3,1,3,0,0,2,0,3,0,3,0,1,2,3,0
"0,18,29,38",11,11,45,45,0,1,0,1,2,8,1,1,1,1,0,0,2,2,1,0,1,0,1,2,1,2
"0,18,31,44",36,63,36,63,1,0,1,0,2,8,1,3,1,3,0,0,0,0,1,0,3,0,1,0,3,0
"0,18,38,54",30,11,30,11,1,0,1,0,2,8,0,3,0,3,0,0,0,0,0,0,3,0,0,0,3,0
"0,19,20,55",22,1,22,1,1,0,1,0,2,8,0,2,0,2,0,0,0,0,0,0,2,0,0,0,2,0
"0,19,22,39",17,36,17,36,1,0,1,0,2,8,0,2,0,2,0,0,0,0,0,0,2,0,0,0,2,0
"0,19,27,45",35,37,35,37,1,0,1,0,2,8,0,5,0,5,0,0,0,0,0,0,5,0,0,0,5,0
"0,19,27,54",34,22,34,22,1,0,1,0,2,8,1,4,1,4,0,0,0,0,1,0,4,0,1,0,4,0
"0,19,28,29",43,24,43,24,1,0,1,0,2,8,0,4,0,4,0,0,0,0,0,0,4,0,0,0,4,0
"0,19,28,45",40,36,40,36,1,0,1,0,2,8,0,3,0,3,1,1,1,1,0,1,3,1,0,1,3,1
"0,19,36,51",30,27,30,27,1,0,1,0,2,8,0,2,0,2,1,1,1,1,0,1,2,1,0,1,2,1
"0,19,37,58",12,1,12,1,1,0,1,0,2,8,0,2,0,2,0,0,0,0,0,0,2,0,0,0,2,0
"0,19,53,55",30,48,30,48,1,0,1,0,2,8,0,3,0,3,0,0,0,0,0,0,3,0,0,0,3,0
"0,20,22,50",27,16,27,16,1,0,1,0,2,8,0,4,0,4,0,1,0,1,0,0,4,1,0,0,4,1
"0,20,36,43",54,28,54,28,1,0,1,0,2,8,1,5,1,5,1,0,1,0,1,1,5,0,1,1,5,0
"0,20,42,60",24,24,36,36,0,1,0,1,2,8,0,0,0,0,0,0,2,2,0,0,0,0,0,2,0,2
"0,20,45,60",50,36,50,50,1,0,0,1,2,8,0,2,0,0,3,1,3,3,0,3,2,1,0,3,0,3
"0,20,47,55",52,7,52,7,1,0,1,0,2,8,0,3,0,3,0,0,0,0,0,0,3,0,0,0,3,0
"0,21,22,31",20,7,20,7,1,0,1,0,2,8,0,2,0,2,0,0,0,0,0,0,2,0,0,0,2,0
"0,21,22,45",18,13,18,13,1,0,1,0,2,8,1,3,1,3,0,0,0,0,1,0,3,0,1,0,3,0
"0,21,27,50",18,45,18,45,1,0,1,0,2,8,1,4,1,4,0,1,0,1,1,0,4,1,1,0,4,1
"0,21,28,59",7,36,7,36,1,0,1,0,2,8,1,3,1,3,0,0,0,0,1,0,3,0,1,0,3,0
"0,21,29,42",37,45,37,45,1,0,1,0,2,8,0,3,0,3,0,0,0,0,0,0,3,0,0,0,3,0
"0,21,30,59",8,38,8,38,1,0,1,0,2,8,1,3,1,3,0,0,0,0,1,0,3,0,1,0,3,0
"0,21,37,45",27,40,27,40,1,0,1,0,2,8,0,4,0,4,0,0,0,0,0,0,4,0,0,0,4,0
"0,21,51,59",30,11,30,11,1,0,1,0,2,8,1,3,1,3,0,0,0,0,1,0,3,0,1,0,3,0
"0,21,53,59",30,13,30,13,1,0,1,0,2,8,1,3,1,3,0,0,0,0,1,0,3,0,1,0,3,0
"0,21,54,61",27,45,27,45,1,0,1,0,2,8,1,4,1,4,0,0,0,0,1,0,4,0,1,0,4,0
"0,22,28,31",19,30,19,30,1,0,1,0,2,8,0,2,0,2,0,0,0,0,0,0,2,0,0,0,2,0
"0,22,36,43",28,45,28,45,1,0,1,0,2,8,1,4,1,4,1,1,1,1,1,1,4,1,1,1,4,1
"0,22,38,45",21,36,21,36,1,0,1,0,2,8,1,3,1,3,0,0,0,0,1,0,3,0,1,0,3,0
"0,22,43,45",31,36,31,36,1,0,1,0,2,8,0,5,0,5,0,0,0,0,0,0,5,0,0,0,5,0
"0,22,46,60",36,30,30,30,1,1,0,0,2,8,0,2,2,2,0,2,2,2,0,0,2,2,2,2,2,2
"0,22,46,62",17,40,17,40,1,0,1,0,2,8,0,3,0,3,0,0,0,0,0,0,3,0,0,0,3,0
"0,23,31,39",14,24,14,24,1,0,1,0,2,8,0,2,0,2,0,0,0,0,0,0,2,0,0,0,2,0
"0,27,31,38",28,45,28,45,1,0,1,0,2,8,0,2,0,2,0,0,0,0,0,0,2,0,0,0,2,0
"0,27,38,54",22,20,22,20,1,0,1,0,2,8,0,2,0,2,0,0,0,0,0,0,2,0,0,0,2,0
"0,28,29,54",27,36,27,36,1,0,1,0,2,8,0,2,0,2,0,0,0,0,0,0,2,0,0,0,2,0
"0,28,29,62",26,51,26,51,1,0,1,0,2,8,0,2,0,2,0,0,0,0,0,0,2,0,0,0,2,0
"0,28,30,51",24,25,24,25,1,0,1,0,2,8,1,6,1,6,0,0,0,0,1,0,6,0,1,0,6,0
"0,28,30,60",24,36,24,36,1,0,1,0,2,8,2,5,2,5,0,0,0,0,2,0,5,0,2,0,5,0
"0,28,45,59",51,36,51,36,1,0,1,0,2,8,1,3,1,3,0,0,0,0,1,0,3,0,1,0,3,0
"0,28,46,47",36,40,36,40,1,0,1,0,2,8,0,3,0,3,1,0,1,0,0,1,3,0,0,1,3,0
"0,28,52,54",51,51,27,27,0,1,0,1,2,8,0,0,0,0,0,0,2,2,0,0,0,0,0,2,0,2
"0,28,54,61",27,36,27,36,1,0,1,0,2,8,0,3,0,3,0,1,0,1,0,0,3,1,0,0,3,1
"0,29,36,51",30,50,30,50,1,0,1,0,2,8,1,5,1,5,0,1,0,1,1,0,5,1,1,0,5,1
"0,29,36,54",43,61,43,61,1,0,1,0,2,8,0,3,0,3,0,0,0,0,0,0,3,0,0,0,3,0
"0,29,37,45",18,52,18,52,1,0,1,0,2,8,0,3,0,3,0,0,0,0,0,0,3,0,0,0,3,0
"0,30,31,36",22,27,22,45,1,0,1,1,3,8,1,3,1,3,1,0,1,2,1,1,3,0,1,1,3,2
"0,30,52,60",51,12,51,51,1,0,0,1,2,8,1,3,1,1,2,0,2,2,1,2,3,0,1,2,1,2
"0,30,54,55",51,36,51,36,1,0,1,0,2,8,1,3,1,3,1,1,1,1,1,1,3,1,1,1,3,1
"0,31,39,59",22,7,22,7,1,0,1,0,2,8,1,4,1,4,0,0,0,0,1,0,4,0,1,0,4,0
"0,36,46,54",30,28,30,28,1,0,1,0,2,8,0,4,0,4,0,0,0,0,0,0,4,0,0,0,4,0
"0,37,39,52",13,34,13,34,1,0,1,0,2,8,0,3,0,3,0,0,0,0,0,0,3,0,0,0,3,0
"0,38,46,62",33,56,33,56,1,0,1,0,2,8,0,3,0,3,0,0,0,0,0,0,3,0,0,0,3,0
"0,39,47,60",32,32,54,54,0,1,0,1,2,8,0,0,0,0,0,0,2,2,0,0,0,0,0,2,0,2
"0,39,55,62",47,63,47,63,1,0,1,0,2,8,0,2,0,2,0,0,0,0,0,0,2,0,0,0,2,0
"1,2,3,17",53,25,53,25,1,0,1,0,2,8,2,6,2,6,0,0,0,0,2,0,6,0,2,0,6,0
"1,2,3,19",37,12,37,12,1,0,1,0,2,8,0,5,0,5,0,1,0,1,0,0,5,1,0,0,5,1
"1,2,3,61",8,58,8,58,1,0,1,0,2,8,0,3,0,3,0,0,0,0,0,0,3,0,0,0,3,0
"1,2,4,10",50,25,50,25,1,0,1,0,2,8,1,4,1,4,0,0,0,0,1,0,4,0,1,0,4,0
"1,2,4,13",38,16,38,16,1,0,1,0,2,8,3,5,3,5,0,0,0,0,3,0,5,0,3,0,5,0
"1,2,4,26",18,18,18,9,0,0,1,1,2,8,2,2,2,4,0,0,0,2,2,0,2,0,2,0,4,2
"1,2,4,37",19,16,19,16,1,0,1,0,2,8,2,5,2,5,0,0,0,0,2,0,5,0,2,0,5,0
"1,2,4,41",9,16,9,16,1,0,1,0,2,8,2,4,2,4,1,1,1,1,2,1,4,1,2,1,4,1
"1,2,5,20",29,12,29,12,1,0,1,0,2,8,1,3,1,3,1,1,1,1,1,1,3,1,1,1,3,1
"1,2,5,59",8,58,8,58,1,0,1,0,2,8,1,4,1,4,1,0,1,0,1,1,4,0,1,1,4,0
"1,2,5,60",25,61,25,61,1,0,1,0,2,8,1,3,1,3,0,0,0,0,1,0,3,0,1,0,3,0
"1,2,6,12",41,8,41,8,1,0,1,0,2,8,1,3,1,3,0,0,0,0,1,0,3,0,1,0,3,0
"1,2,6,24",8,29,8,29,1,0,1,0,2,8,3,6,3,6,0,0,0,0,3,0,6,0,3,0,6,0
"1,2,6,29",41,24,41,24,1,0,1,0,2,8,1,5,1,5,0,1,0,1,1,0,5,1,1,0,5,1
"1,2,6,36",41,16,41,16,1,0,1,0,2,8,0,3,0,3,0,0,0,0,0,0,3,0,0,0,3,0
"1,2,6,50",16,52,16,52,1,0,1,0,2,8,2,4,2,4,1,1,1,1,2,1,4,1,2,1,4,1
"1,2,8,17",53,3,3,3,1,1,0,0,2,8,2,4,4,4,0,2,2,2,2,0,4,2,4,2,4,2
"1,2,8,32",48,3,48,3,1,0,1,0,2,8,2,6,2,6,0,0,0,0,2,0,6,0,2,0,6,0
"1,2,9,11",57,12,57,12,1,0,1,0,2,8,1,6,1,6,1,0,1,0,1,1,6,0,1,1,6,0
"1,2,9,16",52,41,52,41,1,0,1,0,2,8,0,2,0,2,2,2,2,2,0,2,2,2,0,2,2,2
"1,2,9,19",41,27,41,27,1,0,1,0,2,8,1,4,1,4,0,1,0,1,1,0,4,1,1,0,4,1
"1,2,10,16",52,24,52,24,1,0,1,0,2,8,0,3,0,3,1,1,1,1,0,1,3,1,0,1,3,1
"1,2,10,17",37,25,37,25,1,0,1,0,2,8,0,4,0,4,1,1,1,1,0,1,4,1,0,1,4,1
"1,2,10,57",0,28,0,28,1,0,1,0,2,8,0,2,0,2,0,0,0,0,0,0,2,0,0,0,2,0
"1,2,11,18",29,0,29,0,1,0,1,0,2,8,1,4,1,4,1,1,1,1,1,1,4,1,1,1,4,1
"1,2,11,30",0,38,0,38,1,0,1,0,2,8,0,2,0,2,0,0,0,0,0,0,2,0,0,0,2,0
"1,2,11,35",3,28,3,28,1,0,1,0,2,8,2,5,2,5,0,1,0,1,2,0,5,1,2,0,5,1
"1,2,13,25",42,41,42,41,1,0,1,0,2,8,0,6,0,6,0,0,0,0,0,0,6,0,0,0,6,0
"1,2,13,58",5,4,5,4,1,0,1,0,2,8,1,5,1,5,0,0,0,0,1,0,5,0,1,0,5,0
"1,2,14,40",58,16,58,16,1,0,1,0,2,8,1,3,1,3,0,0,0,0,1,0,3,0,1,0,3,0
"1,2,16,18",52,23,52,23,1,0,1,0,2,8,0,2,0,2,0,0,0,0,0,0,2,0,0,0,2,0
"1,2,17,19",37,20,37,20,1,0,1,0,2,8,0,4,0,4,0,0,0,0,0,0,4,0,0,0,4,0
"1,2,18,19",37,10,37,10,1,0,1,0,2,8,1,4,1,4,1,0,1,0,1,1,4,0,1,1,4,0
"1,2,18,34",4,25,4,4,1,0,0,1,2,8,0,2,0,0,2,0,2,2,0,2,2,0,0,2,0,2
"1,2,18,42",7,25,7,25,1,0,1,0,2,8,1,4,1,4,1,1,1,1,1,1,4,1,1,1,4,1
"1,2,19,42",7,10,7,10,1,0,1,0,2,8,1,4,1,4,0,0,0,0,1,0,4,0,1,0,4,0
"1,2,19,46",6,41,6,41,1,0,1,0,2,8,1,3,1,3,1,1,1,1,1,1,3,1,1,1,3,1
"1,2,20,24",29,3,29,3,1,0,1,0,2,8,1,4,1,4,1,2,1,2,1,1,4,2,1,1,4,2
"1,2,20,25",29,17,29,17,1,0,1,0,2,8,3,6,3,6,1,1,1,1,3,1,6,1,3,1,6,1
"1,2,20,29",5,25,5,25,1,0,1,0,2,8,1,4,1,4,1,0,1,0,1,1,4,0,1,1,4,0
"1,2,20,34",29,26,29,26,1,0,1,0,2,8,0,3,0,3,1,1,1,1,0,1,3,1,0,1,3,1
"1,2,20,37",3,19,19,19,1,1,0,0,2,8,1,3,3,3,0,2,2,2,1,0,3,2,3,2,3,2
"1,2,21,58",16,3,16,3,1,0,1,0,2,8,1,3,1,3,0,0,0,0,1,0,3,0,1,0,3,0
"1,2,22,26",4,50,4,50,1,0,1,0,2,8,1,3,1,3,0,0,0,0,1,0,3,0,1,0,3,0
"1,2,22,52",31,6,31,6,1,0,1,0,2,8,1,3,1,3,0,0,0,0,1,0,3,0,1,0,3,0
"1,2,23,39",16,16,5,5,0,1,0,1,2,8,0,0,0,0,0,0,2,2,0,0,0,0,0,2,0,2
"1,2,24,28",51,29,51,29,1,0,1,0,2,8,1,4,1,4,0,0,0,0,1,0,4,0,1,0,4,0
"1,2,24,34",6,16,6,16,1,0,1,0,2,8,0,3,0,3,0,1,0,1,0,0,3,1,0,0,3,1
"1,2,24,52",25,3,25,3,1,0,1,0,2,8,1,4,1,4,0,0,0,0,1,0,4,0,1,0,4,0
"1,2,25,33",5,42,5,42,1,0,1,0,2,8,1,4,1,4,1,2,1,2,1,1,4,2,1,1,4,2
"1,2,25,34",42,17,42,17,1,0,1,0,2,8,1,4,1,4,0,0,0,0,1,0,4,0,1,0,4,0
"1,2,25,41",6,52,6,52,1,0,1,0,2,8,2,5,2,5,2,1,2,1,2,2,5,1,2,2,5,1
"1,2,26,32",37,4,37,4,1,0,1,0,2,8,1,3,1,3,0,0,0,0,1,0,3,0,1,0,3,0
"1,2,26,34",5,37,5,37,1,0,1,0,2,8,1,4,1,4,2,1,2,1,1,2,4,1,1,2,4,1
"1,2,26,44",4,37,4,37,1,0,1,0,2,8,1,3,1,3,1,1,1,1,1,1,3,1,1,1,3,1
"1,2,28,29",25,11,25,11,1,0,1,0,2,8,0,3,0,3,2,1,2,1,0,2,3,1,0,2,3,1
"1,2,29,30",3,3,25,25,0,1,0,1,2,8,1,1,2,2,0,0,3,3,1,0,1,0,2,3,2,3
"1,2,29,33",42,25,42,25,1,0,1,0,2,8,0,5,0,5,0,1,0,1,0,0,5,1,0,0,5,1
"1,2,31,42",7,52,7,7,1,0,0,1,2,8,0,2,0,0,2,0,2,2,0,2,2,0,0,2,0,2
"1,2,32,52",25,41,25,41,1,0,1,0,2,8,2,4,2,4,0,0,0,0,2,0,4,0,2,0,4,0
"1,2,37,44",17,19,17,19,1,0,1,0,2,8,1,4,1,4,0,1,0,1,1,0,4,1,1,0,4,1
"1,2,37,49",8,5,8,5,1,0,1,0,2,8,0,2,0,2,0,0,0,0,0,0,2,0,0,0,2,0
"1,2,38,54",50,6,50,6,1,0,1,0,2,8,0,2,0,2,0,0,0,0,0,0,2,0,0,0,2,0
"1,2,43,57",6,16,6,16,1,0,1,0,2,8,0,4,0,4,0,0,0,0,0,0,4,0,0,0,4,0
"1,2,52,60",16,4,16,4,1,0,1,0,2,8,0,3,0,3,0,1,0,1,0,0,3,1,0,0,3,1
"1,3,4,18",32,24,32,24,1,0,1,0,2,8,2,5,2,5,0,0,0,0,2,0,5,0,2,0,5,0
"1,3,4,35",59,32,59,32,1,0,1,0,2,8,1,6,1,6,0,0,0,0,1,0,6,0,1,0,6,0
"1,3,4,41",9,24,9,24,1,0,1,0,2,8,1,5,1,5,1,1,1,1,1,1,5,1,1,1,5,1
"1,3,4,45",9,44,9,44,1,0,1,0,2,8,0,3,0,3,0,0,0,0,0,0,3,0,0,0,3,0
"1,3,5,21",29,53,29,53,1,0,1,0,2,8,2,5,2,5,0,0,0,0,2,0,5,0,2,0,5,0
"1,3,5,49",9,9,9,39,0,0,1,1,2,8,2,2,2,5,0,0,0,2,2,0,2,0,2,0,5,2
"1,3,6,13",41,8,41,8,1,0,1,0,2,8,1,3,1,3,1,1,1,1,1,1,3,1,1,1,3,1
"1,3,6,14",46,24,46,24,1,0,1,0,2,8,1,3,1,3,2,2,2,2,1,2,3,2,1,2,3,2
"1,3,6,47",15,41,15,41,1,0,1,0,2,8,1,3,1,3,0,0,0,0,1,0,3,0,1,0,3,0
"1,3,8,17",53,2,53,2,1,0,1,0,2,8,2,5,2,5,1,1,1,1,2,1,5,1,2,1,5,1
"1,3,8,36",2,2,0,0,0,1,0,1,2,8,3,3,3,3,0,0,2,2,3,0,3,0,3,2,3,2
"1,3,9,27",49,4,49,4,1,0,1,0,2,8,3,6,3,6,0,1,0,1,3,0,6,1,3,0,6,1
"1,3,9,32",33,41,33,41,1,0,1,0,2,8,2,4,2,4,1,1,1,1,2,1,4,1,2,1,4,1
"1,3,11,12",57,2,2,2,1,1,0,0,2,8,1,4,4,4,0,2,2,2,1,0,4,2,4,2,4,2
"1,3,11,35",5,26,5,26,1,0,1,0,2,8,0,3,0,3,0,0,0,0,0,0,3,0,0,0,3,0
"1,3,12,19",37,2,37,2,1,0,1,0,2,8,2,5,2,5,0,1,0,1,2,0,5,1,2,0,5,1
"1,3,12,25",30,2,30,2,1,0,1,0,2,8,1,4,1,4,0,1,0,1,1,0,4,1,1,0,4,1
"1,3,12,27",37,19,37,19,1,0,1,0,2,8,1,3,1,3,0,0,0,0,1,0,3,0,1,0,3,0
"1,3,12,34",6,2,6,2,1,0,1,0,2,8,0,3,0,3,0,0,0,0,0,0,3,0,0,0,3,0
"1,3,12,36",37,2,37,2,1,0,1,0,2,8,0,4,0,4,0,0,0,0,0,0,4,0,0,0,4,0
"1,3,14,30",4,4,4,8,0,0,1,1,2,8,1,1,1,4,0,0,0,2,1,0,1,0,1,0,4,2
"1,3,16,51",11,2,11,2,1,0,1,0,2,8,0,3,0,3,1,0,1,0,0,1,3,0,0,1,3,0
"1,3,17,21",4,33,4,33,1,0,1,0,2,8,2,6,2,6,1,1,1,1,2,1,6,1,2,1,6,1
"1,3,17,26",25,25,35,35,0,1,0,1,2,8,4,4,4,4,0,0,2,2,4,0,4,0,4,2,4,2
"1,3,17,35",25,5,25,5,1,0,1,0,2,8,2,6,2,6,1,1,1,1,2,1,6,1,2,1,6,1
"1,3,18,28",36,19,36,19,1,0,1,0,2,8,1,5,1,5,0,0,0,0,1,0,5,0,1,0,5,0
"1,3,19,20",28,2,28,2,1,0,1,0,2,8,0,4,0,4,0,2,0,2,0,0,4,2,0,0,4,2
"1,3,19,21",16,28,16,28,1,0,1,0,2,8,1,4,1,4,2,2,2,2,1,2,4,2,1,2,4,2
"1,3,19,49",4,24,4,24,1,0,1,0,2,8,0,3,0,3,1,1,1,1,0,1,3,1,0,1,3,1
"1,3,22,43",35,6,35,6,1,0,1,0,2,8,0,4,0,4,0,0,0,0,0,0,4,0,0,0,4,0
"1,3,23,48",8,6,8,6,1,0,1,0,2,8,1,4,1,4,1,1,1,1,1,1,4,1,1,1,4,1
"1,3,24,40",16,49,49,49,1,1,0,0,2,8,1,4,4,4,0,2,2,2,1,0,4,2,4,2,4,2
"1,3,25,39",4,4,33,33,0,1,0,1,2,8,0,0,0,0,0,0,2,2,0,0,0,0,0,2,0,2
"1,3,26,27",35,28,35,28,1,0,1,0,2,8,1,5,1,5,0,2,0,2,1,0,5,2,1,0,5,2
"1,3,26,29",37,2,2,2,1,1,0,0,2,8,0,2,2,2,0,3,3,3,0,0,2,3,2,3,2,3
"1,3,27,33",51,9,51,9,1,0,1,0,2,8,2,5,2,5,0,1,0,1,2,0,5,1,2,0,5,1
"1,3,27,37",12,28,12,28,1,0,1,0,2,8,0,3,0,3,1,1,1,1,0,1,3,1,0,1,3,1
"1,3,28,42",51,21,51,21,1,0,1,0,2,8,0,4,0,4,1,1,1,1,0,1,4,1,0,1,4,1
"1,3,28,55",48,51,48,51,1,0,1,0,2,8,2,5,2,5,0,0,0,0,2,0,5,0,2,0,5,0
"1,3,30,35",38,25,38,7,1,0,1,1,3,8,1,3,1,5,0,0,0,2,1,0,3,0,1,0,5,2
"1,3,30,51",0,5,0,5,1,0,1,0,2,8,0,2,0,2,1,1,1,1,0,1,2,1,0,1,2,1
"1,3,30,58",37,12,37,12,1,0,1,0,2,8,1,3,1,3,1,1,1,1,1,1,3,1,1,1,3,1
"1,3,32,33",39,4,39,4,1,0,1,0,2,8,3,5,3,5,0,0,0,0,3,0,5,0,3,0,5,0
"1,3,33,37",7,17,7,17,1,0,1,0,2,8,2,7,2,7,0,1,0,1,2,0,7,1,2,0,7,1
"1,3,33,49",4,39,39,39,1,1,0,0,2,8,3,5,5,5,0,2,2,2,3,0,5,2,5,2,5,2
"1,3,35,43",6,37,6,37,1,0,1,0,2,8,0,2,0,2,0,0,0,0,0,0,2,0,0,0,2,0
"1,3,35,48",2,6,2,6,1,0,1,0,2,8,1,3,1,3,0,0,0,0,1,0,3,0,1,0,3,0
"1,3,35,59",4,49,4,49,1,0,1,0,2,8,1,3,1,3,0,0,0,0,1,0,3,0,1,0,3,0
"1,3,41,44",51,6,51,6,1,0,1,0,2,8,1,3,1,3,0,0,0,0,1,0,3,0,1,0,3,0
"1,3,46,49",39,24,39,24,1,0,1,0,2,8,1,5,1,5,0,1,0,1,1,0,5,1,1,0,5,1
"1,3,46,53",6,51,6,51,1,0,1,0,2,8,2,5,2,5,1,2,1,2,2,1,5,2,2,1,5,2
"1,3,49,53",59,59,59,33,0,0,1,1,2,8,2,2,2,4,0,0,0,2,2,0,2,0,2,0,4,2
"1,4,5,20",44,28,44,28,1,0,1,0,2,8,1,3,1,3,0,0,0,0,1,0,3,0,1,0,3,0
"1,4,5,22",44,50,50,50,1,1,0,0,2,8,1,4,4,4,0,2,2,2,1,0,4,2,4,2,4,2
"1,4,5,34",26,25,26,25,1,0,1,0,2,8,1,4,1,4,0,1,0,1,1,0,4,1,1,0,4,1
"1,4,5,43",25,44,25,44,1,0,1,0,2,8,2,4,2,4,0,0,0,0,2,0,4,0,2,0,4,0
"1,4,5,53",61,33,61,33,1,0,1,0,2,8,0,2,0,2,0,0,0,0,0,0,2,0,0,0,2,0
"1,4,8,36",0,2,0,2,1,0,1,0,2,8,1,3,1,3,1,1,1,1,1,1,3,1,1,1,3,1
"1,4,8,46",16,6,16,6,1,0,1,0,2,8,1,5,1,5,0,0,0,0,1,0,5,0,1,0,5,0
"1,4,8,53",3,2,3,2,1,0,1,0,2,8,3,5,3,5,1,1,1,1,3,1,5,1,3,1,5,1
"1,4,9,34",14,49,14,49,1,0,1,0,2,8,0,4,0,4,0,0,0,0,0,0,4,0,0,0,4,0
"1,4,10,28",36,5,36,5,1,0,1,0,2,8,2,6,2,6,0,0,0,0,2,0,6,0,2,0,6,0
"1,4,11,37",36,19,36,19,1,0,1,0,2,8,0,2,0,2,1,1,1,1,0,1,2,1,0,1,2,1
"1,4,12,23",52,44,52,44,1,0,1,0,2,8,0,3,0,3,0,0,0,0,0,0,3,0,0,0,3,0
"1,4,13,40",2,5,2,5,1,0,1,0,2,8,0,3,0,3,0,0,0,0,0,0,3,0,0,0,3,0
"1,4,13,42",7,2,7,2,1,0,1,0,2,8,0,3,0,3,0,0,0,0,0,0,3,0,0,0,3,0
"1,4,14,40",9,32,9,32,1,0,1,0,2,8,1,3,1,3,0,0,0,0,1,0,3,0,1,0,3,0
"1,4,15,38",8,33,8,33,1,0,1,0,2,8,1,3,1,3,1,1,1,1,1,1,3,1,1,1,3,1
"1,4,16,34",52,2,52,2,1,0,1,0,2,8,0,2,0,2,1,1,1,1,0,1,2,1,0,1,2,1
"1,4,18,24",31,3,31,3,1,0,1,0,2,8,1,4,1,4,1,1,1,1,1,1,4,1,1,1,4,1
"1,4,18,41",6,23,6,23,1,0,1,0,2,8,0,4,0,4,1,1,1,1,0,1,4,1,0,1,4,1
"1,4,19,20",28,28,44,44,0,1,0,1,2,8,1,1,1,1,0,0,2,2,1,0,1,0,1,2,1,2
"1,4,19,22",44,16,16,16,1,1,0,0,2,8,0,3,3,3,0,2,2,2,0,0,3,2,3,2,3,2
"1,4,19,53",46,46,5,5,0,1,0,1,2,8,0,0,0,0,0,0,2,2,0,0,0,0,0,2,0,2
"1,4,20,35",44,44,44,28,0,0,1,1,2,8,0,0,0,2,0,0,0,2,0,0,0,0,0,0,2,2
"1,4,21,49",14,9,14,9,1,0,1,0,2,8,1,4,1,4,0,1,0,1,1,0,4,1,1,0,4,1
"1,4,22,38",11,6,11,6,1,0,1,0,2,8,0,2,0,2,0,0,0,0,0,0,2,0,0,0,2,0
"1,4,24,61",3,3,31,31,0,1,0,1,2,8,0,0,0,0,0,0,2,2,0,0,0,0,0,2,0,2
"1,4,31,57",9,6,9,6,1,0,1,0,2,8,2,4,2,4,1,1,1,1,2,1,4,1,2,1,4,1
"1,4,32,50",60,49,60,49,1,0,1,0,2,8,2,4,2,4,0,0,0,0,2,0,4,0,2,0,4,0
"1,4,32,62",39,39,39,57,0,0,1,1,2,8,0,0,0,2,0,0,0,2,0,0,0,0,0,0,2,2
"1,4,34,61",25,25,5,5,0,1,0,1,2,8,0,0,0,0,0,0,2,2,0,0,0,0,0,2,0,2
"1,4,36,41",6,9,6,9,1,0,1,0,2,8,1,6,1,6,1,1,1,1,1,1,6,1,1,1,6,1
"1,4,36,55",28,15,28,15,1,0,1,0,2,8,0,3,0,3,0,1,0,1,0,0,3,1,0,0,3,1
"1,4,37,51",46,52,46,52,1,0,1,0,2,8,1,4,1,4,1,0,1,0,1,1,4,0,1,1,4,0
"1,4,38,57",6,2,6,2,1,0,1,0,2,8,0,2,0,2,1,1,1,1,0,1,2,1,0,1,2,1
"1,4,40,44",49,5,49,5,1,0,1,0,2,8,1,6,1,6,0,0,0,0,1,0,6,0,1,0,6,0
"1,4,44,46",5,5,23,23,0,1,0,1,2,8,2,2,2,2,0,0,2,2,2,0,2,0,2,2,2,2
"1,4,44,52",6,16,6,16,1,0,1,0,2,8,1,3,1,3,1,1,1,1,1,1,3,1,1,1,3,1
"1,4,44,58",5,52,52,52,1,1,0,0,2,8,0,3,3,3,0,2,2,2,0,0,3,2,3,2,3,2
"1,4,48,55",19,33,19,33,1,0,1,0,2,8,0,2,0,2,0,0,0,0,0,0,2,0,0,0,2,0
"1,4,48,62",0,3,0,3,1,0,1,0,2,8,1,3,1,3,0,0,0,0,1,0,3,0,1,0,3,0
"1,4,51,60",3,24,3,24,1,0,1,0,2,8,1,3,1,3,1,1,1,1,1,1,3,1,1,1,3,1
"1,4,52,55",37,6,37,6,1,0,1,0,2,8,0,2,0,2,2,2,2,2,0,2,2,2,0,2,2,2
"1,5,9,33",4,3,4,3,1,0,1,0,2,8,2,4,2,4,0,0,0,0,2,0,4,0,2,0,4,0
"1,5,9,40",2,45,2,45,1,0,1,0,2,8,1,3,1,3,0,0,0,0,1,0,3,0,1,0,3,0
"1,5,10,17",25,33,25,33,1,0,1,0,2,8,1,3,1,3,2,2,2,2,1,2,3,2,1,2,3,2
"1,5,10,24",33,33,46,46,0,1,0,1,2,8,3,3,3,3,0,0,2,2,3,0,3,0,3,2,3,2
"1,5,10,49",25,55,25,55,1,0,1,0,2,8,0,2,0,2,1,1,1,1,0,1,2,1,0,1,2,1
"1,5,11,48",8,8,6,6,0,1,0,1,2,8,0,0,0,0,0,0,2,2,0,0,0,0,0,2,0,2
"1,5,12,17",57,33,57,33,1,0,1,0,2,8,0,4,0,4,1,2,1,2,0,1,4,2,0,1,4,2
"1,5,13,31",23,37,23,37,1,0,1,0,2,8,0,2,0,2,0,0,0,0,0,0,2,0,0,0,2,0
"1,5,13,54",53,61,53,61,1,0,1,0,2,8,0,2,0,2,1,1,1,1,0,1,2,1,0,1,2,1
"1,5,14,27",3,0,3,0,1,0,1,0,2,8,1,3,1,3,0,0,0,0,1,0,3,0,1,0,3,0
"1,5,16,31",26,2,26,2,1,0,1,0,2,8,1,4,1,4,0,0,0,0,1,0,4,0,1,0,4,0
"1,5,16,46",21,2,21,2,1,0,1,0,2,8,0,6,0,6,0,0,0,0,0,0,6,0,0,0,6,0
"1,5,17,55",10,10,33,33,0,1,0,1,2,8,2,2,2,2,0,0,2,2,2,0,2,0,2,2,2,2
"1,5,18,44",8,57,8,57,1,0,1,0,2,8,1,3,1,3,0,0,0,0,1,0,3,0,1,0,3,0
"1,5,19,26",31,4,31,4,1,0,1,0,2,8,0,4,0,4,0,1,0,1,0,0,4,1,0,0,4,1
"1,5,19,27",11,4,11,4,1,0,1,0,2,8,0,2,0,2,0,0,0,0,0,0,2,0,0,0,2,0
"1,5,20,45",30,29,30,29,1,0,1,0,2,8,0,3,0,3,0,1,0,1,0,0,3,1,0,0,3,1
"1,5,21,51",6,53,6,53,1,0,1,0,2,8,2,5,2,5,0,1,0,1,2,0,5,1,2,0,5,1
"1,5,22,31",4,46,4,46,1,0,1,0,2,8,2,4,2,4,0,0,0,0,2,0,4,0,2,0,4,0
"1,5,22,34",11,6,11,6,1,0,1,0,2,8,0,5,0,5,0,1,0,1,0,0,5,1,0,0,5,1
"1,5,22,40",17,4,17,4,1,0,1,0,2,8,0,5,0,5,0,0,0,0,0,0,5,0,0,0,5,0
"1,5,22,49",17,4,17,4,1,0,1,0,2,8,0,3,0,3,0,0,0,0,0,0,3,0,0,0,3,0
"1,5,23,31",37,7,37,7,1,0,1,0,2,8,1,4,1,4,0,0,0,0,1,0,4,0,1,0,4,0
"1,5,25,30",33,0,33,0,1,0,1,0,2,8,1,4,1,4,0,1,0,1,1,0,4,1,1,0,4,1
"1,5,26,31",19,6,6,6,1,1,0,0,2,8,0,4,4,4,0,2,2,2,0,0,4,2,4,2,4,2
"1,5,26,41",6,31,6,31,1,0,1,0,2,8,0,3,0,3,1,1,1,1,0,1,3,1,0,1,3,1
"1,5,27,46",24,41,24,41,1,0,1,0,2,8,1,5,1,5,0,0,0,0,1,0,5,0,1,0,5,0
"1,5,28,31",14,46,14,46,1,0,1,0,2,8,1,3,1,3,0,0,0,0,1,0,3,0,1,0,3,0
"1,5,29,33",57,4,57,4,1,0,1,0,2,8,2,4,2,4,0,0,0,0,2,0,4,0,2,0,4,0
"1,5,35,46",6,28,6,28,1,0,1,0,2,8,0,5,0,5,0,0,0,0,0,0,5,0,0,0,5,0
"1,5,36,51",46,6,46,6,1,0,1,0,2,8,0,3,0,3,0,0,0,0,0,0,3,0,0,0,3,0
"1,5,37,53",7,3,7,3,1,0,1,0,2,8,0,4,0,4,1,1,1,1,0,1,4,1,0,1,4,1
"1,5,42,45",53,46,53,46,1,0,1,0,2,8,1,6,1,6,0,1,0,1,1,0,6,1,1,0,6,1
"1,5,45,49",21,9,21,9,1,0,1,0,2,8,3,5,3,5,1,1,1,1,3,1,5,1,3,1,5,1
"1,6,8,30",3,46,3,46,1,0,1,0,2,8,1,3,1,3,1,1,1,1,1,1,3,1,1,1,3,1
"1,6,8,35",16,7,16,7,1,0,1,0,2,8,1,5,1,5,0,1,0,1,1,0,5,1,1,0,5,1
"1,6,8,52",4,12,4,12,1,0,1,0,2,8,1,4,1,4,0,1,0,1,1,0,4,1,1,0,4,1
"1,6,9,41",32,4,32,4,1,0,1,0,2,8,1,3,1,3,0,0,0,0,1,0,3,0,1,0,3,0
"1,6,10,37",51,3,51,3,1,0,1,0,2,8,1,3,1,3,1,1,1,1,1,1,3,1,1,1,3,1
"1,6,10,52",12,34,12,34,1,0,1,0,2,8,0,2,0,2,0,0,0,0,0,0,2,0,0,0,2,0
"1,6,11,26",31,36,31,36,1,0,1,0,2,8,2,4,2,4,2,2,2,2,2,2,4,2,2,2,4,2
"1,6,11,51",3,25,3,25,1,0,1,0,2,8,2,7,2,7,1,1,1,1,2,1,7,1,2,1,7,1
"1,6,16,55",0,2,0,2,1,0,1,0,2,8,0,3,0,3,0,0,0,0,0,0,3,0,0,0,3,0
"1,6,16,61",11,5,11,5,1,0,1,0,2,8,2,4,2,4,1,1,1,1,2,1,4,1,2,1,4,1
"1,6,17,30",23,41,23,41,1,0,1,0,2,8,1,3,1,3,0,0,0,0,1,0,3,0,1,0,3,0
"1,6,18,20",41,23,41,23,1,0,1,0,2,8,0,3,0,3,1,2,1,2,0,1,3,2,0,1,3,2
"1,6,18,27",41,4,41,4,1,0,1,0,2,8,0,4,0,4,1,1,1,1,0,1,4,1,0,1,4,1
"1,6,24,32",3,8,3,8,1,0,1,0,2,8,3,5,3,5,1,1,1,1,3,1,5,1,3,1,5,1
"1,6,25,26",41,31,41,31,1,0,1,0,2,8,1,5,1,5,0,1,0,1,1,0,5,1,1,0,5,1
"1,6,25,29",41,2,41,2,1,0,1,0,2,8,0,5,0,5,1,1,1,1,0,1,5,1,0,1,5,1
"1,6,25,35",24,7,24,7,1,0,1,0,2,8,2,4,2,4,1,1,1,1,2,1,4,1,2,1,4,1
"1,6,25,36",57,0,57,0,1,0,1,0,2,8,0,3,0,3,1,1,1,1,0,1,3,1,0,1,3,1
"1,6,27,54",52,41,52,41,1,0,1,0,2,8,0,3,0,3,1,1,1,1,0,1,3,1,0,1,3,1
"1,6,34,42",41,51,41,51,1,0,1,0,2,8,0,3,0,3,1,2,1,2,0,1,3,2,0,1,3,2
"1,6,35,62",46,24,46,24,1,0,1,0,2,8,1,3,1,3,0,0,0,0,1,0,3,0,1,0,3,0
"1,6,40,58",46,2,46,2,1,0,1,0,2,8,0,2,0,2,1,1,1,1,0,1,2,1,0,1,2,1
"1,6,41,42",17,27,17,27,1,0,1,0,2,8,1,4,1,4,0,0,0,0,1,0,4,0,1,0,4,0
"1,6,41,48",0,2,0,2,1,0,1,0,2,8,1,4,1,4,0,0,0,0,1,0,4,0,1,0,4,0
"1,6,50,62",52,41,52,41,1,0,1,0,2,8,0,3,0,3,0,0,0,0,0,0,3,0,0,0,3,0
"1,6,51,61",36,37,36,37,1,0,1,0,2,8,2,4,2,4,0,0,0,0,2,0,4,0,2,0,4,0
"1,8,9,28",19,11,19,11,1,0,1,0,2,8,1,5,1,5,0,0,0,0,1,0,5,0,1,0,5,0
"1,8,9,55",19,12,19,12,1,0,1,0,2,8,0,2,0,2,0,0,0,0,0,0,2,0,0,0,2,0
"1,8,10,13",2,53,2,53,1,0,1,0,2,8,2,4,2,4,1,1,1,1,2,1,4,1,2,1,4,1
"1,8,10,42",2,12,2,12,1,0,1,0,2,8,1,3,1,3,1,1,1,1,1,1,3,1,1,1,3,1
"1,8,12,26",13,9,13,9,1,0,1,0,2,8,1,5,1,5,0,1,0,1,1,0,5,1,1,0,5,1
"1,8,12,41",46,9,46,9,1,0,1,0,2,8,1,5,1,5,0,0,0,0,1,0,5,0,1,0,5,0
"1,8,13,19",53,12,53,12,1,0,1,0,2,8,1,4,1,4,0,1,0,1,1,0,4,1,1,0,4,1
"1,8,14,21",11,11,11,28,0,0,1,1,2,8,0,0,0,4,0,0,0,2,0,0,0,0,0,0,4,2
"1,8,15,26",33,44,33,44,1,0,1,0,2,8,1,4,1,4,0,0,0,0,1,0,4,0,1,0,4,0
"1,8,15,30",13,12,13,12,1,0,1,0,2,8,1,5,1,5,0,0,0,0,1,0,5,0,1,0,5,0
"1,8,15,54",25,14,25,14,1,0,1,0,2,8,0,4,0,4,0,0,0,0,0,0,4,0,0,0,4,0
"1,8,20,44",35,28,35,28,1,0,1,0,2,8,0,3,0,3,0,1,0,1,0,0,3,1,0,0,3,1
"1,8,21,29",12,37,12,37,1,0,1,0,2,8,0,2,0,2,1,1,1,1,0,1,2,1,0,1,2,1
"1,8,21,44",53,35,53,33,1,0,1,1,3,8,0,2,0,4,0,0,0,2,0,0,2,0,0,0,4,2
"1,8,23,31",5,15,15,15,1,1,0,0,2,8,1,3,3,3,0,2,2,2,1,0,3,2,3,2,3,2
"1,8,23,46",37,44,37,44,1,0,1,0,2,8,1,3,1,3,0,0,0,0,1,0,3,0,1,0,3,0
"1,8,27,37",28,19,28,19,1,0,1,0,2,8,0,3,0,3,0,0,0,0,0,0,3,0,0,0,3,0
"1,8,27,55",19,28,19,28,1,0,1,0,2,8,0,3,0,3,0,1,0,1,0,0,3,1,0,0,3,1
"1,8,29,44",53,26,53,26,1,0,1,0,2,8,0,3,0,3,0,1,0,1,0,0,3,1,0,0,3,1
"1,8,29,55",28,37,28,37,1,0,1,0,2,8,0,3,0,3,0,0,0,0,0,0,3,0,0,0,3,0
"1,8,29,62",35,26,35,26,1,0,1,0,2,8,0,3,0,3,0,0,0,0,0,0,3,0,0,0,3,0
"1,8,30,62",53,35,53,35,1,0,1,0,2,8,1,4,1,4,0,1,0,1,1,0,4,1,1,0,4,1
"1,8,37,46",51,6,51,6,1,0,1,0,2,8,2,4,2,4,0,0,0,0,2,0,4,0,2,0,4,0
"1,8,46,62",16,41,16,41,1,0,1,0,2,8,1,3,1,3,0,0,0,0,1,0,3,0,1,0,3,0
"1,9,10,12",37,37,33,33,0,1,0,1,2,8,2,2,2,2,0,0,2,2,2,0,2,0,2,2,2,2
"1,9,12,27",52,33,52,33,1,0,1,0,2,8,2,5,2,5,1,1,1,1,2,1,5,1,2,1,5,1
"1,9,12,37",10,10,33,33,0,1,0,1,2,8,2,2,2,2,0,0,2,2,2,0,2,0,2,2,2,2
"1,9,12,44",17,8,17,8,1,0,1,0,2,8,2,4,2,4,1,1,1,1,2,1,4,1,2,1,4,1
"1,9,12,46",24,52,24,52,1,0,1,0,2,8,0,3,0,3,1,1,1,1,0,1,3,1,0,1,3,1
"1,9,13,36",11,41,11,41,1,0,1,0,2,8,0,3,0,3,0,1,0,1,0,0,3,1,0,0,3,1
"1,9,14,36",4,49,4,49,1,0,1,0,2,8,1,3,1,3,0,0,0,0,1,0,3,0,1,0,3,0
"1,9,14,60",33,8,33,8,1,0,1,0,2,8,1,3,1,3,0,0,0,0,1,0,3,0,1,0,3,0
"1,9,16,17",23,23,23,19,0,0,1,1,2,8,1,1,1,3,0,0,0,2,1,0,1,0,1,0,3,2
"1,9,16,27",36,41,36,41,1,0,1,0,2,8,1,4,1,4,0,0,0,0,1,0,4,0,1,0,4,0
"1,9,16,28",36,19,36,19,1,0,1,0,2,8,0,2,0,2,1,1,1,1,0,1,2,1,0,1,2,1
"1,9,17,20",37,28,37,28,1,0,1,0,2,8,2,7,2,7,0,0,0,0,2,0,7,0,2,0,7,0
"1,9,17,48",26,8,26,8,1,0,1,0,2,8,0,3,0,3,0,0,0,0,0,0,3,0,0,0,3,0
"1,9,17,50",26,2,26,2,1,0,1,0,2,8,1,3,1,3,0,0,0,0,1,0,3,0,1,0,3,0
"1,9,17,60",3,4,3,4,1,0,1,0,2,8,1,3,1,3,0,0,0,0,1,0,3,0,1,0,3,0
"1,9,18,26",2,27,2,2,1,0,0,1,2,8,3,5,3,3,3,0,3,3,3,3,5,0,3,3,3,3
"1,9,18,33",27,36,27,36,1,0,1,0,2,8,1,5,1,5,0,0,0,0,1,0,5,0,1,0,5,0
"1,9,19,25",37,36,37,36,1,0,1,0,2,8,1,6,1,6,0,0,0,0,1,0,6,0,1,0,6,0
"1,9,19,34",37,25,37,25,1,0,1,0,2,8,1,3,1,3,1,1,1,1,1,1,3,1,1,1,3,1
"1,9,19,37",41,27,41,27,1,0,1,0,2,8,1,5,1,5,0,0,0,0,1,0,5,0,1,0,5,0
"1,9,19,49",14,24,14,24,1,0,1,0,2,8,1,3,1,3,0,0,0,0,1,0,3,0,1,0,3,0
"1,9,22,57",11,12,11,12,1,0,1,0,2,8,1,3,1,3,0,0,0,0,1,0,3,0,1,0,3,0
"1,9,24,60",10,41,10,41,1,0,1,0,2,8,0,3,0,3,0,0,0,0,0,0,3,0,0,0,3,0
"1,9,25,27",36,36,36,26,0,0,1,1,2,8,1,1,1,4,0,0,0,2,1,0,1,0,1,0,4,2
"1,9,25,39",4,31,4,31,1,0,1,0,2,8,1,4,1,4,0,0,0,0,1,0,4,0,1,0,4,0
"1,9,25,48",6,8,6,8,1,0,1,0,2,8,1,3,1,3,0,0,0,0,1,0,3,0,1,0,3,0
"1,9,25,55",19,15,19,15,1,0,1,0,2,8,0,3,0,3,0,0,0,0,0,0,3,0,0,0,3,0
"1,9,27,41",36,24,36,24,1,0,1,0,2,8,2,4,2,4,1,1,1,1,2,1,4,1,2,1,4,1
"1,9,29,57",48,36,48,36,1,0,1,0,2,8,1,4,1,4,0,0,0,0,1,0,4,0,1,0,4,0
"1,9,33,48",27,8,27,8,1,0,1,0,2,8,1,3,1,3,1,1,1,1,1,1,3,1,1,1,3,1
"1,9,34,57",48,36,48,36,1,0,1,0,2,8,1,4,1,4,0,0,0,0,1,0,4,0,1,0,4,0
"1,9,37,43",19,41,19,41,1,0,1,0,2,8,1,5,1,5,0,1,0,1,1,0,5,1,1,0,5,1
"1,9,39,41",32,31,32,31,1,0,1,0,2,8,1,4,1,4,1,1,1,1,1,1,4,1,1,1,4,1
"1,9,39,59",33,57,33,57,1,0,1,0,2,8,1,3,1,3,0,0,0,0,1,0,3,0,1,0,3,0
"1,9,40,49",54,24,54,24,1,0,1,0,2,8,1,3,1,3,0,0,0,0,1,0,3,0,1,0,3,0
"1,9,41,53",6,46,6,46,1,0,1,0,2,8,0,3,0,3,1,1,1,1,0,1,3,1,0,1,3,1
"1,9,42,45",36,41,36,41,1,0,1,0,2,8,0,4,0,4,0,0,0,0,0,0,4,0,0,0,4,0
"1,9,47,50",57,49,57,49,1,0,1,0,2,8,1,3,1,3,0,0,0,0,1,0,3,0,1,0,3,0
"1,9,52,54",31,49,31,49,1,0,1,0,2,8,0,2,0,2,1,1,1,1,0,1,2,1,0,1,2,1
"1,9,52,58",41,49,41,49,1,0,1,0,2,8,2,5,2,5,1,1,1,1,2,1,5,1,2,1,5,1
"1,10,11,40",46,46,8,8,0,1,0,1,2,8,0,0,0,0,0,0,2,2,0,0,0,0,0,2,0,2
"1,10,11,41",46,25,46,25,1,0,1,0,2,8,0,2,0,2,1,1,1,1,0,1,2,1,0,1,2,1
"1,10,13,28",11,8,8,8,1,1,0,0,2,8,1,3,3,3,0,2,2,2,1,0,3,2,3,2,3,2
"1,10,17,21",18,46,18,46,1,0,1,0,2,8,1,4,1,4,0,0,0,0,1,0,4,0,1,0,4,0
"1,10,17,44",25,28,25,28,1,0,1,0,2,8,1,4,1,4,0,1,0,1,1,0,4,1,1,0,4,1
"1,10,17,58",12,37,12,37,1,0,1,0,2,8,0,3,0,3,1,1,1,1,0,1,3,1,0,1,3,1
"1,10,18,45",4,37,4,37,1,0,1,0,2,8,0,3,0,3,0,1,0,1,0,0,3,1,0,0,3,1
"1,10,18,49",28,58,28,58,1,0,1,0,2,8,0,4,0,4,0,0,0,0,0,0,4,0,0,0,4,0
"1,10,23,36",51,28,51,28,1,0,1,0,2,8,0,2,0,2,0,0,0,0,0,0,2,0,0,0,2,0
"1,10,24,32",31,41,31,41,1,0,1,0,2,8,1,3,1,3,0,0,0,0,1,0,3,0,1,0,3,0
"1,10,24,35",37,46,37,46,1,0,1,0,2,8,2,4,2,4,0,0,0,0,2,0,4,0,2,0,4,0
"1,10,24,58",51,52,51,52,1,0,1,0,2,8,2,4,2,4,0,0,0,0,2,0,4,0,2,0,4,0
"1,10,24,60",9,4,9,4,1,0,1,0,2,8,0,3,0,3,0,0,0,0,0,0,3,0,0,0,3,0
"1,10,25,60",11,46,11,46,1,0,1,0,2,8,1,5,1,5,0,0,0,0,1,0,5,0,1,0,5,0
"1,10,27,28",35,24,24,24,1,1,0,0,2,8,1,4,4,4,0,2,2,2,1,0,4,2,4,2,4,2
"1,10,28,34",18,27,27,27,1,1,0,0,2,8,1,3,3,3,0,2,2,2,1,0,3,2,3,2,3,2
"1,10,28,47",35,11,35,11,1,0,1,0,2,8,0,2,0,2,0,0,0,0,0,0,2,0,0,0,2,0
"1,10,31,52",12,37,12,37,1,0,1,0,2,8,0,3,0,3,0,0,0,0,0,0,3,0,0,0,3,0
"1,10,34,49",28,25,25,25,1,1,0,0,2,8,0,3,3,3,0,2,2,2,0,0,3,2,3,2,3,2
"1,10,36,46",41,51,41,51,1,0,1,0,2,8,0,4,0,4,0,0,0,0,0,0,4,0,0,0,4,0
"1,10,37,44",20,26,20,26,1,0,1,0,2,8,1,4,1,4,0,0,0,0,1,0,4,0,1,0,4,0
"1,10,40,49",9,17,9,17,1,0,1,0,2,8,0,3,0,3,0,0,0,0,0,0,3,0,0,0,3,0
"1,10,42,55",50,33,50,33,1,0,1,0,2,8,1,4,1,4,0,0,0,0,1,0,4,0,1,0,4,0
"1,10,43,46",40,41,40,41,1,0,1,0,2,8,0,3,0,3,0,0,0,0,0,0,3,0,0,0,3,0
"1,10,45,60",25,46,25,46,1,0,1,0,2,8,0,3,0,3,0,1,0,1,0,0,3,1,0,0,3,1
"1,11,12,14",57,28,57,28,1,0,1,0,2,8,0,3,0,3,0,1,0,1,0,0,3,1,0,0,3,1
"1,11,12,52",9,16,9,16,1,0,1,0,2,8,0,5,0,5,0,1,0,1,0,0,5,1,0,0,5,1
"1,11,13,31",38,6,38,6,1,0,1,0,2,8,0,4,0,4,0,0,0,0,0,0,4,0,0,0,4,0
"1,11,13,61",16,8,16,8,1,0,1,0,2,8,1,4,1,4,0,0,0,0,1,0,4,0,1,0,4,0
"1,11,14,19",51,46,51,46,1,0,1,0,2,8,1,5,1,5,0,0,0,0,1,0,5,0,1,0,5,0
"1,11,14,25",51,28,51,28,1,0,1,0,2,8,0,2,0,2,1,1,1,1,0,1,2,1,0,1,2,1
"1,11,14,51",8,6,8,6,1,0,1,0,2,8,0,3,0,3,0,0,0,0,0,0,3,0,0,0,3,0
"1,11,19,28",3,35,3,35,1,0,1,0,2,8,2,5,2,5,1,1,1,1,2,1,5,1,2,1,5,1
"1,11,19,41",46,51,46,51,1,0,1,0,2,8,1,5,1,5,0,0,0,0,1,0,5,0,1,0,5,0
"1,11,19,53",51,46,51,46,1,0,1,0,2,8,1,3,1,3,0,0,0,0,1,0,3,0,1,0,3,0
"1,11,20,23",51,51,16,16,0,1,0,1,2,8,0,0,0,0,0,0,2,2,0,0,0,0,0,2,0,2
"1,11,21,25",51,61,51,61,1,0,1,0,2,8,1,4,1,4,0,0,0,0,1,0,4,0,1,0,4,0
"1,11,21,36",20,46,20,46,1,0,1,0,2,8,1,7,1,7,1,0,1,0,1,1,7,0,1,1,7,0
"1,11,22,37",32,32,57,57,0,1,0,1,2,8,0,0,0,0,0,0,2,2,0,0,0,0,0,2,0,2
"1,11,22,57",25,29,25,29,1,0,1,0,2,8,1,5,1,5,0,0,0,0,1,0,5,0,1,0,5,0
"1,11,22,62",19,6,19,6,1,0,1,0,2,8,0,3,0,3,1,0,1,0,0,1,3,0,0,1,3,0
"1,11,24,43",51,51,16,16,0,1,0,1,2,8,0,0,0,0,0,0,2,2,0,0,0,0,0,2,0,2
"1,11,25,33",10,28,10,28,1,0,1,0,2,8,2,6,2,6,1,2,1,2,2,1,6,2,2,1,6,2
"1,11,25,58",61,57,61,57,1,0,1,0,2,8,0,3,0,3,0,0,0,0,0,0,3,0,0,0,3,0
"1,11,26,36",27,6,27,6,1,0,1,0,2,8,2,6,2,6,2,0,2,0,2,2,6,0,2,2,6,0
"1,11,26,55",36,62,36,62,1,0,1,0,2,8,0,3,0,3,0,1,0,1,0,0,3,1,0,0,3,1
"1,11,27,37",19,19,51,51,0,1,0,1,2,8,0,0,0,0,0,0,3,3,0,0,0,0,0,3,0,3
"1,11,28,35",19,19,29,19,0,1,1,0,2,8,5,5,3,5,1,1,3,1,5,1,5,1,3,3,5,1
"1,11,28,37",8,29,8,29,1,0,1,0,2,8,1,6,1,6,0,0,0,0,1,0,6,0,1,0,6,0
"1,11,29,58",28,26,28,26,1,0,1,0,2,8,1,3,1,3,0,0,0,0,1,0,3,0,1,0,3,0
"1,11,31,61",6,51,6,51,1,0,1,0,2,8,2,6,2,6,1,1,1,1,2,1,6,1,2,1,6,1
"1,11,32,44",57,51,57,51,1,0,1,0,2,8,0,2,0,2,0,0,0,0,0,0,2,0,0,0,2,0
"1,11,33,34",51,25,25,25,1,1,0,0,2,8,0,2,2,2,1,3,3,3,0,1,2,3,2,3,2,3
"1,11,33,35",36,25,36,25,1,0,1,0,2,8,2,6,2,6,1,1,1,1,2,1,6,1,2,1,6,1
"1,11,36,43",18,19,18,19,1,0,1,0,2,8,1,4,1,4,0,1,0,1,1,0,4,1,1,0,4,1
"1,11,37,58",32,51,32,51,1,0,1,0,2,8,1,3,1,3,0,0,0,0,1,0,3,0,1,0,3,0
"1,11,41,49",46,51,46,51,1,0,1,0,2,8,0,4,0,4,0,1,0,1,0,0,4,1,0,0,4,1
"1,11,46,60",16,51,16,51,1,0,1,0,2,8,0,3,0,3,0,1,0,1,0,0,3,1,0,0,3,1
"1,11,47,54",2,57,2,57,1,0,1,0,2,8,0,3,0,3,0,0,0,0,0,0,3,0,0,0,3,0
"1,11,50,55",51,51,10,10,0,1,0,1,2,8,0,0,0,0,0,0,2,2,0,0,0,0,0,2,0,2
"1,11,51,60",24,46,24,46,1,0,1,0,2,8,0,3,0,3,0,1,0,1,0,0,3,1,0,0,3,1
"1,12,14,35",29,9,29,9,1,0,1,0,2,8,1,4,1,4,0,0,0,0,1,0,4,0,1,0,4,0
"1,12,18,22",11,57,11,57,1,0,1,0,2,8,0,4,0,4,0,0,0,0,0,0,4,0,0,0,4,0
"1,12,18,39",57,35,57,35,1,0,1,0,2,8,0,2,0,2,0,0,0,0,0,0,2,0,0,0,2,0
"1,12,19,25",30,33,30,33,1,0,1,0,2,8,2,5,2,5,2,1,2,1,2,2,5,1,2,2,5,1
"1,12,20,34",52,52,52,28,0,0,1,1,2,8,0,0,0,3,0,0,0,2,0,0,0,0,0,0,3,2
"1,12,21,24",29,16,29,16,1,0,1,0,2,8,2,4,2,4,2,2,2,2,2,2,4,2,2,2,4,2
"1,12,21,36",37,28,37,28,1,0,1,0,2,8,3,6,3,6,0,0,0,0,3,0,6,0,3,0,6,0
"1,12,21,51",11,52,11,52,1,0,1,0,2,8,0,4,0,4,1,1,1,1,0,1,4,1,0,1,4,1
"1,12,22,62",30,6,30,6,1,0,1,0,2,8,0,3,0,3,0,0,0,0,0,0,3,0,0,0,3,0
"1,12,23,42",18,18,46,46,0,1,0,1,2,8,0,0,0,0,0,0,2,2,0,0,0,0,0,2,0,2
"1,12,24,53",52,46,52,46,1,0,1,0,2,8,1,3,1,3,1,1,1,1,1,1,3,1,1,1,3,1
"1,12,26,35",52,2,52,2,1,0,1,0,2,8,2,4,2,4,0,0,0,0,2,0,4,0,2,0,4,0
"1,12,28,41",37,52,37,52,1,0,1,0,2,8,2,5,2,5,0,0,0,0,2,0,5,0,2,0,5,0
"1,12,29,36",30,28,30,28,1,0,1,0,2,8,1,6,1,6,0,0,0,0,1,0,6,0,1,0,6,0
"1,12,29,41",23,18,23,18,1,0,1,0,2,8,3,5,3,5,2,2,2,2,3,2,5,2,3,2,5,2
"1,12,29,45",18,21,18,21,1,0,1,0,2,8,1,3,1,3,0,0,0,0,1,0,3,0,1,0,3,0
"1,12,30,45",52,37,52,52,1,0,0,1,2,8,0,2,0,0,2,0,2,2,0,2,2,0,0,2,0,2
"1,12,30,46",6,19,6,19,1,0,1,0,2,8,1,3,1,3,1,1,1,1,1,1,3,1,1,1,3,1
"1,12,31,37",28,13,28,13,1,0,1,0,2,8,0,4,0,4,0,0,0,0,0,0,4,0,0,0,4,0
"1,12,31,52",20,63,20,63,1,0,1,0,2,8,0,4,0,4,0,0,0,0,0,0,4,0,0,0,4,0
"1,12,33,41",46,52,46,52,1,0,1,0,2,8,2,7,2,7,0,1,0,1,2,0,7,1,2,0,7,1
"1,12,33,52",16,41,16,41,1,0,1,0,2,8,3,6,3,6,1,2,1,2,3,1,6,2,3,1,6,2
"1,12,36,51",37,52,37,52,1,0,1,0,2,8,2,5,2,5,0,0,0,0,2,0,5,0,2,0,5,0
"1,12,37,39",32,32,32,33,0,0,1,1,2,8,1,1,1,3,0,0,0,2,1,0,1,0,1,0,3,2
"1,12,37,53",8,13,8,13,1,0,1,0,2,8,0,3,0,3,0,0,0,0,0,0,3,0,0,0,3,0
"1,12,40,46",41,52,41,52,1,0,1,0,2,8,1,5,1,5,0,1,0,1,1,0,5,1,1,0,5,1
"1,12,41,44",46,33,46,33,1,0,1,0,2,8,1,7,1,7,1,1,1,1,1,1,7,1,1,1,7,1
"1,12,55,57",17,11,17,11,1,0,1,0,2,8,1,4,1,4,0,0,0,0,1,0,4,0,1,0,4,0
"1,13,14,23",46,41,46,41,1,0,1,0,2,8,1,4,1,4,0,0,0,0,1,0,4,0,1,0,4,0
"1,13,16,19",22,41,22,41,1,0,1,0,2,8,0,4,0,4,0,0,0,0,0,0,4,0,0,0,4,0
"1,13,19,31",41,41,37,37,0,1,0,1,2,8,1,1,2,2,0,0,3,3,1,0,1,0,2,3,2,3
"1,13,20,28",36,10,36,10,1,0,1,0,2,8,0,3,0,3,0,1,0,1,0,0,3,1,0,0,3,1
"1,13,20,42",34,37,34,37,1,0,1,0,2,8,1,3,1,3,0,0,0,0,1,0,3,0,1,0,3,0
"1,13,21,31",37,41,37,41,1,0,1,0,2,8,0,3,0,3,0,0,0,0,0,0,3,0,0,0,3,0
"1,13,25,32",57,11,57,11,1,0,1,0,2,8,1,3,1,3,0,0,0,0,1,0,3,0,1,0,3,0
"1,13,25,36",57,41,57,41,1,0,1,0,2,8,1,3,1,3,0,0,0,0,1,0,3,0,1,0,3,0
"1,13,25,42",2,41,2,41,1,0,1,0,2,8,0,2,0,2,0,0,0,0,0,0,2,0,0,0,2,0
"1,13,26,37",29,19,29,19,1,0,1,0,2,8,1,4,1,4,0,0,0,0,1,0,4,0,1,0,4,0
"1,13,26,43",34,34,37,37,0,1,0,1,2,8,0,0,0,0,0,0,2,2,0,0,0,0,0,2,0,2
"1,13,27,40",53,8,53,8,1,0,1,0,2,8,0,2,0,2,1,1,1,1,0,1,2,1,0,1,2,1
"1,13,30,57",37,8,37,8,1,0,1,0,2,8,0,2,0,2,1,1,1,1,0,1,2,1,0,1,2,1
"1,13,32,46",16,53,16,53,1,0,1,0,2,8,1,4,1,4,0,0,0,0,1,0,4,0,1,0,4,0
"1,13,33,52",41,12,41,12,1,0,1,0,2,8,0,2,0,2,1,1,1,1,0,1,2,1,0,1,2,1
"1,13,37,61",36,31,36,31,1,0,1,0,2,8,0,4,0,4,0,0,0,0,0,0,4,0,0,0,4,0
"1,13,44,47",53,61,53,61,1,0,1,0,2,8,0,3,0,3,0,0,0,0,0,0,3,0,0,0,3,0
"1,13,44,55",10,62,10,62,1,0,1,0,2,8,1,3,1,3,0,0,0,0,1,0,3,0,1,0,3,0
"1,13,44,61",57,47,57,47,1,0,1,0,2,8,0,3,0,3,0,0,0,0,0,0,3,0,0,0,3,0
"1,13,46,50",52,8,52,8,1,0,1,0,2,8,1,4,1,4,0,0,0,0,1,0,4,0,1,0,4,0
"1,13,48,51",57,57,57,8,0,0,1,1,2,8,0,0,0,2,0,0,0,2,0,0,0,0,0,0,2,2
"1,13,48,55",30,53,30,53,1,0,1,0,2,8,1,3,1,3,0,0,0,0,1,0,3,0,1,0,3,0
"1,13,49,59",3,3,41,41,0,1,0,1,2,8,0,0,0,0,0,0,2,2,0,0,0,0,0,2,0,2
"1,14,18,54",49,49,9,9,0,1,0,1,2,8,0,0,0,0,0,0,2,2,0,0,0,0,0,2,0,2
"1,14,19,20",46,46,46,28,0,0,1,1,2,8,0,0,0,2,0,0,0,2,0,0,0,0,0,0,2,2
"1,14,21,26",11,49,11,49,1,0,1,0,2,8,0,2,0,2,1,1,1,1,0,1,2,1,0,1,2,1
"1,14,23,51",49,28,49,28,1,0,1,0,2,8,1,4,1,4,0,0,0,0,1,0,4,0,1,0,4,0
"1,14,25,34",49,9,49,9,1,0,1,0,2,8,0,3,0,3,0,0,0,0,0,0,3,0,0,0,3,0
"1,14,26,46",6,19,6,19,1,0,1,0,2,8,1,5,1,5,0,0,0,0,1,0,5,0,1,0,5,0
"1,14,27,46",23,19,23,19,1,0,1,0,2,8,1,4,1,4,0,0,0,0,1,0,4,0,1,0,4,0
"1,14,27,49",3,54,3,54,1,0,1,0,2,8,1,5,1,5,0,0,0,0,1,0,5,0,1,0,5,0
"1,14,27,54",31,49,31,49,1,0,1,0,2,8,1,4,1,4,0,1,0,1,1,0,4,1,1,0,4,1
"1,14,28,30",5,35,5,35,1,0,1,0,2,8,0,2,0,2,1,1,1,1,0,1,2,1,0,1,2,1
"1,14,30,37",13,46,13,46,1,0,1,0,2,8,0,4,0,4,0,0,0,0,0,0,4,0,0,0,4,0
"1,14,30,60",24,24,46,46,0,1,0,1,2,8,0,0,0,0,0,0,2,2,0,0,0,0,0,2,0,2
"1,14,32,44",39,49,39,49,1,0,1,0,2,8,1,3,1,3,0,0,0,0,1,0,3,0,1,0,3,0
"1,14,32,49",17,37,17,37,1,0,1,0,2,8,1,4,1,4,0,1,0,1,1,0,4,1,1,0,4,1
"1,14,34,35",49,28,49,28,1,0,1,0,2,8,0,2,0,2,0,0,0,0,0,0,2,0,0,0,2,0
"1,14,35,46",6,28,6,28,1,0,1,0,2,8,1,5,1,5,1,0,1,0,1,1,5,0,1,1,5,0
"1,14,38,45",22,46,22,46,1,0,1,0,2,8,0,3,0,3,0,0,0,0,0,0,3,0,0,0,3,0
"1,14,40,58",57,10,57,10,1,0,1,0,2,8,0,3,0,3,0,0,0,0,0,0,3,0,0,0,3,0
"1,14,49,51",23,24,23,24,1,0,1,0,2,8,1,5,1,5,0,1,0,1,1,0,5,1,1,0,5,1
"1,15,16,52",2,8,2,8,1,0,1,0,2,8,0,3,0,3,1,1,1,1,0,1,3,1,0,1,3,1
"1,15,16,57",33,23,33,23,1,0,1,0,2,8,1,3,1,3,0,0,0,0,1,0,3,0,1,0,3,0
"1,15,19,43",25,8,8,8,1,1,0,0,2,8,0,2,2,2,0,2,2,2,0,0,2,2,2,2,2,2
"1,15,20,48",47,29,47,29,1,0,1,0,2,8,1,3,1,3,0,0,0,0,1,0,3,0,1,0,3,0
"1,15,24,62",23,31,23,31,1,0,1,0,2,8,1,3,1,3,0,0,0,0,1,0,3,0,1,0,3,0
"1,15,26,57",36,29,36,29,1,0,1,0,2,8,0,3,0,3,0,0,0,0,0,0,3,0,0,0,3,0
"1,15,28,51",24,55,24,55,1,0,1,0,2,8,0,3,0,3,0,1,0,1,0,0,3,1,0,0,3,1
"1,15,32,57",36,39,36,39,1,0,1,0,2,8,1,3,1,3,0,0,0,0,1,0,3,0,1,0,3,0
"1,16,17,41",20,32,20,32,1,0,1,0,2,8,2,4,2,4,0,0,0,0,2,0,4,0,2,0,4,0
"1,16,18,25",52,41,52,41,1,0,1,0,2,8,1,3,1,3,1,1,1,1,1,1,3,1,1,1,3,1
"1,16,19,38",33,46,46,46,1,1,0,0,2,8,1,3,3,3,0,2,2,2,1,0,3,2,3,2,3,2
"1,16,21,49",25,46,25,46,1,0,1,0,2,8,2,5,2,5,0,0,0,0,2,0,5,0,2,0,5,0
"1,16,22,28",46,19,46,19,1,0,1,0,2,8,0,2,0,2,1,1,1,1,0,1,2,1,0,1,2,1
"1,16,22,50",41,46,41,46,1,0,1,0,2,8,1,3,1,3,1,1,1,1,1,1,3,1,1,1,3,1
"1,16,25,52",57,33,57,33,1,0,1,0,2,8,2,4,2,4,0,0,0,0,2,0,4,0,2,0,4,0
"1,16,32,41",17,2,17,2,1,0,1,0,2,8,3,6,3,6,1,0,1,0,3,1,6,0,3,1,6,0
"1,16,36,50",41,51,41,51,1,0,1,0,2,8,1,3,1,3,1,1,1,1,1,1,3,1,1,1,3,1
"1,16,40,58",24,52,24,52,1,0,1,0,2,8,1,3,1,3,1,1,1,1,1,1,3,1,1,1,3,1
"1,16,40,60",8,46,46,46,1,1,0,0,2,8,0,2,2,2,0,2,2,2,0,0,2,2,2,2,2,2
"1,16,45,58",40,40,52,52,0,1,0,1,2,8,0,0,0,0,0,0,2,2,0,0,0,0,0,2,0,2
"1,16,51,55",28,48,28,48,1,0,1,0,2,8,1,3,1,3,0,0,0,0,1,0,3,0,1,0,3,0
"1,17,19,33",21,28,21,28,1,0,1,0,2,8,1,4,1,4,1,1,1,1,1,1,4,1,1,1,4,1
"1,17,20,23",41,28,41,28,1,0,1,0,2,8,1,5,1,5,0,0,0,0,1,0,5,0,1,0,5,0
"1,17,22,30",12,57,12,57,1,0,1,0,2,8,0,3,0,3,0,0,0,0,0,0,3,0,0,0,3,0
"1,17,23,49",16,51,51,51,1,1,0,0,2,8,1,5,5,5,0,2,2,2,1,0,5,2,5,2,5,2
"1,17,23,51",28,49,28,49,1,0,1,0,2,8,2,7,2,7,0,0,0,0,2,0,7,0,2,0,7,0
"1,17,25,36",35,28,35,28,1,0,1,0,2,8,1,3,1,3,1,1,1,1,1,1,3,1,1,1,3,1
"1,17,28,43",35,35,25,25,0,1,0,1,2,8,0,0,0,0,0,0,2,2,0,0,0,0,0,2,0,2
"1,17,31,46",53,22,53,22,1,0,1,0,2,8,1,3,1,3,0,0,0,0,1,0,3,0,1,0,3,0
"1,17,33,36",35,28,35,28,1,0,1,0,2,8,1,4,1,4,1,0,1,0,1,1,4,0,1,1,4,0
"1,17,35,57",62,28,62,28,1,0,1,0,2,8,1,3,1,3,1,1,1,1,1,1,3,1,1,1,3,1
"1,17,37,55",57,49,57,49,1,0,1,0,2,8,0,4,0,4,0,0,0,0,0,0,4,0,0,0,4,0
"1,17,38,54",46,46,57,57,0,1,0,1,2,8,0,0,0,0,0,0,2,2,0,0,0,0,0,2,0,2
"1,17,39,47",53,53,7,7,0,1,0,1,2,8,0,0,0,0,0,0,2,2,0,0,0,0,0,2,0,2
"1,17,41,54",46,6,46,6,1,0,1,0,2,8,1,3,1,3,0,0,0,0,1,0,3,0,1,0,3,0
"1,17,49,61",58,5,58,5,1,0,1,0,2,8,1,3,1,3,0,0,0,0,1,0,3,0,1,0,3,0
"1,18,19,28",17,24,17,24,1,0,1,0,2,8,1,6,1,6,1,0,1,0,1,1,6,0,1,1,6,0
"1,18,19,46",41,23,41,23,1,0,1,0,2,8,1,4,1,4,0,1,0,1,1,0,4,1,1,0,4,1
"1,18,20,41",19,23,19,23,1,0,1,0,2,8,0,3,0,3,0,1,0,1,0,0,3,1,0,0,3,1
"1,18,21,51",11,23,11,23,1,0,1,0,2,8,0,2,0,2,1,1,1,1,0,1,2,1,0,1,2,1
"1,18,24,26",35,31,35,31,1,0,1,0,2,8,1,3,1,3,1,1,1,1,1,1,3,1,1,1,3,1
"1,18,24,42",46,28,46,28,1,0,1,0,2,8,1,4,1,4,1,1,1,1,1,1,4,1,1,1,4,1
"1,18,25,26",31,29,29,29,1,1,0,0,2,8,1,3,3,3,0,2,2,2,1,0,3,2,3,2,3,2
"1,18,25,41",13,19,13,19,1,0,1,0,2,8,1,4,1,4,0,0,0,0,1,0,4,0,1,0,4,0
"1,18,25,46",41,19,41,19,1,0,1,0,2,8,1,4,1,4,1,1,1,1,1,1,4,1,1,1,4,1
"1,18,25,57",52,36,52,36,1,0,1,0,2,8,1,4,1,4,1,1,1,1,1,1,4,1,1,1,4,1
"1,18,25,61",41,33,41,33,1,0,1,0,2,8,1,3,1,3,0,0,0,0,1,0,3,0,1,0,3,0
"1,18,26,40",5,19,19,19,1,1,0,0,2,8,0,2,2,2,0,2,2,2,0,0,2,2,2,2,2,2
"1,18,27,51",41,28,41,41,1,0,0,1,2,8,0,2,0,0,2,0,2,2,0,2,2,0,0,2,0,2
"1,18,28,33",27,9,27,9,1,0,1,0,2,8,1,4,1,4,0,0,0,0,1,0,4,0,1,0,4,0
"1,18,28,35",17,17,10,10,0,1,0,1,2,8,2,2,2,2,0,0,2,2,2,0,2,0,2,2,2,2
"1,18,29,53",21,52,21,52,1,0,1,0,2,8,0,3,0,3,0,1,0,1,0,0,3,1,0,0,3,1
"1,18,31,51",57,11,57,11,1,0,1,0,2,8,0,2,0,2,0,0,0,0,0,0,2,0,0,0,2,0
"1,18,32,59",24,4,24,4,1,0,1,0,2,8,0,3,0,3,0,1,0,1,0,0,3,1,0,0,3,1
"1,18,36,37",32,19,19,19,1,1,0,0,2,8,0,4,4,4,0,2,2,2,0,0,4,2,4,2,4,2
"1,18,36,51",37,23,37,23,1,0,1,0,2,8,1,4,1,4,0,1,0,1,1,0,4,1,1,0,4,1
"1,18,37,57",25,36,25,36,1,0,1,0,2,8,0,2,0,2,0,0,0,0,0,0,2,0,0,0,2,0
"1,18,41,42",46,25,46,25,1,0,1,0,2,8,1,6,1,6,1,1,1,1,1,1,6,1,1,1,6,1
"1,19,20,42",21,25,21,25,1,0,1,0,2,8,0,2,0,2,0,0,0,0,0,0,2,0,0,0,2,0
"1,19,21,31",26,26,46,26,0,1,1,0,2,8,3,3,1,3,0,0,2,0,3,0,3,0,1,2,3,0
"1,19,24,52",12,28,12,28,1,0,1,0,2,8,0,4,0,4,0,0,0,0,0,0,4,0,0,0,4,0
"1,19,25,29",18,28,18,28,1,0,1,0,2,8,0,3,0,3,2,2,2,2,0,2,3,2,0,2,3,2
"1,19,26,39",31,31,46,46,0,1,0,1,2,8,0,0,0,0,0,0,2,2,0,0,0,0,0,2,0,2
"1,19,26,42",18,28,18,28,1,0,1,0,2,8,2,4,2,4,0,0,0,0,2,0,4,0,2,0,4,0
"1,19,26,49",37,40,37,40,1,0,1,0,2,8,0,4,0,4,1,1,1,1,0,1,4,1,0,1,4,1
"1,19,27,42",51,28,28,28,1,1,0,0,2,8,0,2,2,2,0,2,2,2,0,0,2,2,2,2,2,2
"1,19,28,40",25,25,25,8,0,0,1,1,2,8,1,1,1,4,0,0,0,3,1,0,1,0,1,0,4,3
"1,19,28,49",25,33,25,33,1,0,1,0,2,8,1,5,1,5,1,1,1,1,1,1,5,1,1,1,5,1
"1,19,28,52",12,51,12,51,1,0,1,0,2,8,3,5,3,5,1,1,1,1,3,1,5,1,3,1,5,1
"1,19,29,37",13,11,13,11,1,0,1,0,2,8,2,6,2,6,0,0,0,0,2,0,6,0,2,0,6,0
"1,19,31,51",11,26,11,26,1,0,1,0,2,8,1,3,1,3,0,0,0,0,1,0,3,0,1,0,3,0
"1,19,32,59",3,4,3,4,1,0,1,0,2,8,0,3,0,3,0,1,0,1,0,0,3,1,0,0,3,1
"1,19,35,59",46,8,46,8,1,0,1,0,2,8,0,2,0,2,0,0,0,0,0,0,2,0,0,0,2,0
"1,19,36,37",32,18,32,18,1,0,1,0,2,8,1,6,1,6,0,0,0,0,1,0,6,0,1,0,6,0
"1,19,37,38",32,20,32,20,1,0,1,0,2,8,0,3,0,3,0,0,0,0,0,0,3,0,0,0,3,0
"1,19,37,52",51,16,51,16,1,0,1,0,2,8,2,5,2,5,0,0,0,0,2,0,5,0,2,0,5,0
"1,19,38,46",14,16,14,16,1,0,1,0,2,8,1,4,1,4,0,1,0,1,1,0,4,1,1,0,4,1
"1,19,42,61",20,46,20,46,1,0,1,0,2,8,0,2,0,2,0,0,0,0,0,0,2,0,0,0,2,0
"1,19,43,49",40,25,25,25,1,1,0,0,2,8,1,4,4,4,0,2,2,2,1,0,4,2,4,2,4,2
"1,19,44,49",8,41,8,41,1,0,1,0,2,8,1,4,1,4,0,0,0,0,1,0,4,0,1,0,4,0
"1,19,45,52",16,16,37,37,0,1,0,1,2,8,0,0,0,0,0,0,2,2,0,0,0,0,0,2,0,2
"1,19,47,61",55,25,55,25,1,0,1,0,2,8,0,2,0,2,1,1,1,1,0,1,2,1,0,1,2,1
"1,19,51,52",11,28,11,28,1,0,1,0,2,8,1,4,1,4,1,2,1,2,1,1,4,2,1,1,4,2
"1,20,23,24",17,28,17,28,1,0,1,0,2,8,1,3,1,3,0,0,0,0,1,0,3,0,1,0,3,0
"1,20,23,36",28,28,16,16,0,1,0,1,2,8,0,0,0,0,0,0,2,2,0,0,0,0,0,2,0,2
"1,20,25,34",29,41,29,41,1,0,1,0,2,8,2,4,2,4,0,0,0,0,2,0,4,0,2,0,4,0
"1,20,27,37",52,52,28,28,0,1,0,1,2,8,0,0,0,0,0,0,3,3,0,0,0,0,0,3,0,3
"1,20,27,52",12,41,12,41,1,0,1,0,2,8,0,2,0,2,1,1,1,1,0,1,2,1,0,1,2,1
"1,20,28,40",46,19,19,19,1,1,0,0,2,8,0,2,2,2,0,2,2,2,0,0,2,2,2,2,2,2
"1,20,28,46",36,52,36,52,1,0,1,0,2,8,0,2,0,2,0,0,0,0,0,0,2,0,0,0,2,0
"1,20,29,41",6,57,6,57,1,0,1,0,2,8,1,3,1,3,1,1,1,1,1,1,3,1,1,1,3,1
"1,20,30,41",25,25,6,6,0,1,0,1,2,8,0,0,0,0,0,0,2,2,0,0,0,0,0,2,0,2
"1,20,32,37",19,29,19,29,1,0,1,0,2,8,1,3,1,3,0,0,0,0,1,0,3,0,1,0,3,0
"1,20,33,35",38,41,38,41,1,0,1,0,2,8,0,2,0,2,0,0,0,0,0,0,2,0,0,0,2,0
"1,20,33,46",24,28,24,28,1,0,1,0,2,8,1,4,1,4,0,0,0,0,1,0,4,0,1,0,4,0
"1,20,34,35",44,37,44,37,1,0,1,0,2,8,0,3,0,3,0,0,0,0,0,0,3,0,0,0,3,0
"1,20,38,59",13,2,13,2,1,0,1,0,2,8,0,2,0,2,0,0,0,0,0,0,2,0,0,0,2,0
"1,20,42,46",51,19,51,19,1,0,1,0,2,8,1,3,1,3,0,0,0,0,1,0,3,0,1,0,3,0
"1,20,42,55",48,47,48,47,1,0,1,0,2,8,0,3,0,3,0,0,0,0,0,0,3,0,0,0,3,0
"1,21,22,37",12,12,17,17,0,1,0,1,2,8,0,0,0,0,0,0,2,2,0,0,0,0,0,2,0,2
"1,21,23,51",28,17,28,17,1,0,1,0,2,8,0,5,0,5,0,1,0,1,0,0,5,1,0,0,5,1
"1,21,25,45",18,49,49,49,1,1,0,0,2,8,0,3,3,3,0,2,2,2,0,0,3,2,3,2,3,2
"1,21,25,55",19,19,33,33,0,1,0,1,2,8,0,0,0,0,0,0,2,2,0,0,0,0,0,2,0,2
"1,21,27,32",41,41,4,4,0,1,0,1,2,8,0,0,0,0,0,0,2,2,0,0,0,0,0,2,0,2
"1,21,27,51",41,28,41,28,1,0,1,0,2,8,1,3,1,3,0,0,0,0,1,0,3,0,1,0,3,0
"1,21,29,37",26,44,26,44,1,0,1,0,2,8,2,4,2,4,1,1,1,1,2,1,4,1,2,1,4,1
"1,21,30,35",28,28,26,26,0,1,0,1,2,8,0,0,0,0,0,0,2,2,0,0,0,0,0,2,0,2
"1,21,30,53",13,8,13,8,1,0,1,0,2,8,1,4,1,4,0,0,0,0,1,0,4,0,1,0,4,0
"1,21,31,46",53,26,53,26,1,0,1,0,2,8,1,5,1,5,0,0,0,0,1,0,5,0,1,0,5,0
"1,21,31,49",39,9,39,9,1,0,1,0,2,8,1,4,1,4,0,0,0,0,1,0,4,0,1,0,4,0
"1,21,32,36",11,37,11,37,1,0,1,0,2,8,1,4,1,4,0,0,0,0,1,0,4,0,1,0,4,0
"1,21,33,37",53,28,53,28,1,0,1,0,2,8,2,6,2,6,0,1,0,1,2,0,6,1,2,0,6,1
"1,21,33,41",46,51,46,51,1,0,1,0,2,8,1,4,1,4,0,0,0,0,1,0,4,0,1,0,4,0
"1,21,34,47",37,8,37,8,1,0,1,0,2,8,0,3,0,3,0,0,0,0,0,0,3,0,0,0,3,0
"1,21,35,42",36,33,36,33,1,0,1,0,2,8,0,3,0,3,0,1,0,1,0,0,3,1,0,0,3,1
"1,21,37,52",44,16,44,16,1,0,1,0,2,8,2,4,2,4,0,0,0,0,2,0,4,0,2,0,4,0
"1,21,39,45",49,5,49,5,1,0,1,0,2,8,0,3,0,3,0,1,0,1,0,0,3,1,0,0,3,1
"1,21,39,61",49,46,49,46,1,0,1,0,2,8,0,2,0,2,0,0,0,0,0,0,2,0,0,0,2,0
"1,21,45,59",36,37,36,37,1,0,1,0,2,8,0,2,0,2,0,0,0,0,0,0,2,0,0,0,2,0
"1,21,46,49",41,16,41,16,1,0,1,0,2,8,1,4,1,4,1,1,1,1,1,1,4,1,1,1,4,1
"1,21,51,52",28,12,28,12,1,0,1,0,2,8,1,5,1,5,0,0,0,0,1,0,5,0,1,0,5,0
"1,21,51,53",23,5,23,5,1,0,1,0,2,8,2,5,2,5,0,1,0,1,2,0,5,1,2,0,5,1
"1,22,28,51",24,46,24,46,1,0,1,0,2,8,1,4,1,4,0,1,0,1,1,0,4,1,1,0,4,1
"1,22,33,49",53,46,53,46,1,0,1,0,2,8,0,3,0,3,0,0,0,0,0,0,3,0,0,0,3,0
"1,22,37,47",12,57,12,57,1,0,1,0,2,8,1,3,1,3,1,1,1,1,1,1,3,1,1,1,3,1
"1,22,39,45",11,57,11,57,1,0,1,0,2,8,0,3,0,3,0,0,0,0,0,0,3,0,0,0,3,0
"1,23,25,47",16,41,16,41,1,0,1,0,2,8,0,2,0,2,2,2,2,2,0,2,2,2,0,2,2,2
"1,23,26,29",37,31,37,31,1,0,1,0,2,8,0,4,0,4,0,1,0,1,0,0,4,1,0,0,4,1
"1,23,27,46",14,19,14,19,1,0,1,0,2,8,1,3,1,3,0,0,0,0,1,0,3,0,1,0,3,0
"1,23,27,51",11,28,11,28,1,0,1,0,2,8,0,3,0,3,0,0,0,0,0,0,3,0,0,0,3,0
"1,23,29,45",37,5,37,5,1,0,1,0,2,8,0,2,0,2,0,0,0,0,0,0,2,0,0,0,2,0
"1,23,30,46",14,12,14,12,1,0,1,0,2,8,1,3,1,3,0,0,0,0,1,0,3,0,1,0,3,0
"1,23,31,43",47,47,15,15,0,1,0,1,2,8,1,1,1,1,0,0,2,2,1,0,1,0,1,2,1,2
"1,23,33,41",44,8,44,8,1,0,1,0,2,8,3,5,3,5,1,1,1,1,3,1,5,1,3,1,5,1
"1,23,35,49",41,14,41,14,1,0,1,0,2,8,2,4,2,4,1,1,1,1,2,1,4,1,2,1,4,1
"1,23,39,51",28,7,28,7,1,0,1,0,2,8,0,7,0,7,0,0,0,0,0,0,7,0,0,0,7,0
"1,23,40,58",41,41,41,46,0,0,1,1,2,8,1,1,1,3,0,0,0,2,1,0,1,0,1,0,3,2
"1,24,26,36",28,28,51,51,0,1,0,1,2,8,1,1,1,1,0,0,2,2,1,0,1,0,1,2,1,2
"1,24,26,40",46,46,16,16,0,1,0,1,2,8,0,0,0,0,0,0,2,2,0,0,0,0,0,2,0,2
"1,24,26,49",25,25,31,31,0,1,0,1,2,8,0,0,0,0,0,0,2,2,0,0,0,0,0,2,0,2
"1,24,28,60",31,51,31,51,1,0,1,0,2,8,1,4,1,4,0,0,0,0,1,0,4,0,1,0,4,0
"1,24,29,33",57,16,57,16,1,0,1,0,2,8,1,3,1,3,1,1,1,1,1,1,3,1,1,1,3,1
"1,24,29,37",28,46,46,46,1,1,0,0,2,8,2,4,4,4,0,2,2,2,2,0,4,2,4,2,4,2
"1,24,29,46",12,28,12,28,1,0,1,0,2,8,2,5,2,5,1,1,1,1,2,1,5,1,2,1,5,1
"1,24,29,52",25,28,25,28,1,0,1,0,2,8,2,5,2,5,2,2,2,2,2,2,5,2,2,2,5,2
"1,24,30,35",27,25,25,25,1,1,0,0,2,8,1,3,3,3,0,2,2,2,1,0,3,2,3,2,3,2
"1,24,31,32",0,8,0,8,1,0,1,0,2,8,1,6,1,6,0,0,0,0,1,0,6,0,1,0,6,0
"1,24,31,38",4,14,4,14,1,0,1,0,2,8,1,3,1,3,0,0,0,0,1,0,3,0,1,0,3,0
"1,24,31,57",25,9,25,9,1,0,1,0,2,8,1,3,1,3,1,1,1,1,1,1,3,1,1,1,3,1
"1,24,35,38",41,52,41,52,1,0,1,0,2,8,0,3,0,3,0,1,0,1,0,0,3,1,0,0,3,1
"1,24,35,51",32,11,32,11,1,0,1,0,2,8,1,5,1,5,0,0,0,0,1,0,5,0,1,0,5,0
"1,24,37,41",33,29,33,29,1,0,1,0,2,8,1,5,1,5,0,1,0,1,1,0,5,1,1,0,5,1
"1,24,37,46",8,29,8,29,1,0,1,0,2,8,2,5,2,5,1,1,1,1,2,1,5,1,2,1,5,1
"1,24,40,55",8,46,8,46,1,0,1,0,2,8,0,3,0,3,1,1,1,1,0,1,3,1,0,1,3,1
"1,24,50,51",28,0,28,0,1,0,1,0,2,8,1,3,1,3,0,0,0,0,1,0,3,0,1,0,3,0
"1,25,26,29",41,37,41,37,1,0,1,0,2,8,0,5,0,5,1,1,1,1,0,1,5,1,0,1,5,1
"1,25,26,37",49,28,49,28,1,0,1,0,2,8,1,4,1,4,1,0,1,0,1,1,4,0,1,1,4,0
"1,25,28,35",49,26,49,26,1,0,1,0,2,8,2,6,2,6,0,1,0,1,2,0,6,1,2,0,6,1
"1,25,28,46",41,24,41,24,1,0,1,0,2,8,0,2,0,2,1,1,1,1,0,1,2,1,0,1,2,1
"1,25,29,37",28,26,26,26,1,1,0,0,2,8,1,4,4,4,0,2,2,2,1,0,4,2,4,2,4,2
"1,25,29,40",19,49,19,49,1,0,1,0,2,8,0,3,0,3,0,1,0,1,0,0,3,1,0,0,3,1
"1,25,30,36",33,19,33,19,1,0,1,0,2,8,0,2,0,2,0,0,0,0,0,0,2,0,0,0,2,0
"1,25,30,45",20,0,20,0,1,0,1,0,2,8,0,3,0,3,0,0,0,0,0,0,3,0,0,0,3,0
"1,25,30,57",0,52,0,52,1,0,1,0,2,8,0,3,0,3,1,1,1,1,0,1,3,1,0,1,3,1
"1,25,31,61",26,16,26,16,1,0,1,0,2,8,1,3,1,3,1,1,1,1,1,1,3,1,1,1,3,1
"1,25,34,35",49,8,49,8,1,0,1,0,2,8,1,4,1,4,1,1,1,1,1,1,4,1,1,1,4,1
"1,25,34,44",17,4,17,4,1,0,1,0,2,8,1,3,1,3,1,1,1,1,1,1,3,1,1,1,3,1
"1,25,34,61",10,11,11,11,1,1,0,0,2,8,0,4,4,4,0,2,2,2,0,0,4,2,4,2,4,2
"1,25,36,43",9,57,9,9,1,0,0,1,2,8,1,3,1,1,2,0,2,2,1,2,3,0,1,2,1,2
"1,25,37,42",33,28,33,28,1,0,1,0,2,8,0,3,0,3,1,1,1,1,0,1,3,1,0,1,3,1
"1,25,45,50",60,5,60,5,1,0,1,0,2,8,0,3,0,3,0,0,0,0,0,0,3,0,0,0,3,0
"1,26,27,42",28,28,2,2,0,1,0,1,2,8,0,0,0,0,0,0,2,2,0,0,0,0,0,2,0,2
"1,26,27,55",28,19,28,19,1,0,1,0,2,8,0,2,0,2,0,0,0,0,0,0,2,0,0,0,2,0
"1,26,28,37",27,29,27,29,1,0,1,0,2,8,2,4,2,4,0,0,0,0,2,0,4,0,2,0,4,0
"1,26,30,36",51,25,51,25,1,0,1,0,2,8,1,5,1,5,0,1,0,1,1,0,5,1,1,0,5,1
"1,26,34,61",29,25,29,25,1,0,1,0,2,8,1,4,1,4,0,1,0,1,1,0,4,1,1,0,4,1
"1,26,35,49",37,8,37,8,1,0,1,0,2,8,0,4,0,4,1,1,1,1,0,1,4,1,0,1,4,1
"1,26,37,41",28,19,28,19,1,0,1,0,2,8,0,3,0,3,0,0,0,0,0,0,3,0,0,0,3,0
"1,26,37,52",28,34,28,34,1,0,1,0,2,8,1,5,1,5,0,0,0,0,1,0,5,0,1,0,5,0
"1,26,43,53",19,19,46,46,0,1,0,1,2,8,0,0,0,0,0,0,2,2,0,0,0,0,0,2,0,2
"1,27,28,54",29,0,0,0,1,1,0,0,2,8,0,3,3,3,0,2,2,2,0,0,3,2,3,2,3,2
"1,27,28,57",29,25,29,25,1,0,1,0,2,8,0,2,0,2,0,0,0,0,0,0,2,0,0,0,2,0
"1,27,32,40",57,8,57,8,1,0,1,0,2,8,0,3,0,3,0,0,0,0,0,0,3,0,0,0,3,0
"1,27,37,61",13,13,51,51,0,1,0,1,2,8,0,0,0,0,0,0,2,2,0,0,0,0,0,2,0,2
"1,27,38,40",6,14,6,14,1,0,1,0,2,8,0,3,0,3,0,0,0,0,0,0,3,0,0,0,3,0
"1,27,41,51",42,28,42,28,1,0,1,0,2,8,2,5,2,5,1,1,1,1,2,1,5,1,2,1,5,1
"1,27,44,50",38,4,38,4,1,0,1,0,2,8,0,3,0,3,0,0,0,0,0,0,3,0,0,0,3,0
"1,27,46,49",51,6,51,6,1,0,1,0,2,8,1,5,1,5,0,0,0,0,1,0,5,0,1,0,5,0
"1,28,29,36",4,12,4,12,1,0,1,0,2,8,1,4,1,4,1,2,1,2,1,1,4,2,1,1,4,2
"1,28,31,52",12,37,12,37,1,0,1,0,2,8,1,4,1,4,0,0,0,0,1,0,4,0,1,0,4,0
"1,28,33,41",27,46,27,46,1,0,1,0,2,8,2,5,2,5,0,1,0,1,2,0,5,1,2,0,5,1
"1,28,33,53",36,46,36,46,1,0,1,0,2,8,0,6,0,6,0,0,0,0,0,0,6,0,0,0,6,0
"1,28,34,35",52,37,52,37,1,0,1,0,2,8,0,4,0,4,0,0,0,0,0,0,4,0,0,0,4,0
"1,28,34,37",33,20,33,20,1,0,1,0,2,8,0,4,0,4,2,1,2,1,0,2,4,1,0,2,4,1
"1,28,35,36",46,21,46,21,1,0,1,0,2,8,1,4,1,4,0,1,0,1,1,0,4,1,1,0,4,1
"1,28,35,49",25,17,25,17,1,0,1,0,2,8,1,5,1,5,1,1,1,1,1,1,5,1,1,1,5,1
"1,28,36,41",46,33,46,33,1,0,1,0,2,8,2,5,2,5,1,1,1,1,2,1,5,1,2,1,5,1
"1,28,37,51",23,24,23,24,1,0,1,0,2,8,2,8,2,8,1,0,1,0,2,1,8,0,2,1,8,0
"1,28,39,42",51,21,51,21,1,0,1,0,2,8,0,3,0,3,0,0,0,0,0,0,3,0,0,0,3,0
"1,28,40,46",41,24,41,24,1,0,1,0,2,8,2,4,2,4,2,2,2,2,2,2,4,2,2,2,4,2
"1,28,41,44",51,46,51,51,1,0,0,1,2,8,0,2,0,0,2,0,2,2,0,2,2,0,0,2,0,2
"1,28,41,51",37,27,37,27,1,0,1,0,2,8,4,6,4,6,0,0,0,0,4,0,6,0,4,0,6,0
"1,28,42,61",21,37,21,37,1,0,1,0,2,8,1,3,1,3,0,0,0,0,1,0,3,0,1,0,3,0
"1,29,31,52",25,26,25,26,1,0,1,0,2,8,2,7,2,7,0,0,0,0,2,0,7,0,2,0,7,0
"1,29,32,44",57,24,57,24,1,0,1,0,2,8,1,3,1,3,0,0,0,0,1,0,3,0,1,0,3,0
"1,29,34,36",57,37,57,37,1,0,1,0,2,8,1,3,1,3,1,1,1,1,1,1,3,1,1,1,3,1
"1,29,34,58",35,26,35,26,1,0,1,0,2,8,1,3,1,3,0,0,0,0,1,0,3,0,1,0,3,0
"1,29,35,38",34,12,34,12,1,0,1,0,2,8,0,2,0,2,0,0,0,0,0,0,2,0,0,0,2,0
"1,29,36,46",37,28,37,28,1,0,1,0,2,8,0,2,0,2,1,1,1,1,0,1,2,1,0,1,2,1
"1,29,36,58",35,26,35,26,1,0,1,0,2,8,1,3,1,3,0,0,0,0,1,0,3,0,1,0,3,0
"1,29,39,52",46,31,46,31,1,0,1,0,2,8,0,3,0,3,0,1,0,1,0,0,3,1,0,0,3,1
"1,29,41,61",25,52,25,52,1,0,1,0,2,8,0,3,0,3,1,1,1,1,0,1,3,1,0,1,3,1
"1,29,45,61",52,57,52,57,1,0,1,0,2,8,1,3,1,3,0,0,0,0,1,0,3,0,1,0,3,0
"1,30,31,51",55,25,55,25,1,0,1,0,2,8,0,3,0,3,0,0,0,0,0,0,3,0,0,0,3,0
"1,30,32,44",38,25,38,25,1,0,1,0,2,8,0,2,0,2,0,0,0,0,0,0,2,0,0,0,2,0
"1,30,34,42",26,51,26,51,1,0,1,0,2,8,0,2,0,2,0,0,0,0,0,0,2,0,0,0,2,0
"1,30,34,44",20,4,20,4,1,0,1,0,2,8,1,3,1,3,0,0,0,0,1,0,3,0,1,0,3,0
"1,30,35,37",12,36,12,36,1,0,1,0,2,8,1,5,1,5,0,0,0,0,1,0,5,0,1,0,5,0
"1,30,35,58",8,37,8,37,1,0,1,0,2,8,0,2,0,2,1,1,1,1,0,1,2,1,0,1,2,1
"1,30,49,53",25,58,25,58,1,0,1,0,2,8,0,2,0,2,0,0,0,0,0,0,2,0,0,0,2,0
"1,31,33,61",41,25,41,25,1,0,1,0,2,8,1,4,1,4,1,1,1,1,1,1,4,1,1,1,4,1
"1,31,36,52",27,57,27,57,1,0,1,0,2,8,1,4,1,4,0,0,0,0,1,0,4,0,1,0,4,0
"1,31,37,47",52,52,23,23,0,1,0,1,2,8,0,0,0,0,0,0,2,2,0,0,0,0,0,2,0,2
"1,31,37,52",20,13,20,13,1,0,1,0,2,8,1,5,1,5,0,0,0,0,1,0,5,0,1,0,5,0
"1,31,39,52",54,9,54,9,1,0,1,0,2,8,1,4,1,4,0,0,0,0,1,0,4,0,1,0,4,0
"1,31,40,46",28,39,28,39,1,0,1,0,2,8,0,3,0,3,0,0,0,0,0,0,3,0,0,0,3,0
"1,31,41,44",49,26,26,26,1,1,0,0,2,8,1,4,4,4,0,2,2,2,1,0,4,2,4,2,4,2
"1,32,33,39",49,3,49,3,1,0,1,0,2,8,0,2,0,2,1,1,1,1,0,1,2,1,0,1,2,1
"1,32,37,45",51,29,51,29,1,0,1,0,2,8,0,2,0,2,0,0,0,0,0,0,2,0,0,0,2,0
"1,32,39,41",9,24,9,24,1,0,1,0,2,8,1,3,1,3,1,1,1,1,1,1,3,1,1,1,3,1
"1,32,44,50",26,51,26,51,1,0,1,0,2,8,1,3,1,3,0,0,0,0,1,0,3,0,1,0,3,0
"1,32,45,59",60,4,60,4,1,0,1,0,2,8,0,3,0,3,0,0,0,0,0,0,3,0,0,0,3,0
"1,32,46,47",40,40,41,41,0,1,0,1,2,8,0,0,0,0,0,0,2,2,0,0,0,0,0,2,0,2
"1,32,49,53",37,4,37,4,1,0,1,0,2,8,1,3,1,3,0,0,0,0,1,0,3,0,1,0,3,0
"1,32,53,58",37,37,8,8,0,1,0,1,2,8,0,0,0,0,0,0,2,2,0,0,0,0,0,2,0,2
"1,33,34,36",57,9,57,9,1,0,1,0,2,8,0,4,0,4,2,1,2,1,0,2,4,1,0,2,4,1
"1,33,35,38",41,46,41,46,1,0,1,0,2,8,0,2,0,2,0,0,0,0,0,0,2,0,0,0,2,0
"1,33,35,50",36,36,25,25,0,1,0,1,2,8,0,0,0,0,0,0,2,2,0,0,0,0,0,2,0,2
"1,33,35,55",25,39,25,39,1,0,1,0,2,8,0,3,0,3,1,0,1,0,0,1,3,0,0,1,3,0
"1,33,37,39",49,12,49,12,1,0,1,0,2,8,0,4,0,4,1,1,1,1,0,1,4,1,0,1,4,1
"1,33,38,39",57,5,57,5,1,0,1,0,2,8,0,3,0,3,0,0,0,0,0,0,3,0,0,0,3,0
"1,33,38,45",35,41,35,41,1,0,1,0,2,8,0,4,0,4,0,0,0,0,0,0,4,0,0,0,4,0
"1,33,39,41",51,23,51,23,1,0,1,0,2,8,2,4,2,4,1,1,1,1,2,1,4,1,2,1,4,1
"1,33,39,49",32,3,3,3,1,1,0,0,2,8,1,5,5,5,0,2,2,2,1,0,5,2,5,2,5,2
"1,33,39,61",55,25,55,25,1,0,1,0,2,8,1,4,1,4,0,0,0,0,1,0,4,0,1,0,4,0
"1,33,41,58",46,52,46,52,1,0,1,0,2,8,1,4,1,4,0,0,0,0,1,0,4,0,1,0,4,0
"1,33,46,51",57,36,57,36,1,0,1,0,2,8,1,3,1,3,0,0,0,0,1,0,3,0,1,0,3,0
"1,33,50,61",27,57,27,57,1,0,1,0,2,8,0,3,0,3,0,0,0,0,0,0,3,0,0,0,3,0
"1,34,35,36",28,25,28,25,1,0,1,0,2,8,1,4,1,4,1,2,1,2,1,1,4,2,1,1,4,2
"1,34,35,41",24,17,24,17,1,0,1,0,2,8,1,3,1,3,1,1,1,1,1,1,3,1,1,1,3,1
"1,34,36,38",11,4,11,4,1,0,1,0,2,8,0,2,0,2,0,0,0,0,0,0,2,0,0,0,2,0
"1,34,37,58",35,26,35,26,1,0,1,0,2,8,1,3,1,3,0,0,0,0,1,0,3,0,1,0,3,0
"1,34,41,44",26,26,26,6,0,0,1,1,2,8,1,1,1,3,0,0,0,2,1,0,1,0,1,0,3,2
"1,34,43,46",40,37,40,37,1,0,1,0,2,8,0,4,0,4,0,1,0,1,0,0,4,1,0,0,4,1
"1,34,47,60",57,8,57,8,1,0,1,0,2,8,0,3,0,3,0,0,0,0,0,0,3,0,0,0,3,0
"1,35,37,60",36,36,28,28,0,1,0,1,2,8,0,0,0,0,0,0,2,2,0,0,0,0,0,2,0,2
"1,35,40,42",46,46,41,41,0,1,0,1,2,8,1,1,1,1,0,0,2,2,1,0,1,0,1,2,1,2
"1,35,45,61",21,21,5,5,0,1,0,1,2,8,0,0,0,0,0,0,2,2,0,0,0,0,0,2,0,2
"1,36,37,58",32,51,32,51,1,0,1,0,2,8,0,2,0,2,0,0,0,0,0,0,2,0,0,0,2,0
"1,36,41,44",46,9,46,9,1,0,1,0,2,8,1,6,1,6,0,0,0,0,1,0,6,0,1,0,6,0
"1,36,43,46",41,28,41,28,1,0,1,0,2,8,1,4,1,4,1,1,1,1,1,1,4,1,1,1,4,1
"1,36,46,60",41,28,41,28,1,0,1,0,2,8,1,5,1,5,0,0,0,0,1,0,5,0,1,0,5,0
"1,37,41,46",33,49,33,49,1,0,1,0,2,8,1,3,1,3,0,0,0,0,1,0,3,0,1,0,3,0
"1,37,41,49",46,52,46,52,1,0,1,0,2,8,2,6,2,6,1,1,1,1,2,1,6,1,2,1,6,1
"1,37,42,52",44,46,44,46,1,0,1,0,2,8,1,5,1,5,0,0,0,0,1,0,5,0,1,0,5,0
"1,37,44,58",26,49,26,49,1,0,1,0,2,8,1,4,1,4,0,0,0,0,1,0,4,0,1,0,4,0
"1,37,46,52",49,42,49,42,1,0,1,0,2,8,1,5,1,5,0,0,0,0,1,0,5,0,1,0,5,0
"1,37,46,58",51,60,51,60,1,0,1,0,2,8,1,4,1,4,1,0,1,0,1,1,4,0,1,1,4,0
"1,37,47,61",5,13,5,13,1,0,1,0,2,8,0,3,0,3,0,1,0,1,0,0,3,1,0,0,3,1
"1,37,51,58",46,28,46,28,1,0,1,0,2,8,2,4,2,4,0,0,0,0,2,0,4,0,2,0,4,0
"1,37,52,59",51,32,51,32,1,0,1,0,2,8,0,3,0,3,0,0,0,0,0,0,3,0,0,0,3,0
"1,38,39,46",14,6,14,6,1,0,1,0,2,8,0,2,0,2,0,0,0,0,0,0,2,0,0,0,2,0
"1,38,43,44",45,37,45,37,1,0,1,0,2,8,0,2,0,2,0,0,0,0,0,0,2,0,0,0,2,0
"1,38,44,47",43,8,43,8,1,0,1,0,2,8,0,3,0,3,0,0,0,0,0,0,3,0,0,0,3,0
"1,38,46,54",61,41,61,41,1,0,1,0,2,8,0,2,0,2,0,0,0,0,0,0,2,0,0,0,2,0
"1,39,42,51",28,23,28,23,1,0,1,0,2,8,0,2,0,2,0,0,0,0,0,0,2,0,0,0,2,0
"1,39,42,52",34,51,34,51,1,0,1,0,2,8,0,2,0,2,0,0,0,0,0,0,2,0,0,0,2,0
"1,39,49,53",54,33,54,33,1,0,1,0,2,8,1,4,1,4,0,1,0,1,1,0,4,1,1,0,4,1
"1,39,49,60",33,57,33,57,1,0,1,0,2,8,1,3,1,3,0,0,0,0,1,0,3,0,1,0,3,0
"1,40,44,45",49,5,49,5,1,0,1,0,2,8,1,4,1,4,1,0,1,0,1,1,4,0,1,1,4,0
"1,40,45,46",28,52,28,52,1,0,1,0,2,8,0,3,0,3,0,1,0,1,0,0,3,1,0,0,3,1
"1,40,45,49",19,41,19,41,1,0,1,0,2,8,0,4,0,4,0,0,0,0,0,0,4,0,0,0,4,0
"1,40,45,52",41,46,41,46,1,0,1,0,2,8,1,3,1,3,1,1,1,1,1,1,3,1,1,1,3,1
"1,40,46,51",43,30,43,30,1,0,1,0,2,8,1,5,1,5,0,0,0,0,1,0,5,0,1,0,5,0
"1,40,47,54",22,41,22,41,1,0,1,0,2,8,0,3,0,3,0,0,0,0,0,0,3,0,0,0,3,0
"1,40,53,54",47,48,47,48,1,0,1,0,2,8,1,3,1,3,0,0,0,0,1,0,3,0,1,0,3,0
"1,41,43,44",33,16,33,16,1,0,1,0,2,8,1,5,1,5,0,1,0,1,1,0,5,1,1,0,5,1
"1,41,45,47",25,6,25,6,1,0,1,0,2,8,0,3,0,3,0,0,0,0,0,0,3,0,0,0,3,0
"1,41,50,52",44,2,44,2,1,0,1,0,2,8,1,4,1,4,0,0,0,0,1,0,4,0,1,0,4,0
"1,41,51,60",36,33,36,33,1,0,1,0,2,8,1,3,1,3,0,0,0,0,1,0,3,0,1,0,3,0
"1,42,43,61",21,46,21,46,1,0,1,0,2,8,0,2,0,2,0,0,0,0,0,0,2,0,0,0,2,0
"1,43,44,45",38,4,38,4,1,0,1,0,2,8,0,3,0,3,0,0,0,0,0,0,3,0,0,0,3,0
"1,44,49,52",51,37,51,37,1,0,1,0,2,8,2,4,2,4,1,1,1,1,2,1,4,1,2,1,4,1
"1,45,46,47",31,6,31,6,1,0,1,0,2,8,1,3,1,3,0,0,0,0,1,0,3,0,1,0,3,0
"1,46,50,53",51,52,51,52,1,0,1,0,2,8,3,5,3,5,1,1,1,1,3,1,5,1,3,1,5,1
"1,49,51,53",57,33,57,33,1,0,1,0,2,8,0,5,0,5,0,1,0,1,0,0,5,1,0,0,5,1
"1,59,60,61",54,4,54,4,1,0,1,0,2,8,0,3,0,3,0,0,0,0,0,0,3,0,0,0,3,0
"2,3,4,10",50,9,50,9,1,0,1,0,2,8,2,5,2,5,0,0,0,0,2,0,5,0,2,0,5,0
"2,3,4,29",59,22,59,22,1,0,1,0,2,8,3,5,3,5,0,0,0,0,3,0,5,0,3,0,5,0
"2,3,4,43",59,9,59,9,1,0,1,0,2,8,2,5,2,5,0,1,0,1,2,0,5,1,2,0,5,1
"2,3,5,27",53,13,53,13,1,0,1,0,2,8,1,5,1,5,0,2,0,2,1,0,5,2,1,0,5,2
"2,3,5,39",14,9,14,9,1,0,1,0,2,8,3,5,3,5,1,1,1,1,3,1,5,1,3,1,5,1
"2,3,11,17",53,25,53,25,1,0,1,0,2,8,1,4,1,4,1,1,1,1,1,1,4,1,1,1,4,1
"2,3,11,18",38,26,38,26,1,0,1,0,2,8,1,5,1,5,1,1,1,1,1,1,5,1,1,1,5,1
"2,3,11,21",8,38,8,38,1,0,1,0,2,8,1,4,1,4,1,0,1,0,1,1,4,0,1,1,4,0
"2,3,11,25",59,17,59,17,1,0,1,0,2,8,2,4,2,4,1,1,1,1,2,1,4,1,2,1,4,1
"2,3,11,54",9,59,9,59,1,0,1,0,2,8,0,2,0,2,0,0,0,0,0,0,2,0,0,0,2,0
"2,3,12,25",30,1,30,1,1,0,1,0,2,8,1,4,1,4,1,1,1,1,1,1,4,1,1,1,4,1
"2,3,12,35",38,29,38,29,1,0,1,0,2,8,2,4,2,4,1,1,1,1,2,1,4,1,2,1,4,1
"2,3,12,53",1,52,1,52,1,0,1,0,2,8,3,6,3,6,0,0,0,0,3,0,6,0,3,0,6,0
"2,3,14,17",4,5,5,5,1,1,0,0,2,8,1,3,3,3,0,2,2,2,1,0,3,2,3,2,3,2
"2,3,14,26",24,42,24,42,1,0,1,0,2,8,1,5,1,5,0,0,0,0,1,0,5,0,1,0,5,0
"2,3,14,59",6,5,6,5,1,0,1,0,2,8,1,5,1,5,0,0,0,0,1,0,5,0,1,0,5,0
"2,3,16,30",26,4,26,4,1,0,1,0,2,8,1,5,1,5,0,1,0,1,1,0,5,1,1,0,5,1
"2,3,16,37",5,1,5,1,1,0,1,0,2,8,0,3,0,3,0,0,0,0,0,0,3,0,0,0,3,0
"2,3,18,27",0,42,0,42,1,0,1,0,2,8,4,6,4,6,1,1,1,1,4,1,6,1,4,1,6,1
"2,3,18,29",58,26,58,26,1,0,1,0,2,8,1,4,1,4,1,1,1,1,1,1,4,1,1,1,4,1
"2,3,18,42",17,27,17,27,1,0,1,0,2,8,2,6,2,6,1,1,1,1,2,1,6,1,2,1,6,1
"2,3,18,43",13,27,13,27,1,0,1,0,2,8,2,5,2,5,1,0,1,0,2,1,5,0,2,1,5,0
"2,3,18,58",6,21,6,21,1,0,1,0,2,8,1,4,1,4,0,0,0,0,1,0,4,0,1,0,4,0
"2,3,19,42",7,26,7,26,1,0,1,0,2,8,0,5,0,5,0,0,0,0,0,0,5,0,0,0,5,0
"2,3,20,22",38,43,38,43,1,0,1,0,2,8,0,4,0,4,0,0,0,0,0,0,4,0,0,0,4,0
"2,3,20,38",4,21,4,21,1,0,1,0,2,8,0,5,0,5,0,0,0,0,0,0,5,0,0,0,5,0
"2,3,20,43",6,11,6,11,1,0,1,0,2,8,1,5,1,5,0,0,0,0,1,0,5,0,1,0,5,0
"2,3,21,25",30,4,30,4,1,0,1,0,2,8,1,4,1,4,1,2,1,2,1,1,4,2,1,1,4,2
"2,3,21,35",38,27,38,27,1,0,1,0,2,8,0,3,0,3,1,1,1,1,0,1,3,1,0,1,3,1
"2,3,22,43",13,38,13,38,1,0,1,0,2,8,2,4,2,4,1,1,1,1,2,1,4,1,2,1,4,1
"2,3,25,27",59,4,59,4,1,0,1,0,2,8,0,5,0,5,1,2,1,2,0,1,5,2,0,1,5,2
"2,3,26,34",6,43,6,43,1,0,1,0,2,8,1,4,1,4,1,1,1,1,1,1,4,1,1,1,4,1
"2,3,26,38",16,5,16,5,1,0,1,0,2,8,1,4,1,4,0,1,0,1,1,0,4,1,1,0,4,1
"2,3,27,29",59,13,59,13,1,0,1,0,2,8,1,3,1,3,1,1,1,1,1,1,3,1,1,1,3,1
"2,3,27,42",7,18,7,18,1,0,1,0,2,8,1,6,1,6,0,1,0,1,1,0,6,1,1,0,6,1
"2,3,29,37",5,13,5,13,1,0,1,0,2,8,2,5,2,5,1,2,1,2,2,1,5,2,2,1,5,2
"2,3,30,34",43,26,43,26,1,0,1,0,2,8,0,5,0,5,0,1,0,1,0,0,5,1,0,0,5,1
"2,3,31,43",9,59,9,59,1,0,1,0,2,8,1,3,1,3,0,0,0,0,1,0,3,0,1,0,3,0
"2,3,32,50",9,24,9,24,1,0,1,0,2,8,1,5,1,5,1,1,1,1,1,1,5,1,1,1,5,1
"2,3,33,43",51,38,51,38,1,0,1,0,2,8,0,4,0,4,0,2,0,2,0,0,4,2,0,0,4,2
"2,3,39,61",59,59,59,5,0,0,1,1,2,8,0,0,0,2,0,0,0,2,0,0,0,0,0,0,2,2
"2,3,40,51",43,5,5,5,1,1,0,0,2,8,0,2,2,2,0,2,2,2,0,0,2,2,2,2,2,2
"2,3,40,61",12,59,12,59,1,0,1,0,2,8,0,3,0,3,0,0,0,0,0,0,3,0,0,0,3,0
"2,3,41,45",9,42,9,42,1,0,1,0,2,8,0,3,0,3,0,1,0,1,0,0,3,1,0,0,3,1
"2,3,45,51",42,5,5,5,1,1,0,0,2,8,0,2,2,2,0,2,2,2,0,0,2,2,2,2,2,2
"2,3,50,52",58,53,58,53,1,0,1,0,2,8,1,4,1,4,0,1,0,1,1,0,4,1,1,0,4,1
"2,4,9,18",54,3,54,3,1,0,1,0,2,8,2,5,2,5,1,1,1,1,2,1,5,1,2,1,5,1
"2,4,9,28",14,3,14,3,1,0,1,0,2,8,1,4,1,4,1,1,1,1,1,1,4,1,1,1,4,1
"2,4,9,31",26,38,26,38,1,0,1,0,2,8,2,4,2,4,0,0,0,0,2,0,4,0,2,0,4,0
"2,4,9,49",12,50,12,50,1,0,1,0,2,8,1,4,1,4,0,0,0,0,1,0,4,0,1,0,4,0
"2,4,10,44",5,50,5,50,1,0,1,0,2,8,0,4,0,4,0,1,0,1,0,0,4,1,0,0,4,1
"2,4,10,52",13,25,13,25,1,0,1,0,2,8,0,3,0,3,0,0,0,0,0,0,3,0,0,0,3,0
"2,4,11,22",17,25,17,25,1,0,1,0,2,8,2,5,2,5,0,0,0,0,2,0,5,0,2,0,5,0
"2,4,12,29",21,20,21,20,1,0,1,0,2,8,1,3,1,3,0,0,0,0,1,0,3,0,1,0,3,0
"2,4,13,20",38,3,38,3,1,0,1,0,2,8,2,5,2,5,0,1,0,1,2,0,5,1,2,0,5,1
"2,4,13,21",38,16,38,16,1,0,1,0,2,8,1,4,1,4,0,1,0,1,1,0,4,1,1,0,4,1
"2,4,13,26",8,3,8,3,1,0,1,0,2,8,1,4,1,4,1,1,1,1,1,1,4,1,1,1,4,1
"2,4,13,35",38,3,38,3,1,0,1,0,2,8,0,3,0,3,0,0,0,0,0,0,3,0,0,0,3,0
"2,4,13,37",38,3,38,3,1,0,1,0,2,8,2,6,2,6,0,0,0,0,2,0,6,0,2,0,6,0
"2,4,16,20",3,36,3,36,1,0,1,0,2,8,2,6,2,6,1,1,1,1,2,1,6,1,2,1,6,1
"2,4,16,29",5,1,5,1,1,0,1,0,2,8,2,6,2,6,0,0,0,0,2,0,6,0,2,0,6,0
"2,4,16,34",3,3,3,0,0,0,1,1,2,8,1,1,1,5,0,0,0,2,1,0,1,0,1,0,5,2
"2,4,17,44",26,52,26,52,1,0,1,0,2,8,1,4,1,4,0,1,0,1,1,0,4,1,1,0,4,1
"2,4,17,52",12,3,12,3,1,0,1,0,2,8,0,3,0,3,1,0,1,0,0,1,3,0,0,1,3,0
"2,4,18,22",5,34,5,34,1,0,1,0,2,8,2,6,2,6,1,1,1,1,2,1,6,1,2,1,6,1
"2,4,18,32",3,9,3,9,1,0,1,0,2,8,0,2,0,2,0,0,0,0,0,0,2,0,0,0,2,0
"2,4,18,38",3,13,3,13,1,0,1,0,2,8,0,2,0,2,2,2,2,2,0,2,2,2,0,2,2,2
"2,4,20,36",6,16,6,16,1,0,1,0,2,8,1,6,1,6,0,1,0,1,1,0,6,1,1,0,6,1
"2,4,21,34",42,3,42,3,1,0,1,0,2,8,1,3,1,3,0,0,0,0,1,0,3,0,1,0,3,0
"2,4,22,35",29,7,29,7,1,0,1,0,2,8,1,3,1,3,0,0,0,0,1,0,3,0,1,0,3,0
"2,4,22,41",1,13,1,13,1,0,1,0,2,8,1,3,1,3,0,0,0,0,1,0,3,0,1,0,3,0
"2,4,24,50",60,3,60,3,1,0,1,0,2,8,1,3,1,3,0,0,0,0,1,0,3,0,1,0,3,0
"2,4,25,43",50,16,50,16,1,0,1,0,2,8,2,6,2,6,1,1,1,1,2,1,6,1,2,1,6,1
"2,4,27,30",38,38,38,3,0,0,1,1,2,8,0,0,0,2,0,0,0,3,0,0,0,0,0,0,2,3
"2,4,31,52",1,6,1,6,1,0,1,0,2,8,1,3,1,3,1,1,1,1,1,1,3,1,1,1,3,1
"2,4,32,54",41,6,41,6,1,0,1,0,2,8,2,7,2,7,0,0,0,0,2,0,7,0,2,0,7,0
"2,4,34,54",32,50,32,50,1,0,1,0,2,8,2,5,2,5,0,1,0,1,2,0,5,1,2,0,5,1
"2,4,36,37",12,1,12,1,1,0,1,0,2,8,2,6,2,6,1,0,1,0,2,1,6,0,2,1,6,0
"2,4,36,41",50,50,50,32,0,0,1,1,2,8,1,1,1,3,0,0,0,2,1,0,1,0,1,0,3,2
"2,4,38,45",30,13,13,13,1,1,0,0,2,8,0,5,5,5,0,2,2,2,0,0,5,2,5,2,5,2
"2,4,39,60",61,5,61,5,1,0,1,0,2,8,0,3,0,3,0,0,0,0,0,0,3,0,0,0,3,0
"2,4,40,58",34,3,34,3,1,0,1,0,2,8,0,3,0,3,0,0,0,0,0,0,3,0,0,0,3,0
"2,4,44,58",3,52,3,52,1,0,1,0,2,8,0,2,0,2,1,1,1,1,0,1,2,1,0,1,2,1
"2,4,50,51",10,5,10,5,1,0,1,0,2,8,1,4,1,4,0,1,0,1,1,0,4,1,1,0,4,1
"2,5,9,17",47,25,47,25,1,0,1,0,2,8,1,6,1,6,0,0,0,0,1,0,6,0,1,0,6,0
"2,5,9,25",1,17,1,17,1,0,1,0,2,8,4,6,4,6,0,0,0,0,4,0,6,0,4,0,6,0
"2,5,9,46",4,6,4,6,1,0,1,0,2,8,0,4,0,4,0,0,0,0,0,0,4,0,0,0,4,0
"2,5,9,54",4,3,4,3,1,0,1,0,2,8,3,5,3,5,1,1,1,1,3,1,5,1,3,1,5,1
"2,5,10,27",50,3,3,3,1,1,0,0,2,8,0,4,4,4,0,2,2,2,0,0,4,2,4,2,4,2
"2,5,10,35",15,50,15,50,1,0,1,0,2,8,0,4,0,4,0,0,0,0,0,0,4,0,0,0,4,0
"2,5,10,45",4,50,4,50,1,0,1,0,2,8,1,4,1,4,0,0,0,0,1,0,4,0,1,0,4,0
"2,5,11,20",34,6,34,6,1,0,1,0,2,8,1,3,1,3,1,1,1,1,1,1,3,1,1,1,3,1
"2,5,11,23",4,51,4,51,1,0,1,0,2,8,0,3,0,3,0,0,0,0,0,0,3,0,0,0,3,0
"2,5,11,42",26,47,26,47,1,0,1,0,2,8,0,2,0,2,1,1,1,1,0,1,2,1,0,1,2,1
"2,5,16,21",38,38,1,1,0,1,0,1,2,8,2,2,2,2,0,0,2,2,2,0,2,0,2,2,2,2
"2,5,16,45",4,21,4,21,1,0,1,0,2,8,2,6,2,6,0,1,0,1,2,0,6,1,2,0,6,1
"2,5,16,54",22,9,22,9,1,0,1,0,2,8,1,3,1,3,0,0,0,0,1,0,3,0,1,0,3,0
"2,5,17,36",3,9,3,9,1,0,1,0,2,8,0,3,0,3,1,2,1,2,0,1,3,2,0,1,3,2
"2,5,17,45",23,53,23,53,1,0,1,0,2,8,1,4,1,4,0,0,0,0,1,0,4,0,1,0,4,0
"2,5,18,58",3,45,3,45,1,0,1,0,2,8,0,6,0,6,0,0,0,0,0,0,6,0,0,0,6,0
"2,5,19,37",1,29,1,29,1,0,1,0,2,8,1,4,1,4,0,1,0,1,1,0,4,1,1,0,4,1
"2,5,25,37",61,61,61,1,0,0,1,1,2,8,0,0,0,2,0,0,0,2,0,0,0,0,0,0,2,2
"2,5,25,42",1,4,1,4,1,0,1,0,2,8,1,5,1,5,0,0,0,0,1,0,5,0,1,0,5,0
"2,5,27,37",12,12,3,12,0,1,1,0,2,8,4,4,2,4,0,0,2,0,4,0,4,0,2,2,4,0
"2,5,33,34",61,10,61,10,1,0,1,0,2,8,0,4,0,4,0,2,0,2,0,0,4,2,0,0,4,2
"2,5,33,36",50,4,4,4,1,1,0,0,2,8,1,4,4,4,0,3,3,3,1,0,4,3,4,3,4,3
"2,5,33,40",4,51,4,51,1,0,1,0,2,8,1,4,1,4,0,0,0,0,1,0,4,0,1,0,4,0
"2,5,33,49",53,1,53,1,1,0,1,0,2,8,1,3,1,3,0,0,0,0,1,0,3,0,1,0,3,0
"2,5,34,45",61,13,61,13,1,0,1,0,2,8,1,6,1,6,0,1,0,1,1,0,6,1,1,0,6,1
"2,5,41,60",50,33,50,33,1,0,1,0,2,8,0,2,0,2,1,1,1,1,0,1,2,1,0,1,2,1
"2,9,10,20",50,11,50,34,1,0,1,1,3,8,1,4,1,5,1,0,1,2,1,1,4,0,1,1,5,2
"2,9,10,29",24,12,24,12,1,0,1,0,2,8,1,5,1,5,1,0,1,0,1,1,5,0,1,1,5,0
"2,9,11,25",47,17,47,17,1,0,1,0,2,8,2,5,2,5,1,1,1,1,2,1,5,1,2,1,5,1
"2,9,11,26",34,36,34,36,1,0,1,0,2,8,3,6,3,6,0,1,0,1,3,0,6,1,3,0,6,1
"2,9,11,35",20,36,20,36,1,0,1,0,2,8,0,2,0,2,1,1,1,1,0,1,2,1,0,1,2,1
"2,9,11,42",25,47,25,47,1,0,1,0,2,8,0,3,0,3,0,1,0,1,0,0,3,1,0,0,3,1
"2,9,12,16",13,29,13,29,1,0,1,0,2,8,0,3,0,3,0,1,0,1,0,0,3,1,0,0,3,1
"2,9,13,28",38,3,38,3,1,0,1,0,2,8,0,3,0,3,1,1,1,1,0,1,3,1,0,1,3,1
"2,9,13,41",3,20,3,20,1,0,1,0,2,8,0,4,0,4,0,1,0,1,0,0,4,1,0,0,4,1
"2,9,13,47",58,53,58,53,1,0,1,0,2,8,0,2,0,2,0,0,0,0,0,0,2,0,0,0,2,0
"2,9,14,32",11,36,11,36,1,0,1,0,2,8,0,2,0,2,0,0,0,0,0,0,2,0,0,0,2,0
"2,9,16,19",22,20,22,20,1,0,1,0,2,8,0,5,0,5,0,1,0,1,0,0,5,1,0,0,5,1
"2,9,16,21",19,38,19,38,1,0,1,0,2,8,1,4,1,4,0,0,0,0,1,0,4,0,1,0,4,0
"2,9,20,29",45,41,41,41,1,1,0,0,2,8,3,6,6,6,0,2,2,2,3,0,6,2,6,2,6,2
"2,9,20,34",42,10,42,10,1,0,1,0,2,8,1,6,1,6,0,1,0,1,1,0,6,1,1,0,6,1
"2,9,20,41",45,29,45,29,1,0,1,0,2,8,2,7,2,7,0,1,0,1,2,0,7,1,2,0,7,1
"2,9,22,33",16,17,16,17,1,0,1,0,2,8,1,3,1,3,0,0,0,0,1,0,3,0,1,0,3,0
"2,9,22,42",50,17,50,17,1,0,1,0,2,8,1,3,1,3,0,0,0,0,1,0,3,0,1,0,3,0
"2,9,23,38",13,16,13,16,1,0,1,0,2,8,1,3,1,3,0,0,0,0,1,0,3,0,1,0,3,0
"2,9,24,54",27,29,27,29,1,0,1,0,2,8,1,3,1,3,0,0,0,0,1,0,3,0,1,0,3,0
"2,9,25,28",42,17,42,17,1,0,1,0,2,8,1,4,1,4,1,1,1,1,1,1,4,1,1,1,4,1
"2,9,25,39",3,17,3,17,1,0,1,0,2,8,1,3,1,3,0,0,0,0,1,0,3,0,1,0,3,0
"2,9,26,35",50,36,50,36,1,0,1,0,2,8,0,4,0,4,0,1,0,1,0,0,4,1,0,0,4,1
"2,9,26,38",50,8,50,8,1,0,1,0,2,8,1,3,1,3,0,0,0,0,1,0,3,0,1,0,3,0
"2,9,26,40",50,16,50,16,1,0,1,0,2,8,0,2,0,2,0,0,0,0,0,0,2,0,0,0,2,0
"2,9,26,50",25,36,25,36,1,0,1,0,2,8,2,7,2,7,0,0,0,0,2,0,7,0,2,0,7,0
"2,9,27,41",33,36,33,36,1,0,1,0,2,8,3,5,3,5,0,0,0,0,3,0,5,0,3,0,5,0
"2,9,28,33",25,27,25,27,1,0,1,0,2,8,1,4,1,4,1,0,1,0,1,1,4,0,1,1,4,0
"2,9,29,33",12,24,12,24,1,0,1,0,2,8,1,5,1,5,0,1,0,1,1,0,5,1,1,0,5,1
"2,9,29,35",38,12,38,12,1,0,1,0,2,8,0,4,0,4,0,1,0,1,0,0,4,1,0,0,4,1
"2,9,29,52",38,45,38,45,1,0,1,0,2,8,1,3,1,3,0,0,0,0,1,0,3,0,1,0,3,0
"2,9,30,35",3,38,3,38,1,0,1,0,2,8,0,2,0,2,1,1,1,1,0,1,2,1,0,1,2,1
"2,9,31,41",49,24,49,24,1,0,1,0,2,8,1,3,1,3,0,0,0,0,1,0,3,0,1,0,3,0
"2,9,33,36",41,27,41,27,1,0,1,0,2,8,1,4,1,4,1,1,1,1,1,1,4,1,1,1,4,1
"2,9,33,44",41,17,41,17,1,0,1,0,2,8,0,3,0,3,1,1,1,1,0,1,3,1,0,1,3,1
"2,9,33,47",25,17,25,17,1,0,1,0,2,8,3,5,3,5,1,1,1,1,3,1,5,1,3,1,5,1
"2,9,36,47",42,20,42,20,1,0,1,0,2,8,1,6,1,6,0,1,0,1,1,0,6,1,1,0,6,1
"2,9,36,50",42,26,42,26,1,0,1,0,2,8,2,6,2,6,1,1,1,1,2,1,6,1,2,1,6,1
"2,9,37,42",12,34,12,12,1,0,0,1,2,8,1,4,1,1,2,0,2,2,1,2,4,0,1,2,1,2
"2,9,37,54",36,36,3,3,0,1,0,1,2,8,0,0,0,0,0,0,2,2,0,0,0,0,0,2,0,2
"2,9,39,50",4,32,4,32,1,0,1,0,2,8,1,3,1,3,1,1,1,1,1,1,3,1,1,1,3,1
"2,9,43,50",26,26,26,36,0,0,1,1,2,8,0,0,0,4,0,0,0,2,0,0,0,0,0,0,4,2
"2,9,44,51",17,17,41,41,0,1,0,1,2,8,0,0,0,0,0,0,2,2,0,0,0,0,0,2,0,2
"2,9,47,58",13,42,13,42,1,0,1,0,2,8,0,4,0,4,0,0,0,0,0,0,4,0,0,0,4,0
"2,9,53,58",50,26,50,26,1,0,1,0,2,8,0,3,0,3,0,0,0,0,0,0,3,0,0,0,3,0
"2,10,11,16",32,20,32,20,1,0,1,0,2,8,1,4,1,4,1,1,1,1,1,1,4,1,1,1,4,1
"2,10,11,26",29,35,29,35,1,0,1,0,2,8,2,5,2,5,0,0,0,0,2,0,5,0,2,0,5,0
"2,10,12,14",58,58,58,42,0,0,1,1,2,8,0,0,0,2,0,0,0,2,0,0,0,0,0,0,2,2
"2,10,12,27",58,13,58,13,1,0,1,0,2,8,2,5,2,5,0,1,0,1,2,0,5,1,2,0,5,1
"2,10,13,26",8,3,8,3,1,0,1,0,2,8,3,5,3,5,2,2,2,2,3,2,5,2,3,2,5,2
"2,10,14,38",58,13,13,13,1,1,0,0,2,8,2,4,4,4,0,2,2,2,2,0,4,2,4,2,4,2
"2,10,14,41",13,9,9,9,1,1,0,0,2,8,0,2,2,2,0,2,2,2,0,0,2,2,2,2,2,2
"2,10,16,25",4,34,4,34,1,0,1,0,2,8,0,4,0,4,1,2,1,2,0,1,4,2,0,1,4,2
"2,10,16,50",15,61,15,61,1,0,1,0,2,8,1,5,1,5,0,1,0,1,1,0,5,1,1,0,5,1
"2,10,17,29",37,20,37,20,1,0,1,0,2,8,0,2,0,2,1,1,1,1,0,1,2,1,0,1,2,1
"2,10,17,53",3,58,3,58,1,0,1,0,2,8,1,4,1,4,0,0,0,0,1,0,4,0,1,0,4,0
"2,10,18,37",19,29,19,29,1,0,1,0,2,8,1,5,1,5,0,0,0,0,1,0,5,0,1,0,5,0
"2,10,18,45",27,13,27,13,1,0,1,0,2,8,0,3,0,3,0,0,0,0,0,0,3,0,0,0,3,0
"2,10,27,45",18,9,9,9,1,1,0,0,2,8,0,2,2,2,0,2,2,2,0,0,2,2,2,2,2,2
"2,10,31,39",3,3,3,34,0,0,1,1,2,8,0,0,0,2,0,0,0,2,0,0,0,0,0,0,2,2
"2,10,37,45",29,42,42,42,1,1,0,0,2,8,0,3,3,3,1,3,3,3,0,1,3,3,3,3,3,3
"2,10,38,50",15,61,15,61,1,0,1,0,2,8,1,5,1,5,0,0,0,0,1,0,5,0,1,0,5,0
"2,10,44,46",12,42,12,42,1,0,1,0,2,8,0,2,0,2,0,0,0,0,0,0,2,0,0,0,2,0
"2,10,44,50",15,4,15,4,1,0,1,0,2,8,0,4,0,4,0,1,0,1,0,0,4,1,0,0,4,1
"2,11,12,58",13,8,13,8,1,0,1,0,2,8,0,2,0,2,1,1,1,1,0,1,2,1,0,1,2,1
"2,11,13,29",37,8,37,8,1,0,1,0,2,8,0,3,0,3,0,1,0,1,0,0,3,1,0,0,3,1
"2,11,13,38",31,25,31,25,1,0,1,0,2,8,4,7,4,7,0,0,0,0,4,0,7,0,4,0,7,0
"2,11,13,40",8,8,47,47,0,1,0,1,2,8,0,0,0,0,0,0,2,2,0,0,0,0,0,2,0,2
"2,11,14,47",12,9,12,9,1,0,1,0,2,8,0,4,0,4,0,1,0,1,0,0,4,1,0,0,4,1
"2,11,16,22",61,29,61,29,1,0,1,0,2,8,1,5,1,5,0,0,0,0,1,0,5,0,1,0,5,0
"2,11,16,23",43,38,43,38,1,0,1,0,2,8,1,4,1,4,0,0,0,0,1,0,4,0,1,0,4,0
"2,11,16,51",32,52,32,52,1,0,1,0,2,8,0,3,0,3,1,1,1,1,0,1,3,1,0,1,3,1
"2,11,18,26",43,5,43,5,1,0,1,0,2,8,2,4,2,4,0,0,0,0,2,0,4,0,2,0,4,0
"2,11,19,31",27,59,27,59,1,0,1,0,2,8,0,3,0,3,0,0,0,0,0,0,3,0,0,0,3,0
"2,11,19,50",29,22,29,22,1,0,1,0,2,8,0,3,0,3,0,1,0,1,0,0,3,1,0,0,3,1
"2,11,19,52",12,38,12,38,1,0,1,0,2,8,2,4,2,4,0,0,0,0,2,0,4,0,2,0,4,0
"2,11,25,27",38,29,38,29,1,0,1,0,2,8,0,3,0,3,0,1,0,1,0,0,3,1,0,0,3,1
"2,11,25,32",47,52,47,52,1,0,1,0,2,8,0,3,0,3,2,1,2,1,0,2,3,1,0,2,3,1
"2,11,25,34",38,47,38,47,1,0,1,0,2,8,3,5,3,5,1,1,1,1,3,1,5,1,3,1,5,1
"2,11,26,50",36,32,36,32,1,0,1,0,2,8,1,6,1,6,0,0,0,0,1,0,6,0,1,0,6,0
"2,11,27,42",47,18,47,18,1,0,1,0,2,8,0,3,0,3,0,0,0,0,0,0,3,0,0,0,3,0
"2,11,28,36",29,20,29,20,1,0,1,0,2,8,0,3,0,3,1,1,1,1,0,1,3,1,0,1,3,1
"2,11,29,35",19,28,28,28,1,1,0,0,2,8,1,3,3,3,0,2,2,2,1,0,3,2,3,2,3,2
"2,11,31,61",26,16,26,16,1,0,1,0,2,8,1,3,1,3,0,0,0,0,1,0,3,0,1,0,3,0
"2,11,37,50",1,58,1,58,1,0,1,0,2,8,1,3,1,3,0,0,0,0,1,0,3,0,1,0,3,0
"2,11,38,45",21,30,21,30,1,0,1,0,2,8,1,3,1,3,0,0,0,0,1,0,3,0,1,0,3,0
"2,11,43,54",51,47,47,47,1,1,0,0,2,8,0,2,2,2,0,2,2,2,0,0,2,2,2,2,2,2
"2,11,46,61",26,47,26,47,1,0,1,0,2,8,1,4,1,4,0,0,0,0,1,0,4,0,1,0,4,0
"2,12,14,27",35,42,35,42,1,0,1,0,2,8,0,3,0,3,0,0,0,0,0,0,3,0,0,0,3,0
"2,12,14,37",10,10,42,42,0,1,0,1,2,8,0,0,0,0,0,0,2,2,0,0,0,0,0,2,0,2
"2,12,16,49",1,58,1,58,1,0,1,0,2,8,1,3,1,3,0,0,0,0,1,0,3,0,1,0,3,0
"2,12,17,31",47,52,47,52,1,0,1,0,2,8,0,3,0,3,0,1,0,1,0,0,3,1,0,0,3,1
"2,12,18,19",58,26,58,26,1,0,1,0,2,8,1,3,1,3,2,2,2,2,1,2,3,2,1,2,3,2
"2,12,18,35",58,58,27,27,0,1,0,1,2,8,2,2,2,2,0,0,2,2,2,0,2,0,2,2,2,2
"2,12,20,38",52,30,52,30,1,0,1,0,2,8,2,6,2,6,1,0,1,0,2,1,6,0,2,1,6,0
"2,12,21,28",42,42,3,3,0,1,0,1,2,8,0,0,0,0,0,0,2,2,0,0,0,0,0,2,0,2
"2,12,23,29",36,18,36,18,1,0,1,0,2,8,0,3,0,3,0,0,0,0,0,0,3,0,0,0,3,0
"2,12,24,30",29,29,3,3,0,1,0,1,2,8,1,1,1,1,0,0,2,2,1,0,1,0,1,2,1,2
"2,12,25,32",11,52,52,52,1,1,0,0,2,8,1,3,3,3,0,2,2,2,1,0,3,2,3,2,3,2
"2,12,25,44",52,52,17,17,0,1,0,1,2,8,0,0,0,0,0,0,2,2,0,0,0,0,0,2,0,2
"2,12,25,51",9,1,9,1,1,0,1,0,2,8,0,2,0,2,0,0,0,0,0,0,2,0,0,0,2,0
"2,12,26,32",52,11,52,11,1,0,1,0,2,8,0,5,0,5,0,0,0,0,0,0,5,0,0,0,5,0
"2,12,26,33",58,42,58,42,1,0,1,0,2,8,0,3,0,3,2,2,2,2,0,2,3,2,0,2,3,2
"2,12,27,37",42,42,34,42,0,1,1,0,2,8,7,7,3,7,0,0,2,0,7,0,7,0,3,2,7,0
"2,12,27,44",37,36,37,36,1,0,1,0,2,8,1,4,1,4,1,0,1,0,1,1,4,0,1,1,4,0
"2,12,27,50",22,36,22,36,1,0,1,0,2,8,0,3,0,3,0,0,0,0,0,0,3,0,0,0,3,0
"2,12,27,59",38,38,30,30,0,1,0,1,2,8,1,1,1,1,0,0,2,2,1,0,1,0,1,2,1,2
"2,12,28,52",38,42,38,42,1,0,1,0,2,8,3,5,3,5,0,0,0,0,3,0,5,0,3,0,5,0
"2,12,29,38",9,30,9,30,1,0,1,0,2,8,1,6,1,6,0,0,0,0,1,0,6,0,1,0,6,0
"2,12,30,58",18,23,18,23,1,0,1,0,2,8,2,5,2,5,0,1,0,1,2,0,5,1,2,0,5,1
"2,12,33,50",5,42,42,42,1,1,0,0,2,8,0,2,2,2,0,2,2,2,0,0,2,2,2,2,2,2
"2,12,36,37",20,34,20,34,1,0,1,0,2,8,2,4,2,4,0,0,0,0,2,0,4,0,2,0,4,0
"2,12,38,59",33,52,33,52,1,0,1,0,2,8,1,3,1,3,0,0,0,0,1,0,3,0,1,0,3,0
"2,12,40,60",57,47,57,47,1,0,1,0,2,8,1,3,1,3,0,0,0,0,1,0,3,0,1,0,3,0
"2,12,42,50",9,52,9,52,1,0,1,0,2,8,1,5,1,5,0,1,0,1,1,0,5,1,1,0,5,1
"2,12,45,49",42,58,42,58,1,0,1,0,2,8,1,3,1,3,0,0,0,0,1,0,3,0,1,0,3,0
"2,13,14,44",38,38,8,8,0,1,0,1,2,8,0,0,0,0,0,0,2,2,0,0,0,0,0,2,0,2
"2,13,16,59",19,61,19,61,1,0,1,0,2,8,1,4,1,4,0,1,0,1,1,0,4,1,1,0,4,1
"2,13,18,38",20,4,20,4,1,0,1,0,2,8,2,4,2,4,0,0,0,0,2,0,4,0,2,0,4,0
"2,13,19,23",12,58,12,58,1,0,1,0,2,8,0,4,0,4,0,0,0,0,0,0,4,0,0,0,4,0
"2,13,19,25",47,30,47,30,1,0,1,0,2,8,3,6,3,6,1,1,1,1,3,1,6,1,3,1,6,1
"2,13,21,27",30,29,30,30,1,0,0,1,2,8,1,3,1,1,2,0,2,2,1,2,3,0,1,2,1,2
"2,13,21,28",53,29,53,29,1,0,1,0,2,8,1,3,1,3,0,0,0,0,1,0,3,0,1,0,3,0
"2,13,21,35",53,29,29,29,1,1,0,0,2,8,1,4,4,4,0,2,2,2,1,0,4,2,4,2,4,2
"2,13,22,50",36,34,36,34,1,0,1,0,2,8,1,5,1,5,1,1,1,1,1,1,5,1,1,1,5,1
"2,13,24,36",48,30,48,30,1,0,1,0,2,8,1,3,1,3,0,0,0,0,1,0,3,0,1,0,3,0
"2,13,27,38",20,20,34,20,0,1,1,0,2,8,5,5,2,5,0,0,3,0,5,0,5,0,2,3,5,0
"2,13,29,42",38,53,38,53,1,0,1,0,2,8,2,5,2,5,0,0,0,0,2,0,5,0,2,0,5,0
"2,13,30,42",21,19,21,19,1,0,1,0,2,8,2,6,2,6,1,1,1,1,2,1,6,1,2,1,6,1
"2,13,34,50",53,38,38,38,1,1,0,0,2,8,3,5,5,5,0,2,2,2,3,0,5,2,5,2,5,2
"2,13,34,53",5,42,5,42,1,0,1,0,2,8,1,6,1,6,1,1,1,1,1,1,6,1,1,1,6,1
"2,13,34,60",42,58,42,58,1,0,1,0,2,8,0,3,0,3,0,0,0,0,0,0,3,0,0,0,3,0
"2,13,36,43",19,3,19,3,1,0,1,0,2,8,1,3,1,3,1,1,1,1,1,1,3,1,1,1,3,1
"2,13,38,44",37,37,4,4,0,1,0,1,2,8,1,1,1,1,0,0,2,2,1,0,1,0,1,2,1,2
"2,13,45,52",53,53,53,38,0,0,1,1,2,8,1,1,1,3,0,0,0,2,1,0,1,0,1,0,3,2
"2,13,45,59",11,42,11,42,1,0,1,0,2,8,1,4,1,4,0,1,0,1,1,0,4,1,1,0,4,1
"2,13,47,58",9,41,9,41,1,0,1,0,2,8,0,4,0,4,0,0,0,0,0,0,4,0,0,0,4,0
"2,14,16,29",5,38,5,38,1,0,1,0,2,8,1,3,1,3,0,0,0,0,1,0,3,0,1,0,3,0
"2,14,18,42",24,7,24,7,1,0,1,0,2,8,0,3,0,3,0,0,0,0,0,0,3,0,0,0,3,0
"2,14,25,37",42,42,5,5,0,1,0,1,2,8,0,0,0,0,0,0,2,2,0,0,0,0,0,2,0,2
"2,14,26,35",12,42,12,42,1,0,1,0,2,8,1,4,1,4,0,1,0,1,1,0,4,1,1,0,4,1
"2,14,26,38",8,30,30,30,1,1,0,0,2,8,0,3,3,3,0,3,3,3,0,0,3,3,3,3,3,3
"2,14,26,42",21,30,21,30,1,0,1,0,2,8,0,4,0,4,0,0,0,0,0,0,4,0,0,0,4,0
"2,14,28,41",54,9,54,9,1,0,1,0,2,8,0,2,0,2,1,1,1,1,0,1,2,1,0,1,2,1
"2,14,29,43",22,38,22,38,1,0,1,0,2,8,1,3,1,3,0,0,0,0,1,0,3,0,1,0,3,0
"2,14,33,35",12,37,12,37,1,0,1,0,2,8,0,2,0,2,0,0,0,0,0,0,2,0,0,0,2,0
"2,14,33,37",58,10,58,10,1,0,1,0,2,8,0,3,0,3,0,0,0,0,0,0,3,0,0,0,3,0
"2,14,33,53",58,8,58,8,1,0,1,0,2,8,1,3,1,3,0,0,0,0,1,0,3,0,1,0,3,0
"2,14,35,37",42,38,38,38,1,1,0,0,2,8,1,3,3,3,0,2,2,2,1,0,3,2,3,2,3,2
"2,14,35,45",44,21,44,21,1,0,1,0,2,8,1,3,1,3,0,0,0,0,1,0,3,0,1,0,3,0
"2,14,38,41",13,20,13,20,1,0,1,0,2,8,0,3,0,3,0,1,0,1,0,0,3,1,0,0,3,1
"2,14,38,60",4,59,4,59,1,0,1,0,2,8,1,4,1,4,1,1,1,1,1,1,4,1,1,1,4,1
"2,14,45,49",4,54,4,54,1,0,1,0,2,8,1,3,1,3,0,0,0,0,1,0,3,0,1,0,3,0
"2,14,46,54",49,9,49,9,1,0,1,0,2,8,0,3,0,3,1,1,1,1,0,1,3,1,0,1,3,1
"2,16,18,19",58,42,58,42,1,0,1,0,2,8,2,4,2,4,1,1,1,1,2,1,4,1,2,1,4,1
"2,16,19,47",42,20,42,20,1,0,1,0,2,8,1,5,1,5,0,0,0,0,1,0,5,0,1,0,5,0
"2,16,20,21",38,11,38,11,1,0,1,0,2,8,2,4,2,4,1,1,1,1,2,1,4,1,2,1,4,1
"2,16,20,27",43,19,22,19,1,1,1,0,3,8,2,5,2,5,0,1,2,1,2,0,5,1,2,2,5,1
"2,16,21,46",22,1,22,1,1,0,1,0,2,8,1,4,1,4,0,0,0,0,1,0,4,0,1,0,4,0
"2,16,22,29",5,19,5,19,1,0,1,0,2,8,1,5,1,5,0,1,0,1,1,0,5,1,1,0,5,1
"2,16,22,54",19,6,19,6,1,0,1,0,2,8,0,5,0,5,0,0,0,0,0,0,5,0,0,0,5,0
"2,17,18,28",27,42,27,42,1,0,1,0,2,8,0,2,0,2,2,2,2,2,0,2,2,2,0,2,2,2
"2,17,18,38",42,42,22,22,0,1,0,1,2,8,0,0,0,0,0,0,2,2,0,0,0,0,0,2,0,2
"2,17,19,23",53,5,53,5,1,0,1,0,2,8,0,3,0,3,1,1,1,1,0,1,3,1,0,1,3,1
"2,17,19,24",20,20,16,16,0,1,0,1,2,8,0,0,0,0,0,0,3,3,0,0,0,0,0,3,0,3
"2,17,20,35",7,53,7,53,1,0,1,0,2,8,2,5,2,5,0,1,0,1,2,0,5,1,2,0,5,1
"2,17,20,38",48,53,48,53,1,0,1,0,2,8,2,5,2,5,1,1,1,1,2,1,5,1,2,1,5,1
"2,17,20,50",41,41,10,10,0,1,0,1,2,8,1,1,1,1,0,0,3,3,1,0,1,0,1,3,1,3
"2,17,22,46",12,47,12,47,1,0,1,0,2,8,0,4,0,4,0,0,0,0,0,0,4,0,0,0,4,0
"2,17,22,50",26,47,26,47,1,0,1,0,2,8,2,6,2,6,0,0,0,0,2,0,6,0,2,0,6,0
"2,17,27,53",13,48,13,48,1,0,1,0,2,8,1,4,1,4,0,0,0,0,1,0,4,0,1,0,4,0
"2,17,28,53",26,20,26,20,1,0,1,0,2,8,0,3,0,3,0,0,0,0,0,0,3,0,0,0,3,0
"2,17,29,36",57,12,57,12,1,0,1,0,2,8,0,4,0,4,1,1,1,1,0,1,4,1,0,1,4,1
"2,17,33,47",12,9,12,9,1,0,1,0,2,8,1,5,1,5,0,1,0,1,1,0,5,1,1,0,5,1
"2,17,35,43",25,25,25,3,0,0,1,1,2,8,0,0,0,2,0,0,0,2,0,0,0,0,0,0,2,2
"2,18,20,50",17,16,17,16,1,0,1,0,2,8,1,6,1,6,0,1,0,1,1,0,6,1,1,0,6,1
"2,18,22,53",17,17,38,38,0,1,0,1,2,8,0,0,0,0,0,0,2,2,0,0,0,0,0,2,0,2
"2,18,23,51",16,58,16,58,1,0,1,0,2,8,1,3,1,3,0,0,0,0,1,0,3,0,1,0,3,0
"2,18,24,42",14,25,14,25,1,0,1,0,2,8,0,4,0,4,0,0,0,0,0,0,4,0,0,0,4,0
"2,18,26,40",12,16,12,16,1,0,1,0,2,8,0,4,0,4,0,0,0,0,0,0,4,0,0,0,4,0
"2,18,27,46",10,42,10,42,1,0,1,0,2,8,0,3,0,3,0,0,0,0,0,0,3,0,0,0,3,0
"2,18,27,54",42,50,42,50,1,0,1,0,2,8,0,4,0,4,0,1,0,1,0,0,4,1,0,0,4,1
"2,18,29,35",52,42,52,42,1,0,1,0,2,8,1,5,1,5,1,1,1,1,1,1,5,1,1,1,5,1
"2,18,29,50",21,36,21,36,1,0,1,0,2,8,2,5,2,5,0,0,0,0,2,0,5,0,2,0,5,0
"2,18,30,36",25,58,25,58,1,0,1,0,2,8,0,3,0,3,0,0,0,0,0,0,3,0,0,0,3,0
"2,18,30,59",50,42,50,42,1,0,1,0,2,8,1,3,1,3,0,0,0,0,1,0,3,0,1,0,3,0
"2,18,34,61",11,5,11,5,1,0,1,0,2,8,1,3,1,3,0,0,0,0,1,0,3,0,1,0,3,0
"2,18,37,58",30,23,30,23,1,0,1,0,2,8,1,3,1,3,0,0,0,0,1,0,3,0,1,0,3,0
"2,18,38,43",3,42,3,42,1,0,1,0,2,8,1,4,1,4,1,1,1,1,1,1,4,1,1,1,4,1
"2,18,40,61",50,45,50,45,1,0,1,0,2,8,1,3,1,3,0,0,0,0,1,0,3,0,1,0,3,0
"2,18,42,45",27,43,27,43,1,0,1,0,2,8,2,5,2,5,0,0,0,0,2,0,5,0,2,0,5,0
"2,18,44,45",38,42,38,42,1,0,1,0,2,8,1,4,1,4,0,0,0,0,1,0,4,0,1,0,4,0
"2,18,45,51",50,42,42,42,1,1,0,0,2,8,0,2,2,2,0,2,2,2,0,0,2,2,2,2,2,2
"2,18,45,54",58,50,58,50,1,0,1,0,2,8,0,2,0,2,1,1,1,1,0,1,2,1,0,1,2,1
"2,18,47,58",29,54,29,54,1,0,1,0,2,8,0,4,0,4,0,1,0,1,0,0,4,1,0,0,4,1
"2,18,51,52",50,50,42,42,0,1,0,1,2,8,0,0,0,0,0,0,2,2,0,0,0,0,0,2,0,2
"2,19,21,30",20,13,20,13,1,0,1,0,2,8,0,3,0,3,0,0,0,0,0,0,3,0,0,0,3,0
"2,19,22,37",16,29,16,29,1,0,1,0,2,8,1,6,1,6,0,0,0,0,1,0,6,0,1,0,6,0
"2,19,23,61",18,20,18,20,1,0,1,0,2,8,1,3,1,3,0,0,0,0,1,0,3,0,1,0,3,0
"2,19,25,33",5,9,5,9,1,0,1,0,2,8,2,4,2,4,1,1,1,1,2,1,4,1,2,1,4,1
"2,19,26,34",12,13,12,13,1,0,1,0,2,8,2,5,2,5,0,0,0,0,2,0,5,0,2,0,5,0
"2,19,28,42",7,10,7,10,1,0,1,0,2,8,1,3,1,3,0,0,0,0,1,0,3,0,1,0,3,0
"2,19,28,52",42,29,42,42,1,0,0,1,2,8,0,2,0,0,2,0,2,2,0,2,2,0,0,2,0,2
"2,19,33,34",38,42,42,42,1,1,0,0,2,8,1,3,3,3,0,2,2,2,1,0,3,2,3,2,3,2
"2,19,33,42",21,10,21,10,1,0,1,0,2,8,1,4,1,4,0,1,0,1,1,0,4,1,1,0,4,1
"2,19,34,43",11,42,11,42,1,0,1,0,2,8,1,3,1,3,1,1,1,1,1,1,3,1,1,1,3,1
"2,19,40,47",17,11,17,11,1,0,1,0,2,8,1,3,1,3,0,0,0,0,1,0,3,0,1,0,3,0
"2,19,50,53",26,42,26,42,1,0,1,0,2,8,0,3,0,3,1,1,1,1,0,1,3,1,0,1,3,1
"2,20,21,47",19,17,19,17,1,0,1,0,2,8,0,2,0,2,0,0,0,0,0,0,2,0,0,0,2,0
"2,20,22,36",12,12,27,27,0,1,0,1,2,8,0,0,0,0,1,1,3,3,0,1,0,1,0,3,0,3
"2,20,25,26",50,29,50,29,1,0,1,0,2,8,0,5,0,5,1,1,1,1,0,1,5,1,0,1,5,1
"2,20,26,50",19,41,19,41,1,0,1,0,2,8,2,7,2,7,0,0,0,0,2,0,7,0,2,0,7,0
"2,20,26,53",19,48,19,48,1,0,1,0,2,8,0,5,0,5,0,0,0,0,0,0,5,0,0,0,5,0
"2,20,26,54",19,47,19,47,1,0,1,0,2,8,0,4,0,4,0,0,0,0,0,0,4,0,0,0,4,0
"2,20,27,41",38,50,50,50,1,1,0,0,2,8,0,4,4,4,0,2,2,2,0,0,4,2,4,2,4,2
"2,20,27,42",47,34,47,34,1,0,1,0,2,8,1,4,1,4,1,0,1,0,1,1,4,0,1,1,4,0
"2,20,27,50",38,41,38,41,1,0,1,0,2,8,0,5,0,5,1,1,1,1,0,1,5,1,0,1,5,1
"2,20,28,31",27,26,27,26,1,0,1,0,2,8,0,2,0,2,1,1,1,1,0,1,2,1,0,1,2,1
"2,20,28,36",13,11,13,11,1,0,1,0,2,8,1,4,1,4,0,0,0,0,1,0,4,0,1,0,4,0
"2,20,28,58",38,10,38,10,1,0,1,0,2,8,0,2,0,2,1,1,1,1,0,1,2,1,0,1,2,1
"2,20,29,41",26,9,9,9,1,1,0,0,2,8,0,5,5,5,0,3,3,3,0,0,5,3,5,3,5,3
"2,20,30,38",14,12,14,12,1,0,1,0,2,8,2,6,2,6,0,0,0,0,2,0,6,0,2,0,6,0
"2,20,32,42",38,38,38,17,0,0,1,1,2,8,0,0,0,2,0,0,0,2,0,0,0,0,0,0,2,2
"2,20,32,50",26,26,26,41,0,0,1,1,2,8,0,0,0,3,0,0,0,2,0,0,0,0,0,0,3,2
"2,20,34,52",27,27,42,42,0,1,0,1,2,8,0,0,0,0,0,0,3,3,0,0,0,0,0,3,0,3
"2,20,36,42",47,9,47,9,1,0,1,0,2,8,0,3,0,3,0,0,0,0,0,0,3,0,0,0,3,0
"2,20,37,44",38,12,38,12,1,0,1,0,2,8,1,3,1,3,2,2,2,2,1,2,3,2,1,2,3,2
"2,20,38,53",52,17,52,17,1,0,1,0,2,8,2,6,2,6,0,0,0,0,2,0,6,0,2,0,6,0
"2,20,44,50",41,26,26,26,1,1,0,0,2,8,1,4,4,4,0,2,2,2,1,0,4,2,4,2,4,2
"2,20,49,52",50,12,50,12,1,0,1,0,2,8,1,3,1,3,1,1,1,1,1,1,3,1,1,1,3,1
"2,20,50,52",26,47,26,47,1,0,1,0,2,8,1,5,1,5,1,1,1,1,1,1,5,1,1,1,5,1
"2,21,22,32",39,17,39,17,1,0,1,0,2,8,0,3,0,3,0,0,0,0,0,0,3,0,0,0,3,0
"2,21,26,46",11,16,11,16,1,0,1,0,2,8,1,3,1,3,1,1,1,1,1,1,3,1,1,1,3,1
"2,21,27,38",29,3,29,3,1,0,1,0,2,8,1,4,1,4,0,1,0,1,1,0,4,1,1,0,4,1
"2,21,29,30",13,53,13,53,1,0,1,0,2,8,1,3,1,3,1,1,1,1,1,1,3,1,1,1,3,1
"2,21,29,36",39,37,39,37,1,0,1,0,2,8,0,2,0,2,0,0,0,0,0,0,2,0,0,0,2,0
"2,21,29,61",38,58,38,58,1,0,1,0,2,8,1,4,1,4,1,0,1,0,1,1,4,0,1,1,4,0
"2,21,30,38",16,42,16,42,1,0,1,0,2,8,1,3,1,3,0,0,0,0,1,0,3,0,1,0,3,0
"2,21,30,58",24,42,24,42,1,0,1,0,2,8,1,3,1,3,1,1,1,1,1,1,3,1,1,1,3,1
"2,21,33,37",29,38,29,38,1,0,1,0,2,8,2,4,2,4,0,0,0,0,2,0,4,0,2,0,4,0
"2,21,34,61",29,16,29,16,1,0,1,0,2,8,1,3,1,3,1,1,1,1,1,1,3,1,1,1,3,1
"2,21,43,50",26,22,26,22,1,0,1,0,2,8,1,3,1,3,0,0,0,0,1,0,3,0,1,0,3,0
"2,22,25,26",17,50,17,50,1,0,1,0,2,8,0,3,0,3,1,2,1,2,0,1,3,2,0,1,3,2
"2,22,26,59",3,38,3,38,1,0,1,0,2,8,0,2,0,2,0,0,0,0,0,0,2,0,0,0,2,0
"2,22,31,59",3,38,3,38,1,0,1,0,2,8,0,3,0,3,1,1,1,1,0,1,3,1,0,1,3,1
"2,22,33,37",12,38,12,38,1,0,1,0,2,8,2,5,2,5,0,1,0,1,2,0,5,1,2,0,5,1
"2,22,34,44",4,43,4,4,1,0,0,1,2,8,1,3,1,1,2,0,2,2,1,2,3,0,1,2,1,2
"2,22,34,45",36,42,36,42,1,0,1,0,2,8,1,5,1,5,0,0,0,0,1,0,5,0,1,0,5,0
"2,23,28,41",16,31,16,31,1,0,1,0,2,8,1,3,1,3,0,0,0,0,1,0,3,0,1,0,3,0
"2,23,32,52",47,58,47,58,1,0,1,0,2,8,1,3,1,3,0,0,0,0,1,0,3,0,1,0,3,0
"2,23,32,61",50,4,50,4,1,0,1,0,2,8,1,3,1,3,0,0,0,0,1,0,3,0,1,0,3,0
"2,23,33,41",51,16,51,16,1,0,1,0,2,8,0,3,0,3,0,0,0,0,0,0,3,0,0,0,3,0
"2,23,33,58",53,38,53,38,1,0,1,0,2,8,2,4,2,4,1,1,1,1,2,1,4,1,2,1,4,1
"2,23,41,51",33,47,33,47,1,0,1,0,2,8,0,3,0,3,0,1,0,1,0,0,3,1,0,0,3,1
"2,24,26,50",27,32,27,32,1,0,1,0,2,8,0,3,0,3,0,0,0,0,0,0,3,0,0,0,3,0
"2,24,26,58",29,30,29,30,1,0,1,0,2,8,1,3,1,3,0,0,0,0,1,0,3,0,1,0,3,0
"2,24,29,44",20,37,20,37,1,0,1,0,2,8,1,4,1,4,0,0,0,0,1,0,4,0,1,0,4,0
"2,24,31,49",51,16,51,16,1,0,1,0,2,8,0,3,0,3,0,0,0,0,0,0,3,0,0,0,3,0
"2,24,32,60",29,16,29,16,1,0,1,0,2,8,1,3,1,3,0,0,0,0,1,0,3,0,1,0,3,0
"2,24,33,43",34,9,34,9,1,0,1,0,2,8,1,3,1,3,0,0,0,0,1,0,3,0,1,0,3,0
"2,24,34,36",32,42,32,42,1,0,1,0,2,8,1,4,1,4,0,0,0,0,1,0,4,0,1,0,4,0
"2,24,34,53",48,48,42,42,0,1,0,1,2,8,1,1,1,1,0,0,2,2,1,0,1,0,1,2,1,2
"2,24,43,53",58,48,58,48,1,0,1,0,2,8,1,3,1,3,0,0,0,0,1,0,3,0,1,0,3,0
"2,24,46,54",60,60,6,6,0,1,0,1,2,8,0,0,0,0,0,0,2,2,0,0,0,0,0,2,0,2
"2,25,26,42",29,43,29,43,1,0,1,0,2,8,2,5,2,5,1,0,1,0,2,1,5,0,2,1,5,0
"2,25,26,51",50,30,50,30,1,0,1,0,2,8,0,3,0,3,0,0,0,0,0,0,3,0,0,0,3,0
"2,25,26,59",3,31,3,31,1,0,1,0,2,8,1,4,1,4,0,0,0,0,1,0,4,0,1,0,4,0
"2,25,27,34",26,26,42,26,0,1,1,0,2,8,4,4,1,4,0,0,2,0,4,0,4,0,1,2,4,0
"2,25,28,30",42,19,42,19,1,0,1,0,2,8,0,3,0,3,0,0,0,0,0,0,3,0,0,0,3,0
"2,25,28,50",26,26,10,10,0,1,0,1,2,8,0,0,0,0,0,0,2,2,0,0,0,0,0,2,0,2
"2,25,30,37",58,58,13,13,0,1,0,1,2,8,1,1,1,1,0,0,2,2,1,0,1,0,1,2,1,2
"2,25,34,43",26,42,26,42,1,0,1,0,2,8,3,5,3,5,2,2,2,2,3,2,5,2,3,2,5,2
"2,25,37,52",38,34,38,34,1,0,1,0,2,8,2,4,2,4,0,0,0,0,2,0,4,0,2,0,4,0
"2,25,39,53",8,13,8,13,1,0,1,0,2,8,0,3,0,3,0,1,0,1,0,0,3,1,0,0,3,1
"2,25,45,50",5,42,5,42,1,0,1,0,2,8,0,4,0,4,2,2,2,2,0,2,4,2,0,2,4,2
"2,26,27,31",50,11,50,11,1,0,1,0,2,8,0,2,0,2,0,0,0,0,0,0,2,0,0,0,2,0
"2,26,28,38",58,29,58,58,1,0,0,1,2,8,0,3,0,0,2,0,2,2,0,2,3,0,0,2,0,2
"2,26,29,30",58,3,58,3,1,0,1,0,2,8,0,3,0,3,1,0,1,0,0,1,3,0,0,1,3,0
"2,26,29,36",50,27,50,27,1,0,1,0,2,8,2,6,2,6,0,1,0,1,2,0,6,1,2,0,6,1
"2,26,30,31",53,3,53,3,1,0,1,0,2,8,1,4,1,4,1,1,1,1,1,1,4,1,1,1,4,1
"2,26,30,50",25,3,25,3,1,0,1,0,2,8,0,3,0,3,0,0,0,0,0,0,3,0,0,0,3,0
"2,26,31,36",50,27,50,27,1,0,1,0,2,8,0,4,0,4,0,0,0,0,0,0,4,0,0,0,4,0
"2,26,31,46",41,1,41,1,1,0,1,0,2,8,0,3,0,3,0,1,0,1,0,0,3,1,0,0,3,1
"2,26,32,52",12,25,12,25,1,0,1,0,2,8,0,3,0,3,0,0,0,0,0,0,3,0,0,0,3,0
"2,26,33,45",27,18,27,18,1,0,1,0,2,8,1,3,1,3,0,0,0,0,1,0,3,0,1,0,3,0
"2,26,34,37",36,27,36,27,1,0,1,0,2,8,1,4,1,4,1,1,1,1,1,1,4,1,1,1,4,1
"2,26,34,47",11,20,11,20,1,0,1,0,2,8,0,3,0,3,0,1,0,1,0,0,3,1,0,0,3,1
"2,26,35,45",50,5,50,5,1,0,1,0,2,8,0,3,0,3,1,1,1,1,0,1,3,1,0,1,3,1
"2,26,36,50",35,9,35,9,1,0,1,0,2,8,2,7,2,7,0,0,0,0,2,0,7,0,2,0,7,0
"2,26,37,51",58,58,34,34,0,1,0,1,2,8,0,0,0,0,0,0,2,2,0,0,0,0,0,2,0,2
"2,26,38,43",3,29,3,29,1,0,1,0,2,8,0,3,0,3,1,1,1,1,0,1,3,1,0,1,3,1
"2,26,41,42",47,17,47,17,1,0,1,0,2,8,2,5,2,5,1,1,1,1,2,1,5,1,2,1,5,1
"2,26,42,43",25,19,25,19,1,0,1,0,2,8,4,7,4,7,1,1,1,1,4,1,7,1,4,1,7,1
"2,26,43,50",20,16,20,16,1,0,1,0,2,8,1,6,1,6,0,0,0,0,1,0,6,0,1,0,6,0
"2,26,43,53",19,42,19,42,1,0,1,0,2,8,0,3,0,3,0,1,0,1,0,0,3,1,0,0,3,1
"2,26,47,51",11,11,42,42,0,1,0,1,2,8,0,0,0,0,0,0,2,2,0,0,0,0,0,2,0,2
"2,26,50,51",22,11,22,11,1,0,1,0,2,8,0,3,0,3,0,0,0,0,0,0,3,0,0,0,3,0
"2,27,28,30",38,3,38,3,1,0,1,0,2,8,0,3,0,3,1,1,1,1,0,1,3,1,0,1,3,1
"2,27,28,34",29,10,29,10,1,0,1,0,2,8,0,3,0,3,1,1,1,1,0,1,3,1,0,1,3,1
"2,27,28,37",26,12,26,12,1,0,1,0,2,8,0,3,0,3,0,0,0,0,0,0,3,0,0,0,3,0
"2,27,29,34",37,26,37,26,1,0,1,0,2,8,2,4,2,4,1,1,1,1,2,1,4,1,2,1,4,1
"2,27,31,37",52,26,52,26,1,0,1,0,2,8,0,3,0,3,0,1,0,1,0,0,3,1,0,0,3,1
"2,27,32,36",26,9,26,9,1,0,1,0,2,8,1,6,1,6,0,1,0,1,1,0,6,1,1,0,6,1
"2,27,33,36",38,9,9,9,1,1,0,0,2,8,0,2,2,2,1,3,3,3,0,1,2,3,2,3,2,3
"2,27,34,41",50,9,50,50,1,0,0,1,2,8,1,3,1,1,2,0,2,2,1,2,3,0,1,2,1,2
"2,27,35,38",32,3,32,3,1,0,1,0,2,8,1,4,1,4,1,1,1,1,1,1,4,1,1,1,4,1
"2,27,36,44",4,12,4,12,1,0,1,0,2,8,0,3,0,3,0,1,0,1,0,0,3,1,0,0,3,1
"2,27,38,50",33,48,33,48,1,0,1,0,2,8,0,2,0,2,0,0,0,0,0,0,2,0,0,0,2,0
"2,27,38,53",29,35,29,35,1,0,1,0,2,8,1,4,1,4,0,0,0,0,1,0,4,0,1,0,4,0
"2,27,42,43",47,18,47,18,1,0,1,0,2,8,0,6,0,6,1,1,1,1,0,1,6,1,0,1,6,1
"2,28,29,35",1,11,1,11,1,0,1,0,2,8,1,4,1,4,1,1,1,1,1,1,4,1,1,1,4,1
"2,28,29,42",34,25,34,25,1,0,1,0,2,8,2,5,2,5,0,1,0,1,2,0,5,1,2,0,5,1
"2,28,30,58",29,26,29,26,1,0,1,0,2,8,0,3,0,3,0,0,0,0,0,0,3,0,0,0,3,0
"2,28,32,34",37,42,37,42,1,0,1,0,2,8,1,3,1,3,0,0,0,0,1,0,3,0,1,0,3,0
"2,28,35,46",39,10,39,10,1,0,1,0,2,8,0,2,0,2,0,0,0,0,0,0,2,0,0,0,2,0
"2,28,36,59",42,25,42,25,1,0,1,0,2,8,0,2,0,2,0,0,0,0,0,0,2,0,0,0,2,0
"2,28,38,41",48,33,48,33,1,0,1,0,2,8,0,3,0,3,0,0,0,0,0,0,3,0,0,0,3,0
"2,28,38,45",53,20,53,20,1,0,1,0,2,8,0,3,0,3,0,0,0,0,0,0,3,0,0,0,3,0
"2,28,50,52",29,29,42,42,0,1,0,1,2,8,1,1,1,1,0,0,2,2,1,0,1,0,1,2,1,2
"2,28,51,52",16,1,1,1,1,1,0,0,2,8,0,3,3,3,0,2,2,2,0,0,3,2,3,2,3,2
"2,29,30,53",24,25,24,25,1,0,1,0,2,8,2,5,2,5,0,0,0,0,2,0,5,0,2,0,5,0
"2,29,31,36",21,26,26,26,1,1,0,0,2,8,0,2,2,2,0,2,2,2,0,0,2,2,2,2,2,2
"2,29,32,43",37,37,50,50,0,1,0,1,2,8,3,3,3,3,0,0,2,2,3,0,3,0,3,2,3,2
"2,29,34,38",37,43,37,43,1,0,1,0,2,8,3,5,3,5,0,0,0,0,3,0,5,0,3,0,5,0
"2,29,35,36",53,38,53,38,1,0,1,0,2,8,0,4,0,4,0,0,0,0,0,0,4,0,0,0,4,0
"2,29,35,38",34,21,34,21,1,0,1,0,2,8,0,4,0,4,2,1,2,1,0,2,4,1,0,2,4,1
"2,29,36,52",43,43,43,50,0,0,1,1,2,8,1,1,1,4,0,0,0,2,1,0,1,0,1,0,4,2
"2,29,36,53",35,42,35,42,1,0,1,0,2,8,0,3,0,3,0,0,0,0,0,0,3,0,0,0,3,0
"2,29,38,45",52,13,52,13,1,0,1,0,2,8,1,4,1,4,1,2,1,2,1,1,4,2,1,1,4,2
"2,29,43,44",36,47,36,47,1,0,1,0,2,8,1,4,1,4,0,0,0,0,1,0,4,0,1,0,4,0
"2,29,43,49",25,52,25,52,1,0,1,0,2,8,0,3,0,3,0,1,0,1,0,0,3,1,0,0,3,1
"2,29,43,60",37,57,37,57,1,0,1,0,2,8,0,3,0,3,0,1,0,1,0,0,3,1,0,0,3,1
"2,29,46,52",25,16,25,16,1,0,1,0,2,8,1,4,1,4,0,1,0,1,1,0,4,1,1,0,4,1
"2,30,34,35",38,38,58,58,0,1,0,1,2,8,1,1,1,1,1,1,3,3,1,1,1,1,1,3,1,3
"2,30,51,59",62,11,62,11,1,0,1,0,2,8,0,4,0,4,0,0,0,0,0,0,4,0,0,0,4,0
"2,31,32,38",14,59,14,59,1,0,1,0,2,8,1,3,1,3,1,1,1,1,1,1,3,1,1,1,3,1
"2,31,34,52",16,42,16,42,1,0,1,0,2,8,0,2,0,2,0,0,0,0,0,0,2,0,0,0,2,0
"2,31,35,43",3,52,3,52,1,0,1,0,2,8,0,2,0,2,0,0,0,0,0,0,2,0,0,0,2,0
"2,31,38,43",13,52,13,52,1,0,1,0,2,8,0,3,0,3,0,1,0,1,0,0,3,1,0,0,3,1
"2,31,41,51",26,47,26,47,1,0,1,0,2,8,0,2,0,2,0,0,0,0,0,0,2,0,0,0,2,0
"2,31,42,50",45,47,45,47,1,0,1,0,2,8,0,2,0,2,0,0,0,0,0,0,2,0,0,0,2,0
"2,31,42,59",53,3,53,3,1,0,1,0,2,8,0,2,0,2,1,1,1,1,0,1,2,1,0,1,2,1
"2,31,43,54",3,9,3,9,1,0,1,0,2,8,1,3,1,3,1,1,1,1,1,1,3,1,1,1,3,1
"2,31,50,52",53,26,26,26,1,1,0,0,2,8,0,2,2,2,0,2,2,2,0,0,2,2,2,2,2,2
"2,31,54,60",43,47,43,47,1,0,1,0,2,8,0,3,0,3,0,0,0,0,0,0,3,0,0,0,3,0
"2,32,33,36",50,9,50,9,1,0,1,0,2,8,2,5,2,5,0,0,0,0,2,0,5,0,2,0,5,0
"2,32,33,37",58,58,58,42,0,0,1,1,2,8,0,0,0,2,0,0,0,2,0,0,0,0,0,0,2,2
"2,32,33,38",48,8,48,8,1,0,1,0,2,8,0,5,0,5,0,0,0,0,0,0,5,0,0,0,5,0
"2,32,49,60",26,58,26,58,1,0,1,0,2,8,0,3,0,3,0,0,0,0,0,0,3,0,0,0,3,0
"2,33,34,35",58,9,58,9,1,0,1,0,2,8,0,2,0,2,0,0,0,0,0,0,2,0,0,0,2,0
"2,33,36,38",27,4,27,4,1,0,1,0,2,8,1,5,1,5,0,1,0,1,1,0,5,1,1,0,5,1
"2,33,37,43",34,42,42,42,1,1,0,0,2,8,0,3,3,3,0,2,2,2,0,0,3,2,3,2,3,2
"2,34,35,36",50,26,50,26,1,0,1,0,2,8,0,2,0,2,1,1,1,1,0,1,2,1,0,1,2,1
"2,34,36,52",37,37,37,32,0,0,1,1,2,8,1,1,1,3,0,0,0,2,1,0,1,0,1,0,3,2
"2,34,42,44",45,37,45,37,1,0,1,0,2,8,0,2,0,2,1,1,1,1,0,1,2,1,0,1,2,1
"2,35,42,43",45,28,45,28,1,0,1,0,2,8,0,3,0,3,0,0,0,0,0,0,3,0,0,0,3,0
"2,35,42,53",21,38,21,38,1,0,1,0,2,8,1,5,1,5,0,0,0,0,1,0,5,0,1,0,5,0
"2,35,43,52",27,16,27,16,1,0,1,0,2,8,1,4,1,4,0,0,0,0,1,0,4,0,1,0,4,0
"2,36,41,54",46,27,46,27,1,0,1,0,2,8,0,3,0,3,0,0,0,0,0,0,3,0,0,0,3,0
"2,37,41,50",10,10,32,32,0,1,0,1,2,8,0,0,0,0,0,0,2,2,0,0,0,0,0,2,0,2
"2,37,42,51",21,10,21,10,1,0,1,0,2,8,0,2,0,2,1,1,1,1,0,1,2,1,0,1,2,1
"2,37,45,50",52,42,52,42,1,0,1,0,2,8,0,2,0,2,1,1,1,1,0,1,2,1,0,1,2,1
"2,38,42,50",59,53,59,53,1,0,1,0,2,8,3,6,3,6,1,1,1,1,3,1,6,1,3,1,6,1
"2,38,43,45",53,44,53,44,1,0,1,0,2,8,1,3,1,3,0,0,0,0,1,0,3,0,1,0,3,0
"2,38,44,50",27,33,27,33,1,0,1,0,2,8,0,2,0,2,0,0,0,0,0,0,2,0,0,0,2,0
"2,38,45,53",52,35,52,35,1,0,1,0,2,8,2,4,2,4,0,0,0,0,2,0,4,0,2,0,4,0
"2,38,49,52",58,53,58,53,1,0,1,0,2,8,1,4,1,4,1,1,1,1,1,1,4,1,1,1,4,1
"2,38,53,60",52,33,52,33,1,0,1,0,2,8,0,3,0,3,0,0,0,0,0,0,3,0,0,0,3,0
"2,39,43,46",44,42,44,42,1,0,1,0,2,8,0,4,0,4,0,0,0,0,0,0,4,0,0,0,4,0
"2,41,43,46",16,6,16,6,1,0,1,0,2,8,1,3,1,3,1,1,1,1,1,1,3,1,1,1,3,1
"2,42,51,60",53,47,53,47,1,0,1,0,2,8,0,2,0,2,0,0,0,0,0,0,2,0,0,0,2,0
"2,42,53,59",21,19,21,19,1,0,1,0,2,8,2,5,2,5,0,0,0,0,2,0,5,0,2,0,5,0
"2,43,44,46",29,3,29,3,1,0,1,0,2,8,1,3,1,3,0,0,0,0,1,0,3,0,1,0,3,0
"2,44,52,60",47,58,47,58,1,0,1,0,2,8,0,3,0,3,0,0,0,0,0,0,3,0,0,0,3,0
"2,45,50,54",42,38,42,38,1,0,1,0,2,8,1,3,1,3,0,0,0,0,1,0,3,0,1,0,3,0
"3,4,9,27",25,36,25,36,1,0,1,0,2,8,4,7,4,7,0,0,0,0,4,0,7,0,4,0,7,0
"3,4,9,29",5,21,5,21,1,0,1,0,2,8,2,5,2,5,0,0,0,0,2,0,5,0,2,0,5,0
"3,4,9,36",12,27,12,27,1,0,1,0,2,8,2,6,2,6,1,1,1,1,2,1,6,1,2,1,6,1
"3,4,11,43",6,14,6,14,1,0,1,0,2,8,1,3,1,3,1,1,1,1,1,1,3,1,1,1,3,1
"3,4,11,51",5,14,5,14,1,0,1,0,2,8,1,3,1,3,1,1,1,1,1,1,3,1,1,1,3,1
"3,4,17,36",39,9,9,9,1,1,0,0,2,8,0,4,4,4,0,2,2,2,0,0,4,2,4,2,4,2
"3,4,17,49",21,1,21,1,1,0,1,0,2,8,1,4,1,4,0,0,0,0,1,0,4,0,1,0,4,0
"3,4,19,44",14,28,14,28,1,0,1,0,2,8,2,5,2,5,1,0,1,0,2,1,5,0,2,1,5,0
"3,4,24,34",2,10,2,10,1,0,1,0,2,8,2,4,2,4,1,1,1,1,2,1,4,1,2,1,4,1
"3,4,24,36",2,28,2,28,1,0,1,0,2,8,1,5,1,5,1,1,1,1,1,1,5,1,1,1,5,1
"3,4,24,52",28,16,28,16,1,0,1,0,2,8,1,4,1,4,2,2,2,2,1,2,4,2,1,2,4,2
"3,4,25,29",5,24,5,24,1,0,1,0,2,8,2,5,2,5,1,1,1,1,2,1,5,1,2,1,5,1
"3,4,25,32",2,50,2,50,1,0,1,0,2,8,2,5,2,5,0,0,0,0,2,0,5,0,2,0,5,0
"3,4,25,51",60,33,60,33,1,0,1,0,2,8,0,4,0,4,0,2,0,2,0,0,4,2,0,0,4,2
"3,4,26,32",2,18,2,18,1,0,1,0,2,8,1,4,1,4,0,0,0,0,1,0,4,0,1,0,4,0
"3,4,27,36",44,9,9,9,1,1,0,0,2,8,1,5,5,5,0,2,2,2,1,0,5,2,5,2,5,2
"3,4,34,43",24,13,24,13,1,0,1,0,2,8,2,5,2,5,1,2,1,2,2,1,5,2,2,1,5,2
"3,4,34,44",49,39,49,39,1,0,1,0,2,8,1,4,1,4,1,2,1,2,1,1,4,2,1,1,4,2
"3,4,35,49",21,28,21,28,1,0,1,0,2,8,1,4,1,4,1,1,1,1,1,1,4,1,1,1,4,1
"3,4,35,60",5,28,5,28,1,0,1,0,2,8,1,5,1,5,1,1,1,1,1,1,5,1,1,1,5,1
"3,4,43,54",6,27,6,27,1,0,1,0,2,8,2,5,2,5,1,1,1,1,2,1,5,1,2,1,5,1
"3,4,50,60",28,22,28,22,1,0,1,0,2,8,1,4,1,4,0,0,0,0,1,0,4,0,1,0,4,0
"3,4,51,59",48,30,48,30,1,0,1,0,2,8,0,4,0,4,0,0,0,0,0,0,4,0,0,0,4,0
"3,9,11,14",35,43,35,43,1,0,1,0,2,8,2,5,2,5,0,0,0,0,2,0,5,0,2,0,5,0
"3,9,11,27",4,14,4,14,1,0,1,0,2,8,2,4,2,4,1,1,1,1,2,1,4,1,2,1,4,1
"3,9,12,28",49,4,4,4,1,1,0,0,2,8,2,5,5,5,0,2,2,2,2,0,5,2,5,2,5,2
"3,9,13,32",2,8,2,8,1,0,1,0,2,8,4,7,4,7,0,0,0,0,4,0,7,0,4,0,7,0
"3,9,13,35",59,59,14,14,0,1,0,1,2,8,1,1,1,1,0,0,2,2,1,0,1,0,1,2,1,2
"3,9,13,36",54,54,54,27,0,0,1,1,2,8,1,1,1,4,0,0,0,2,1,0,1,0,1,0,4,2
"3,9,18,27",35,24,35,24,1,0,1,0,2,8,1,5,1,5,1,1,1,1,1,1,5,1,1,1,5,1
"3,9,18,30",4,4,4,54,0,0,1,1,2,8,0,0,0,2,0,0,0,2,0,0,0,0,0,0,2,2
"3,9,18,54",6,13,6,13,1,0,1,0,2,8,1,4,1,4,0,0,0,0,1,0,4,0,1,0,4,0
"3,9,19,24",28,12,28,12,1,0,1,0,2,8,2,5,2,5,0,1,0,1,2,0,5,1,2,0,5,1
"3,9,19,49",17,27,17,27,1,0,1,0,2,8,1,3,1,3,1,1,1,1,1,1,3,1,1,1,3,1
"3,9,20,33",59,24,59,24,1,0,1,0,2,8,0,4,0,4,1,1,1,1,0,1,4,1,0,1,4,1
"3,9,20,43",31,54,31,54,1,0,1,0,2,8,3,5,3,5,1,1,1,1,3,1,5,1,3,1,5,1
"3,9,21,30",13,49,49,49,1,1,0,0,2,8,0,3,3,3,0,2,2,2,0,0,3,2,3,2,3,2
"3,9,21,35",49,14,49,14,1,0,1,0,2,8,0,2,0,2,1,1,1,1,0,1,2,1,0,1,2,1
"3,9,21,39",17,45,17,45,1,0,1,0,2,8,1,6,1,6,0,0,0,0,1,0,6,0,1,0,6,0
"3,9,21,45",14,39,14,39,1,0,1,0,2,8,2,5,2,5,1,1,1,1,2,1,5,1,2,1,5,1
"3,9,21,54",2,18,2,18,1,0,1,0,2,8,1,4,1,4,0,1,0,1,1,0,4,1,1,0,4,1
"3,9,25,59",2,13,2,13,1,0,1,0,2,8,1,3,1,3,1,1,1,1,1,1,3,1,1,1,3,1
"3,9,26,34",10,10,10,39,0,0,1,1,2,8,2,2,2,4,0,0,0,2,2,0,2,0,2,0,4,2
"3,9,26,37",49,60,49,60,1,0,1,0,2,8,4,7,4,7,1,1,1,1,4,1,7,1,4,1,7,1
"3,9,26,53",30,39,30,39,1,0,1,0,2,8,1,4,1,4,0,1,0,1,1,0,4,1,1,0,4,1
"3,9,27,35",14,24,14,24,1,0,1,0,2,8,4,6,4,6,2,2,2,2,4,2,6,2,4,2,6,2
"3,9,27,36",59,4,59,4,1,0,1,0,2,8,2,5,2,5,2,2,2,2,2,2,5,2,2,2,5,2
"3,9,27,37",14,10,14,10,1,0,1,0,2,8,2,5,2,5,0,0,0,0,2,0,5,0,2,0,5,0
"3,9,31,52",1,12,1,12,1,0,1,0,2,8,1,5,1,5,0,1,0,1,1,0,5,1,1,0,5,1
"3,9,32,43",25,26,25,26,1,0,1,0,2,8,3,7,3,7,1,1,1,1,3,1,7,1,3,1,7,1
"3,9,35,60",12,27,12,27,1,0,1,0,2,8,1,3,1,3,0,0,0,0,1,0,3,0,1,0,3,0
"3,9,37,44",26,4,26,4,1,0,1,0,2,8,1,4,1,4,1,1,1,1,1,1,4,1,1,1,4,1
"3,9,39,50",17,15,17,15,1,0,1,0,2,8,0,3,0,3,0,1,0,1,0,0,3,1,0,0,3,1
"3,9,41,54",43,17,43,17,1,0,1,0,2,8,1,6,1,6,0,0,0,0,1,0,6,0,1,0,6,0
"3,9,42,43",49,14,49,14,1,0,1,0,2,8,1,4,1,4,1,2,1,2,1,1,4,2,1,1,4,2
"3,9,52,59",48,27,48,27,1,0,1,0,2,8,1,3,1,3,0,0,0,0,1,0,3,0,1,0,3,0
"3,9,53,59",51,17,51,17,1,0,1,0,2,8,1,4,1,4,0,0,0,0,1,0,4,0,1,0,4,0
"3,10,11,39",32,14,32,14,1,0,1,0,2,8,0,3,0,3,1,1,1,1,0,1,3,1,0,1,3,1
"3,10,12,26",34,18,34,18,1,0,1,0,2,8,1,5,1,5,1,1,1,1,1,1,5,1,1,1,5,1
"3,10,12,39",17,14,17,14,1,0,1,0,2,8,1,4,1,4,1,2,1,2,1,1,4,2,1,1,4,2
"3,10,13,26",53,53,53,2,0,0,1,1,2,8,2,2,2,5,0,0,0,2,2,0,2,0,2,0,5,2
"3,10,17,20",23,21,23,21,1,0,1,0,2,8,0,5,0,5,0,1,0,1,0,0,5,1,0,0,5,1
"3,10,17,22",12,39,12,39,1,0,1,0,2,8,1,4,1,4,0,0,0,0,1,0,4,0,1,0,4,0
"3,10,17,39",12,4,12,4,1,0,1,0,2,8,1,3,1,3,1,1,1,1,1,1,3,1,1,1,3,1
"3,10,18,35",42,11,11,11,1,1,0,0,2,8,2,4,4,4,0,2,2,2,2,0,4,2,4,2,4,2
"3,10,18,42",35,43,35,43,1,0,1,0,2,8,2,5,2,5,0,0,0,0,2,0,5,0,2,0,5,0
"3,10,19,26",34,34,34,27,0,0,1,1,2,8,2,2,2,4,1,1,1,3,2,1,2,1,2,1,4,3
"3,10,19,28",43,35,35,35,1,1,0,0,2,8,3,5,5,5,0,3,3,3,3,0,5,3,5,3,5,3
"3,10,19,36",28,27,28,27,1,0,1,0,2,8,0,2,0,2,1,1,1,1,0,1,2,1,0,1,2,1
"3,10,20,21",42,17,42,17,1,0,1,0,2,8,0,4,0,4,0,2,0,2,0,0,4,2,0,0,4,2
"3,10,21,50",37,42,37,42,1,0,1,0,2,8,0,2,0,2,1,1,1,1,0,1,2,1,0,1,2,1
"3,10,22,31",4,39,4,39,1,0,1,0,2,8,0,2,0,2,1,1,1,1,0,1,2,1,0,1,2,1
"3,10,24,54",18,46,18,46,1,0,1,0,2,8,1,3,1,3,0,0,0,0,1,0,3,0,1,0,3,0
"3,10,25,35",15,43,15,43,1,0,1,0,2,8,3,7,3,7,0,0,0,0,3,0,7,0,3,0,7,0
"3,10,26,39",9,31,9,31,1,0,1,0,2,8,1,4,1,4,0,0,0,0,1,0,4,0,1,0,4,0
"3,10,26,44",27,17,27,17,1,0,1,0,2,8,0,3,0,3,0,1,0,1,0,0,3,1,0,0,3,1
"3,10,27,37",19,19,51,51,0,1,0,1,2,8,4,4,4,4,1,1,3,3,4,1,4,1,4,3,4,3
"3,10,27,51",33,37,33,37,1,0,1,0,2,8,1,7,1,7,0,0,0,0,1,0,7,0,1,0,7,0
"3,10,28,30",58,25,58,25,1,0,1,0,2,8,1,5,1,5,1,1,1,1,1,1,5,1,1,1,5,1
"3,10,29,49",14,14,24,24,0,1,0,1,2,8,0,0,0,0,0,0,2,2,0,0,0,0,0,2,0,2
"3,10,31,43",24,4,24,4,1,0,1,0,2,8,1,3,1,3,0,0,0,0,1,0,3,0,1,0,3,0
"3,10,31,49",37,55,37,55,1,0,1,0,2,8,1,3,1,3,0,0,0,0,1,0,3,0,1,0,3,0
"3,10,33,51",27,37,27,37,1,0,1,0,2,8,0,3,0,3,1,1,1,1,0,1,3,1,0,1,3,1
"3,10,34,37",51,33,51,33,1,0,1,0,2,8,0,4,0,4,1,1,1,1,0,1,4,1,0,1,4,1
"3,10,34,45",42,18,42,18,1,0,1,0,2,8,0,3,0,3,1,1,1,1,0,1,3,1,0,1,3,1
"3,10,37,51",43,27,43,27,1,0,1,0,2,8,2,6,2,6,1,1,1,1,2,1,6,1,2,1,6,1
"3,10,39,49",55,28,55,28,1,0,1,0,2,8,1,4,1,4,0,0,0,0,1,0,4,0,1,0,4,0
"3,10,39,60",55,5,55,5,1,0,1,0,2,8,2,4,2,4,1,1,1,1,2,1,4,1,2,1,4,1
"3,11,12,24",32,9,32,9,1,0,1,0,2,8,2,5,2,5,1,1,1,1,2,1,5,1,2,1,5,1
"3,11,14,19",8,39,8,39,1,0,1,0,2,8,0,4,0,4,0,0,0,0,0,0,4,0,0,0,4,0
"3,11,14,27",9,4,9,4,1,0,1,0,2,8,3,5,3,5,2,2,2,2,3,2,5,2,3,2,5,2
"3,11,17,36",20,12,20,12,1,0,1,0,2,8,0,3,0,3,1,2,1,2,0,1,3,2,0,1,3,2
"3,11,17,53",20,2,20,2,1,0,1,0,2,8,0,2,0,2,0,0,0,0,0,0,2,0,0,0,2,0
"3,11,18,53",13,38,13,38,1,0,1,0,2,8,2,4,2,4,1,1,1,1,2,1,4,1,2,1,4,1
"3,11,21,36",28,43,28,43,1,0,1,0,2,8,1,5,1,5,1,1,1,1,1,1,5,1,1,1,5,1
"3,11,21,41",13,59,13,59,1,0,1,0,2,8,0,4,0,4,0,0,0,0,0,0,4,0,0,0,4,0
"3,11,21,46",51,43,51,43,1,0,1,0,2,8,1,5,1,5,1,0,1,0,1,1,5,0,1,1,5,0
"3,11,21,49",18,59,18,59,1,0,1,0,2,8,0,4,0,4,0,0,0,0,0,0,4,0,0,0,4,0
"3,11,21,51",10,18,10,18,1,0,1,0,2,8,2,4,2,4,0,0,0,0,2,0,4,0,2,0,4,0
"3,11,22,32",43,4,4,4,1,1,0,0,2,8,1,3,3,3,0,2,2,2,1,0,3,2,3,2,3,2
"3,11,22,43",20,39,20,39,1,0,1,0,2,8,1,4,1,4,0,0,0,0,1,0,4,0,1,0,4,0
"3,11,24,35",14,32,14,32,1,0,1,0,2,8,1,4,1,4,1,0,1,0,1,1,4,0,1,1,4,0
"3,11,27,32",4,24,4,4,1,0,0,1,2,8,1,4,1,1,3,0,3,3,1,3,4,0,1,3,1,3
"3,11,27,33",38,12,38,12,1,0,1,0,2,8,1,3,1,3,2,2,2,2,1,2,3,2,1,2,3,2
"3,11,27,38",2,30,2,2,1,0,0,1,2,8,1,4,1,1,2,0,2,2,1,2,4,0,1,2,1,2
"3,11,27,41",13,17,20,17,1,1,1,0,3,8,1,3,1,3,0,1,2,1,1,0,3,1,1,2,3,1
"3,11,28,33",19,51,19,51,1,0,1,0,2,8,1,5,1,5,1,0,1,0,1,1,5,0,1,1,5,0
"3,11,29,50",18,59,18,59,1,0,1,0,2,8,0,3,0,3,0,1,0,1,0,0,3,1,0,0,3,1
"3,11,30,36",38,35,38,35,1,0,1,0,2,8,0,2,0,2,1,1,1,1,0,1,2,1,0,1,2,1
"3,11,31,32",27,43,27,43,1,0,1,0,2,8,2,4,2,4,0,0,0,0,2,0,4,0,2,0,4,0
"3,11,31,41",6,24,6,24,1,0,1,0,2,8,1,3,1,3,0,0,0,0,1,0,3,0,1,0,3,0
"3,11,32,60",43,51,43,51,1,0,1,0,2,8,2,4,2,4,0,0,0,0,2,0,4,0,2,0,4,0
"3,11,38,46",30,43,43,43,1,1,0,0,2,8,0,3,3,3,1,3,3,3,0,1,3,3,3,3,3,3
"3,11,39,60",17,51,17,51,1,0,1,0,2,8,1,4,1,4,0,1,0,1,1,0,4,1,1,0,4,1
"3,11,43,46",16,38,16,38,1,0,1,0,2,8,1,5,1,5,1,1,1,1,1,1,5,1,1,1,5,1
"3,11,43,54",9,14,9,14,1,0,1,0,2,8,2,6,2,6,1,1,1,1,2,1,6,1,2,1,6,1
"3,11,51,53",48,30,48,30,1,0,1,0,2,8,2,4,2,4,1,1,1,1,2,1,4,1,2,1,4,1
"3,11,52,59",31,25,31,25,1,0,1,0,2,8,0,3,0,3,0,1,0,1,0,0,3,1,0,0,3,1
"3,12,13,27",35,8,35,8,1,0,1,0,2,8,3,6,3,6,0,0,0,0,3,0,6,0,3,0,6,0
"3,12,13,38",11,33,11,33,1,0,1,0,2,8,2,5,2,5,0,0,0,0,2,0,5,0,2,0,5,0
"3,12,14,49",10,35,10,35,1,0,1,0,2,8,1,5,1,5,0,1,0,1,1,0,5,1,1,0,5,1
"3,12,17,30",8,33,33,33,1,1,0,0,2,8,3,5,5,5,0,2,2,2,3,0,5,2,5,2,5,2
"3,12,17,39",14,44,14,44,1,0,1,0,2,8,3,8,3,8,0,0,0,0,3,0,8,0,3,0,8,0
"3,12,18,52",21,21,35,35,0,1,0,1,2,8,0,0,0,0,0,0,2,2,0,0,0,0,0,2,0,2
"3,12,19,53",26,26,30,30,0,1,0,1,2,8,0,0,0,0,0,0,2,2,0,0,0,0,0,2,0,2
"3,12,22,27",35,43,35,43,1,0,1,0,2,8,1,6,1,6,0,0,0,0,1,0,6,0,1,0,6,0
"3,12,24,34",39,9,39,9,1,0,1,0,2,8,0,4,0,4,1,1,1,1,0,1,4,1,0,1,4,1
"3,12,24,44",4,17,4,17,1,0,1,0,2,8,2,5,2,5,1,1,1,1,2,1,5,1,2,1,5,1
"3,12,26,59",35,31,35,31,1,0,1,0,2,8,1,3,1,3,1,1,1,1,1,1,3,1,1,1,3,1
"3,12,28,38",20,13,20,13,1,0,1,0,2,8,1,3,1,3,0,0,0,0,1,0,3,0,1,0,3,0
"3,12,29,35",27,43,27,43,1,0,1,0,2,8,2,7,2,7,0,0,0,0,2,0,7,0,2,0,7,0
"3,12,30,59",27,24,27,24,1,0,1,0,2,8,2,4,2,4,1,1,1,1,2,1,4,1,2,1,4,1
"3,12,32,50",24,39,24,39,1,0,1,0,2,8,0,2,0,2,0,0,0,0,0,0,2,0,0,0,2,0
"3,12,33,36",51,37,51,37,1,0,1,0,2,8,0,3,0,3,1,1,1,1,0,1,3,1,0,1,3,1
"3,12,33,42",18,2,2,2,1,1,0,0,2,8,1,4,4,4,0,3,3,3,1,0,4,3,4,3,4,3
"3,12,33,51",43,27,43,27,1,0,1,0,2,8,2,5,2,5,1,1,1,1,2,1,5,1,2,1,5,1
"3,12,37,44",4,30,30,30,1,1,0,0,2,8,2,4,4,4,0,2,2,2,2,0,4,2,4,2,4,2
"3,12,37,51",27,33,27,33,1,0,1,0,2,8,0,3,0,3,1,1,1,1,0,1,3,1,0,1,3,1
"3,12,39,45",31,9,9,9,1,1,0,0,2,8,1,3,3,3,0,2,2,2,1,0,3,2,3,2,3,2
"3,12,39,52",32,9,32,9,1,0,1,0,2,8,2,4,2,4,1,1,1,1,2,1,4,1,2,1,4,1
"3,12,42,51",27,33,33,33,1,1,0,0,2,8,0,3,3,3,0,3,3,3,0,0,3,3,3,3,3,3
"3,12,51,53",26,26,30,30,0,1,0,1,2,8,3,3,3,3,0,0,2,2,3,0,3,0,3,2,3,2
"3,13,17,36",53,53,22,22,0,1,0,1,2,8,0,0,0,0,0,0,2,2,0,0,0,0,0,2,0,2
"3,13,21,60",39,59,39,59,1,0,1,0,2,8,1,3,1,3,0,0,0,0,1,0,3,0,1,0,3,0
"3,13,25,27",59,30,59,30,1,0,1,0,2,8,0,3,0,3,2,1,2,1,0,2,3,1,0,2,3,1
"3,13,26,34",10,2,10,2,1,0,1,0,2,8,1,4,1,4,2,2,2,2,1,2,4,2,1,2,4,2
"3,13,28,30",35,37,35,37,1,0,1,0,2,8,2,6,2,6,0,1,0,1,2,0,6,1,2,0,6,1
"3,13,28,35",30,38,38,38,1,1,0,0,2,8,2,4,4,4,0,2,2,2,2,0,4,2,4,2,4,2
"3,13,28,37",53,30,53,30,1,0,1,0,2,8,3,6,3,6,1,1,1,1,3,1,6,1,3,1,6,1
"3,13,28,38",33,43,35,43,1,1,1,0,3,8,6,8,4,8,0,0,2,0,6,0,8,0,4,2,8,0
"3,13,29,36",53,21,53,21,1,0,1,0,2,8,1,4,1,4,1,2,1,2,1,1,4,2,1,1,4,2
"3,13,30,35",28,27,27,27,1,1,0,0,2,8,2,6,6,6,0,2,2,2,2,0,6,2,6,2,6,2
"3,13,37,38",22,35,22,35,1,0,1,0,2,8,2,4,2,4,0,0,0,0,2,0,4,0,2,0,4,0
"3,13,37,54",30,30,30,14,0,0,1,1,2,8,0,0,0,2,0,0,0,2,0,0,0,0,0,0,2,2
"3,13,39,43",59,53,53,53,1,1,0,0,2,8,1,3,3,3,0,2,2,2,1,0,3,2,3,2,3,2
"3,13,42,45",43,43,43,21,0,0,1,1,2,8,0,0,0,2,0,0,0,2,0,0,0,0,0,0,2,2
"3,14,17,30",59,9,59,9,1,0,1,0,2,8,1,5,1,5,0,0,0,0,1,0,5,0,1,0,5,0
"3,14,18,22",54,4,54,4,1,0,1,0,2,8,0,3,0,3,0,1,0,1,0,0,3,1,0,0,3,1
"3,14,18,26",9,4,9,4,1,0,1,0,2,8,1,4,1,4,1,1,1,1,1,1,4,1,1,1,4,1
"3,14,21,28",39,24,39,39,1,0,0,1,2,8,3,5,3,3,2,0,2,2,3,2,5,0,3,2,3,2
"3,14,22,32",11,30,11,30,1,0,1,0,2,8,2,4,2,4,0,0,0,0,2,0,4,0,2,0,4,0
"3,14,22,54",5,43,5,43,1,0,1,0,2,8,2,6,2,6,0,0,0,0,2,0,6,0,2,0,6,0
"3,14,24,26",2,29,2,29,1,0,1,0,2,8,1,5,1,5,0,0,0,0,1,0,5,0,1,0,5,0
"3,14,24,30",21,38,21,38,1,0,1,0,2,8,2,4,2,4,0,0,0,0,2,0,4,0,2,0,4,0
"3,14,24,37",21,29,21,29,1,0,1,0,2,8,1,5,1,5,0,0,0,0,1,0,5,0,1,0,5,0
"3,14,25,37",32,31,32,31,1,0,1,0,2,8,0,3,0,3,0,0,0,0,0,0,3,0,0,0,3,0
"3,14,27,42",35,35,24,24,0,1,0,1,2,8,2,2,2,2,0,0,2,2,2,0,2,0,2,2,2,2
"3,14,28,32",37,35,37,35,1,0,1,0,2,8,1,4,1,4,0,0,0,0,1,0,4,0,1,0,4,0
"3,14,29,35",39,28,39,21,1,0,1,1,3,8,1,3,1,3,1,0,1,2,1,1,3,0,1,1,3,2
"3,14,30,49",58,21,58,21,1,0,1,0,2,8,3,5,3,5,0,0,0,0,3,0,5,0,3,0,5,0
"3,14,30,50",22,54,22,54,1,0,1,0,2,8,1,4,1,4,0,1,0,1,1,0,4,1,1,0,4,1
"3,14,37,54",51,43,51,51,1,0,0,1,2,8,2,4,2,2,2,0,2,2,2,2,4,0,2,2,2,2
"3,14,42,43",35,49,49,49,1,1,0,0,2,8,2,4,4,4,0,2,2,2,2,0,4,2,4,2,4,2
"3,14,43,45",59,9,9,9,1,1,0,0,2,8,0,2,2,2,0,2,2,2,0,0,2,2,2,2,2,2
"3,14,43,51",37,54,54,54,1,1,0,0,2,8,2,4,4,4,0,2,2,2,2,0,4,2,4,2,4,2
"3,14,46,54",5,43,5,43,1,0,1,0,2,8,2,6,2,6,0,1,0,1,2,0,6,1,2,0,6,1
"3,17,18,29",20,20,20,21,0,0,1,1,2,8,0,0,0,2,0,0,0,2,0,0,0,0,0,0,2,2
"3,17,20,38",23,30,23,30,1,0,1,0,2,8,0,3,0,3,1,1,1,1,0,1,3,1,0,1,3,1
"3,17,21,37",20,5,5,5,1,1,0,0,2,8,2,5,5,5,0,2,2,2,2,0,5,2,5,2,5,2
"3,17,22,50",2,39,2,39,1,0,1,0,2,8,1,3,1,3,0,0,0,0,1,0,3,0,1,0,3,0
"3,17,25,29",20,20,20,2,0,0,1,1,2,8,0,0,0,4,0,0,0,2,0,0,0,0,0,0,4,2
"3,17,25,34",33,2,33,2,1,0,1,0,2,8,0,6,0,6,0,1,0,1,0,0,6,1,0,0,6,1
"3,17,25,53",20,59,20,59,1,0,1,0,2,8,1,4,1,4,0,0,0,0,1,0,4,0,1,0,4,0
"3,17,27,33",28,44,28,44,1,0,1,0,2,8,1,4,1,4,0,0,0,0,1,0,4,0,1,0,4,0
"3,17,27,37",51,35,51,35,1,0,1,0,2,8,0,2,0,2,0,0,0,0,0,0,2,0,0,0,2,0
"3,17,27,41",22,51,51,51,1,1,0,0,2,8,0,4,4,4,0,2,2,2,0,0,4,2,4,2,4,2
"3,17,27,51",28,44,28,44,1,0,1,0,2,8,1,6,1,6,0,0,0,0,1,0,6,0,1,0,6,0
"3,17,28,52",27,27,20,20,0,1,0,1,2,8,0,0,0,0,0,0,2,2,0,0,0,0,0,2,0,2
"3,17,30,51",59,19,59,19,1,0,1,0,2,8,2,5,2,5,0,1,0,1,2,0,5,1,2,0,5,1
"3,17,33,35",25,37,25,37,1,0,1,0,2,8,2,6,2,6,1,1,1,1,2,1,6,1,2,1,6,1
"3,17,33,36",25,12,25,12,1,0,1,0,2,8,0,2,0,2,1,1,1,1,0,1,2,1,0,1,2,1
"3,17,33,38",12,8,12,8,1,0,1,0,2,8,1,3,1,3,0,0,0,0,1,0,3,0,1,0,3,0
"3,17,37,52",44,2,44,2,1,0,1,0,2,8,0,3,0,3,0,1,0,1,0,0,3,1,0,0,3,1
"3,17,39,41",32,9,32,9,1,0,1,0,2,8,3,5,3,5,1,1,1,1,3,1,5,1,3,1,5,1
"3,17,41,51",24,24,24,27,0,0,1,1,2,8,2,2,2,4,0,0,0,2,2,0,2,0,2,0,4,2
"3,17,43,54",39,9,39,9,1,0,1,0,2,8,2,4,2,4,0,0,0,0,2,0,4,0,2,0,4,0
"3,18,19,25",21,30,21,30,1,0,1,0,2,8,1,3,1,3,0,0,0,0,1,0,3,0,1,0,3,0
"3,18,20,43",11,27,11,27,1,0,1,0,2,8,0,4,0,4,1,1,1,1,0,1,4,1,0,1,4,1
"3,18,21,42",51,17,51,17,1,0,1,0,2,8,1,4,1,4,0,1,0,1,1,0,4,1,1,0,4,1
"3,18,24,39",28,21,28,21,1,0,1,0,2,8,1,3,1,3,0,0,0,0,1,0,3,0,1,0,3,0
"3,18,25,43",34,21,34,21,1,0,1,0,2,8,1,6,1,6,0,0,0,0,1,0,6,0,1,0,6,0
"3,18,26,42",35,21,35,21,1,0,1,0,2,8,1,4,1,4,0,1,0,1,1,0,4,1,1,0,4,1
"3,18,27,39",17,9,17,9,1,0,1,0,2,8,0,3,0,3,0,1,0,1,0,0,3,1,0,0,3,1
"3,18,27,59",54,32,54,32,1,0,1,0,2,8,2,4,2,4,1,1,1,1,2,1,4,1,2,1,4,1
"3,18,28,36",11,12,11,12,1,0,1,0,2,8,1,4,1,4,1,1,1,1,1,1,4,1,1,1,4,1
"3,18,28,42",35,24,35,24,1,0,1,0,2,8,3,5,3,5,1,1,1,1,3,1,5,1,3,1,5,1
"3,18,29,54",27,21,27,21,1,0,1,0,2,8,0,4,0,4,0,0,0,0,0,0,4,0,0,0,4,0
"3,18,30,37",58,13,58,13,1,0,1,0,2,8,0,4,0,4,1,1,1,1,0,1,4,1,0,1,4,1
"3,18,31,35",24,26,24,26,1,0,1,0,2,8,0,3,0,3,1,1,1,1,0,1,3,1,0,1,3,1
"3,18,31,59",11,13,11,13,1,0,1,0,2,8,0,2,0,2,0,0,0,0,0,0,2,0,0,0,2,0
"3,18,34,39",32,4,32,4,1,0,1,0,2,8,0,3,0,3,0,1,0,1,0,0,3,1,0,0,3,1
"3,18,36,38",43,11,43,11,1,0,1,0,2,8,0,2,0,2,0,0,0,0,0,0,2,0,0,0,2,0
"3,18,36,44",26,4,4,4,1,1,0,0,2,8,0,2,2,2,0,2,2,2,0,0,2,2,2,2,2,2
"3,18,36,51",27,27,11,11,0,1,0,1,2,8,0,0,0,0,0,0,3,3,0,0,0,0,0,3,0,3
"3,18,38,52",13,53,13,53,1,0,1,0,2,8,0,3,0,3,0,1,0,1,0,0,3,1,0,0,3,1
"3,18,41,53",17,17,13,13,0,1,0,1,2,8,0,0,0,0,0,0,2,2,0,0,0,0,0,2,0,2
"3,18,42,53",17,2,17,2,1,0,1,0,2,8,0,4,0,4,0,1,0,1,0,0,4,1,0,0,4,1
"3,19,20,21",30,30,30,27,0,0,1,1,2,8,1,1,1,4,0,0,0,2,1,0,1,0,1,0,4,2
"3,19,26,28",43,27,43,27,1,0,1,0,2,8,1,3,1,3,2,2,2,2,1,2,3,2,1,2,3,2
"3,19,26,42",2,43,2,43,1,0,1,0,2,8,2,4,2,4,3,3,3,3,2,3,4,3,2,3,4,3
"3,19,27,32",4,24,4,24,1,0,1,0,2,8,1,3,1,3,1,1,1,1,1,1,3,1,1,1,3,1
"3,19,28,37",43,27,43,27,1,0,1,0,2,8,0,3,0,3,2,2,2,2,0,2,3,2,0,2,3,2
"3,19,28,38",33,59,33,59,1,0,1,0,2,8,0,3,0,3,0,0,0,0,0,0,3,0,0,0,3,0
"3,19,30,44",53,27,53,27,1,0,1,0,2,8,0,3,0,3,0,1,0,1,0,0,3,1,0,0,3,1
"3,19,35,44",17,30,17,30,1,0,1,0,2,8,2,4,2,4,0,0,0,0,2,0,4,0,2,0,4,0
"3,19,39,44",4,43,4,43,1,0,1,0,2,8,1,4,1,4,1,1,1,1,1,1,4,1,1,1,4,1
"3,19,49,51",54,39,54,39,1,0,1,0,2,8,2,5,2,5,1,2,1,2,2,1,5,2,2,1,5,2
"3,20,21,29",45,18,45,18,1,0,1,0,2,8,0,3,0,3,0,0,0,0,0,0,3,0,0,0,3,0
"3,20,21,30",19,26,19,26,1,0,1,0,2,8,0,5,0,5,1,0,1,0,0,1,5,0,0,1,5,0
"3,20,21,36",28,12,28,12,1,0,1,0,2,8,0,2,0,2,1,1,1,1,0,1,2,1,0,1,2,1
"3,20,22,25",18,27,18,27,1,0,1,0,2,8,1,3,1,3,0,0,0,0,1,0,3,0,1,0,3,0
"3,20,27,30",19,13,19,13,1,0,1,0,2,8,2,5,2,5,1,1,1,1,2,1,5,1,2,1,5,1
"3,20,30,54",38,14,38,14,1,0,1,0,2,8,0,4,0,4,1,1,1,1,0,1,4,1,0,1,4,1
"3,20,33,45",38,38,9,9,0,1,0,1,2,8,0,0,0,0,0,0,2,2,0,0,0,0,0,2,0,2
"3,20,34,51",27,27,43,43,0,1,0,1,2,8,0,0,0,0,0,0,3,3,0,0,0,0,0,3,0,3
"3,20,35,54",27,14,27,14,1,0,1,0,2,8,0,2,0,2,1,1,1,1,0,1,2,1,0,1,2,1
"3,20,36,43",22,27,22,27,1,0,1,0,2,8,0,4,0,4,0,0,0,0,0,0,4,0,0,0,4,0
"3,20,36,59",32,60,32,60,1,0,1,0,2,8,0,2,0,2,1,1,1,1,0,1,2,1,0,1,2,1
"3,20,37,51",27,43,27,43,1,0,1,0,2,8,0,3,0,3,0,1,0,1,0,0,3,1,0,0,3,1
"3,20,38,45",13,13,13,2,0,0,1,1,2,8,1,1,1,3,0,0,0,2,1,0,1,0,1,0,3,2
"3,20,38,59",14,27,14,27,1,0,1,0,2,8,2,4,2,4,1,1,1,1,2,1,4,1,2,1,4,1
"3,20,43,44",16,27,16,27,1,0,1,0,2,8,1,7,1,7,0,1,0,1,1,0,7,1,1,0,7,1
"3,21,22,32",4,4,39,39,0,1,0,1,2,8,0,0,0,0,0,0,3,3,0,0,0,0,0,3,0,3
"3,21,24,37",14,10,14,10,1,0,1,0,2,8,1,5,1,5,0,1,0,1,1,0,5,1,1,0,5,1
"3,21,25,43",49,49,49,18,0,0,1,1,2,8,1,1,1,4,0,0,0,2,1,0,1,0,1,0,4,2
"3,21,26,27",51,30,51,30,1,0,1,0,2,8,0,5,0,5,1,1,1,1,0,1,5,1,0,1,5,1
"3,21,26,30",25,27,27,27,1,1,0,0,2,8,0,3,3,3,0,3,3,3,0,0,3,3,3,3,3,3
"3,21,26,35",43,27,43,27,1,0,1,0,2,8,3,6,3,6,0,1,0,1,3,0,6,1,3,0,6,1
"3,21,26,36",51,27,51,27,1,0,1,0,2,8,0,3,0,3,0,0,0,0,0,0,3,0,0,0,3,0
"3,21,27,51",26,42,26,42,1,0,1,0,2,8,1,7,1,7,0,0,0,0,1,0,7,0,1,0,7,0
"3,21,28,42",39,51,39,51,1,0,1,0,2,8,0,4,0,4,0,1,0,1,0,0,4,1,0,0,4,1
"3,21,28,49",39,24,39,24,1,0,1,0,2,8,2,8,2,8,1,0,1,0,2,1,8,0,2,1,8,0
"3,21,29,30",13,53,13,53,1,0,1,0,2,8,1,4,1,4,1,1,1,1,1,1,4,1,1,1,4,1
"3,21,29,32",39,4,39,4,1,0,1,0,2,8,1,3,1,3,1,1,1,1,1,1,3,1,1,1,3,1
"3,21,30,35",8,28,8,28,1,0,1,0,2,8,3,6,3,6,1,1,1,1,3,1,6,1,3,1,6,1
"3,21,30,51",27,35,27,35,1,0,1,0,2,8,1,4,1,4,1,1,1,1,1,1,4,1,1,1,4,1
"3,21,33,51",27,27,27,42,0,0,1,1,2,8,0,0,0,3,0,0,0,3,0,0,0,0,0,0,3,3
"3,21,34,52",42,39,39,39,1,1,0,0,2,8,0,2,2,2,0,2,2,2,0,0,2,2,2,2,2,2
"3,21,43,45",22,22,22,13,0,0,1,1,2,8,0,0,0,2,0,0,0,2,0,0,0,0,0,0,2,2
"3,21,45,46",42,10,42,10,1,0,1,0,2,8,0,4,0,4,1,1,1,1,0,1,4,1,0,1,4,1
"3,21,46,51",10,43,10,43,1,0,1,0,2,8,1,4,1,4,0,0,0,0,1,0,4,0,1,0,4,0
"3,21,53,54",39,30,39,30,1,0,1,0,2,8,0,3,0,3,1,2,1,2,0,1,3,2,0,1,3,2
"3,22,25,52",18,2,18,2,1,0,1,0,2,8,0,2,0,2,0,0,0,0,0,0,2,0,0,0,2,0
"3,22,27,59",13,31,13,31,1,0,1,0,2,8,1,3,1,3,1,1,1,1,1,1,3,1,1,1,3,1
"3,22,36,45",43,0,0,0,1,1,0,0,2,8,0,2,2,2,0,2,2,2,0,0,2,2,2,2,2,2
"3,22,37,51",43,43,30,30,0,1,0,1,2,8,0,0,0,0,0,0,2,2,0,0,0,0,0,2,0,2
"3,22,43,49",39,54,39,54,1,0,1,0,2,8,1,4,1,4,0,1,0,1,1,0,4,1,1,0,4,1
"3,24,27,28",49,9,49,9,1,0,1,0,2,8,2,7,2,7,1,1,1,1,2,1,7,1,2,1,7,1
"3,24,27,39",33,28,33,28,1,0,1,0,2,8,1,3,1,3,0,0,0,0,1,0,3,0,1,0,3,0
"3,24,28,29",49,4,49,4,1,0,1,0,2,8,2,5,2,5,1,1,1,1,2,1,5,1,2,1,5,1
"3,24,28,60",29,30,29,30,1,0,1,0,2,8,1,4,1,4,0,1,0,1,1,0,4,1,1,0,4,1
"3,24,29,54",28,53,28,53,1,0,1,0,2,8,1,6,1,6,0,0,0,0,1,0,6,0,1,0,6,0
"3,24,30,60",29,28,29,28,1,0,1,0,2,8,1,4,1,4,0,1,0,1,1,0,4,1,1,0,4,1
"3,24,31,52",28,12,28,12,1,0,1,0,2,8,1,4,1,4,0,0,0,0,1,0,4,0,1,0,4,0
"3,25,27,49",4,4,59,59,0,1,0,1,2,8,1,1,1,1,0,0,3,3,1,0,1,0,1,3,1,3
"3,25,30,34",48,10,48,10,1,0,1,0,2,8,0,5,0,5,0,1,0,1,0,0,5,1,0,0,5,1
"3,25,30,45",21,38,21,38,1,0,1,0,2,8,1,4,1,4,0,0,0,0,1,0,4,0,1,0,4,0
"3,25,33,53",28,30,28,30,1,0,1,0,2,8,0,4,0,4,0,1,0,1,0,0,4,1,0,0,4,1
"3,25,33,60",28,49,28,49,1,0,1,0,2,8,0,3,0,3,0,1,0,1,0,0,3,1,0,0,3,1
"3,25,35,37",33,43,33,43,1,0,1,0,2,8,1,4,1,4,0,0,0,0,1,0,4,0,1,0,4,0
"3,25,36,50",33,33,43,43,0,1,0,1,2,8,0,0,0,0,0,0,2,2,0,0,0,0,0,2,0,2
"3,25,38,43",35,33,35,33,1,0,1,0,2,8,0,3,0,3,0,0,0,0,0,0,3,0,0,0,3,0
"3,25,39,51",60,30,60,30,1,0,1,0,2,8,0,3,0,3,0,1,0,1,0,0,3,1,0,0,3,1
"3,25,44,54",59,49,59,49,1,0,1,0,2,8,1,3,1,3,0,0,0,0,1,0,3,0,1,0,3,0
"3,26,27,37",51,28,51,28,1,0,1,0,2,8,1,3,1,3,0,0,0,0,1,0,3,0,1,0,3,0
"3,26,27,52",51,31,51,31,1,0,1,0,2,8,0,3,0,3,0,0,0,0,0,0,3,0,0,0,3,0
"3,26,28,35",43,27,43,27,1,0,1,0,2,8,1,5,1,5,2,0,2,0,1,2,5,0,1,2,5,0
"3,26,30,33",25,53,53,53,1,1,0,0,2,8,0,4,4,4,0,2,2,2,0,0,4,2,4,2,4,2
"3,26,33,37",27,12,27,12,1,0,1,0,2,8,1,6,1,6,0,1,0,1,1,0,6,1,1,0,6,1
"3,26,33,44",37,17,37,17,1,0,1,0,2,8,0,3,0,3,2,2,2,2,0,2,3,2,0,2,3,2
"3,26,34,43",40,11,40,11,1,0,1,0,2,8,0,5,0,5,0,1,0,1,0,0,5,1,0,0,5,1
"3,26,35,54",24,32,24,32,1,0,1,0,2,8,1,4,1,4,0,1,0,1,1,0,4,1,1,0,4,1
"3,26,37,59",31,19,31,19,1,0,1,0,2,8,1,3,1,3,1,1,1,1,1,1,3,1,1,1,3,1
"3,26,38,45",30,2,30,2,1,0,1,0,2,8,0,2,0,2,1,1,1,1,0,1,2,1,0,1,2,1
"3,26,41,51",46,17,6,17,1,1,1,0,3,8,0,3,0,3,0,0,2,0,0,0,3,0,0,2,3,0
"3,26,46,51",6,43,6,43,1,0,1,0,2,8,0,4,0,4,2,2,2,2,0,2,4,2,0,2,4,2
"3,27,30,35",8,28,8,28,1,0,1,0,2,8,2,5,2,5,1,1,1,1,2,1,5,1,2,1,5,1
"3,27,31,59",30,25,30,25,1,0,1,0,2,8,2,5,2,5,0,0,0,0,2,0,5,0,2,0,5,0
"3,27,37,51",26,10,26,10,1,0,1,0,2,8,1,7,1,7,0,0,0,0,1,0,7,0,1,0,7,0
"3,27,41,53",17,17,13,13,0,1,0,1,2,8,0,0,0,0,0,0,2,2,0,0,0,0,0,2,0,2
"3,27,42,51",17,21,17,21,1,0,1,0,2,8,1,7,1,7,0,0,0,0,1,0,7,0,1,0,7,0
"3,27,43,50",22,26,22,26,1,0,1,0,2,8,0,3,0,3,0,0,0,0,0,0,3,0,0,0,3,0
"3,27,49,51",54,28,54,28,1,0,1,0,2,8,1,5,1,5,0,0,0,0,1,0,5,0,1,0,5,0
"3,28,29,52",4,24,4,24,1,0,1,0,2,8,0,3,0,3,0,0,0,0,0,0,3,0,0,0,3,0
"3,28,30,52",35,35,38,38,0,1,0,1,2,8,0,0,0,0,0,0,2,2,0,0,0,0,0,2,0,2
"3,28,33,42",37,21,37,21,1,0,1,0,2,8,2,5,2,5,0,1,0,1,2,0,5,1,2,0,5,1
"3,28,34,36",10,10,39,39,0,1,0,1,2,8,0,0,0,0,0,0,2,2,0,0,0,0,0,2,0,2
"3,28,34,43",33,35,33,35,1,0,1,0,2,8,1,3,1,3,1,1,1,1,1,1,3,1,1,1,3,1
"3,28,35,43",30,25,30,25,1,0,1,0,2,8,2,5,2,5,0,1,0,1,2,0,5,1,2,0,5,1
"3,28,41,42",27,43,27,43,1,0,1,0,2,8,0,3,0,3,2,1,2,1,0,2,3,1,0,2,3,1
"3,28,46,54",43,39,43,39,1,0,1,0,2,8,1,3,1,3,1,1,1,1,1,1,3,1,1,1,3,1
"3,29,30,37",43,13,43,13,1,0,1,0,2,8,1,5,1,5,1,1,1,1,1,1,5,1,1,1,5,1
"3,29,33,43",51,28,51,28,1,0,1,0,2,8,0,3,0,3,0,1,0,1,0,0,3,1,0,0,3,1
"3,29,42,44",47,30,47,30,1,0,1,0,2,8,1,3,1,3,0,0,0,0,1,0,3,0,1,0,3,0
"3,29,42,46",47,53,47,53,1,0,1,0,2,8,1,3,1,3,0,0,0,0,1,0,3,0,1,0,3,0
"3,29,46,52",41,24,41,24,1,0,1,0,2,8,0,3,0,3,0,1,0,1,0,0,3,1,0,0,3,1
"3,30,34,37",13,43,13,43,1,0,1,0,2,8,1,5,1,5,0,2,0,2,1,0,5,2,1,0,5,2
"3,30,34,43",48,37,48,37,1,0,1,0,2,8,0,6,0,6,1,1,1,1,0,1,6,1,0,1,6,1
"3,30,35,36",38,38,59,38,0,1,1,0,2,8,4,4,1,4,0,0,2,0,4,0,4,0,1,2,4,0
"3,30,37,43",51,19,51,19,1,0,1,0,2,8,2,5,2,5,0,1,0,1,2,0,5,1,2,0,5,1
"3,30,37,53",44,44,44,51,0,0,1,1,2,8,1,1,1,4,0,0,0,2,1,0,1,0,1,0,4,2
"3,30,41,42",2,2,59,59,0,1,0,1,2,8,0,0,0,0,0,0,2,2,0,0,0,0,0,2,0,2
"3,30,42,44",53,21,53,21,1,0,1,0,2,8,1,5,1,5,0,1,0,1,1,0,5,1,1,0,5,1
"3,30,42,46",43,10,43,10,1,0,1,0,2,8,1,3,1,3,1,1,1,1,1,1,3,1,1,1,3,1
"3,30,43,53",46,39,46,39,1,0,1,0,2,8,2,4,2,4,0,0,0,0,2,0,4,0,2,0,4,0
"3,33,34,37",51,10,51,10,1,0,1,0,2,8,2,5,2,5,0,0,0,0,2,0,5,0,2,0,5,0
"3,33,34,43",25,19,25,19,1,0,1,0,2,8,0,4,0,4,0,1,0,1,0,0,4,1,0,0,4,1
"3,33,37,41",17,17,17,1,0,0,1,1,2,8,1,1,1,3,0,0,0,2,1,0,1,0,1,0,3,2
"3,33,43,54",24,51,24,51,1,0,1,0,2,8,1,3,1,3,0,0,0,0,1,0,3,0,1,0,3,0
"3,33,49,54",28,28,53,53,0,1,0,1,2,8,2,2,2,2,0,0,2,2,2,0,2,0,2,2,2,2
"3,34,38,45",59,39,59,39,1,0,1,0,2,8,1,4,1,4,0,0,0,0,1,0,4,0,1,0,4,0
"3,34,43,45",42,44,42,44,1,0,1,0,2,8,1,4,1,4,0,1,0,1,1,0,4,1,1,0,4,1
"3,35,43,44",46,26,46,26,1,0,1,0,2,8,1,4,1,4,1,2,1,2,1,1,4,2,1,1,4,2
"3,35,43,53",17,8,17,8,1,0,1,0,2,8,2,5,2,5,1,1,1,1,2,1,5,1,2,1,5,1
"3,36,41,51",1,43,1,43,1,0,1,0,2,8,0,3,0,3,0,1,0,1,0,0,3,1,0,0,3,1
"3,36,44,52",27,59,27,59,1,0,1,0,2,8,0,3,0,3,0,0,0,0,0,0,3,0,0,0,3,0
"3,36,45,51",27,27,0,0,0,1,0,1,2,8,0,0,0,0,0,0,2,2,0,0,0,0,0,2,0,2
"3,37,45,54",59,9,59,9,1,0,1,0,2,8,1,3,1,3,1,1,1,1,1,1,3,1,1,1,3,1
"3,37,49,53",59,5,59,5,1,0,1,0,2,8,2,5,2,5,1,1,1,1,2,1,5,1,2,1,5,1
"3,37,53,54",39,30,49,49,1,1,0,1,3,8,0,2,1,1,0,0,2,2,0,0,2,0,1,2,1,2
"3,38,42,43",18,33,18,33,1,0,1,0,2,8,0,3,0,3,0,1,0,1,0,0,3,1,0,0,3,1
"3,38,46,52",30,6,30,6,1,0,1,0,2,8,1,4,1,4,0,1,0,1,1,0,4,1,1,0,4,1
"3,43,44,54",46,39,46,39,1,0,1,0,2,8,0,5,0,5,0,1,0,1,0,0,5,1,0,0,5,1
"3,43,51,54",49,39,49,39,1,0,1,0,2,8,4,6,4,6,1,1,1,1,4,1,6,1,4,1,6,1
"9,10,11,30",16,24,16,24,1,0,1,0,2,8,0,2,0,2,0,0,0,0,0,0,2,0,0,0,2,0
"9,10,11,51",34,16,34,16,1,0,1,0,2,8,1,3,1,3,0,0,0,0,1,0,3,0,1,0,3,0
"9,10,12,49",17,24,17,24,1,0,1,0,2,8,2,4,2,4,1,1,1,1,2,1,4,1,2,1,4,1
"9,10,13,35",27,27,27,34,0,0,1,1,2,8,2,2,2,4,0,0,0,2,2,0,2,0,2,0,4,2
"9,10,13,51",3,50,3,50,1,0,1,0,2,8,0,4,0,4,0,0,0,0,0,0,4,0,0,0,4,0
"9,10,14,19",49,4,49,4,1,0,1,0,2,8,1,4,1,4,0,0,0,0,1,0,4,0,1,0,4,0
"9,10,14,44",49,24,49,24,1,0,1,0,2,8,1,4,1,4,0,0,0,0,1,0,4,0,1,0,4,0
"9,10,17,19",49,20,49,20,1,0,1,0,2,8,2,6,2,6,1,1,1,1,2,1,6,1,2,1,6,1
"9,10,17,20",41,16,41,16,1,0,1,0,2,8,2,5,2,5,0,1,0,1,2,0,5,1,2,0,5,1
"9,10,18,20",16,27,16,27,1,0,1,0,2,8,1,4,1,4,1,1,1,1,1,1,4,1,1,1,4,1
"9,10,18,26",36,27,36,27,1,0,1,0,2,8,1,4,1,4,1,2,1,2,1,1,4,2,1,1,4,2
"9,10,20,42",34,34,2,2,0,1,0,1,2,8,1,1,2,2,0,0,3,3,1,0,1,0,2,3,2,3
"9,10,21,33",50,49,50,49,1,0,1,0,2,8,0,6,0,6,0,0,0,0,0,0,6,0,0,0,6,0
"9,10,21,37",3,13,3,13,1,0,1,0,2,8,1,4,1,4,1,1,1,1,1,1,4,1,1,1,4,1
"9,10,25,36",15,33,15,33,1,0,1,0,2,8,3,5,3,5,1,1,1,1,3,1,5,1,3,1,5,1
"9,10,26,27",36,18,36,18,1,0,1,0,2,8,1,6,1,6,1,0,1,0,1,1,6,0,1,1,6,0
"9,10,27,46",13,13,13,28,0,0,1,1,2,8,0,0,0,3,0,0,0,2,0,0,0,0,0,0,3,2
"9,10,29,34",11,50,11,50,1,0,1,0,2,8,3,6,3,6,0,0,0,0,3,0,6,0,3,0,6,0
"9,10,33,50",42,41,42,41,1,0,1,0,2,8,2,5,2,5,1,1,1,1,2,1,5,1,2,1,5,1
"9,10,36,52",27,12,27,12,1,0,1,0,2,8,0,3,0,3,0,0,0,0,0,0,3,0,0,0,3,0
"9,11,12,20",52,29,52,29,1,0,1,0,2,8,2,5,2,5,0,0,0,0,2,0,5,0,2,0,5,0
"9,11,12,43",3,40,3,40,1,0,1,0,2,8,3,6,3,6,1,0,1,0,3,1,6,0,3,1,6,0
"9,11,12,49",17,32,17,32,1,0,1,0,2,8,1,5,1,5,1,1,1,1,1,1,5,1,1,1,5,1
"9,11,19,26",29,12,29,12,1,0,1,0,2,8,0,4,0,4,1,2,1,2,0,1,4,2,0,1,4,2
"9,11,19,29",16,36,16,36,1,0,1,0,2,8,0,2,0,2,0,0,0,0,0,0,2,0,0,0,2,0
"9,11,19,49",14,59,14,59,1,0,1,0,2,8,0,3,0,3,1,2,1,2,0,1,3,2,0,1,3,2
"9,11,22,27",36,36,12,12,0,1,0,1,2,8,0,0,0,0,0,0,2,2,0,0,0,0,0,2,0,2
"9,11,25,29",12,41,12,41,1,0,1,0,2,8,2,6,2,6,1,1,1,1,2,1,6,1,2,1,6,1
"9,11,26,51",12,12,36,36,0,1,0,1,2,8,0,0,0,0,0,0,2,2,0,0,0,0,0,2,0,2
"9,11,28,34",45,36,45,36,1,0,1,0,2,8,1,3,1,3,0,0,0,0,1,0,3,0,1,0,3,0
"9,11,28,44",20,36,20,36,1,0,1,0,2,8,0,2,0,2,1,1,1,1,0,1,2,1,0,1,2,1
"9,11,35,41",59,17,59,17,1,0,1,0,2,8,2,6,2,6,0,1,0,1,2,0,6,1,2,0,6,1
"9,11,35,44",20,20,12,12,0,1,0,1,2,8,0,0,0,0,0,0,2,2,0,0,0,0,0,2,0,2
"9,11,35,50",36,36,10,10,0,1,0,1,2,8,0,0,0,0,0,0,2,2,0,0,0,0,0,2,0,2
"9,11,36,38",33,45,33,45,1,0,1,0,2,8,1,3,1,3,2,2,2,2,1,2,3,2,1,2,3,2
"9,11,38,45",21,20,21,20,1,0,1,0,2,8,0,3,0,3,1,0,1,0,0,1,3,0,0,1,3,0
"9,11,43,49",14,3,14,3,1,0,1,0,2,8,1,5,1,5,1,1,1,1,1,1,5,1,1,1,5,1
"9,11,44,45",20,43,20,43,1,0,1,0,2,8,0,3,0,3,0,1,0,1,0,0,3,1,0,0,3,1
"9,12,13,27",63,34,63,34,1,0,1,0,2,8,2,6,2,6,1,0,1,0,2,1,6,0,2,1,6,0
"9,12,13,43",34,36,34,36,1,0,1,0,2,8,1,4,1,4,0,0,0,0,1,0,4,0,1,0,4,0
"9,12,18,20",41,36,41,36,1,0,1,0,2,8,1,3,1,3,1,1,1,1,1,1,3,1,1,1,3,1
"9,12,19,54",14,27,14,27,1,0,1,0,2,8,1,4,1,4,1,1,1,1,1,1,4,1,1,1,4,1
"9,12,20,45",15,36,15,36,1,0,1,0,2,8,1,5,1,5,1,0,1,0,1,1,5,0,1,1,5,0
"9,12,20,49",14,60,14,60,1,0,1,0,2,8,1,5,1,5,0,1,0,1,1,0,5,1,1,0,5,1
"9,12,21,27",10,35,10,10,1,0,0,1,2,8,3,6,3,3,2,0,2,2,3,2,6,0,3,2,3,2
"9,12,21,35",44,14,44,14,1,0,1,0,2,8,2,4,2,4,0,0,0,0,2,0,4,0,2,0,4,0
"9,12,21,54",3,18,3,18,1,0,1,0,2,8,2,4,2,4,1,1,1,1,2,1,4,1,2,1,4,1
"9,12,22,36",16,11,16,11,1,0,1,0,2,8,1,4,1,4,0,1,0,1,1,0,4,1,1,0,4,1
"9,12,26,41",13,33,33,33,1,1,0,0,2,8,0,3,3,3,0,2,2,2,0,0,3,2,3,2,3,2
"9,12,26,49",14,31,14,31,1,0,1,0,2,8,1,5,1,5,1,1,1,1,1,1,5,1,1,1,5,1
"9,12,28,50",2,52,2,52,1,0,1,0,2,8,0,3,0,3,0,0,0,0,0,0,3,0,0,0,3,0
"9,12,30,50",10,15,15,15,1,1,0,0,2,8,0,2,2,2,0,2,2,2,0,0,2,2,2,2,2,2
"9,12,34,53",10,2,10,2,1,0,1,0,2,8,1,3,1,3,0,0,0,0,1,0,3,0,1,0,3,0
"9,12,35,45",14,27,27,27,1,1,0,0,2,8,0,4,4,4,0,2,2,2,0,0,4,2,4,2,4,2
"9,12,36,45",13,20,13,20,1,0,1,0,2,8,1,4,1,4,1,1,1,1,1,1,4,1,1,1,4,1
"9,12,36,54",14,4,14,4,1,0,1,0,2,8,0,2,0,2,1,1,1,1,0,1,2,1,0,1,2,1
"9,12,37,52",13,27,13,27,1,0,1,0,2,8,0,2,0,2,0,0,0,0,0,0,2,0,0,0,2,0
"9,12,44,45",36,20,20,20,1,1,0,0,2,8,1,4,4,4,0,2,2,2,1,0,4,2,4,2,4,2
"9,12,44,49",14,17,14,17,1,0,1,0,2,8,1,7,1,7,1,1,1,1,1,1,7,1,1,1,7,1
"9,12,45,51",27,11,27,11,1,0,1,0,2,8,1,3,1,3,0,0,0,0,1,0,3,0,1,0,3,0
"9,12,46,52",35,1,35,1,1,0,1,0,2,8,0,4,0,4,0,0,0,0,0,0,4,0,0,0,4,0
"9,12,50,53",41,13,13,13,1,1,0,0,2,8,0,2,2,2,0,2,2,2,0,0,2,2,2,2,2,2
"9,13,18,21",45,12,45,12,1,0,1,0,2,8,1,4,1,4,0,1,0,1,1,0,4,1,1,0,4,1
"9,13,19,36",43,10,43,10,1,0,1,0,2,8,2,5,2,5,1,0,1,0,2,1,5,0,2,1,5,0
"9,13,20,21",45,16,45,16,1,0,1,0,2,8,1,3,1,3,1,1,1,1,1,1,3,1,1,1,3,1
"9,13,20,30",48,48,12,12,0,1,0,1,2,8,0,0,0,0,0,0,2,2,0,0,0,0,0,2,0,2
"9,13,20,41",12,2,12,2,1,0,1,0,2,8,3,5,3,5,0,0,0,0,3,0,5,0,3,0,5,0
"9,13,20,50",10,41,41,41,1,1,0,0,2,8,0,2,2,2,0,2,2,2,0,0,2,2,2,2,2,2
"9,13,27,34",45,12,45,12,1,0,1,0,2,8,2,5,2,5,1,1,1,1,2,1,5,1,2,1,5,1
"9,13,27,53",3,48,3,48,1,0,1,0,2,8,0,3,0,3,1,1,1,1,0,1,3,1,0,1,3,1
"9,13,34,49",14,39,14,39,1,0,1,0,2,8,1,4,1,4,1,1,1,1,1,1,4,1,1,1,4,1
"9,13,43,45",16,36,16,36,1,0,1,0,2,8,3,6,3,6,1,1,1,1,3,1,6,1,3,1,6,1
"9,13,43,54",14,36,14,36,1,0,1,0,2,8,1,5,1,5,0,0,0,0,1,0,5,0,1,0,5,0
"9,13,46,50",2,54,2,54,1,0,1,0,2,8,1,3,1,3,0,0,0,0,1,0,3,0,1,0,3,0
"9,13,50,51",41,10,41,10,1,0,1,0,2,8,0,3,0,3,0,1,0,1,0,0,3,1,0,0,3,1
"9,14,18,45",59,11,59,11,1,0,1,0,2,8,1,4,1,4,1,1,1,1,1,1,4,1,1,1,4,1
"9,14,26,28",49,31,49,31,1,0,1,0,2,8,0,4,0,4,1,2,1,2,0,1,4,2,0,1,4,2
"9,14,26,42",49,3,49,3,1,0,1,0,2,8,1,4,1,4,0,1,0,1,1,0,4,1,1,0,4,1
"9,14,27,54",38,22,38,22,1,0,1,0,2,8,4,6,4,6,0,0,0,0,4,0,6,0,4,0,6,0
"9,14,42,50",49,54,49,54,1,0,1,0,2,8,0,2,0,2,1,1,1,1,0,1,2,1,0,1,2,1
"9,14,42,51",59,49,59,49,1,0,1,0,2,8,1,3,1,3,0,0,0,0,1,0,3,0,1,0,3,0
"9,18,19,28",24,27,24,27,1,0,1,0,2,8,1,5,1,5,0,1,0,1,1,0,5,1,1,0,5,1
"9,18,21,36",19,16,16,16,1,1,0,0,2,8,1,3,3,3,0,2,2,2,1,0,3,2,3,2,3,2
"9,18,22,27",13,13,17,17,0,1,0,1,2,8,3,3,3,3,0,0,2,2,3,0,3,0,3,2,3,2
"9,18,28,36",11,4,4,4,1,1,0,0,2,8,2,4,4,4,0,2,2,2,2,0,4,2,4,2,4,2
"9,18,36,46",43,19,43,19,1,0,1,0,2,8,1,3,1,3,0,0,0,0,1,0,3,0,1,0,3,0
"9,19,21,45",27,18,27,18,1,0,1,0,2,8,1,3,1,3,0,0,0,0,1,0,3,0,1,0,3,0
"9,19,34,50",26,29,26,29,1,0,1,0,2,8,1,3,1,3,0,0,0,0,1,0,3,0,1,0,3,0
"9,19,34,51",26,43,26,43,1,0,1,0,2,8,0,4,0,4,0,0,0,0,0,0,4,0,0,0,4,0
"9,20,29,43",15,2,15,2,1,0,1,0,2,8,1,5,1,5,0,1,0,1,1,0,5,1,1,0,5,1
"9,20,37,38",32,33,32,33,1,0,1,0,2,8,1,5,1,5,1,0,1,0,1,1,5,0,1,1,5,0
"9,20,37,52",43,12,43,12,1,0,1,0,2,8,1,6,1,6,0,1,0,1,1,0,6,1,1,0,6,1
"9,20,42,43",45,2,45,2,1,0,1,0,2,8,1,4,1,4,0,1,0,1,1,0,4,1,1,0,4,1
"9,20,43,46",3,60,3,60,1,0,1,0,2,8,0,3,0,3,0,1,0,1,0,0,3,1,0,0,3,1
"9,20,44,51",27,36,27,36,1,0,1,0,2,8,0,2,0,2,1,1,1,1,0,1,2,1,0,1,2,1
"9,21,22,53",45,45,45,13,0,0,1,1,2,8,0,0,0,2,0,0,0,2,0,0,0,0,0,0,2,2
"9,21,28,50",18,45,18,45,1,0,1,0,2,8,1,3,1,3,0,0,0,0,1,0,3,0,1,0,3,0
"9,22,27,28",54,36,36,36,1,1,0,0,2,8,1,3,3,3,0,2,2,2,1,0,3,2,3,2,3,2
"9,22,27,29",36,36,54,36,0,1,1,0,2,8,3,3,1,3,1,1,3,1,3,1,3,1,1,3,3,1
"9,22,27,50",36,36,54,54,0,1,0,1,2,4,0,0,0,0,0,0,3,3,0,0,0,0,0,3,0,3
"9,22,28,36",13,19,13,19,1,0,1,0,2,8,0,2,0,2,0,0,0,0,0,0,2,0,0,0,2,0
"9,22,38,52",54,45,54,45,1,0,1,0,2,8,1,3,1,3,0,0,0,0,1,0,3,0,1,0,3,0
"9,27,30,45",42,12,42,12,1,0,1,0,2,8,1,6,1,6,0,0,0,0,1,0,6,0,1,0,6,0
"9,28,37,53",45,13,45,13,1,0,1,0,2,8,1,4,1,4,0,0,0,0,1,0,4,0,1,0,4,0
"9,29,30,45",5,5,25,25,0,1,0,1,2,8,0,0,0,0,0,0,2,2,0,0,0,0,0,2,0,2
"9,29,37,45",34,52,34,52,1,0,1,0,2,8,2,4,2,4,1,1,1,1,2,1,4,1,2,1,4,1
"9,29,37,51",34,45,34,45,1,0,1,0,2,8,0,3,0,3,0,0,0,0,0,0,3,0,0,0,3,0
"9,29,44,53",43,17,43,17,1,0,1,0,2,8,0,3,0,3,0,0,0,0,0,0,3,0,0,0,3,0
"9,36,37,38",27,13,27,13,1,0,1,0,2,8,2,4,2,4,0,0,0,0,2,0,4,0,2,0,4,0
"9,36,38,45",20,34,34,34,1,1,0,0,2,8,2,4,4,4,0,2,2,2,2,0,4,2,4,2,4,2
"10,11,12,18",42,17,42,17,1,0,1,0,2,8,3,5,3,5,0,0,0,0,3,0,5,0,3,0,5,0
"10,11,12,19",46,35,46,35,1,0,1,0,2,8,1,5,1,5,0,0,0,0,1,0,5,0,1,0,5,0
"10,11,13,34",26,27,26,27,1,0,1,0,2,8,2,4,2,4,0,0,0,0,2,0,4,0,2,0,4,0
"10,11,13,50",18,25,18,25,1,0,1,0,2,8,2,4,2,4,1,1,1,1,2,1,4,1,2,1,4,1
"10,11,13,53",21,38,21,38,1,0,1,0,2,8,1,5,1,5,1,0,1,0,1,1,5,0,1,1,5,0
"10,11,17,44",62,8,62,8,1,0,1,0,2,8,2,4,2,4,0,0,0,0,2,0,4,0,2,0,4,0
"10,11,17,50",15,12,15,12,1,0,1,0,2,8,2,5,2,5,0,0,0,0,2,0,5,0,2,0,5,0
"10,11,18,20",50,21,50,21,1,0,1,0,2,8,2,6,2,6,1,2,1,2,2,1,6,2,2,1,6,2
"10,11,18,25",61,50,61,50,1,0,1,0,2,8,1,5,1,5,1,2,1,2,1,1,5,2,1,1,5,2
"10,11,18,33",12,25,12,25,1,0,1,0,2,8,1,3,1,3,2,2,2,2,1,2,3,2,1,2,3,2
"10,11,19,45",9,35,9,35,1,0,1,0,2,8,0,2,0,2,0,0,0,0,0,0,2,0,0,0,2,0
"10,11,22,51",34,17,34,17,1,0,1,0,2,8,0,3,0,3,0,1,0,1,0,0,3,1,0,0,3,1
"10,11,26,29",2,34,2,34,1,0,1,0,2,8,2,6,2,6,0,1,0,1,2,0,6,1,2,0,6,1
"10,11,26,35",8,50,8,50,1,0,1,0,2,8,4,6,4,6,1,1,1,1,4,1,6,1,4,1,6,1
"10,11,27,50",15,34,15,34,1,0,1,0,2,8,0,6,0,6,1,1,1,1,0,1,6,1,0,1,6,1
"10,11,29,34",38,26,38,26,1,0,1,0,2,8,3,6,3,6,1,1,1,1,3,1,6,1,3,1,6,1
"10,11,29,42",14,21,21,21,1,1,0,0,2,8,1,4,4,4,0,2,2,2,1,0,4,2,4,2,4,2
"10,11,30,35",12,51,12,51,1,0,1,0,2,8,3,6,3,6,0,0,0,0,3,0,6,0,3,0,6,0
"10,11,35,50",15,26,15,26,1,0,1,0,2,8,1,6,1,6,1,1,1,1,1,1,6,1,1,1,6,1
"10,11,35,51",14,26,14,26,1,0,1,0,2,8,2,6,2,6,0,1,0,1,2,0,6,1,2,0,6,1
"10,11,37,42",35,14,35,14,1,0,1,0,2,8,1,4,1,4,0,0,0,0,1,0,4,0,1,0,4,0
"10,11,41,53",9,25,9,25,1,0,1,0,2,8,1,3,1,3,0,0,0,0,1,0,3,0,1,0,3,0
"10,12,17,22",20,30,20,30,1,0,1,0,2,8,3,6,3,6,1,0,1,0,3,1,6,0,3,1,6,0
"10,12,17,36",22,11,22,11,1,0,1,0,2,8,1,4,1,4,1,1,1,1,1,1,4,1,1,1,4,1
"10,12,18,52",13,58,13,58,1,0,1,0,2,8,0,4,0,4,0,2,0,2,0,0,4,2,0,0,4,2
"10,12,20,26",34,34,30,34,0,1,1,0,2,8,4,4,1,4,0,0,2,0,4,0,4,0,1,2,4,0
"10,12,20,37",29,28,29,28,1,0,1,0,2,8,1,3,1,3,0,0,0,0,1,0,3,0,1,0,3,0
"10,12,21,28",46,11,46,11,1,0,1,0,2,8,2,5,2,5,1,1,1,1,2,1,5,1,2,1,5,1
"10,12,25,45",15,60,15,60,1,0,1,0,2,8,1,3,1,3,1,1,1,1,1,1,3,1,1,1,3,1
"10,12,26,30",13,42,13,42,1,0,1,0,2,8,2,6,2,6,1,1,1,1,2,1,6,1,2,1,6,1
"10,12,26,42",13,30,13,30,1,0,1,0,2,8,2,6,2,6,0,1,0,1,2,0,6,1,2,0,6,1
"10,12,26,44",34,14,34,14,1,0,1,0,2,8,2,4,2,4,1,1,1,1,2,1,4,1,2,1,4,1
"10,12,28,36",37,11,37,11,1,0,1,0,2,8,1,4,1,4,1,1,1,1,1,1,4,1,1,1,4,1
"10,12,29,45",21,37,21,37,1,0,1,0,2,8,0,2,0,2,1,1,1,1,0,1,2,1,0,1,2,1
"10,12,30,36",29,15,15,15,1,1,0,0,2,8,0,3,3,3,0,2,2,2,0,0,3,2,3,2,3,2
"10,12,33,35",25,11,11,11,1,1,0,0,2,8,2,4,4,4,1,3,3,3,2,1,4,3,4,3,4,3
"10,12,33,52",24,60,24,60,1,0,1,0,2,8,1,4,1,4,0,1,0,1,1,0,4,1,1,0,4,1
"10,12,34,35",39,26,39,26,1,0,1,0,2,8,1,3,1,3,1,1,1,1,1,1,3,1,1,1,3,1
"10,12,34,46",11,19,11,19,1,0,1,0,2,8,1,5,1,5,0,0,0,0,1,0,5,0,1,0,5,0
"10,12,35,36",60,37,8,37,1,1,1,0,3,8,0,5,2,5,0,2,2,2,0,0,5,2,2,2,5,2
"10,12,36,42",60,18,60,18,1,0,1,0,2,8,2,6,2,6,0,1,0,1,2,0,6,1,2,0,6,1
"10,12,36,46",21,37,21,37,1,0,1,0,2,8,0,3,0,3,1,1,1,1,0,1,3,1,0,1,3,1
"10,12,44,50",15,4,15,4,1,0,1,0,2,8,1,5,1,5,0,1,0,1,1,0,5,1,1,0,5,1
"10,12,44,52",35,58,35,58,1,0,1,0,2,8,0,4,0,4,0,0,0,0,0,0,4,0,0,0,4,0
"10,13,17,44",28,4,28,4,1,0,1,0,2,8,1,5,1,5,0,2,0,2,1,0,5,2,1,0,5,2
"10,13,18,43",23,15,23,15,1,0,1,0,2,8,0,6,0,6,0,0,0,0,0,0,6,0,0,0,6,0
"10,13,18,53",12,58,12,58,1,0,1,0,2,8,1,5,1,5,0,1,0,1,1,0,5,1,1,0,5,1
"10,13,19,37",32,14,32,14,1,0,1,0,2,8,1,6,1,6,0,0,0,0,1,0,6,0,1,0,6,0
"10,13,25,28",61,61,61,31,0,0,1,1,2,8,2,2,2,4,0,0,0,2,2,0,2,0,2,0,4,2
"10,13,27,33",50,12,50,12,1,0,1,0,2,8,1,5,1,5,1,1,1,1,1,1,5,1,1,1,5,1
"10,13,34,36",22,27,22,27,1,0,1,0,2,8,2,4,2,4,1,1,1,1,2,1,4,1,2,1,4,1
"10,13,35,45",20,20,11,20,0,1,1,0,2,8,4,4,2,4,0,0,2,0,4,0,4,0,2,2,4,0
"10,13,41,44",58,12,12,12,1,1,0,0,2,8,1,4,4,4,0,3,3,3,1,0,4,3,4,3,4,3
"10,13,42,53",8,21,8,21,1,0,1,0,2,8,1,7,1,7,0,1,0,1,1,0,7,1,1,0,7,1
"10,17,18,21",58,11,58,11,1,0,1,0,2,8,3,6,3,6,1,1,1,1,3,1,6,1,3,1,6,1
"10,17,19,34",22,44,22,44,1,0,1,0,2,8,2,6,2,6,0,1,0,1,2,0,6,1,2,0,6,1
"10,17,19,44",22,20,20,20,1,1,0,0,2,8,1,5,5,5,0,2,2,2,1,0,5,2,5,2,5,2
"10,17,21,27",16,20,16,20,1,0,1,0,2,8,3,5,3,5,1,1,1,1,3,1,5,1,3,1,5,1
"10,17,21,35",56,18,56,18,1,0,1,0,2,8,3,6,3,6,2,1,2,1,3,2,6,1,3,2,6,1
"10,17,22,43",11,34,11,34,1,0,1,0,2,8,2,6,2,6,1,1,1,1,2,1,6,1,2,1,6,1
"10,17,29,53",44,37,44,37,1,0,1,0,2,8,0,4,0,4,0,1,0,1,0,0,4,1,0,0,4,1
"10,17,30,37",46,22,22,22,1,1,0,0,2,8,1,4,4,4,0,3,3,3,1,0,4,3,4,3,4,3
"10,17,36,46",37,28,37,28,1,0,1,0,2,8,0,3,0,3,0,0,0,0,0,0,3,0,0,0,3,0
"10,17,37,53",35,5,35,5,1,0,1,0,2,8,2,5,2,5,1,1,1,1,2,1,5,1,2,1,5,1
"10,18,19,27",37,36,37,36,1,0,1,0,2,8,2,4,2,4,2,2,2,2,2,2,4,2,2,2,4,2
"10,18,20,28",37,19,37,19,1,0,1,0,2,8,1,6,1,6,1,0,1,0,1,1,6,0,1,1,6,0
"10,18,21,34",16,11,16,11,1,0,1,0,2,8,2,4,2,4,2,2,2,2,2,2,4,2,2,2,4,2
"10,18,25,45",4,28,4,28,1,0,1,0,2,8,2,5,2,5,1,1,1,1,2,1,5,1,2,1,5,1
"10,18,26,29",24,37,24,37,1,0,1,0,2,8,2,8,2,8,1,0,1,0,2,1,8,0,2,1,8,0
"10,18,26,45",27,37,27,37,1,0,1,0,2,8,1,5,1,5,0,0,0,0,1,0,5,0,1,0,5,0
"10,18,26,52",35,12,35,12,1,0,1,0,2,8,0,3,0,3,0,0,0,0,0,0,3,0,0,0,3,0
"10,18,26,53",35,21,35,21,1,0,1,0,2,8,2,4,2,4,0,0,0,0,2,0,4,0,2,0,4,0
"10,18,27,51",50,42,50,42,1,0,1,0,2,8,1,3,1,3,1,1,1,1,1,1,3,1,1,1,3,1
"10,18,29,51",27,42,27,42,1,0,1,0,2,8,0,3,0,3,0,0,0,0,0,0,3,0,0,0,3,0
"10,18,30,45",37,58,37,58,1,0,1,0,2,8,1,5,1,5,0,1,0,1,1,0,5,1,1,0,5,1
"10,18,34,38",35,27,35,27,1,0,1,0,2,8,2,4,2,4,0,0,0,0,2,0,4,0,2,0,4,0
"10,18,38,43",28,46,28,46,1,0,1,0,2,8,1,4,1,4,0,1,0,1,1,0,4,1,1,0,4,1
"10,19,22,41",27,20,27,20,1,0,1,0,2,8,1,3,1,3,0,0,0,0,1,0,3,0,1,0,3,0
"10,19,22,50",16,5,16,5,1,0,1,0,2,8,1,3,1,3,1,1,1,1,1,1,3,1,1,1,3,1
"10,19,25,28",29,24,29,24,1,0,1,0,2,8,1,6,1,6,0,1,0,1,1,0,6,1,1,0,6,1
"10,19,25,35",5,55,5,55,1,0,1,0,2,8,1,3,1,3,1,1,1,1,1,1,3,1,1,1,3,1
"10,19,25,42",2,34,2,34,1,0,1,0,2,8,3,5,3,5,1,1,1,1,3,1,5,1,3,1,5,1
"10,19,25,45",18,20,18,20,1,0,1,0,2,8,1,3,1,3,0,0,0,0,1,0,3,0,1,0,3,0
"10,19,27,37",35,3,35,3,1,0,1,0,2,8,1,4,1,4,1,1,1,1,1,1,4,1,1,1,4,1
"10,19,27,38",35,46,35,46,1,0,1,0,2,8,0,3,0,3,0,0,0,0,0,0,3,0,0,0,3,0
"10,19,28,33",5,60,5,5,1,0,0,1,2,8,3,5,3,3,2,0,2,2,3,2,5,0,3,2,3,2
"10,19,28,36",4,11,4,11,1,0,1,0,2,8,2,6,2,6,0,0,0,0,2,0,6,0,2,0,6,0
"10,19,29,37",12,5,5,5,1,1,0,0,2,8,2,4,4,4,0,2,2,2,2,0,4,2,4,2,4,2
"10,19,29,46",53,11,53,11,1,0,1,0,2,8,1,5,1,5,0,0,0,0,1,0,5,0,1,0,5,0
"10,19,33,38",42,55,42,55,1,0,1,0,2,8,1,5,1,5,0,1,0,1,1,0,5,1,1,0,5,1
"10,19,34,37",35,42,35,42,1,0,1,0,2,8,4,6,4,6,0,0,0,0,4,0,6,0,4,0,6,0
"10,19,34,46",42,20,42,20,1,0,1,0,2,8,0,4,0,4,2,1,2,1,0,2,4,1,0,2,4,1
"10,19,35,37",27,27,34,34,0,1,0,1,2,8,2,2,2,2,0,0,2,2,2,0,2,0,2,2,2,2
"10,19,35,50",55,26,55,26,1,0,1,0,2,8,0,4,0,4,1,0,1,0,0,1,4,0,0,1,4,0
"10,19,36,44",37,28,37,28,1,0,1,0,2,8,0,3,0,3,1,1,1,1,0,1,3,1,0,1,3,1
"10,19,37,43",27,36,36,36,1,1,0,0,2,8,1,3,3,3,0,2,2,2,1,0,3,2,3,2,3,2
"10,19,44,46",41,40,40,40,1,1,0,0,2,8,0,3,3,3,0,2,2,2,0,0,3,2,3,2,3,2
"10,20,21,38",18,17,18,17,1,0,1,0,2,8,2,4,2,4,0,0,0,0,2,0,4,0,2,0,4,0
"10,20,22,53",52,19,52,19,1,0,1,0,2,8,0,3,0,3,0,0,0,0,0,0,3,0,0,0,3,0
"10,20,25,29",30,24,30,24,1,0,1,0,2,8,3,6,3,6,0,0,0,0,3,0,6,0,3,0,6,0
"10,20,25,50",30,26,30,26,1,0,1,0,2,8,4,6,4,6,0,0,0,0,4,0,6,0,4,0,6,0
"10,20,26,34",39,3,39,3,1,0,1,0,2,8,2,5,2,5,0,0,0,0,2,0,5,0,2,0,5,0
"10,20,29,36",50,50,11,11,0,1,0,1,2,8,0,0,0,0,0,0,2,2,0,0,0,0,0,2,0,2
"10,20,29,37",12,17,12,17,1,0,1,0,2,8,1,7,1,7,0,0,0,0,1,0,7,0,1,0,7,0
"10,20,29,50",15,34,15,34,1,0,1,0,2,8,1,5,1,5,1,1,1,1,1,1,5,1,1,1,5,1
"10,20,33,38",44,37,44,44,1,0,0,1,2,8,0,2,0,0,2,0,2,2,0,2,2,0,0,2,0,2
"10,20,34,43",27,16,27,16,1,0,1,0,2,8,2,5,2,5,0,1,0,1,2,0,5,1,2,0,5,1
"10,20,34,44",39,21,42,42,1,1,0,1,3,8,2,5,4,4,0,1,3,3,2,0,5,1,4,3,4,3
"10,20,34,46",60,19,19,19,1,1,0,0,2,8,1,3,3,3,0,2,2,2,1,0,3,2,3,2,3,2
"10,20,34,52",27,44,27,44,1,0,1,0,2,8,1,4,1,4,0,1,0,1,1,0,4,1,1,0,4,1
"10,20,35,43",27,3,27,3,1,0,1,0,2,8,1,5,1,5,0,0,0,0,1,0,5,0,1,0,5,0
"10,20,35,51",27,30,27,30,1,0,1,0,2,8,1,3,1,3,0,0,0,0,1,0,3,0,1,0,3,0
"10,20,35,52",27,44,27,44,1,0,1,0,2,8,0,4,0,4,0,0,0,0,0,0,4,0,0,0,4,0
"10,20,36,43",15,28,15,28,1,0,1,0,2,8,0,4,0,4,0,2,0,2,0,0,4,2,0,0,4,2
"10,20,36,50",15,60,60,60,1,1,0,0,2,8,0,5,5,5,0,2,2,2,0,0,5,2,5,2,5,2
"10,21,27,45",9,37,9,37,1,0,1,0,2,8,2,5,2,5,1,1,1,1,2,1,5,1,2,1,5,1
"10,21,28,41",17,46,17,46,1,0,1,0,2,8,1,3,1,3,1,1,1,1,1,1,3,1,1,1,3,1
"10,21,28,42",46,34,46,34,1,0,1,0,2,8,3,5,3,5,1,1,1,1,3,1,5,1,3,1,5,1
"10,21,28,51",11,42,11,42,1,0,1,0,2,8,0,2,0,2,2,2,2,2,0,2,2,2,0,2,2,2
"10,21,29,44",28,11,28,11,1,0,1,0,2,8,1,4,1,4,0,0,0,0,1,0,4,0,1,0,4,0
"10,21,34,37",3,28,3,28,1,0,1,0,2,8,2,4,2,4,1,1,1,1,2,1,4,1,2,1,4,1
"10,21,36,45",12,18,18,18,1,1,0,0,2,8,0,2,2,2,0,2,2,2,0,0,2,2,2,2,2,2
"10,21,37,50",55,61,55,61,1,0,1,0,2,8,1,5,1,5,0,1,0,1,1,0,5,1,1,0,5,1
"10,21,38,44",28,15,28,15,1,0,1,0,2,8,3,7,3,7,0,0,0,0,3,0,7,0,3,0,7,0
"10,21,42,52",34,16,34,16,1,0,1,0,2,8,1,4,1,4,0,0,0,0,1,0,4,0,1,0,4,0
"10,22,27,35",19,19,19,17,0,0,1,1,2,8,0,0,0,3,0,0,0,2,0,0,0,0,0,0,3,2
"10,25,26,46",50,50,30,30,0,1,0,1,2,8,0,0,0,0,0,0,2,2,0,0,0,0,0,2,0,2
"10,25,27,34",50,4,50,4,1,0,1,0,2,8,3,6,3,6,1,1,1,1,3,1,6,1,3,1,6,1
"10,25,29,33",28,24,24,24,1,1,0,0,2,8,1,3,3,3,0,3,3,3,1,0,3,3,3,3,3,3
"10,25,30,33",24,17,24,17,1,0,1,0,2,8,2,5,2,5,1,1,1,1,2,1,5,1,2,1,5,1
"10,25,30,52",35,20,35,20,1,0,1,0,2,8,1,3,1,3,0,0,0,0,1,0,3,0,1,0,3,0
"10,25,33,37",34,28,34,28,1,0,1,0,2,8,1,6,1,6,1,1,1,1,1,1,6,1,1,1,6,1
"10,25,34,46",24,50,24,50,1,0,1,0,2,8,0,2,0,2,0,0,0,0,0,0,2,0,0,0,2,0
"10,25,42,51",11,33,33,33,1,1,0,0,2,8,1,3,3,3,0,2,2,2,1,0,3,2,3,2,3,2
"10,27,28,37",26,33,26,33,1,0,1,0,2,8,1,6,1,6,1,0,1,0,1,1,6,0,1,1,6,0
"10,27,34,42",20,21,20,21,1,0,1,0,2,8,1,5,1,5,0,0,0,0,1,0,5,0,1,0,5,0
"10,27,36,43",18,19,18,19,1,0,1,0,2,8,0,2,0,2,1,1,1,1,0,1,2,1,0,1,2,1
"10,27,36,50",15,18,15,18,1,0,1,0,2,8,1,4,1,4,1,0,1,0,1,1,4,0,1,1,4,0
"10,28,29,52",50,37,37,37,1,1,0,0,2,8,0,2,2,2,0,2,2,2,0,0,2,2,2,2,2,2
"10,28,33,34",58,37,58,37,1,0,1,0,2,8,0,5,0,5,1,1,1,1,0,1,5,1,0,1,5,1
"10,28,34,43",58,18,18,18,1,1,0,0,2,8,0,3,3,3,0,2,2,2,0,0,3,2,3,2,3,2
"10,28,34,45",46,18,46,18,1,0,1,0,2,8,2,5,2,5,1,1,1,1,2,1,5,1,2,1,5,1
"10,28,34,51",58,24,58,24,1,0,1,0,2,8,1,5,1,5,0,1,0,1,1,0,5,1,1,0,5,1
"10,28,36,37",12,33,12,33,1,0,1,0,2,8,1,3,1,3,1,1,1,1,1,1,3,1,1,1,3,1
"10,28,36,45",42,18,42,18,1,0,1,0,2,8,1,4,1,4,1,1,1,1,1,1,4,1,1,1,4,1
"10,28,37,42",14,35,14,35,1,0,1,0,2,8,2,6,2,6,1,1,1,1,2,1,6,1,2,1,6,1
"10,28,37,50",26,42,26,42,1,0,1,0,2,8,1,4,1,4,1,1,1,1,1,1,4,1,1,1,4,1
"10,29,33,37",26,5,26,5,1,0,1,0,2,8,1,4,1,4,0,1,0,1,1,0,4,1,1,0,4,1
"10,29,34,45",9,37,37,37,1,1,0,0,2,8,0,2,2,2,0,3,3,3,0,0,2,3,2,3,2,3
"10,29,34,51",43,27,43,27,1,0,1,0,2,8,1,3,1,3,0,0,0,0,1,0,3,0,1,0,3,0
"10,29,37,38",21,61,21,61,1,0,1,0,2,8,1,3,1,3,1,1,1,1,1,1,3,1,1,1,3,1
"10,29,43,44",15,50,15,50,1,0,1,0,2,8,1,3,1,3,0,0,0,0,1,0,3,0,1,0,3,0
"10,30,34,42",21,37,21,37,1,0,1,0,2,8,1,4,1,4,0,0,0,0,1,0,4,0,1,0,4,0
"10,30,42,52",51,51,12,51,0,1,1,0,2,8,3,3,1,3,0,0,2,0,3,0,3,0,1,2,3,0
"10,30,44,45",37,37,40,37,0,1,1,0,2,8,4,4,2,4,0,0,2,0,4,0,4,0,2,2,4,0
"10,33,34,36",50,25,50,25,1,0,1,0,2,8,2,4,2,4,2,2,2,2,2,2,4,2,2,2,4,2
"10,33,34,51",11,50,11,50,1,0,1,0,2,8,1,4,1,4,1,1,1,1,1,1,4,1,1,1,4,1
"10,33,34,52",12,25,25,25,1,1,0,0,2,8,0,3,3,3,0,2,2,2,0,0,3,2,3,2,3,2
"10,33,35,42",50,34,50,50,1,0,0,1,2,8,1,4,1,1,2,0,2,2,1,2,4,0,1,2,1,2
"10,33,38,51",34,50,34,50,1,0,1,0,2,8,0,3,0,3,0,0,0,0,0,0,3,0,0,0,3,0
"10,34,37,51",43,33,43,33,1,0,1,0,2,8,2,4,2,4,1,1,1,1,2,1,4,1,2,1,4,1
"10,34,42,51",19,11,19,11,1,0,1,0,2,8,3,5,3,5,0,0,0,0,3,0,5,0,3,0,5,0
"10,35,36,42",37,18,37,18,1,0,1,0,2,8,0,3,0,3,1,1,1,1,0,1,3,1,0,1,3,1
"10,38,51,52",37,46,37,46,1,0,1,0,2,8,1,3,1,3,1,1,1,1,1,1,3,1,1,1,3,1
"11,12,18,20",22,17,22,17,1,0,1,0,2,8,2,6,2,6,1,2,1,2,2,1,6,2,2,1,6,2
"11,12,18,33",17,42,17,42,1,0,1,0,2,8,2,7,2,7,0,0,0,0,2,0,7,0,2,0,7,0
"11,12,18,37",32,13,32,13,1,0,1,0,2,8,1,4,1,4,1,1,1,1,1,1,4,1,1,1,4,1
"11,12,19,28",1,36,1,36,1,0,1,0,2,8,1,6,1,6,1,1,1,1,1,1,6,1,1,1,6,1
"11,12,19,43",22,36,22,36,1,0,1,0,2,8,1,4,1,4,1,1,1,1,1,1,4,1,1,1,4,1
"11,12,19,51",14,26,14,26,1,0,1,0,2,8,1,4,1,4,1,2,1,2,1,1,4,2,1,1,4,2
"11,12,25,29",57,20,57,20,1,0,1,0,2,8,1,6,1,6,0,0,0,0,1,0,6,0,1,0,6,0
"11,12,26,28",62,25,62,25,1,0,1,0,2,8,0,4,0,4,1,1,1,1,0,1,4,1,0,1,4,1
"11,12,27,37",32,51,32,51,1,0,1,0,2,8,2,5,2,5,1,1,1,1,2,1,5,1,2,1,5,1
"11,12,27,43",36,36,22,36,0,1,1,0,2,8,3,3,1,3,0,0,2,0,3,0,3,0,1,2,3,0
"11,12,33,37",13,32,13,32,1,0,1,0,2,8,2,5,2,5,1,1,1,1,2,1,5,1,2,1,5,1
"11,12,34,36",32,13,32,13,1,0,1,0,2,8,2,5,2,5,2,2,2,2,2,2,5,2,2,2,5,2
"11,18,20,37",32,32,29,29,0,1,0,1,2,8,0,0,0,0,0,0,2,2,0,0,0,0,0,2,0,2
"11,18,21,33",17,17,17,25,0,0,1,1,2,8,1,1,1,3,0,0,0,2,1,0,1,0,1,0,3,2
"11,18,21,45",59,20,59,20,1,0,1,0,2,8,1,6,1,6,0,1,0,1,1,0,6,1,1,0,6,1
"11,18,26,44",8,34,8,34,1,0,1,0,2,8,1,5,1,5,1,1,1,1,1,1,5,1,1,1,5,1
"11,18,27,30",36,21,36,21,1,0,1,0,2,8,0,2,0,2,1,1,1,1,0,1,2,1,0,1,2,1
"11,18,27,36",51,51,43,43,0,1,0,1,2,8,4,4,5,5,0,0,3,3,4,0,4,0,5,3,5,3
"11,18,28,29",50,25,25,25,1,1,0,0,2,8,0,5,5,5,0,2,2,2,0,0,5,2,5,2,5,2
"11,18,28,35",51,43,43,43,1,1,0,0,2,8,1,4,4,4,0,3,3,3,1,0,4,3,4,3,4,3
"11,18,28,43",3,35,3,35,1,0,1,0,2,8,4,6,4,6,1,1,1,1,4,1,6,1,4,1,6,1
"11,18,29,38",54,50,50,50,1,1,0,0,2,8,3,5,5,5,0,2,2,2,3,0,5,2,5,2,5,2
"11,18,29,52",28,38,28,38,1,0,1,0,2,8,1,5,1,5,0,1,0,1,1,0,5,1,1,0,5,1
"11,18,30,51",0,21,0,21,1,0,1,0,2,8,0,6,0,6,0,1,0,1,0,0,6,1,0,0,6,1
"11,18,34,42",25,35,25,35,1,0,1,0,2,8,2,4,2,4,1,1,1,1,2,1,4,1,2,1,4,1
"11,18,34,52",35,51,35,51,1,0,1,0,2,8,0,5,0,5,0,1,0,1,0,0,5,1,0,0,5,1
"11,19,20,25",41,29,41,29,1,0,1,0,2,8,2,5,2,5,1,1,1,1,2,1,5,1,2,1,5,1
"11,19,20,38",21,16,21,16,1,0,1,0,2,8,1,4,1,4,1,1,1,1,1,1,4,1,1,1,4,1
"11,19,26,38",46,29,46,29,1,0,1,0,2,8,1,4,1,4,1,1,1,1,1,1,4,1,1,1,4,1
"11,19,27,28",1,36,1,36,1,0,1,0,2,8,2,6,2,6,1,0,1,0,2,1,6,0,2,1,6,0
"11,19,28,38",33,43,33,43,1,0,1,0,2,8,0,3,0,3,1,2,1,2,0,1,3,2,0,1,3,2
"11,19,36,42",35,51,35,51,1,0,1,0,2,8,2,6,2,6,1,0,1,0,2,1,6,0,2,1,6,0
"11,19,37,52",29,29,29,51,0,0,1,1,2,8,0,0,0,2,0,0,0,2,0,0,0,0,0,0,2,2
"11,19,38,52",46,43,16,16,1,1,0,1,3,8,1,3,2,2,0,1,3,3,1,0,3,1,2,3,2,3
"11,20,21,51",61,35,61,35,1,0,1,0,2,8,1,4,1,4,1,1,1,1,1,1,4,1,1,1,4,1
"11,20,26,51",36,19,36,19,1,0,1,0,2,8,1,3,1,3,1,1,1,1,1,1,3,1,1,1,3,1
"11,20,28,43",22,19,22,19,1,0,1,0,2,8,1,5,1,5,0,2,0,2,1,0,5,2,1,0,5,2
"11,20,30,33",41,19,41,19,1,0,1,0,2,8,1,3,1,3,0,0,0,0,1,0,3,0,1,0,3,0
"11,20,30,44",29,25,29,25,1,0,1,0,2,8,1,4,1,4,1,2,1,2,1,1,4,2,1,1,4,2
"11,20,34,43",51,27,51,51,1,0,0,1,2,8,4,8,4,4,2,0,2,2,4,2,8,0,4,2,4,2
"11,20,35,37",43,32,43,32,1,0,1,0,2,8,1,3,1,3,1,1,1,1,1,1,3,1,1,1,3,1
"11,20,37,43",28,51,28,51,1,0,1,0,2,8,1,7,1,7,0,0,0,0,1,0,7,0,1,0,7,0
"11,21,25,35",61,30,30,30,1,1,0,0,2,8,2,4,4,4,0,2,2,2,2,0,4,2,4,2,4,2
"11,21,36,45",20,38,20,38,1,0,1,0,2,8,2,6,2,6,0,1,0,1,2,0,6,1,2,0,6,1
"11,21,43,45",16,35,16,35,1,0,1,0,2,8,2,6,2,6,1,1,1,1,2,1,6,1,2,1,6,1
"11,25,27,38",34,59,34,59,1,0,1,0,2,8,1,4,1,4,1,2,1,2,1,1,4,2,1,1,4,2
"11,25,28,36",31,4,31,4,1,0,1,0,2,8,0,5,0,5,1,1,1,1,0,1,5,1,0,1,5,1
"11,25,29,45",28,13,13,13,1,1,0,0,2,8,2,5,5,5,0,2,2,2,2,0,5,2,5,2,5,2
"11,25,36,38",43,35,43,35,1,0,1,0,2,8,1,4,1,4,1,1,1,1,1,1,4,1,1,1,4,1
"11,26,27,34",29,29,29,19,0,0,1,1,2,8,2,2,2,4,0,0,0,2,2,0,2,0,2,0,4,2
"11,26,27,37",36,51,36,51,1,0,1,0,2,8,0,4,0,4,2,2,2,2,0,2,4,2,0,2,4,2
"11,26,36,44",19,4,19,4,1,0,1,0,2,8,1,6,1,6,1,1,1,1,1,1,6,1,1,1,6,1
"11,27,28,33",19,51,19,51,1,0,1,0,2,8,0,4,0,4,1,2,1,2,0,1,4,2,0,1,4,2
"11,27,33,52",34,36,34,36,1,0,1,0,2,8,1,3,1,3,0,0,0,0,1,0,3,0,1,0,3,0
"11,27,35,44",17,12,17,12,1,0,1,0,2,8,1,5,1,5,0,0,0,0,1,0,5,0,1,0,5,0
"11,27,36,45",51,35,51,35,1,0,1,0,2,8,1,3,1,3,2,2,2,2,1,2,3,2,1,2,3,2
"11,27,43,45",36,20,9,9,1,1,0,1,3,8,3,5,3,3,1,0,3,3,3,1,5,0,3,3,3,3
"11,28,29,34",27,38,27,38,1,0,1,0,2,8,1,4,1,4,0,1,0,1,1,0,4,1,1,0,4,1
"11,28,29,44",36,20,36,20,1,0,1,0,2,8,1,3,1,3,1,1,1,1,1,1,3,1,1,1,3,1
"11,28,33,38",43,36,43,43,1,0,0,1,2,8,2,6,2,2,2,0,2,2,2,2,6,0,2,2,2,2
"11,28,34,42",14,18,14,18,1,0,1,0,2,8,2,4,2,4,1,1,1,1,2,1,4,1,2,1,4,1
"11,28,34,52",4,38,4,38,1,0,1,0,2,8,1,5,1,5,0,1,0,1,1,0,5,1,1,0,5,1
"11,28,36,43",38,38,38,35,0,0,1,1,2,8,1,1,1,5,0,0,0,2,1,0,1,0,1,0,5,2
"11,29,34,35",59,38,59,38,1,0,1,0,2,8,0,5,0,5,1,1,1,1,0,1,5,1,0,1,5,1
"11,34,37,45",29,32,29,32,1,0,1,0,2,8,3,5,3,5,0,0,0,0,3,0,5,0,3,0,5,0
"11,42,43,44",19,18,19,18,1,0,1,0,2,8,0,2,0,2,0,0,0,0,0,0,2,0,0,0,2,0
"18,19,27,29",43,28,28,28,1,1,0,0,2,8,1,4,4,4,0,2,2,2,1,0,4,2,4,2,4,2
"18,19,35,36",45,27,45,27,1,0,1,0,2,8,1,6,1,6,1,0,1,0,1,1,6,0,1,1,6,0
"18,19,35,43",23,26,23,26,1,0,1,0,2,8,1,7,1,7,1,1,1,1,1,1,7,1,1,1,7,1
"18,20,27,35",43,3,43,3,1,0,1,0,2,8,1,5,1,5,0,0,0,0,1,0,5,0,1,0,5,0
"18,20,37,43",32,36,32,36,1,0,1,0,2,8,1,3,1,3,0,0,0,0,1,0,3,0,1,0,3,0
"18,21,27,35",43,54,43,54,1,0,1,0,2,8,3,5,3,5,0,0,0,0,3,0,5,0,3,0,5,0
"18,27,28,37",33,19,33,19,1,0,1,0,2,8,1,5,1,5,0,1,0,1,1,0,5,1,1,0,5,1
"19,20,27,44",51,12,51,12,1,0,1,0,2,8,4,6,4,6,1,1,1,1,4,1,6,1,4,1,6,1
"19,26,28,36",22,44,22,44,1,0,1,0,2,8,0,4,0,4,2,2,2,2,0,2,4,2,0,2,4,2
"19,27,37,43",10,54,10,54,1,0,1,0,2,8,1,6,1,6,0,0,0,0,1,0,6,0,1,0,6,0
"19,28,34,36",22,37,22,37,1,0,1,0,2,8,0,4,0,4,1,2,1,2,0,1,4,2,0,1,4,2
"19,28,35,36",46,11,46,11,1,0,1,0,2,8,1,6,1,6,1,2,1,2,1,1,6,2,1,1,6,2
