canonical_parent,top_T,top_TE,top_TO,top_raw,diff_E_at_O0,diff_O_at_E0,diff_E_at_O1,diff_O_at_E1
"0,1,2,11",31,21,31,21,1,0,1,0
"0,1,2,18",58,27,58,27,1,0,1,0
"0,1,2,23",12,18,12,18,1,0,1,0
"0,1,2,28",58,40,58,40,1,0,1,0
"0,1,2,30",40,22,40,22,1,0,1,0
"0,1,2,44",12,36,12,36,1,0,1,0
"0,1,2,61",12,64,12,64,1,0,1,0
"0,1,2,67",12,64,12,64,1,0,1,0
"0,1,2,70",10,64,10,64,1,0,1,0
"0,1,3,13",23,22,23,22,1,0,1,0
"0,1,3,23",13,31,13,31,1,0,1,0
"0,1,3,56",27,57,27,57,1,0,1,0
"0,1,3,64",73,13,73,13,1,0,1,0
"0,1,3,68",57,63,57,63,1,0,1,0
"0,1,3,71",31,63,31,63,1,0,1,0
"0,1,4,20",40,30,40,30,1,0,1,0
"0,1,4,23",14,31,14,31,1,0,1,0
"0,1,4,47",57,46,57,46,1,0,1,0
"0,1,4,57",46,58,46,58,1,0,1,0
"0,1,4,70",40,64,40,64,1,0,1,0
"0,1,5,30",40,50,40,50,1,0,1,0
"0,1,5,46",27,57,27,57,1,0,1,0
"0,1,5,47",57,50,57,50,1,0,1,0
"0,1,5,68",28,57,28,57,1,0,1,0
"0,1,5,70",40,64,40,64,1,0,1,0
"0,1,5,71",45,63,45,63,1,0,1,0
"0,1,5,79",9,73,9,73,1,0,1,0
"0,1,6,12",46,69,46,69,1,0,1,0
"0,1,6,26",46,18,46,18,1,0,1,0
"0,1,6,34",16,40,16,40,1,0,1,0
"0,1,6,47",57,46,57,46,1,0,1,0
"0,1,6,63",27,9,27,9,1,0,1,0
"0,1,6,71",57,63,57,63,1,0,1,0
"0,1,7,61",11,16,11,16,1,0,1,0
"0,1,7,65",55,64,55,64,1,0,1,0
"0,1,8,58",64,57,64,57,1,0,1,0
"0,1,9,16",45,63,45,63,1,0,1,0
"0,1,9,31",5,7,5,7,1,0,1,0
"0,1,10,14",40,4,40,4,1,0,1,0
"0,1,10,24",64,40,64,40,1,0,1,0
"0,1,10,72",4,40,4,40,1,0,1,0
"0,1,11,29",5,2,5,2,1,0,1,0
"0,1,12,21",4,3,4,3,1,0,1,0
"0,1,12,67",2,4,2,4,1,0,1,0
"0,1,14,41",31,5,31,5,1,0,1,0
"0,1,14,49",3,5,3,5,1,0,1,0
"0,1,16,18",6,6,9,9,0,1,0,1
"0,1,16,20",70,40,70,40,1,0,1,0
"0,1,17,42",63,7,63,7,1,0,1,0
"0,1,17,79",40,8,40,8,1,0,1,0
"0,1,18,33",57,57,6,6,0,1,0,1
"0,1,19,27",31,46,31,46,1,0,1,0
"0,1,19,57",5,46,5,46,1,0,1,0
"0,1,20,51",6,21,6,21,1,0,1,0
"0,1,21,27",31,18,31,18,1,0,1,0
"0,1,21,71",2,63,2,63,1,0,1,0
"0,1,21,72",4,4,4,9,0,0,1,1
"0,1,22,40",10,4,10,4,1,0,1,0
"0,1,22,75",2,3,2,3,1,0,1,0
"0,1,22,77",2,5,2,5,1,0,1,0
"0,1,22,79",46,7,46,7,1,0,1,0
"0,1,23,32",5,5,2,2,0,1,0,1
"0,1,23,57",33,6,33,6,1,0,1,0
"0,1,25,31",61,27,61,27,1,0,1,0
"0,1,27,31",46,6,46,6,1,0,1,0
"0,1,27,36",4,46,4,46,1,0,1,0
"0,1,29,32",40,2,40,2,1,0,1,0
"0,1,30,33",28,40,28,40,1,0,1,0
"0,1,30,48",8,3,8,3,1,0,1,0
"0,1,30,53",40,8,40,8,1,0,1,0
"0,1,30,60",4,31,4,31,1,0,1,0
"0,1,31,41",13,13,7,13,0,1,1,0
"0,1,33,38",57,40,57,40,1,0,1,0
"0,1,34,51",8,7,8,7,1,0,1,0
"0,1,36,40",9,18,9,18,1,0,1,0
"0,1,36,57",46,27,46,27,1,0,1,0
"0,1,37,41",31,40,31,40,1,0,1,0
"0,1,40,68",70,5,70,5,1,0,1,0
"0,1,45,59",57,54,57,54,1,0,1,0
"0,1,47,57",7,46,7,7,1,0,0,1
"0,1,47,72",7,63,7,63,1,0,1,0
"0,1,61,64",28,8,28,8,1,0,1,0
"0,1,64,69",19,70,19,70,1,0,1,0
"0,1,71,76",31,31,8,8,0,1,0,1
"0,1,72,76",63,6,63,6,1,0,1,0
"0,1,72,80",20,4,20,4,1,0,1,0
"0,1,73,75",63,7,63,7,1,0,1,0
"0,1,73,77",63,7,63,7,1,0,1,0
"0,2,3,25",54,18,54,18,1,0,1,0
"0,2,3,44",27,36,27,36,1,0,1,0
"0,2,3,67",27,66,27,66,1,0,1,0
"0,2,3,68",14,65,14,65,1,0,1,0
"0,2,4,23",32,18,32,18,1,0,1,0
"0,2,4,29",56,38,56,38,1,0,1,0
"0,2,5,12",50,57,50,57,1,0,1,0
"0,2,6,15",24,78,78,78,1,1,0,0
"0,2,6,26",35,44,35,44,1,0,1,0
"0,2,6,34",18,27,18,27,1,0,1,0
"0,2,6,74",56,36,56,36,1,0,1,0
"0,2,7,51",52,47,52,47,1,0,1,0
"0,2,7,60",40,10,40,10,1,0,1,0
"0,2,7,63",47,9,47,9,1,0,1,0
"0,2,8,13",36,64,36,64,1,0,1,0
"0,2,8,16",64,64,64,56,0,0,1,1
"0,2,8,39",56,36,56,36,1,0,1,0
"0,2,8,67",36,64,36,64,1,0,1,0
"0,2,10,36",27,4,27,4,1,0,1,0
"0,2,10,40",1,8,1,8,1,0,1,0
"0,2,12,31",32,22,32,22,1,0,1,0
"0,2,12,32",1,40,1,40,1,0,1,0
"0,2,12,70",1,62,1,62,1,0,1,0
"0,2,13,44",6,65,6,65,1,0,1,0
"0,2,13,45",5,5,5,36,0,0,1,1
"0,2,17,21",1,7,1,7,1,0,1,0
"0,2,18,22",3,36,3,36,1,0,1,0
"0,2,18,24",3,54,5,5,1,1,0,1
"0,2,20,38",4,40,4,40,1,0,1,0
"0,2,20,54",3,74,3,74,1,0,1,0
"0,2,20,56",6,50,6,50,1,0,1,0
"0,2,24,56",30,38,30,38,1,0,1,0
"0,2,26,62",7,8,7,8,1,0,1,0
"0,2,29,56",24,30,24,30,1,0,1,0
"0,2,30,46",56,6,56,6,1,0,1,0
"0,2,30,60",24,56,24,56,1,0,1,0
"0,2,32,38",41,6,41,6,1,0,1,0
"0,2,32,46",1,6,1,6,1,0,1,0
"0,2,34,60",10,10,4,4,0,1,0,1
"0,2,36,40",6,6,6,10,0,0,1,1
"0,2,36,42",9,8,9,54,1,0,1,1
"0,2,36,76",4,8,4,8,1,0,1,0
"0,2,38,50",5,10,5,10,1,0,1,0
"0,2,40,61",1,7,1,7,1,0,1,0
"0,2,40,74",6,38,6,38,1,0,1,0
"0,2,42,46",22,56,22,56,1,0,1,0
"0,2,43,58",13,4,13,4,1,0,1,0
"0,2,43,60",10,10,3,3,0,1,0,1
"0,2,46,52",47,7,47,7,1,0,1,0
"0,2,52,57",12,12,7,7,0,1,0,1
"0,2,52,60",24,8,24,8,1,0,1,0
"0,2,54,69",9,9,6,6,0,1,0,1
"0,2,63,76",36,4,36,4,1,0,1,0
"0,2,75,77",74,3,74,3,1,0,1,0
"0,3,4,12",66,30,66,30,1,0,1,0
"0,3,4,17",67,10,67,10,1,0,1,0
"0,3,4,21",66,30,66,30,1,0,1,0
"0,3,4,48",66,60,66,60,1,0,1,0
"0,3,4,66",48,14,48,14,1,0,1,0
"0,3,5,11",37,56,37,56,1,0,1,0
"0,3,5,19",45,24,45,24,1,0,1,0
"0,3,5,58",45,57,45,57,1,0,1,0
"0,3,6,19",43,24,43,24,1,0,1,0
"0,3,6,41",11,38,11,38,1,0,1,0
"0,3,6,66",43,36,43,36,1,0,1,0
"0,3,6,67",43,66,43,66,1,0,1,0
"0,3,7,29",19,39,19,39,1,0,1,0
"0,3,8,37",48,70,48,70,1,0,1,0
"0,3,8,42",48,33,48,33,1,0,1,0
"0,3,8,45",9,9,9,27,0,0,1,1
"0,3,8,70",60,40,60,40,1,0,1,0
"0,3,10,37",5,27,5,27,1,0,1,0
"0,3,11,14",33,33,33,9,0,0,1,1
"0,3,11,43",5,4,5,4,1,0,1,0
"0,3,11,50",5,20,5,20,1,0,1,0
"0,3,12,15",60,60,4,4,0,1,0,1
"0,3,12,29",57,57,5,5,0,1,0,1
"0,3,12,45",5,75,5,75,1,0,1,0
"0,3,13,38",2,6,2,6,1,0,1,0
"0,3,13,49",19,4,19,4,1,0,1,0
"0,3,14,27",9,4,9,4,1,0,1,0
"0,3,14,52",66,2,66,2,1,0,1,0
"0,3,15,29",10,60,10,60,1,0,1,0
"0,3,15,39",27,60,27,60,1,0,1,0
"0,3,16,24",7,6,7,6,1,0,1,0
"0,3,19,39",7,30,7,30,1,0,1,0
"0,3,20,50",5,4,5,4,1,0,1,0
"0,3,20,58",60,60,4,4,0,1,0,1
"0,3,20,62",8,70,8,70,1,0,1,0
"0,3,20,64",70,8,70,8,1,0,1,0
"0,3,21,22",48,30,48,30,1,0,1,0
"0,3,22,29",48,8,48,8,1,0,1,0
"0,3,22,45",5,54,5,54,1,0,1,0
"0,3,22,50",2,30,10,30,1,1,1,0
"0,3,23,47",11,7,11,7,1,0,1,0
"0,3,23,57",47,12,47,12,1,0,1,0
"0,3,23,64",8,1,8,1,1,0,1,0
"0,3,23,68",14,5,14,5,1,0,1,0
"0,3,23,70",6,20,6,20,1,0,1,0
"0,3,23,71",1,8,1,8,1,0,1,0
"0,3,25,39",5,5,7,7,0,1,0,1
"0,3,25,59",53,8,53,8,1,0,1,0
"0,3,28,40",30,4,30,4,1,0,1,0
"0,3,29,32",48,2,2,2,1,1,0,0
"0,3,29,49",5,19,5,19,1,0,1,0
"0,3,30,48",4,20,4,20,1,0,1,0
"0,3,30,57",5,40,5,40,1,0,1,0
"0,3,33,34",7,4,7,4,1,0,1,0
"0,3,34,60",48,50,48,50,1,0,1,0
"0,3,34,66",14,7,14,7,1,0,1,0
"0,3,37,40",57,57,57,1,0,0,1,1
"0,3,39,40",30,30,30,12,0,0,1,1
"0,3,39,48",8,28,8,28,1,0,1,0
"0,3,39,65",66,66,9,9,0,1,0,1
"0,3,40,43",36,60,36,60,1,0,1,0
"0,3,43,50",5,10,5,10,1,0,1,0
"0,3,50,56",20,8,20,8,1,0,1,0
"0,3,50,58",20,57,20,57,1,0,1,0
"0,3,50,67",4,4,10,4,0,1,1,0
"0,3,55,66",65,7,65,7,1,0,1,0
"0,3,58,70",6,7,6,7,1,0,1,0
"0,3,60,63",36,4,36,4,1,0,1,0
"0,3,64,69",12,6,12,6,1,0,1,0
"0,3,65,72",2,2,9,9,0,1,0,1
"0,4,5,12",50,57,50,57,1,0,1,0
"0,4,5,16",50,33,50,33,1,0,1,0
"0,4,5,36",67,67,67,56,0,0,1,1
"0,4,5,40",50,28,50,28,1,0,1,0
"0,4,5,58",67,56,67,56,1,0,1,0
"0,4,5,64",56,68,56,68,1,0,1,0
"0,4,5,67",76,27,76,27,1,0,1,0
"0,4,5,71",50,67,50,67,1,0,1,0
"0,4,5,74",50,76,50,76,1,0,1,0
"0,4,5,75",56,76,56,76,1,0,1,0
"0,4,6,22",58,40,58,40,1,0,1,0
"0,4,6,57",38,58,38,58,1,0,1,0
"0,4,7,16",61,44,61,44,1,0,1,0
"0,4,7,45",9,24,9,24,1,0,1,0
"0,4,7,52",16,28,16,28,1,0,1,0
"0,4,10,63",18,60,18,60,1,0,1,0
"0,4,10,68",67,67,60,60,0,1,0,1
"0,4,11,66",67,67,3,3,0,1,0,1
"0,4,12,22",31,40,31,40,1,0,1,0
"0,4,12,45",36,36,24,24,0,1,0,1
"0,4,12,76",5,64,5,64,1,0,1,0
"0,4,14,62",5,5,2,2,0,1,0,1
"0,4,14,76",46,3,46,3,1,0,1,0
"0,4,17,26",8,8,7,7,0,1,0,1
"0,4,19,22",76,3,76,3,1,0,1,0
"0,4,21,22",67,24,67,67,1,0,0,1
"0,4,21,38",6,10,6,10,1,0,1,0
"0,4,21,49",5,31,5,31,1,0,1,0
"0,4,22,49",5,50,5,50,1,0,1,0
"0,4,22,61",5,54,5,54,1,0,1,0
"0,4,22,73",67,76,67,76,1,0,1,0
"0,4,23,37",11,5,11,5,1,0,1,0
"0,4,23,54",18,3,18,3,1,0,1,0
"0,4,24,34",50,3,50,3,1,0,1,0
"0,4,24,51",5,33,5,33,1,0,1,0
"0,4,24,56",11,44,11,44,1,0,1,0
"0,4,25,65",76,76,5,5,0,1,0,1
"0,4,25,70",76,20,76,20,1,0,1,0
"0,4,28,45",5,33,5,33,1,0,1,0
"0,4,30,42",60,50,60,50,1,0,1,0
"0,4,30,62",5,70,5,70,1,0,1,0
"0,4,30,64",1,40,40,40,1,1,0,0
"0,4,30,76",5,31,5,31,1,0,1,0
"0,4,31,64",76,67,76,67,1,0,1,0
"0,4,33,64",24,1,24,1,1,0,1,0
"0,4,35,62",8,8,5,5,0,1,0,1
"0,4,38,50",5,20,5,20,1,0,1,0
"0,4,38,64",8,40,8,40,1,0,1,0
"0,4,40,42",38,38,2,2,0,1,0,1
"0,4,40,58",6,30,6,30,1,0,1,0
"0,4,42,68",56,5,56,5,1,0,1,0
"0,4,47,70",6,50,6,50,1,0,1,0
"0,4,52,69",12,12,76,76,0,1,0,1
"0,4,58,73",6,76,6,76,1,0,1,0
"0,4,59,72",18,9,18,9,1,0,1,0
"0,5,6,16",68,56,68,56,1,0,1,0
"0,5,6,54",38,62,38,62,1,0,1,0
"0,5,6,75",50,45,50,45,1,0,1,0
"0,5,6,78",69,33,69,33,1,0,1,0
"0,5,7,48",45,50,45,50,1,0,1,0
"0,5,10,37",28,56,28,56,1,0,1,0
"0,5,10,40",1,2,1,2,1,0,1,0
"0,5,10,47",3,7,3,7,1,0,1,0
"0,5,11,14",56,4,56,4,1,0,1,0
"0,5,11,80",56,56,4,4,0,1,0,1
"0,5,13,25",43,37,43,37,1,0,1,0
"0,5,13,40",31,33,33,33,1,1,0,0
"0,5,13,70",37,6,6,6,1,1,0,0
"0,5,15,47",29,7,29,7,1,0,1,0
"0,5,15,61",11,4,11,4,1,0,1,0
"0,5,15,65",45,2,45,2,1,0,1,0
"0,5,16,60",6,56,6,56,1,0,1,0
"0,5,19,30",50,3,50,3,1,0,1,0
"0,5,21,80",24,30,24,30,1,0,1,0
"0,5,22,29",6,6,33,33,0,1,0,1
"0,5,23,66",14,68,14,68,1,0,1,0
"0,5,24,30",60,21,60,21,1,0,1,0
"0,5,24,31",43,40,43,40,1,0,1,0
"0,5,24,47",4,2,4,2,1,0,1,0
"0,5,24,60",30,6,30,6,1,0,1,0
"0,5,28,30",50,35,50,35,1,0,1,0
"0,5,28,39",56,11,56,11,1,0,1,0
"0,5,29,73",1,33,1,33,1,0,1,0
"0,5,30,38",50,6,50,6,1,0,1,0
"0,5,30,75",3,50,3,50,1,0,1,0
"0,5,31,38",57,12,57,12,1,0,1,0
"0,5,32,57",6,12,12,12,1,1,0,0
"0,5,33,39",67,22,67,22,1,0,1,0
"0,5,35,63",45,4,45,4,1,0,1,0
"0,5,35,71",68,8,68,8,1,0,1,0
"0,5,37,58",4,4,57,57,0,1,0,1
"0,5,37,80",56,56,4,4,0,1,0,1
"0,5,47,56",11,2,11,2,1,0,1,0
"0,5,48,57",12,3,12,3,1,0,1,0
"0,5,49,50",10,30,10,30,1,0,1,0
"0,5,54,57",63,62,63,62,1,0,1,0
"0,5,57,64",38,37,38,37,1,0,1,0
"0,5,57,70",6,62,6,62,1,0,1,0
"0,5,59,63",57,9,57,9,1,0,1,0
"0,5,60,61",4,4,56,56,0,1,0,1
"0,5,64,65",45,1,45,1,1,0,1,0
"0,6,7,15",69,33,69,33,1,0,1,0
"0,6,13,25",46,70,46,70,1,0,1,0
"0,6,13,33",40,7,40,7,1,0,1,0
"0,6,16,23",40,40,7,7,0,1,0,1
"0,6,16,42",9,33,9,33,1,0,1,0
"0,6,16,77",7,5,7,5,1,0,1,0
"0,6,20,60",3,8,3,8,1,0,1,0
"0,6,23,49",7,7,50,50,0,1,0,1
"0,6,24,25",51,51,5,5,0,1,0,1
"0,6,24,58",7,4,7,4,1,0,1,0
"0,6,24,74",78,78,2,2,0,1,0,1
"0,6,24,76",5,78,5,78,1,0,1,0
"0,6,25,37",46,46,5,5,0,1,0,1
"0,6,30,42",60,70,60,70,1,0,1,0
"0,6,30,44",38,4,38,4,1,0,1,0
"0,6,31,69",7,57,7,57,1,0,1,0
"0,6,32,62",5,5,2,2,0,1,0,1
"0,6,34,46",14,4,14,4,1,0,1,0
"0,6,34,57",5,7,5,7,1,0,1,0
"0,6,35,46",1,27,1,27,1,0,1,0
"0,6,44,63",4,36,4,36,1,0,1,0
"0,6,46,77",1,1,70,70,0,1,0,1
"0,6,50,51",58,24,24,24,1,1,0,0
"0,6,51,72",1,27,1,27,1,0,1,0
"0,6,57,63",27,5,27,5,1,0,1,0
"0,6,58,80",7,4,7,4,1,0,1,0
"0,6,69,78",5,2,5,2,1,0,1,0
"0,6,70,74",3,2,3,2,1,0,1,0
"0,6,72,80",74,4,74,4,1,0,1,0
"0,6,74,78",24,80,24,80,1,0,1,0
"0,7,10,11",30,17,30,17,1,0,1,0
"0,7,12,16",70,4,70,4,1,0,1,0
"0,7,12,49",57,54,57,54,1,0,1,0
"0,7,12,63",4,9,4,9,1,0,1,0
"0,7,13,33",5,6,5,6,1,0,1,0
"0,7,13,70",14,40,14,40,1,0,1,0
"0,7,14,19",26,59,59,59,1,1,0,0
"0,7,14,61",70,34,70,34,1,0,1,0
"0,7,14,80",8,8,70,70,0,1,0,1
"0,7,15,28",35,47,35,47,1,0,1,0
"0,7,15,33",24,6,24,6,1,0,1,0
"0,7,19,23",47,26,47,26,1,0,1,0
"0,7,19,25",52,3,52,3,1,0,1,0
"0,7,19,49",39,4,39,4,1,0,1,0
"0,7,20,32",50,40,50,40,1,0,1,0
"0,7,24,50",4,40,4,40,1,0,1,0
"0,7,26,56",33,2,33,2,1,0,1,0
"0,7,30,32",70,2,70,2,1,0,1,0
"0,7,31,47",2,40,2,40,1,0,1,0
"0,7,33,61",57,34,57,34,1,0,1,0
"0,7,35,76",2,2,5,5,0,1,0,1
"0,7,40,48",70,8,70,8,1,0,1,0
"0,7,41,57",1,31,1,31,1,0,1,0
"0,7,43,73",79,1,79,1,1,0,1,0
"0,7,44,50",4,60,4,60,1,0,1,0
"0,7,44,78",36,4,36,4,1,0,1,0
"0,7,47,57",63,1,63,31,1,0,1,1
"0,7,51,70",6,40,6,40,1,0,1,0
"0,7,56,61",16,5,16,5,1,0,1,0
"0,7,60,62",8,70,8,70,1,0,1,0
"0,7,62,70",16,40,16,40,1,0,1,0
"0,7,64,75",55,12,55,12,1,0,1,0
"0,7,70,79",8,40,8,40,1,0,1,0
"0,7,71,79",16,8,16,8,1,0,1,0
"0,7,72,80",70,4,70,4,1,0,1,0
"0,8,10,41",60,50,60,50,1,0,1,0
"0,8,20,76",3,60,3,60,1,0,1,0
"0,8,22,56",50,24,50,24,1,0,1,0
"0,8,29,39",7,3,7,3,1,0,1,0
"0,8,29,52",60,60,7,7,0,1,0,1
"0,8,48,57",3,3,64,3,0,1,1,0
"0,10,11,48",50,40,50,40,1,0,1,0
"0,10,12,38",17,40,17,40,1,0,1,0
"0,10,12,57",17,50,17,50,1,0,1,0
"0,10,12,58",13,50,13,50,1,0,1,0
"0,10,13,16",60,33,60,33,1,0,1,0
"0,10,13,50",11,22,11,22,1,0,1,0
"0,10,14,24",50,40,50,40,1,0,1,0
"0,10,14,78",15,70,15,70,1,0,1,0
"0,10,16,56",11,40,11,40,1,0,1,0
"0,10,22,79",29,80,29,80,1,0,1,0
"0,10,24,43",36,60,60,60,1,1,0,0
"0,10,24,76",19,64,19,64,1,0,1,0
"0,10,25,78",16,80,16,80,1,0,1,0
"0,10,30,62",22,2,22,2,1,0,1,0
"0,10,33,61",28,60,28,60,1,0,1,0
"0,10,43,60",52,52,52,24,0,0,1,1
"0,10,43,70",7,34,7,34,1,0,1,0
"0,10,50,62",5,2,5,2,1,0,1,0
"0,11,12,38",42,57,42,57,1,0,1,0
"0,11,12,70",20,63,20,63,1,0,1,0
"0,11,13,40",12,33,12,33,1,0,1,0
"0,11,14,23",12,50,12,50,1,0,1,0
"0,11,14,33",3,3,3,9,0,0,1,1
"0,11,14,50",10,20,10,20,1,0,1,0
"0,11,16,44",14,40,14,40,1,0,1,0
"0,11,20,32",30,56,30,56,1,0,1,0
"0,11,20,40",29,31,29,31,1,0,1,0
"0,11,20,47",3,30,3,30,1,0,1,0
"0,11,20,56",5,50,5,50,1,0,1,0
"0,11,20,60",47,3,47,3,1,0,1,0
"0,11,24,50",20,14,20,14,1,0,1,0
"0,11,28,30",40,31,40,31,1,0,1,0
"0,11,28,44",78,39,78,39,1,0,1,0
"0,11,28,47",37,7,37,7,1,0,1,0
"0,11,28,68",12,63,12,63,1,0,1,0
"0,11,29,39",20,28,20,28,1,0,1,0
"0,11,30,40",12,31,12,31,1,0,1,0
"0,11,30,55",60,10,60,10,1,0,1,0
"0,11,31,44",61,61,61,28,0,0,1,1
"0,11,31,57",7,30,7,30,1,0,1,0
"0,11,31,71",39,40,39,40,1,0,1,0
"0,11,33,39",67,50,67,50,1,0,1,0
"0,11,33,41",13,50,13,50,1,0,1,0
"0,11,33,67",5,56,5,56,1,0,1,0
"0,11,38,60",20,20,30,30,0,1,0,1
"0,11,39,42",38,33,38,33,1,0,1,0
"0,11,39,46",28,19,28,19,1,0,1,0
"0,11,41,44",37,61,37,61,1,0,1,0
"0,11,43,58",38,14,38,14,1,0,1,0
"0,11,44,68",74,63,74,63,1,0,1,0
"0,11,47,73",41,74,41,74,1,0,1,0
"0,11,50,59",14,14,56,56,0,1,0,1
"0,11,50,70",33,67,33,67,1,0,1,0
"0,11,66,71",21,63,21,63,1,0,1,0
"0,12,13,52",57,40,57,40,1,0,1,0
"0,12,13,64",10,32,10,32,1,0,1,0
"0,12,14,26",66,66,66,50,0,0,1,1
"0,12,15,74",11,11,63,63,0,1,0,1
"0,12,16,31",11,9,11,9,1,0,1,0
"0,12,20,38",29,57,29,57,1,0,1,0
"0,12,20,50",5,57,5,57,1,0,1,0
"0,12,21,32",2,57,2,57,1,0,1,0
"0,12,21,66",26,40,26,40,1,0,1,0
"0,12,23,40",18,50,18,50,1,0,1,0
"0,12,23,50",32,42,40,40,1,1,0,1
"0,12,24,40",13,50,13,50,1,0,1,0
"0,12,24,50",31,43,31,43,1,0,1,0
"0,12,24,58",4,4,36,36,0,1,0,1
"0,12,25,69",19,57,19,57,1,0,1,0
"0,12,26,61",16,48,16,48,1,0,1,0
"0,12,28,40",20,20,30,20,0,1,1,0
"0,12,29,31",32,5,32,5,1,0,1,0
"0,12,30,40",21,39,21,39,1,0,1,0
"0,12,30,78",40,70,40,70,1,0,1,0
"0,12,31,39",32,7,32,7,1,0,1,0
"0,12,32,41",50,5,50,5,1,0,1,0
"0,12,32,50",5,20,5,20,1,0,1,0
"0,12,32,57",33,5,33,5,1,0,1,0
"0,12,33,40",30,13,30,13,1,0,1,0
"0,12,39,60",30,30,30,40,0,0,1,1
"0,12,40,55",20,10,20,10,1,0,1,0
"0,12,49,50",20,57,20,57,1,0,1,0
"0,12,50,66",20,57,20,57,1,0,1,0
"0,12,57,67",69,69,69,33,0,0,1,1
"0,12,57,68",66,60,66,60,1,0,1,0
"0,12,62,68",70,63,70,63,1,0,1,0
"0,12,64,74",75,75,75,76,0,0,1,1
"0,13,21,30",39,10,39,10,1,0,1,0
"0,13,22,25",76,70,76,70,1,0,1,0
"0,13,22,29",32,40,32,40,1,0,1,0
"0,13,22,33",40,45,40,45,1,0,1,0
"0,13,23,55",29,7,29,7,1,0,1,0
"0,13,23,56",24,24,45,45,0,1,0,1
"0,13,23,66",12,45,12,45,1,0,1,0
"0,13,31,39",7,40,7,40,1,0,1,0
"0,13,34,38",27,80,27,80,1,0,1,0
"0,13,35,43",15,36,15,36,1,0,1,0
"0,13,39,43",36,36,40,40,0,1,0,1
"0,13,40,43",31,24,31,24,1,0,1,0
"0,13,43,65",76,76,70,70,0,1,0,1
"0,13,48,64",58,12,58,12,1,0,1,0
"0,13,53,61",25,44,25,44,1,0,1,0
"0,13,56,65",76,76,70,70,0,1,0,1
"0,13,69,75",47,7,47,7,1,0,1,0
"0,14,16,50",5,10,5,10,1,0,1,0
"0,14,20,21",24,24,24,30,0,0,1,1
"0,14,22,50",5,30,5,30,1,0,1,0
"0,14,22,52",34,54,34,54,1,0,1,0
"0,14,22,56",24,50,24,50,1,0,1,0
"0,14,22,58",34,30,34,30,1,0,1,0
"0,14,23,66",33,59,33,59,1,0,1,0
"0,14,24,31",50,40,50,40,1,0,1,0
"0,14,29,73",58,43,58,43,1,0,1,0
"0,14,31,40",50,50,4,30,0,1,1,1
"0,14,34,58",6,27,6,27,1,0,1,0
"0,14,34,61",33,7,7,7,1,1,0,0
"0,14,39,56",50,59,50,59,1,0,1,0
"0,14,40,49",9,9,4,4,0,1,0,1
"0,14,43,73",58,29,58,29,1,0,1,0
"0,14,48,70",76,20,76,20,1,0,1,0
"0,14,50,53",44,44,70,70,0,1,0,1
"0,14,59,70",44,50,44,50,1,0,1,0
"0,14,60,64",30,70,30,70,1,0,1,0
"0,15,22,33",42,42,42,39,0,0,1,1
"0,15,22,60",30,30,36,36,0,1,0,1
"0,15,25,47",21,63,21,63,1,0,1,0
"0,15,29,39",13,63,13,63,1,0,1,0
"0,15,30,60",24,36,24,36,1,0,1,0
"0,15,31,41",5,5,63,63,0,1,0,1
"0,15,33,39",42,60,42,60,1,0,1,0
"0,15,33,60",40,10,40,10,1,0,1,0
"0,15,33,69",39,63,39,63,1,0,1,0
"0,15,33,78",28,45,28,45,1,0,1,0
"0,15,34,50",60,10,60,10,1,0,1,0
"0,15,41,60",34,36,34,36,1,0,1,0
"0,15,42,51",23,23,23,63,0,0,1,1
"0,15,50,80",24,5,24,5,1,0,1,0
"0,15,51,59",39,60,39,60,1,0,1,0
"0,15,52,57",45,63,45,63,1,0,1,0
"0,15,52,68",12,25,12,25,1,0,1,0
"0,15,68,70",64,10,64,10,1,0,1,0
"0,16,22,25",40,70,40,70,1,0,1,0
"0,16,25,32",72,40,72,40,1,0,1,0
"0,16,25,61",11,44,11,44,1,0,1,0
"0,16,26,50",70,10,70,10,1,0,1,0
"0,16,33,47",57,50,57,50,1,0,1,0
"0,16,33,67",5,5,44,44,0,1,0,1
"0,16,35,53",61,44,61,44,1,0,1,0
"0,16,35,67",15,70,15,70,1,0,1,0
"0,16,40,56",70,50,70,50,1,0,1,0
"0,16,40,59",70,56,70,56,1,0,1,0
"0,16,40,66",70,56,70,70,1,0,0,1
"0,16,44,67",22,33,22,33,1,0,1,0
"0,16,50,52",45,70,45,70,1,0,1,0
"0,16,56,68",40,60,40,60,1,0,1,0
"0,16,60,76",10,70,10,70,1,0,1,0
"0,16,70,75",7,43,7,43,1,0,1,0
"0,16,75,76",64,64,72,72,0,1,0,1
"0,16,78,79",80,7,80,7,1,0,1,0
"0,17,21,34",7,29,7,29,1,0,1,0
"0,17,23,26",8,80,8,80,1,0,1,0
"0,17,23,60",68,68,80,80,0,1,0,1
"0,17,35,53",31,45,31,45,1,0,1,0
"0,17,35,65",8,44,8,44,1,0,1,0
"0,17,38,69",50,76,50,76,1,0,1,0
"0,17,40,57",33,29,33,29,1,0,1,0
"0,17,41,60",8,8,10,10,0,1,0,1
"0,17,68,69",49,63,49,63,1,0,1,0
"0,20,21,31",19,1,19,1,1,0,1,0
"0,20,23,56",50,50,30,30,0,1,0,1
"0,20,24,26",70,50,50,50,1,1,0,0
"0,20,24,76",19,70,19,70,1,0,1,0
"0,20,24,80",19,56,19,56,1,0,1,0
"0,20,26,50",22,24,22,24,1,0,1,0
"0,20,31,40",4,11,4,11,1,0,1,0
"0,20,32,60",8,28,8,28,1,0,1,0
"0,20,33,40",24,13,24,13,1,0,1,0
"0,20,33,42",60,60,50,50,0,1,0,1
"0,20,40,41",39,21,39,21,1,0,1,0
"0,20,41,50",32,5,32,5,1,0,1,0
"0,21,22,61",24,1,24,1,1,0,1,0
"0,21,23,48",47,3,3,3,1,1,0,0
"0,21,30,41",38,50,38,50,1,0,1,0
"0,21,30,50",39,57,39,57,1,0,1,0
"0,21,30,51",39,60,60,60,1,1,0,0
"0,21,30,67",57,70,57,70,1,0,1,0
"0,21,33,48",57,57,28,28,0,1,0,1
"0,21,35,50",36,45,36,45,1,0,1,0
"0,21,40,43",37,37,24,24,0,1,0,1
"0,21,43,60",40,10,40,10,1,0,1,0
"0,21,50,66",26,30,26,30,1,0,1,0
"0,21,52,60",20,30,20,30,1,0,1,0
"0,21,59,61",23,54,23,54,1,0,1,0
"0,21,60,68",30,20,30,20,1,0,1,0
"0,21,67,70",57,30,57,30,1,0,1,0
"0,22,23,33",21,28,21,28,1,0,1,0
"0,22,23,39",79,12,79,12,1,0,1,0
"0,22,24,38",30,30,19,19,0,1,0,1
"0,22,24,56",30,18,30,18,1,0,1,0
"0,22,26,56",18,50,18,50,1,0,1,0
"0,22,30,60",56,76,56,76,1,0,1,0
"0,22,31,57",30,58,30,58,1,0,1,0
"0,22,40,59",31,50,31,50,1,0,1,0
"0,22,40,70",31,76,31,76,1,0,1,0
"0,22,40,80",58,16,58,16,1,0,1,0
"0,22,41,43",38,38,36,36,0,1,0,1
"0,22,41,44",38,50,38,50,1,0,1,0
"0,22,42,44",36,50,36,36,1,0,0,1
"0,22,42,50",10,20,10,20,1,0,1,0
"0,22,42,67",54,50,54,50,1,0,1,0
"0,22,44,78",73,45,73,45,1,0,1,0
"0,22,50,78",33,56,33,56,1,0,1,0
"0,22,51,66",50,7,50,7,1,0,1,0
"0,22,58,65",49,13,49,13,1,0,1,0
"0,23,26,48",16,21,16,21,1,0,1,0
"0,23,32,60",50,50,50,20,0,0,1,1
"0,23,33,39",57,63,57,63,1,0,1,0
"0,23,41,50",10,45,10,45,1,0,1,0
"0,23,43,70",16,50,16,50,1,0,1,0
"0,23,49,76",13,13,50,50,0,1,0,1
"0,23,50,76",40,60,40,60,1,0,1,0
"0,23,56,62",55,55,24,24,0,1,0,1
"0,23,57,77",33,33,50,50,0,1,0,1
"0,23,69,76",24,19,24,19,1,0,1,0
"0,24,30,76",56,75,56,75,1,0,1,0
"0,24,30,78",33,33,70,70,0,1,0,1
"0,24,30,79",80,60,80,60,1,0,1,0
"0,24,31,34",21,27,21,27,1,0,1,0
"0,24,40,48",60,50,60,50,1,0,1,0
"0,24,40,57",60,30,60,30,1,0,1,0
"0,24,42,67",50,51,50,51,1,0,1,0
"0,24,42,76",38,36,38,36,1,0,1,0
"0,24,43,52",34,60,34,60,1,0,1,0
"0,24,44,56",35,16,35,16,1,0,1,0
"0,24,48,60",40,40,50,50,0,1,0,1
"0,24,51,70",78,40,78,40,1,0,1,0
"0,24,52,74",45,45,76,76,0,1,0,1
"0,24,56,62",70,54,70,54,1,0,1,0
"0,24,57,62",76,76,76,38,0,0,1,1
"0,24,58,76",13,22,13,22,1,0,1,0
"0,24,60,69",30,50,50,50,1,1,0,0
"0,25,40,50",24,5,24,5,1,0,1,0
"0,25,43,52",19,45,19,45,1,0,1,0
"0,25,43,57",33,70,33,70,1,0,1,0
"0,25,44,61",35,70,70,70,1,1,0,0
"0,25,61,75",79,7,79,7,1,0,1,0
"0,26,52,61",58,16,58,16,1,0,1,0
"0,26,53,78",62,44,62,44,1,0,1,0
"0,26,57,61",33,58,33,58,1,0,1,0
"0,26,61,62",16,8,16,8,1,0,1,0
"0,26,62,74",53,8,53,8,1,0,1,0
"0,26,62,78",71,44,71,44,1,0,1,0
"0,30,31,33",50,40,50,40,1,0,1,0
"0,30,32,44",70,60,70,60,1,0,1,0
"0,30,32,60",31,24,31,24,1,0,1,0
"0,30,42,60",24,22,24,22,1,0,1,0
"0,30,52,60",56,46,56,46,1,0,1,0
"0,31,33,57",27,28,27,28,1,0,1,0
"0,31,40,49",60,21,60,21,1,0,1,0
"0,31,40,76",70,50,70,50,1,0,1,0
"0,31,49,67",57,63,57,63,1,0,1,0
"0,31,59,70",42,30,42,30,1,0,1,0
"0,31,60,69",76,57,76,57,1,0,1,0
"0,32,42,58",2,2,50,50,0,1,0,1
"0,32,42,78",33,33,33,6,0,0,1,1
"0,32,43,76",52,52,64,64,0,1,0,1
"0,32,52,53",33,45,33,45,1,0,1,0
"0,32,52,79",25,7,25,7,1,0,1,0
"0,32,57,59",33,33,5,5,0,1,0,1
"0,32,60,76",30,50,30,50,1,0,1,0
"0,33,34,61",28,28,28,7,0,0,1,1
"0,33,40,44",60,50,60,50,1,0,1,0
"0,33,40,51",60,60,24,24,0,1,0,1
"0,33,40,59",57,14,57,14,1,0,1,0
"0,33,41,68",60,60,5,5,0,1,0,1
"0,33,44,61",67,28,67,28,1,0,1,0
"0,33,44,67",61,61,61,56,0,0,1,1
"0,33,49,76",60,60,4,4,0,1,0,1
"0,33,50,67",40,39,40,39,1,0,1,0
"0,33,50,78",70,60,70,70,1,0,0,1
"0,33,52,61",43,7,43,7,1,0,1,0
"0,33,58,67",13,13,57,13,0,1,1,0
"0,33,61,67",44,28,44,28,1,0,1,0
"0,34,60,67",48,70,48,70,1,0,1,0
"0,34,62,78",74,74,70,70,0,1,0,1
"0,40,43,50",39,38,39,38,1,0,1,0
"0,41,43,44",70,7,70,7,1,0,1,0
"0,41,43,58",13,38,13,38,1,0,1,0
"0,41,44,70",40,37,40,37,1,0,1,0
"0,43,52,67",36,36,60,60,0,1,0,1
"0,43,61,69",52,70,52,70,1,0,1,0
"0,43,62,70",16,40,16,40,1,0,1,0
"0,50,62,70",57,58,57,58,1,0,1,0
"1,2,3,19",59,28,59,28,1,0,1,0
"1,2,3,29",65,41,65,41,1,0,1,0
"1,2,3,32",14,9,14,9,1,0,1,0
"1,2,4,24",14,32,14,32,1,0,1,0
"1,2,4,32",12,18,12,18,1,0,1,0
"1,2,5,67",37,68,37,68,1,0,1,0
"1,2,6,29",46,34,46,34,1,0,1,0
"1,2,6,50",18,46,18,46,1,0,1,0
"1,2,6,55",18,46,18,46,1,0,1,0
"1,2,9,11",65,14,65,14,1,0,1,0
"1,2,10,65",6,29,6,29,1,0,1,0
"1,2,10,70",6,64,6,64,1,0,1,0
"1,2,11,19",41,28,41,28,1,0,1,0
"1,2,11,59",9,65,9,65,1,0,1,0
"1,2,12,30",6,3,6,3,1,0,1,0
"1,2,12,32",0,31,0,31,1,0,1,0
"1,2,14,28",59,46,59,46,1,0,1,0
"1,2,14,40",9,41,9,41,1,0,1,0
"1,2,14,41",5,3,5,3,1,0,1,0
"1,2,14,58",59,59,4,59,0,1,1,0
"1,2,14,64",10,9,10,9,1,0,1,0
"1,2,15,43",5,5,4,4,0,1,0,1
"1,2,16,61",11,5,11,5,1,0,1,0
"1,2,16,69",7,65,7,65,1,0,1,0
"1,2,17,25",7,7,18,18,0,1,0,1
"1,2,17,62",29,8,29,8,1,0,1,0
"1,2,18,31",6,58,6,58,1,0,1,0
"1,2,18,33",3,6,3,6,1,0,1,0
"1,2,18,37",58,58,58,27,0,0,1,1
"1,2,20,28",32,47,32,47,1,0,1,0
"1,2,20,47",7,28,7,28,1,0,1,0
"1,2,21,24",41,4,41,4,1,0,1,0
"1,2,21,52",7,22,7,22,1,0,1,0
"1,2,22,38",32,29,32,29,1,0,1,0
"1,2,23,28",32,47,32,47,1,0,1,0
"1,2,24,58",34,6,34,6,1,0,1,0
"1,2,26,34",58,58,58,6,0,0,1,1
"1,2,26,78",47,7,47,7,1,0,1,0
"1,2,27,58",28,3,28,3,1,0,1,0
"1,2,28,36",58,4,58,4,1,0,1,0
"1,2,28,37",5,47,5,47,1,0,1,0
"1,2,28,47",38,37,38,37,1,0,1,0
"1,2,28,54",64,6,64,6,1,0,1,0
"1,2,28,75",7,35,7,35,1,0,1,0
"1,2,29,51",47,34,47,34,1,0,1,0
"1,2,29,61",8,34,8,34,1,0,1,0
"1,2,29,63",65,7,65,7,1,0,1,0
"1,2,30,31",41,3,41,3,1,0,1,0
"1,2,30,38",41,10,41,10,1,0,1,0
"1,2,32,61",6,31,31,31,1,1,0,0
"1,2,34,64",74,6,74,6,1,0,1,0
"1,2,34,77",6,27,6,27,1,0,1,0
"1,2,35,65",59,7,59,7,1,0,1,0
"1,2,36,40",4,41,4,4,1,0,0,1
"1,2,36,51",6,18,6,18,1,0,1,0
"1,2,36,56",46,46,46,8,0,0,1,1
"1,2,37,58",18,28,18,28,1,0,1,0
"1,2,38,58",18,28,18,28,1,0,1,0
"1,2,39,41",29,3,29,3,1,0,1,0
"1,2,40,70",0,0,10,10,0,1,0,1
"1,2,41,71",7,8,7,8,1,0,1,0
"1,2,43,51",34,6,34,6,1,0,1,0
"1,2,45,49",9,5,9,5,1,0,1,0
"1,2,46,48",6,18,18,18,1,1,0,0
"1,2,46,51",41,21,41,21,1,0,1,0
"1,2,47,51",59,58,59,58,1,0,1,0
"1,2,48,55",3,28,3,28,1,0,1,0
"1,2,50,74",47,64,47,64,1,0,1,0
"1,2,51,71",7,59,7,59,1,0,1,0
"1,2,55,57",18,58,18,58,1,0,1,0
"1,2,56,57",46,58,46,58,1,0,1,0
"1,2,57,60",58,58,6,6,0,1,0,1
"1,2,60,61",41,6,6,6,1,1,0,0
"1,2,62,78",32,7,32,7,1,0,1,0
"1,2,66,77",65,65,14,14,0,1,0,1
"1,3,4,25",27,34,27,34,1,0,1,0
"1,3,4,30",66,10,66,10,1,0,1,0
"1,3,4,46",10,27,10,27,1,0,1,0
"1,3,5,45",19,33,19,33,1,0,1,0
"1,3,5,59",14,33,14,33,1,0,1,0
"1,3,5,62",29,55,29,55,1,0,1,0
"1,3,6,16",25,46,25,46,1,0,1,0
"1,3,6,32",51,27,27,27,1,1,0,0
"1,3,6,44",51,27,51,27,1,0,1,0
"1,3,6,62",51,57,51,57,1,0,1,0
"1,3,7,57",75,25,75,25,1,0,1,0
"1,3,9,19",59,2,59,2,1,0,1,0
"1,3,9,40",2,2,0,0,0,1,0,1
"1,3,9,70",2,0,2,0,1,0,1,0
"1,3,10,18",4,4,27,27,0,1,0,1
"1,3,10,30",55,4,55,4,1,0,1,0
"1,3,10,34",13,6,13,6,1,0,1,0
"1,3,10,39",41,55,41,55,1,0,1,0
"1,3,10,43",19,37,19,37,1,0,1,0
"1,3,11,19",5,37,5,37,1,0,1,0
"1,3,11,33",14,31,14,31,1,0,1,0
"1,3,12,22",31,2,31,2,1,0,1,0
"1,3,12,64",13,75,13,75,1,0,1,0
"1,3,13,20",53,23,53,23,1,0,1,0
"1,3,13,32",33,23,33,23,1,0,1,0
"1,3,13,38",6,2,6,2,1,0,1,0
"1,3,13,70",10,7,10,7,1,0,1,0
"1,3,13,77",2,53,2,53,1,0,1,0
"1,3,14,31",2,41,2,41,1,0,1,0
"1,3,15,39",4,55,4,55,1,0,1,0
"1,3,15,55",19,7,19,7,1,0,1,0
"1,3,16,79",6,7,6,7,1,0,1,0
"1,3,18,57",12,2,12,2,1,0,1,0
"1,3,18,61",27,6,27,6,1,0,1,0
"1,3,19,24",13,64,13,64,1,0,1,0
"1,3,19,25",4,6,6,6,1,1,0,0
"1,3,19,37",4,7,4,7,1,0,1,0
"1,3,19,39",28,5,28,5,1,0,1,0
"1,3,21,22",31,2,31,2,1,0,1,0
"1,3,21,23",18,31,18,31,1,0,1,0
"1,3,21,55",4,27,4,27,1,0,1,0
"1,3,22,23",31,2,2,2,1,1,0,0
"1,3,22,30",39,31,39,31,1,0,1,0
"1,3,22,57",30,12,30,12,1,0,1,0
"1,3,24,75",19,4,19,4,1,0,1,0
"1,3,25,32",5,6,5,6,1,0,1,0
"1,3,25,54",9,6,9,6,1,0,1,0
"1,3,26,34",27,27,6,6,0,1,0,1
"1,3,27,47",34,57,34,57,1,0,1,0
"1,3,27,51",4,55,4,55,1,0,1,0
"1,3,29,35",5,5,8,8,0,1,0,1
"1,3,30,41",13,31,13,31,1,0,1,0
"1,3,30,75",4,31,4,31,1,0,1,0
"1,3,31,61",25,57,25,57,1,0,1,0
"1,3,32,46",6,6,6,27,0,0,1,1
"1,3,33,57",0,5,0,5,1,0,1,0
"1,3,34,39",66,66,41,66,0,1,1,0
"1,3,35,75",30,7,30,7,1,0,1,0
"1,3,36,37",43,4,43,4,1,0,1,0
"1,3,37,41",7,19,7,19,1,0,1,0
"1,3,37,43",4,55,55,55,1,1,0,0
"1,3,37,46",6,57,6,57,1,0,1,0
"1,3,39,55",36,15,36,15,1,0,1,0
"1,3,41,49",29,33,33,33,1,1,0,0
"1,3,41,61",4,33,4,33,1,0,1,0
"1,3,42,66",67,4,67,4,1,0,1,0
"1,3,43,76",36,4,36,4,1,0,1,0
"1,3,45,51",6,27,6,27,1,0,1,0
"1,3,46,51",37,55,37,55,1,0,1,0
"1,3,53,70",7,7,13,13,0,1,0,1
"1,3,55,56",36,4,36,4,1,0,1,0
"1,3,55,59",60,37,37,37,1,1,0,0
"1,3,55,61",54,4,54,4,1,0,1,0
"1,3,57,58",12,12,12,37,0,0,1,1
"1,3,59,73",37,5,37,5,1,0,1,0
"1,3,61,77",27,75,27,75,1,0,1,0
"1,3,66,67",39,9,39,9,1,0,1,0
"1,3,73,76",37,79,37,79,1,0,1,0
"1,4,5,12",68,29,68,29,1,0,1,0
"1,4,5,33",15,28,15,28,1,0,1,0
"1,4,5,59",68,37,68,37,1,0,1,0
"1,4,5,65",25,68,25,68,1,0,1,0
"1,4,6,20",46,25,46,25,1,0,1,0
"1,4,6,25",16,20,16,20,1,0,1,0
"1,4,7,46",37,51,37,51,1,0,1,0
"1,4,9,20",6,3,3,3,1,1,0,0
"1,4,9,51",18,6,18,6,1,0,1,0
"1,4,10,30",40,3,40,3,1,0,1,0
"1,4,10,49",3,40,3,40,1,0,1,0
"1,4,10,61",28,67,28,67,1,0,1,0
"1,4,11,22",67,31,67,31,1,0,1,0
"1,4,11,30",61,37,61,37,1,0,1,0
"1,4,11,68",14,51,14,51,1,0,1,0
"1,4,12,44",6,5,6,5,1,0,1,0
"1,4,13,31",5,41,5,41,1,0,1,0
"1,4,13,39",7,49,7,49,1,0,1,0
"1,4,14,50",20,5,20,5,1,0,1,0
"1,4,14,51",2,11,2,11,1,0,1,0
"1,4,15,28",55,5,55,5,1,0,1,0
"1,4,15,35",67,5,67,5,1,0,1,0
"1,4,16,30",11,61,11,61,1,0,1,0
"1,4,17,29",12,5,12,5,1,0,1,0
"1,4,19,24",36,36,5,5,0,1,0,1
"1,4,20,27",34,3,34,3,1,0,1,0
"1,4,21,32",41,2,41,2,1,0,1,0
"1,4,23,30",49,6,49,6,1,0,1,0
"1,4,23,32",5,2,5,2,1,0,1,0
"1,4,24,28",2,5,2,5,1,0,1,0
"1,4,24,45",36,5,5,5,1,1,0,0
"1,4,24,70",0,7,0,7,1,0,1,0
"1,4,25,35",61,5,61,5,1,0,1,0
"1,4,25,39",3,49,3,49,1,0,1,0
"1,4,26,40",6,6,8,8,0,1,0,1
"1,4,27,43",7,6,7,6,1,0,1,0
"1,4,27,56",67,36,67,36,1,0,1,0
"1,4,28,41",37,2,37,2,1,0,1,0
"1,4,30,33",49,3,3,3,1,1,0,0
"1,4,31,49",5,3,5,3,1,0,1,0
"1,4,32,71",2,31,2,31,1,0,1,0
"1,4,33,38",0,3,0,3,1,0,1,0
"1,4,34,35",27,5,27,5,1,0,1,0
"1,4,34,43",40,25,40,25,1,0,1,0
"1,4,35,61",49,25,49,25,1,0,1,0
"1,4,36,39",55,3,3,3,1,1,0,0
"1,4,36,56",67,55,67,55,1,0,1,0
"1,4,40,46",6,10,6,10,1,0,1,0
"1,4,40,51",6,34,6,34,1,0,1,0
"1,4,40,61",31,16,31,16,1,0,1,0
"1,4,40,70",0,0,10,10,0,1,0,1
"1,4,41,79",7,71,7,71,1,0,1,0
"1,4,43,49",3,67,3,67,1,0,1,0
"1,4,46,61",28,6,28,6,1,0,1,0
"1,4,46,65",6,25,6,25,1,0,1,0
"1,4,46,66",6,34,6,34,1,0,1,0
"1,4,49,63",67,7,67,7,1,0,1,0
"1,4,49,65",5,58,58,58,1,1,0,0
"1,4,54,75",64,6,64,6,1,0,1,0
"1,4,57,58",13,0,13,0,1,0,1,0
"1,4,60,66",38,6,38,6,1,0,1,0
"1,4,61,78",28,5,28,5,1,0,1,0
"1,4,62,77",14,8,14,8,1,0,1,0
"1,4,64,65",37,71,37,71,1,0,1,0
"1,5,6,17",51,34,51,34,1,0,1,0
"1,5,6,29",51,34,51,34,1,0,1,0
"1,5,6,39",51,25,51,25,1,0,1,0
"1,5,6,70",51,69,51,69,1,0,1,0
"1,5,6,79",51,57,51,57,1,0,1,0
"1,5,9,54",3,2,3,2,1,0,1,0
"1,5,10,17",73,7,73,7,1,0,1,0
"1,5,10,41",2,3,2,3,1,0,1,0
"1,5,11,19",4,37,4,37,1,0,1,0
"1,5,13,23",32,41,32,41,1,0,1,0
"1,5,16,64",32,37,32,37,1,0,1,0
"1,5,18,23",68,2,68,2,1,0,1,0
"1,5,18,29",25,6,25,6,1,0,1,0
"1,5,19,25",18,55,18,55,1,0,1,0
"1,5,19,51",6,46,6,46,1,0,1,0
"1,5,19,73",3,59,3,59,1,0,1,0
"1,5,21,30",12,4,12,4,1,0,1,0
"1,5,23,25",18,59,18,59,1,0,1,0
"1,5,23,40",59,8,59,8,1,0,1,0
"1,5,24,38",12,6,12,6,1,0,1,0
"1,5,24,55",19,4,19,4,1,0,1,0
"1,5,25,57",12,68,12,68,1,0,1,0
"1,5,26,71",77,21,77,21,1,0,1,0
"1,5,27,75",6,51,6,51,1,0,1,0
"1,5,28,44",2,8,2,8,1,0,1,0
"1,5,29,39",12,9,12,9,1,0,1,0
"1,5,29,49",41,41,9,9,0,1,0,1
"1,5,29,59",8,41,8,41,1,0,1,0
"1,5,29,62",55,34,55,34,1,0,1,0
"1,5,30,31",41,0,41,0,1,0,1,0
"1,5,31,39",61,15,61,15,1,0,1,0
"1,5,31,59",7,41,7,41,1,0,1,0
"1,5,31,77",4,32,4,32,1,0,1,0
"1,5,32,33",59,41,59,41,1,0,1,0
"1,5,32,59",25,31,25,31,1,0,1,0
"1,5,33,55",28,3,28,3,1,0,1,0
"1,5,33,73",28,45,28,45,1,0,1,0
"1,5,34,38",6,29,6,29,1,0,1,0
"1,5,35,41",51,11,51,11,1,0,1,0
"1,5,37,59",23,4,23,4,1,0,1,0
"1,5,38,42",68,6,6,6,1,1,0,0
"1,5,38,57",58,0,58,0,1,0,1,0
"1,5,45,64",0,19,0,19,1,0,1,0
"1,5,47,50",59,51,59,51,1,0,1,0
"1,5,50,71",4,51,4,51,1,0,1,0
"1,5,52,68",28,61,28,61,1,0,1,0
"1,5,53,61",11,35,11,35,1,0,1,0
"1,5,57,69",25,0,25,0,1,0,1,0
"1,5,58,77",51,6,51,6,1,0,1,0
"1,5,59,77",7,3,7,3,1,0,1,0
"1,5,67,70",61,4,61,4,1,0,1,0
"1,6,9,26",51,18,51,18,1,0,1,0
"1,6,9,33",3,51,3,51,1,0,1,0
"1,6,9,52",46,2,46,2,1,0,1,0
"1,6,10,37",3,27,3,27,1,0,1,0
"1,6,10,58",64,13,64,13,1,0,1,0
"1,6,11,27",65,3,65,3,1,0,1,0
"1,6,11,51",15,5,15,5,1,0,1,0
"1,6,11,58",4,38,4,38,1,0,1,0
"1,6,12,28",46,57,46,57,1,0,1,0
"1,6,12,29",34,40,34,40,1,0,1,0
"1,6,12,36",57,69,57,69,1,0,1,0
"1,6,12,39",3,57,3,57,1,0,1,0
"1,6,12,42",51,57,51,57,1,0,1,0
"1,6,13,24",51,69,51,69,1,0,1,0
"1,6,13,32",27,39,27,39,1,0,1,0
"1,6,13,63",9,7,9,7,1,0,1,0
"1,6,14,16",34,46,34,46,1,0,1,0
"1,6,14,31",7,34,7,34,1,0,1,0
"1,6,14,46",37,2,37,2,1,0,1,0
"1,6,15,67",51,4,51,4,1,0,1,0
"1,6,16,27",2,3,2,3,1,0,1,0
"1,6,16,52",34,25,34,25,1,0,1,0
"1,6,16,59",5,51,5,51,1,0,1,0
"1,6,17,18",9,29,9,29,1,0,1,0
"1,6,17,28",46,46,46,7,0,0,1,1
"1,6,19,66",25,64,25,64,1,0,1,0
"1,6,19,76",46,69,46,69,1,0,1,0
"1,6,20,30",46,4,46,4,1,0,1,0
"1,6,24,67",18,69,18,69,1,0,1,0
"1,6,26,53",58,8,58,8,1,0,1,0
"1,6,27,28",9,2,9,2,1,0,1,0
"1,6,27,69",33,3,33,3,1,0,1,0
"1,6,28,29",46,34,46,34,1,0,1,0
"1,6,28,32",46,2,46,2,1,0,1,0
"1,6,28,34",64,12,64,12,1,0,1,0
"1,6,29,33",51,5,51,5,1,0,1,0
"1,6,29,40",57,12,57,12,1,0,1,0
"1,6,30,54",2,58,2,58,1,0,1,0
"1,6,30,61",46,46,51,51,0,1,0,1
"1,6,31,77",61,27,61,27,1,0,1,0
"1,6,32,39",58,13,58,13,1,0,1,0
"1,6,32,49",25,41,25,41,1,0,1,0
"1,6,33,58",7,13,13,13,1,1,0,0
"1,6,34,40",68,23,68,23,1,0,1,0
"1,6,34,54",7,14,7,14,1,0,1,0
"1,6,36,59",2,9,9,9,1,1,0,0
"1,6,37,41",31,46,31,46,1,0,1,0
"1,6,38,73",58,46,58,46,1,0,1,0
"1,6,39,41",51,3,51,3,1,0,1,0
"1,6,41,44",51,58,51,58,1,0,1,0
"1,6,41,51",5,15,5,15,1,0,1,0
"1,6,41,61",34,58,34,58,1,0,1,0
"1,6,42,69",5,58,5,58,1,0,1,0
"1,6,43,48",34,8,34,8,1,0,1,0
"1,6,45,59",74,54,74,54,1,0,1,0
"1,6,45,65",27,2,27,2,1,0,1,0
"1,6,48,54",18,38,18,38,1,0,1,0
"1,6,48,57",12,3,12,3,1,0,1,0
"1,6,53,66",34,8,34,8,1,0,1,0
"1,6,54,67",18,27,18,27,1,0,1,0
"1,6,54,68",57,18,57,18,1,0,1,0
"1,6,61,65",58,2,58,2,1,0,1,0
"1,6,63,66",57,69,57,69,1,0,1,0
"1,6,64,65",46,57,46,57,1,0,1,0
"1,6,64,68",46,57,46,57,1,0,1,0
"1,6,69,70",57,0,57,0,1,0,1,0
"1,6,69,74",57,2,57,2,1,0,1,0
"1,7,9,20",39,39,0,0,0,1,0,1
"1,7,9,44",39,4,39,4,1,0,1,0
"1,7,11,73",0,19,0,19,1,0,1,0
"1,7,12,70",2,2,2,63,0,0,1,1
"1,7,18,57",3,0,3,0,1,0,1,0
"1,7,18,71",8,2,8,2,1,0,1,0
"1,7,19,47",3,55,3,55,1,0,1,0
"1,7,19,57",0,3,0,3,1,0,1,0
"1,7,27,46",9,0,9,0,1,0,1,0
"1,7,28,55",9,2,9,2,1,0,1,0
"1,7,29,41",21,5,5,5,1,1,0,0
"1,7,30,58",0,2,0,2,1,0,1,0
"1,7,30,64",0,6,0,6,1,0,1,0
"1,7,36,71",8,4,8,4,1,0,1,0
"1,7,37,59",73,19,19,19,1,1,0,0
"1,7,45,47",2,52,2,52,1,0,1,0
"1,7,45,48",55,51,55,51,1,0,1,0
"1,7,47,63",2,57,2,57,1,0,1,0
"1,7,55,65",39,64,39,64,1,0,1,0
"1,7,64,69",19,63,19,63,1,0,1,0
"1,7,66,79",3,34,3,34,1,0,1,0
"1,7,67,73",64,37,64,37,1,0,1,0
"1,7,67,75",3,4,3,4,1,0,1,0
"1,9,10,51",21,46,21,46,1,0,1,0
"1,9,11,71",14,15,14,15,1,0,1,0
"1,9,12,46",57,10,57,10,1,0,1,0
"1,9,13,25",16,46,16,46,1,0,1,0
"1,9,13,29",14,10,14,10,1,0,1,0
"1,9,13,30",14,10,14,10,1,0,1,0
"1,9,13,46",51,10,51,10,1,0,1,0
"1,9,14,31",59,11,59,11,1,0,1,0
"1,9,14,44",59,13,59,13,1,0,1,0
"1,9,14,55",54,10,54,10,1,0,1,0
"1,9,14,69",2,59,2,59,1,0,1,0
"1,9,15,42",16,14,16,14,1,0,1,0
"1,9,16,33",14,13,14,13,1,0,1,0
"1,9,16,59",37,14,37,14,1,0,1,0
"1,9,17,21",41,41,10,10,0,1,0,1
"1,9,17,34",6,14,6,14,1,0,1,0
"1,9,17,67",10,13,10,13,1,0,1,0
"1,9,21,69",45,49,45,49,1,0,1,0
"1,9,22,49",39,31,39,31,1,0,1,0
"1,9,22,69",79,49,79,49,1,0,1,0
"1,9,25,69",49,18,49,18,1,0,1,0
"1,9,26,34",6,6,17,17,0,1,0,1
"1,9,30,41",31,21,31,21,1,0,1,0
"1,9,30,61",21,31,21,31,1,0,1,0
"1,9,31,61",25,63,25,63,1,0,1,0
"1,9,31,67",64,63,64,63,1,0,1,0
"1,9,32,41",51,29,51,29,1,0,1,0
"1,9,32,61",31,41,31,41,1,0,1,0
"1,9,40,41",64,21,64,21,1,0,1,0
"1,9,40,61",41,31,41,31,1,0,1,0
"1,9,52,60",12,12,16,16,0,1,0,1
"1,9,61,71",14,55,14,55,1,0,1,0
"1,10,11,20",41,30,41,30,1,0,1,0
"1,10,11,28",16,38,16,38,1,0,1,0
"1,10,12,28",14,40,14,40,1,0,1,0
"1,10,12,57",17,46,17,46,1,0,1,0
"1,10,13,19",43,41,43,41,1,0,1,0
"1,10,13,23",41,41,19,37,0,1,1,1
"1,10,13,30",58,37,58,37,1,0,1,0
"1,10,13,49",19,9,19,9,1,0,1,0
"1,10,13,61",64,58,64,58,1,0,1,0
"1,10,14,41",11,13,11,13,1,0,1,0
"1,10,14,46",6,13,6,13,1,0,1,0
"1,10,15,25",55,34,55,34,1,0,1,0
"1,10,16,23",55,13,17,13,1,1,1,0
"1,10,17,18",9,46,9,46,1,0,1,0
"1,10,17,68",73,64,73,64,1,0,1,0
"1,10,18,31",40,21,40,21,1,0,1,0
"1,10,19,44",29,17,29,17,1,0,1,0
"1,10,19,48",29,3,29,3,1,0,1,0
"1,10,19,62",29,17,29,17,1,0,1,0
"1,10,20,37",70,40,70,40,1,0,1,0
"1,10,21,28",41,40,41,40,1,0,1,0
"1,10,21,46",51,18,18,18,1,1,0,0
"1,10,25,70",20,46,20,46,1,0,1,0
"1,10,27,67",11,46,11,46,1,0,1,0
"1,10,28,30",40,40,40,29,0,0,1,1
"1,10,28,43",4,34,4,34,1,0,1,0
"1,10,28,51",21,34,21,34,1,0,1,0
"1,10,28,71",11,17,11,17,1,0,1,0
"1,10,29,55",15,36,15,36,1,0,1,0
"1,10,30,41",37,21,11,21,1,1,1,0
"1,10,31,78",40,73,40,73,1,0,1,0
"1,10,34,47",15,27,15,27,1,0,1,0
"1,10,36,37",43,4,43,4,1,0,1,0
"1,10,36,61",46,55,46,55,1,0,1,0
"1,10,37,47",27,31,27,31,1,0,1,0
"1,10,37,54",30,9,30,9,1,0,1,0
"1,10,38,63",40,73,40,73,1,0,1,0
"1,10,40,73",70,0,70,0,1,0,1,0
"1,10,41,64",31,71,31,71,1,0,1,0
"1,10,46,49",6,40,6,40,1,0,1,0
"1,10,46,59",6,51,6,51,1,0,1,0
"1,10,46,71",41,17,41,17,1,0,1,0
"1,10,46,75",6,51,6,51,1,0,1,0
"1,10,51,64",31,6,31,6,1,0,1,0
"1,10,55,62",15,34,15,34,1,0,1,0
"1,10,55,76",15,4,15,4,1,0,1,0
"1,10,56,61",11,16,11,16,1,0,1,0
"1,10,58,60",34,55,34,55,1,0,1,0
"1,10,59,74",15,64,15,64,1,0,1,0
"1,10,61,66",21,34,34,34,1,1,0,0
"1,10,65,75",64,64,70,70,0,1,0,1
"1,10,66,67",73,64,73,64,1,0,1,0
"1,11,12,34",27,51,27,51,1,0,1,0
"1,11,13,27",34,41,41,41,1,1,0,0
"1,11,13,29",41,41,2,41,0,1,1,0
"1,11,13,35",37,37,41,41,0,1,0,1
"1,11,13,77",14,65,14,65,1,0,1,0
"1,11,14,17",61,34,61,34,1,0,1,0
"1,11,14,31",12,9,9,9,1,1,0,0
"1,11,14,36",27,12,27,12,1,0,1,0
"1,11,14,62",9,61,9,61,1,0,1,0
"1,11,15,27",10,34,10,34,1,0,1,0
"1,11,15,30",39,14,39,14,1,0,1,0
"1,11,15,34",10,27,10,27,1,0,1,0
"1,11,15,43",10,10,10,51,0,0,1,1
"1,11,16,19",28,61,28,61,1,0,1,0
"1,11,16,38",28,61,28,61,1,0,1,0
"1,11,16,61",7,25,7,25,1,0,1,0
"1,11,18,25",61,21,61,21,1,0,1,0
"1,11,19,23",74,51,74,51,1,0,1,0
"1,11,19,27",51,46,51,46,1,0,1,0
"1,11,19,28",35,61,35,61,1,0,1,0
"1,11,20,21",47,30,47,30,1,0,1,0
"1,11,22,58",31,41,31,41,1,0,1,0
"1,11,23,74",29,41,29,41,1,0,1,0
"1,11,25,44",37,61,61,61,1,1,0,0
"1,11,26,51",18,6,18,6,1,0,1,0
"1,11,27,35",37,51,37,51,1,0,1,0
"1,11,27,39",41,51,41,51,1,0,1,0
"1,11,27,49",51,51,41,41,0,1,0,1
"1,11,28,44",19,71,19,71,1,0,1,0
"1,11,29,33",28,51,28,51,1,0,1,0
"1,11,30,31",39,27,27,27,1,1,0,0
"1,11,30,41",29,10,29,10,1,0,1,0
"1,11,31,52",39,12,39,12,1,0,1,0
"1,11,33,45",21,5,21,5,1,0,1,0
"1,11,33,73",28,41,28,41,1,0,1,0
"1,11,34,43",27,27,51,51,0,1,0,1
"1,11,37,39",44,28,28,28,1,1,0,0
"1,11,37,50",28,28,10,10,0,1,0,1
"1,11,40,51",46,57,46,57,1,0,1,0
"1,11,41,46",10,19,10,19,1,0,1,0
"1,11,41,70",13,10,13,10,1,0,1,0
"1,11,41,74",29,23,29,23,1,0,1,0
"1,11,44,73",37,61,37,61,1,0,1,0
"1,11,47,68",23,61,23,61,1,0,1,0
"1,11,48,51",45,46,45,46,1,0,1,0
"1,11,48,71",79,28,79,28,1,0,1,0
"1,11,54,74",18,6,18,6,1,0,1,0
"1,11,58,73",51,41,51,41,1,0,1,0
"1,11,61,69",68,56,68,56,1,0,1,0
"1,11,68,75",28,61,28,61,1,0,1,0
"1,12,13,27",11,57,11,57,1,0,1,0
"1,12,14,28",11,10,11,10,1,0,1,0
"1,12,14,52",13,9,13,9,1,0,1,0
"1,12,15,16",31,6,31,6,1,0,1,0
"1,12,15,17",57,29,57,29,1,0,1,0
"1,12,15,21",57,51,57,51,1,0,1,0
"1,12,15,32",13,9,9,9,1,1,0,0
"1,12,17,29",7,63,7,63,1,0,1,0
"1,12,17,32",41,41,29,29,0,1,0,1
"1,12,17,49",29,9,29,9,1,0,1,0
"1,12,21,31",3,39,3,39,1,0,1,0
"1,12,21,46",51,57,51,57,1,0,1,0
"1,12,21,57",6,51,6,51,1,0,1,0
"1,12,21,79",57,71,57,71,1,0,1,0
"1,12,22,31",15,21,15,21,1,0,1,0
"1,12,23,28",55,68,55,68,1,0,1,0
"1,12,23,40",68,51,68,51,1,0,1,0
"1,12,24,64",28,32,28,32,1,0,1,0
"1,12,27,45",13,13,9,9,0,1,0,1
"1,12,27,64",19,13,19,13,1,0,1,0
"1,12,29,61",40,69,40,69,1,0,1,0
"1,12,29,78",40,62,40,62,1,0,1,0
"1,12,30,40",21,29,21,29,1,0,1,0
"1,12,30,42",21,57,21,57,1,0,1,0
"1,12,31,32",2,39,2,39,1,0,1,0
"1,12,31,58",39,13,39,13,1,0,1,0
"1,12,32,47",31,31,2,2,0,1,0,1
"1,12,32,56",20,64,20,64,1,0,1,0
"1,12,35,48",57,21,57,21,1,0,1,0
"1,12,36,56",18,64,18,64,1,0,1,0
"1,12,37,39",40,28,40,28,1,0,1,0
"1,12,37,42",64,64,18,64,0,1,1,0
"1,12,37,46",14,57,57,57,1,1,0,0
"1,12,38,46",6,28,6,28,1,0,1,0
"1,12,40,47",29,20,29,20,1,0,1,0
"1,12,40,67",29,4,29,4,1,0,1,0
"1,12,40,68",34,34,29,29,0,1,0,1
"1,12,40,71",29,41,29,41,1,0,1,0
"1,12,41,57",25,58,25,58,1,0,1,0
"1,12,41,63",9,11,9,11,1,0,1,0
"1,12,44,59",9,15,9,15,1,0,1,0
"1,12,46,48",51,57,51,57,1,0,1,0
"1,12,46,62",29,29,34,34,0,1,0,1
"1,12,47,52",2,64,2,64,1,0,1,0
"1,12,47,64",75,52,52,52,1,1,0,0
"1,12,47,68",63,52,63,52,1,0,1,0
"1,12,48,51",57,18,57,18,1,0,1,0
"1,12,49,54",7,64,7,64,1,0,1,0
"1,12,55,56",57,28,57,28,1,0,1,0
"1,12,55,66",15,28,28,28,1,1,0,0
"1,12,57,74",68,68,18,18,0,1,0,1
"1,12,61,64",19,13,19,13,1,0,1,0
"1,12,68,73",63,28,63,28,1,0,1,0
"1,13,14,27",34,46,34,46,1,0,1,0
"1,13,14,40",31,31,31,4,0,0,1,1
"1,13,22,29",58,58,32,32,0,1,0,1
"1,13,22,61",31,58,31,58,1,0,1,0
"1,13,23,27",32,18,32,18,1,0,1,0
"1,13,23,29",55,2,55,2,1,0,1,0
"1,13,23,39",7,58,7,58,1,0,1,0
"1,13,23,40",41,31,41,31,1,0,1,0
"1,13,23,57",12,58,12,58,1,0,1,0
"1,13,24,61",64,21,64,21,1,0,1,0
"1,13,24,69",33,6,33,6,1,0,1,0
"1,13,25,46",39,32,39,32,1,0,1,0
"1,13,28,33",21,21,27,21,0,1,1,0
"1,13,28,57",27,64,27,64,1,0,1,0
"1,13,28,63",64,64,12,12,0,1,0,1
"1,13,29,35",28,28,31,31,0,1,0,1
"1,13,29,43",12,64,12,64,1,0,1,0
"1,13,31,44",41,76,41,76,1,0,1,0
"1,13,31,79",41,71,41,71,1,0,1,0
"1,13,32,40",33,31,33,31,1,0,1,0
"1,13,32,46",25,20,25,20,1,0,1,0
"1,13,32,49",39,4,39,4,1,0,1,0
"1,13,34,41",31,14,31,14,1,0,1,0
"1,13,34,58",22,10,22,10,1,0,1,0
"1,13,35,57",58,58,27,27,0,1,0,1
"1,13,36,64",37,9,37,9,1,0,1,0
"1,13,36,71",9,64,9,64,1,0,1,0
"1,13,37,46",51,58,51,58,1,0,1,0
"1,13,38,43",41,64,64,64,1,1,0,0
"1,13,39,71",58,21,58,21,1,0,1,0
"1,13,41,54",31,9,31,9,1,0,1,0
"1,13,42,51",33,58,58,58,1,1,0,0
"1,13,43,64",37,31,37,31,1,0,1,0
"1,13,49,59",58,9,9,9,1,1,0,0
"1,13,51,58",31,39,31,39,1,0,1,0
"1,13,53,65",33,61,33,61,1,0,1,0
"1,13,58,63",34,31,34,31,1,0,1,0
"1,13,64,69",67,37,67,37,1,0,1,0
"1,14,15,25",13,46,13,46,1,0,1,0
"1,14,15,50",41,41,41,5,0,0,1,1
"1,14,16,37",44,44,9,9,0,1,0,1
"1,14,18,21",24,46,24,46,1,0,1,0
"1,14,18,31",41,41,9,9,0,1,0,1
"1,14,20,33",65,65,13,13,0,1,0,1
"1,14,21,24",18,71,18,71,1,0,1,0
"1,14,21,28",71,46,71,46,1,0,1,0
"1,14,21,46",37,37,51,51,0,1,0,1
"1,14,22,71",38,31,38,31,1,0,1,0
"1,14,23,37",13,46,13,46,1,0,1,0
"1,14,25,74",46,46,34,34,0,1,0,1
"1,14,26,44",77,77,71,71,0,1,0,1
"1,14,34,51",59,41,59,41,1,0,1,0
"1,14,34,54",46,6,46,6,1,0,1,0
"1,14,36,79",62,71,62,71,1,0,1,0
"1,14,37,58",46,13,46,13,1,0,1,0
"1,14,37,59",9,46,9,46,1,0,1,0
"1,14,40,44",37,37,41,41,0,1,0,1
"1,14,41,51",32,34,32,34,1,0,1,0
"1,14,45,74",11,59,11,59,1,0,1,0
"1,14,46,66",37,65,37,65,1,0,1,0
"1,14,49,79",17,71,17,71,1,0,1,0
"1,14,50,59",42,9,42,9,1,0,1,0
"1,14,53,75",46,46,77,77,0,1,0,1
"1,14,55,66",15,15,46,46,0,1,0,1
"1,14,59,70",46,77,46,77,1,0,1,0
"1,14,61,73",46,54,46,54,1,0,1,0
"1,14,61,77",70,71,70,71,1,0,1,0
"1,14,62,74",46,54,46,54,1,0,1,0
"1,14,64,69",13,24,13,24,1,0,1,0
"1,14,70,76",71,8,71,8,1,0,1,0
"1,15,16,64",32,10,32,10,1,0,1,0
"1,15,18,24",25,25,25,51,0,0,1,1
"1,15,20,44",11,60,11,60,1,0,1,0
"1,15,21,22",51,51,51,31,0,0,1,1
"1,15,21,25",18,18,18,31,0,0,1,1
"1,15,21,44",45,51,45,51,1,0,1,0
"1,15,21,67",51,51,4,4,0,1,0,1
"1,15,24,37",5,51,5,51,1,0,1,0
"1,15,24,69",19,64,19,64,1,0,1,0
"1,15,28,62",71,9,71,9,1,0,1,0
"1,15,30,40",57,60,57,60,1,0,1,0
"1,15,30,46",57,51,57,51,1,0,1,0
"1,15,30,50",59,5,59,5,1,0,1,0
"1,15,31,51",34,25,34,25,1,0,1,0
"1,15,31,55",71,27,71,27,1,0,1,0
"1,15,31,59",25,39,25,39,1,0,1,0
"1,15,31,63",9,9,71,9,0,1,1,0
"1,15,32,43",55,55,4,4,0,1,0,1
"1,15,35,59",7,28,7,28,1,0,1,0
"1,15,35,63",55,7,55,7,1,0,1,0
"1,15,36,46",10,55,10,55,1,0,1,0
"1,15,37,46",25,51,25,51,1,0,1,0
"1,15,38,39",55,31,55,31,1,0,1,0
"1,15,45,50",74,10,74,10,1,0,1,0
"1,15,46,77",14,14,25,25,0,1,0,1
"1,15,47,52",7,71,7,71,1,0,1,0
"1,15,48,62",78,78,55,55,0,1,0,1
"1,15,53,65",13,13,25,25,0,1,0,1
"1,15,55,57",25,27,25,27,1,0,1,0
"1,15,55,76",10,4,10,4,1,0,1,0
"1,15,58,59",2,57,2,57,1,0,1,0
"1,15,59,63",31,7,31,7,1,0,1,0
"1,15,61,65",41,71,41,71,1,0,1,0
"1,15,66,71",63,34,63,34,1,0,1,0
"1,15,69,78",71,9,71,9,1,0,1,0
"1,16,18,57",64,9,64,9,1,0,1,0
"1,16,21,48",28,28,28,9,0,0,1,1
"1,16,25,55",6,61,61,61,1,1,0,0
"1,16,27,34",10,43,10,43,1,0,1,0
"1,16,27,57",31,9,31,9,1,0,1,0
"1,16,28,34",6,61,6,61,1,0,1,0
"1,16,29,61",56,21,56,21,1,0,1,0
"1,16,30,34",52,61,52,61,1,0,1,0
"1,16,30,54",70,40,70,40,1,0,1,0
"1,16,34,73",6,25,25,25,1,1,0,0
"1,16,35,67",15,64,15,64,1,0,1,0
"1,16,36,61",11,4,11,4,1,0,1,0
"1,16,37,55",9,61,9,61,1,0,1,0
"1,16,37,61",21,31,21,31,1,0,1,0
"1,16,37,68",9,64,9,64,1,0,1,0
"1,16,39,64",19,40,19,40,1,0,1,0
"1,16,43,48",64,61,64,61,1,0,1,0
"1,16,45,54",0,52,0,52,1,0,1,0
"1,16,45,55",28,64,28,64,1,0,1,0
"1,16,45,69",13,52,13,52,1,0,1,0
"1,16,46,55",51,6,51,6,1,0,1,0
"1,16,48,61",28,11,28,11,1,0,1,0
"1,16,51,54",25,11,25,11,1,0,1,0
"1,16,53,69",13,26,13,26,1,0,1,0
"1,16,59,61",5,56,5,56,1,0,1,0
"1,16,59,64",32,19,32,19,1,0,1,0
"1,16,61,67",70,51,70,51,1,0,1,0
"1,16,61,68",70,41,70,41,1,0,1,0
"1,17,19,27",46,46,73,73,0,1,0,1
"1,17,21,46",51,10,51,10,1,0,1,0
"1,17,21,63",12,29,12,29,1,0,1,0
"1,17,31,47",41,41,7,7,0,1,0,1
"1,17,32,40",23,64,23,64,1,0,1,0
"1,17,32,65",73,8,73,8,1,0,1,0
"1,17,33,41",61,7,61,7,1,0,1,0
"1,17,33,57",12,6,6,6,1,1,0,0
"1,17,37,39",44,73,44,73,1,0,1,0
"1,17,37,45",9,9,73,73,0,1,0,1
"1,17,37,58",13,10,13,10,1,0,1,0
"1,17,40,46",79,57,79,57,1,0,1,0
"1,17,41,51",25,57,25,57,1,0,1,0
"1,17,45,59",29,73,29,73,1,0,1,0
"1,17,46,56",73,10,73,10,1,0,1,0
"1,17,47,51",41,57,41,57,1,0,1,0
"1,17,50,51",41,41,34,34,0,1,0,1
"1,17,51,73",46,41,46,41,1,0,1,0
"1,17,55,64",9,71,9,71,1,0,1,0
"1,18,20,21",51,27,51,27,1,0,1,0
"1,18,20,62",26,25,26,25,1,0,1,0
"1,18,21,24",51,4,51,4,1,0,1,0
"1,18,21,37",51,46,51,46,1,0,1,0
"1,18,21,56",46,24,46,24,1,0,1,0
"1,18,23,27",63,9,63,9,1,0,1,0
"1,18,23,45",9,51,9,51,1,0,1,0
"1,18,25,44",20,37,20,37,1,0,1,0
"1,18,25,49",61,4,61,4,1,0,1,0
"1,18,26,55",23,19,23,19,1,0,1,0
"1,18,27,37",55,28,55,28,1,0,1,0
"1,18,27,61",9,54,9,54,1,0,1,0
"1,18,28,30",58,27,58,27,1,0,1,0
"1,18,28,34",64,68,64,68,1,0,1,0
"1,18,28,40",58,10,58,10,1,0,1,0
"1,18,28,51",55,68,55,68,1,0,1,0
"1,18,28,57",55,37,55,37,1,0,1,0
"1,18,28,58",64,37,64,37,1,0,1,0
"1,18,29,62",6,34,6,34,1,0,1,0
"1,18,30,46",36,37,37,37,1,1,0,0
"1,18,30,73",46,46,10,10,0,1,0,1
"1,18,30,76",75,75,46,46,0,1,0,1
"1,18,31,37",51,21,21,21,1,1,0,0
"1,18,33,57",0,28,0,28,1,0,1,0
"1,18,34,74",2,23,2,23,1,0,1,0
"1,18,36,58",40,9,40,9,1,0,1,0
"1,18,38,64",10,46,10,46,1,0,1,0
"1,18,38,70",6,78,6,78,1,0,1,0
"1,18,41,57",12,40,12,40,1,0,1,0
"1,18,42,56",68,51,68,51,1,0,1,0
"1,18,42,58",68,37,68,12,1,0,1,1
"1,18,43,57",40,37,40,37,1,0,1,0
"1,18,44,58",2,4,2,4,1,0,1,0
"1,18,46,55",9,23,9,23,1,0,1,0
"1,18,47,68",23,51,23,51,1,0,1,0
"1,18,48,55",58,28,58,28,1,0,1,0
"1,18,49,62",25,9,25,9,1,0,1,0
"1,18,51,64",75,68,75,68,1,0,1,0
"1,18,51,75",9,61,9,61,1,0,1,0
"1,18,55,57",28,45,28,45,1,0,1,0
"1,18,55,65",2,2,58,58,0,1,0,1
"1,18,57,74",23,63,23,63,1,0,1,0
"1,18,58,73",2,2,2,10,0,0,1,1
"1,18,65,75",51,25,51,25,1,0,1,0
"1,18,69,75",51,51,64,64,0,1,0,1
"1,18,70,78",6,6,58,58,0,1,0,1
"1,19,20,36",24,64,24,64,1,0,1,0
"1,19,21,30",41,10,10,10,1,1,0,0
"1,19,21,52",45,45,28,28,0,1,0,1
"1,19,22,29",41,46,41,46,1,0,1,0
"1,19,22,39",30,46,30,46,1,0,1,0
"1,19,22,47",23,28,23,28,1,0,1,0
"1,19,22,65",55,55,64,64,0,1,0,1
"1,19,23,45",13,55,55,55,1,1,0,0
"1,19,23,50",49,41,49,41,1,0,1,0
"1,19,23,61",37,25,37,25,1,0,1,0
"1,19,25,55",18,57,18,57,1,0,1,0
"1,19,26,29",28,10,28,10,1,0,1,0
"1,19,26,58",6,46,6,46,1,0,1,0
"1,19,28,60",2,33,2,33,1,0,1,0
"1,19,28,66",2,12,2,12,1,0,1,0
"1,19,29,40",49,39,49,39,1,0,1,0
"1,19,30,39",31,31,10,10,0,1,0,1
"1,19,30,74",46,64,46,64,1,0,1,0
"1,19,35,47",23,46,23,46,1,0,1,0
"1,19,37,59",23,23,9,9,0,1,0,1
"1,19,39,79",46,31,46,31,1,0,1,0
"1,19,41,61",64,55,64,55,1,0,1,0
"1,19,41,70",10,64,10,64,1,0,1,0
"1,19,45,61",64,55,64,55,1,0,1,0
"1,19,46,56",57,6,57,6,1,0,1,0
"1,19,46,60",51,6,51,6,1,0,1,0
"1,19,46,78",18,6,18,6,1,0,1,0
"1,19,48,49",41,46,41,46,1,0,1,0
"1,19,54,64",45,24,45,24,1,0,1,0
"1,19,60,64",69,24,69,24,1,0,1,0
"1,20,21,23",28,31,28,31,1,0,1,0
"1,20,21,31",19,27,19,27,1,0,1,0
"1,20,21,50",28,51,28,51,1,0,1,0
"1,20,22,29",21,23,21,23,1,0,1,0
"1,20,23,26",32,4,32,4,1,0,1,0
"1,20,23,61",21,21,31,31,0,1,0,1
"1,20,25,40",70,37,18,18,1,1,0,1
"1,20,25,44",18,58,58,58,1,1,0,0
"1,20,25,62",70,18,70,18,1,0,1,0
"1,20,26,58",28,28,28,25,0,0,1,1
"1,20,28,46",14,25,14,25,1,0,1,0
"1,20,28,47",58,2,2,2,1,1,0,0
"1,20,28,64",58,40,58,40,1,0,1,0
"1,20,29,45",5,21,21,21,1,1,0,0
"1,20,31,47",30,11,30,11,1,0,1,0
"1,20,32,59",23,58,23,58,1,0,1,0
"1,20,32,71",58,41,58,41,1,0,1,0
"1,20,35,51",21,25,21,25,1,0,1,0
"1,20,40,41",64,21,64,21,1,0,1,0
"1,20,41,49",25,21,25,21,1,0,1,0
"1,20,43,68",23,47,23,47,1,0,1,0
"1,20,44,58",46,25,46,25,1,0,1,0
"1,20,47,59",29,29,2,2,0,1,0,1
"1,20,47,61",11,11,31,31,0,1,0,1
"1,20,49,61",41,41,41,4,0,0,1,1
"1,20,50,51",46,21,46,21,1,0,1,0
"1,20,50,58",38,51,38,51,1,0,1,0
"1,20,50,71",25,41,25,41,1,0,1,0
"1,20,50,77",14,70,14,70,1,0,1,0
"1,20,61,77",21,70,21,70,1,0,1,0
"1,21,22,41",20,73,20,73,1,0,1,0
"1,21,26,46",18,51,18,51,1,0,1,0
"1,21,26,74",71,18,71,18,1,0,1,0
"1,21,27,58",13,31,13,31,1,0,1,0
"1,21,27,74",18,18,11,11,0,1,0,1
"1,21,28,32",20,31,20,31,1,0,1,0
"1,21,28,33",20,31,20,31,1,0,1,0
"1,21,28,40",33,10,33,10,1,0,1,0
"1,21,30,31",12,57,12,57,1,0,1,0
"1,21,30,57",51,31,51,31,1,0,1,0
"1,21,31,69",12,9,12,9,1,0,1,0
"1,21,33,57",31,28,31,28,1,0,1,0
"1,21,36,41",40,29,40,29,1,0,1,0
"1,21,40,41",36,20,36,20,1,0,1,0
"1,21,40,57",41,51,41,51,1,0,1,0
"1,21,41,42",36,22,36,22,1,0,1,0
"1,21,41,45",29,9,29,9,1,0,1,0
"1,21,41,76",29,36,29,36,1,0,1,0
"1,21,45,55",61,28,28,28,1,1,0,0
"1,21,45,59",61,29,61,29,1,0,1,0
"1,21,49,55",9,46,9,46,1,0,1,0
"1,21,49,64",9,41,9,41,1,0,1,0
"1,21,57,61",54,33,54,33,1,0,1,0
"1,21,59,61",54,55,54,55,1,0,1,0
"1,21,61,69",73,33,73,33,1,0,1,0
"1,21,61,74",73,54,73,54,1,0,1,0
"1,22,23,62",25,2,25,2,1,0,1,0
"1,22,27,31",19,58,19,58,1,0,1,0
"1,22,28,29",34,34,46,46,0,1,0,1
"1,22,28,32",21,2,21,2,1,0,1,0
"1,22,28,39",33,73,33,73,1,0,1,0
"1,22,28,46",34,34,34,12,0,0,1,1
"1,22,29,54",74,74,21,21,0,1,0,1
"1,22,29,64",19,32,19,32,1,0,1,0
"1,22,30,41",58,58,31,31,0,1,0,1
"1,22,31,52",40,61,61,61,1,1,0,0
"1,22,31,68",58,28,58,28,1,0,1,0
"1,22,32,58",34,25,34,25,1,0,1,0
"1,22,32,73",64,28,64,28,1,0,1,0
"1,22,34,46",28,14,28,14,1,0,1,0
"1,22,36,46",58,58,58,55,0,0,1,1
"1,22,37,46",14,25,14,25,1,0,1,0
"1,22,37,51",73,31,73,31,1,0,1,0
"1,22,40,49",41,46,41,46,1,0,1,0
"1,22,40,64",16,46,16,46,1,0,1,0
"1,22,41,49",11,58,11,58,1,0,1,0
"1,22,42,46",36,34,36,34,1,0,1,0
"1,22,46,64",6,58,6,58,1,0,1,0
"1,22,47,51",57,21,57,21,1,0,1,0
"1,22,47,64",67,73,67,73,1,0,1,0
"1,22,50,56",40,73,40,73,1,0,1,0
"1,22,52,61",16,16,16,31,0,0,1,1
"1,23,25,73",18,19,18,19,1,0,1,0
"1,23,26,34",74,74,74,18,0,0,1,1
"1,23,27,31",34,57,34,57,1,0,1,0
"1,23,27,39",20,18,20,18,1,0,1,0
"1,23,28,61",21,21,37,37,0,1,0,1
"1,23,28,71",21,55,21,55,1,0,1,0
"1,23,29,59",34,55,34,55,1,0,1,0
"1,23,31,37",61,55,61,55,1,0,1,0
"1,23,31,41",14,13,14,13,1,0,1,0
"1,23,31,46",51,55,51,55,1,0,1,0
"1,23,31,48",51,51,3,3,0,1,0,1
"1,23,31,55",51,37,51,37,1,0,1,0
"1,23,33,45",21,21,51,51,0,1,0,1
"1,23,34,47",29,29,51,51,0,1,0,1
"1,23,34,55",43,10,43,10,1,0,1,0
"1,23,38,52",41,9,41,9,1,0,1,0
"1,23,39,48",31,31,3,3,0,1,0,1
"1,23,39,55",46,29,46,29,1,0,1,0
"1,23,40,46",34,29,34,29,1,0,1,0
"1,23,41,47",31,31,51,51,0,1,0,1
"1,23,41,59",37,37,37,51,0,0,1,1
"1,23,46,48",53,53,53,18,0,0,1,1
"1,23,46,57",47,29,47,29,1,0,1,0
"1,23,46,79",9,9,9,57,0,0,1,1
"1,23,48,65",68,68,2,2,0,1,0,1
"1,23,49,51",46,41,46,41,1,0,1,0
"1,23,51,73",46,18,46,18,1,0,1,0
"1,23,53,55",45,61,45,61,1,0,1,0
"1,23,55,79",9,73,9,73,1,0,1,0
"1,23,57,77",33,27,33,27,1,0,1,0
"1,23,59,64",51,32,51,32,1,0,1,0
"1,23,65,75",68,68,77,77,0,1,0,1
"1,24,25,27",20,19,20,19,1,0,1,0
"1,24,28,48",20,64,20,64,1,0,1,0
"1,24,30,53",48,48,46,46,0,1,0,1
"1,24,31,45",51,51,64,64,0,1,0,1
"1,24,31,67",57,40,57,40,1,0,1,0
"1,24,32,65",44,51,44,51,1,0,1,0
"1,24,33,37",13,28,13,28,1,0,1,0
"1,24,33,45",13,13,51,51,0,1,0,1
"1,24,34,40",58,64,58,64,1,0,1,0
"1,24,34,57",64,64,40,40,0,1,0,1
"1,24,34,68",58,51,58,51,1,0,1,0
"1,24,35,48",30,32,30,32,1,0,1,0
"1,24,42,56",38,51,38,51,1,0,1,0
"1,24,44,52",76,64,76,64,1,0,1,0
"1,24,46,67",56,19,56,19,1,0,1,0
"1,24,51,74",11,34,11,34,1,0,1,0
"1,24,53,61",69,21,69,21,1,0,1,0
"1,24,56,66",64,8,64,8,1,0,1,0
"1,24,58,65",34,51,34,51,1,0,1,0
"1,24,64,75",16,74,16,74,1,0,1,0
"1,24,67,68",44,5,44,5,1,0,1,0
"1,24,67,70",0,78,0,78,1,0,1,0
"1,24,69,76",60,6,60,6,1,0,1,0
"1,25,26,35",71,51,71,51,1,0,1,0
"1,25,27,39",77,20,77,20,1,0,1,0
"1,25,27,55",19,15,19,15,1,0,1,0
"1,25,31,35",57,41,41,41,1,1,0,0
"1,25,31,56",57,61,61,61,1,1,0,0
"1,25,32,53",77,46,77,46,1,0,1,0
"1,25,33,51",15,41,15,41,1,0,1,0
"1,25,34,68",41,52,41,52,1,0,1,0
"1,25,35,77",44,53,44,53,1,0,1,0
"1,25,38,46",37,14,37,14,1,0,1,0
"1,25,39,46",13,20,13,20,1,0,1,0
"1,25,42,54",61,61,9,9,0,1,0,1
"1,25,44,65",41,58,41,58,1,0,1,0
"1,25,51,59",35,21,31,31,1,1,0,1
"1,25,54,75",71,6,71,6,1,0,1,0
"1,25,57,65",37,77,37,77,1,0,1,0
"1,25,57,78",15,73,15,73,1,0,1,0
"1,25,58,66",32,65,32,65,1,0,1,0
"1,25,64,75",18,19,18,19,1,0,1,0
"1,26,28,55",9,35,9,35,1,0,1,0
"1,26,28,62",2,35,2,35,1,0,1,0
"1,26,30,51",55,46,55,46,1,0,1,0
"1,26,35,44",16,28,16,28,1,0,1,0
"1,26,36,62",14,44,14,44,1,0,1,0
"1,26,37,46",25,53,25,53,1,0,1,0
"1,26,38,60",66,71,66,71,1,0,1,0
"1,26,46,69",9,64,9,64,1,0,1,0
"1,26,53,69",62,61,62,61,1,0,1,0
"1,26,61,74",11,54,11,54,1,0,1,0
"1,26,74,76",73,77,73,77,1,0,1,0
"1,27,28,51",55,33,55,33,1,0,1,0
"1,27,28,65",58,33,58,33,1,0,1,0
"1,27,29,37",34,28,34,28,1,0,1,0
"1,27,30,45",31,18,31,18,1,0,1,0
"1,27,31,67",34,57,34,57,1,0,1,0
"1,27,33,46",30,28,30,28,1,0,1,0
"1,27,33,75",30,77,30,77,1,0,1,0
"1,27,33,77",34,51,34,51,1,0,1,0
"1,27,34,61",29,43,29,43,1,0,1,0
"1,27,36,47",18,18,18,9,0,0,1,1
"1,27,36,53",3,3,46,46,0,1,0,1
"1,27,39,42",46,58,46,58,1,0,1,0
"1,27,39,57",30,12,30,12,1,0,1,0
"1,27,39,67",15,57,15,57,1,0,1,0
"1,27,41,65",57,51,57,51,1,0,1,0
"1,27,44,59",35,51,35,51,1,0,1,0
"1,27,44,77",20,20,20,25,0,0,1,1
"1,27,45,64",13,19,13,19,1,0,1,0
"1,27,48,51",45,3,45,3,1,0,1,0
"1,27,51,77",75,61,75,61,1,0,1,0
"1,27,54,77",9,6,9,6,1,0,1,0
"1,27,55,61",57,34,57,34,1,0,1,0
"1,27,58,61",13,54,13,54,1,0,1,0
"1,27,58,64",28,54,28,54,1,0,1,0
"1,27,58,68",41,65,41,65,1,0,1,0
"1,27,61,62",54,54,34,34,0,1,0,1
"1,27,61,69",11,34,11,34,1,0,1,0
"1,27,64,65",57,67,57,67,1,0,1,0
"1,28,29,30",40,10,40,10,1,0,1,0
"1,28,29,56",61,61,37,37,0,1,0,1
"1,28,31,37",61,11,61,11,1,0,1,0
"1,28,32,51",46,58,46,58,1,0,1,0
"1,28,33,37",35,61,35,61,1,0,1,0
"1,28,33,39",73,29,73,29,1,0,1,0
"1,28,33,40",37,21,37,21,1,0,1,0
"1,28,34,68",29,18,29,18,1,0,1,0
"1,28,35,55",27,5,27,5,1,0,1,0
"1,28,35,67",29,64,29,64,1,0,1,0
"1,28,37,43",44,5,44,5,1,0,1,0
"1,28,37,51",11,21,11,21,1,0,1,0
"1,28,39,45",73,9,73,9,1,0,1,0
"1,28,40,48",10,64,10,10,1,0,0,1
"1,28,41,47",19,31,19,31,1,0,1,0
"1,28,41,68",5,61,5,61,1,0,1,0
"1,28,41,71",64,73,64,73,1,0,1,0
"1,28,41,79",71,71,73,73,0,1,0,1
"1,28,44,55",68,35,68,35,1,0,1,0
"1,28,47,48",55,2,55,2,1,0,1,0
"1,28,47,62",55,2,55,2,1,0,1,0
"1,28,47,69",35,19,35,19,1,0,1,0
"1,28,48,50",20,46,20,46,1,0,1,0
"1,28,48,52",21,47,21,47,1,0,1,0
"1,28,48,53",21,46,21,46,1,0,1,0
"1,28,50,56",67,5,67,5,1,0,1,0
"1,28,51,55",27,18,27,18,1,0,1,0
"1,28,55,69",9,15,9,15,1,0,1,0
"1,28,59,61",21,35,21,35,1,0,1,0
"1,28,67,74",11,11,64,64,0,1,0,1
"1,29,30,47",31,31,2,2,0,1,0,1
"1,29,31,45",28,21,28,21,1,0,1,0
"1,29,32,61",31,31,31,41,0,0,1,1
"1,29,34,58",74,2,74,2,1,0,1,0
"1,29,34,68",46,62,46,62,1,0,1,0
"1,29,35,40",12,28,12,28,1,0,1,0
"1,29,37,46",51,34,51,34,1,0,1,0
"1,29,37,49",9,41,9,9,1,0,0,1
"1,29,38,68",47,28,47,28,1,0,1,0
"1,29,40,58",18,13,18,13,1,0,1,0
"1,29,41,49",19,11,19,11,1,0,1,0
"1,29,41,58",31,38,49,38,1,1,1,0
"1,29,47,54",74,74,2,2,0,1,0,1
"1,29,50,75",34,4,34,4,1,0,1,0
"1,29,53,61",21,34,21,34,1,0,1,0
"1,29,55,59",62,28,62,23,1,0,1,1
"1,29,56,58",34,34,2,2,0,1,0,1
"1,29,61,64",41,21,41,21,1,0,1,0
"1,29,62,77",55,5,5,5,1,1,0,0
"1,30,31,38",32,11,32,11,1,0,1,0
"1,30,31,61",32,57,32,57,1,0,1,0
"1,30,34,40",58,57,58,57,1,0,1,0
"1,30,37,38",41,31,41,31,1,0,1,0
"1,30,37,39",42,46,44,46,1,1,1,0
"1,30,39,54",46,6,6,6,1,1,0,0
"1,30,41,47",40,46,40,46,1,0,1,0
"1,30,41,50",14,21,21,21,1,1,0,0
"1,30,41,68",14,14,57,57,0,1,0,1
"1,30,42,54",66,6,66,6,1,0,1,0
"1,30,43,78",6,8,6,8,1,0,1,0
"1,30,44,74",45,15,45,15,1,0,1,0
"1,30,45,51",27,50,27,50,1,0,1,0
"1,30,46,60",56,10,56,10,1,0,1,0
"1,30,47,74",75,46,75,46,1,0,1,0
"1,30,49,60",50,46,50,46,1,0,1,0
"1,30,51,76",5,6,5,6,1,0,1,0
"1,30,55,59",37,60,37,60,1,0,1,0
"1,30,60,61",54,31,31,31,1,1,0,0
"1,30,64,75",45,12,45,12,1,0,1,0
"1,30,65,78",2,8,2,8,1,0,1,0
"1,30,66,75",56,64,56,64,1,0,1,0
"1,31,32,40",4,13,4,13,1,0,1,0
"1,31,32,47",39,64,39,64,1,0,1,0
"1,31,32,65",29,27,29,27,1,0,1,0
"1,31,34,58",40,41,40,41,1,0,1,0
"1,31,35,43",32,51,32,51,1,0,1,0
"1,31,35,61",37,5,37,5,1,0,1,0
"1,31,37,43",55,40,55,40,1,0,1,0
"1,31,37,67",28,61,28,61,1,0,1,0
"1,31,38,39",58,41,58,41,1,0,1,0
"1,31,38,57",27,6,27,6,1,0,1,0
"1,31,40,67",41,37,41,41,1,0,0,1
"1,31,41,46",55,57,55,57,1,0,1,0
"1,31,41,65",25,57,25,57,1,0,1,0
"1,31,43,61",25,37,25,37,1,0,1,0
"1,31,46,61",37,25,37,25,1,0,1,0
"1,31,49,75",76,76,76,51,0,0,1,1
"1,31,54,61",25,57,25,57,1,0,1,0
"1,31,59,67",40,51,40,51,1,0,1,0
"1,31,61,69",25,63,25,63,1,0,1,0
"1,31,64,69",19,43,19,43,1,0,1,0
"1,31,66,71",64,63,64,63,1,0,1,0
"1,31,69,70",71,71,61,61,0,1,0,1
"1,32,34,58",22,29,22,29,1,0,1,0
"1,32,34,68",28,41,28,41,1,0,1,0
"1,32,37,59",5,64,5,64,1,0,1,0
"1,32,41,45",51,21,51,21,1,0,1,0
"1,32,41,50",61,22,61,22,1,0,1,0
"1,32,46,53",13,25,13,25,1,0,1,0
"1,32,46,55",51,58,58,58,1,1,0,0
"1,32,46,58",44,49,44,49,1,0,1,0
"1,32,47,60",52,52,20,20,0,1,0,1
"1,32,48,49",51,64,51,64,1,0,1,0
"1,32,48,61",31,41,31,41,1,0,1,0
"1,32,50,68",58,64,58,64,1,0,1,0
"1,32,52,57",12,12,25,25,0,1,0,1
"1,33,34,46",29,28,29,28,1,0,1,0
"1,33,38,53",70,61,70,61,1,0,1,0
"1,33,38,73",22,78,22,78,1,0,1,0
"1,33,39,41",61,40,61,40,1,0,1,0
"1,33,41,58",34,57,34,57,1,0,1,0
"1,33,42,74",23,23,51,51,0,1,0,1
"1,33,43,59",3,3,51,51,0,1,0,1
"1,33,44,50",22,0,22,0,1,0,1,0
"1,33,47,49",51,41,51,41,1,0,1,0
"1,33,51,57",67,41,67,41,1,0,1,0
"1,33,54,55",28,61,28,28,1,0,0,1
"1,33,54,70",3,64,3,64,1,0,1,0
"1,33,55,57",58,28,28,28,1,1,0,0
"1,33,57,61",41,41,51,51,0,1,0,1
"1,33,58,68",34,34,28,28,0,1,0,1
"1,33,58,70",34,6,34,6,1,0,1,0
"1,33,64,67",69,65,69,65,1,0,1,0
"1,34,39,61",41,41,25,25,0,1,0,1
"1,34,40,44",31,6,31,6,1,0,1,0
"1,34,40,51",63,12,63,12,1,0,1,0
"1,34,41,49",58,25,58,25,1,0,1,0
"1,34,41,60",58,15,58,15,1,0,1,0
"1,34,43,55",23,46,23,46,1,0,1,0
"1,34,44,49",58,58,4,4,0,1,0,1
"1,34,46,49",55,29,29,29,1,1,0,0
"1,34,47,59",58,58,51,51,0,1,0,1
"1,34,47,74",29,46,46,46,1,1,0,0
"1,34,49,77",27,27,25,25,0,1,0,1
"1,34,51,55",10,43,10,43,1,0,1,0
"1,34,54,61",33,25,33,25,1,0,1,0
"1,34,64,75",58,24,58,24,1,0,1,0
"1,34,66,67",71,51,71,51,1,0,1,0
"1,34,66,68",58,71,58,71,1,0,1,0
"1,34,68,70",61,71,61,71,1,0,1,0
"1,35,41,68",28,28,5,5,0,1,0,1
"1,35,44,59",61,28,61,28,1,0,1,0
"1,35,44,60",61,8,61,8,1,0,1,0
"1,35,44,62",61,28,61,28,1,0,1,0
"1,35,45,59",44,75,44,75,1,0,1,0
"1,35,47,61",56,56,28,28,0,1,0,1
"1,35,48,67",16,68,16,68,1,0,1,0
"1,35,61,68",49,71,49,71,1,0,1,0
"1,35,67,68",57,64,57,64,1,0,1,0
"1,36,37,39",55,46,55,46,1,0,1,0
"1,36,38,49",43,39,43,39,1,0,1,0
"1,36,41,79",39,71,39,71,1,0,1,0
"1,36,42,51",46,18,46,18,1,0,1,0
"1,36,43,55",37,64,37,64,1,0,1,0
"1,36,43,57",41,27,41,27,1,0,1,0
"1,36,48,62",14,12,14,12,1,0,1,0
"1,36,49,61",31,69,31,69,1,0,1,0
"1,36,50,62",41,14,41,14,1,0,1,0
"1,36,55,59",41,4,41,4,1,0,1,0
"1,36,58,68",18,18,41,41,0,1,0,1
"1,37,38,40",64,10,64,10,1,0,1,0
"1,37,38,59",55,43,55,43,1,0,1,0
"1,37,39,77",43,44,43,44,1,0,1,0
"1,37,40,43",57,31,57,31,1,0,1,0
"1,37,41,46",51,13,51,13,1,0,1,0
"1,37,46,49",51,13,51,13,1,0,1,0
"1,37,46,56",51,44,51,44,1,0,1,0
"1,37,46,61",51,44,51,44,1,0,1,0
"1,37,46,62",14,53,14,53,1,0,1,0
"1,37,46,65",51,58,51,58,1,0,1,0
"1,37,48,64",32,40,32,40,1,0,1,0
"1,37,51,57",64,40,64,40,1,0,1,0
"1,37,53,59",25,46,25,46,1,0,1,0
"1,37,55,68",61,5,61,5,1,0,1,0
"1,37,57,74",64,46,64,46,1,0,1,0
"1,37,64,69",12,13,12,13,1,0,1,0
"1,38,39,41",58,31,58,31,1,0,1,0
"1,38,39,66",31,71,31,71,1,0,1,0
"1,38,40,42",12,4,12,4,1,0,1,0
"1,38,40,45",37,37,64,64,0,1,0,1
"1,38,41,48",57,51,57,51,1,0,1,0
"1,38,46,71",14,14,14,55,0,0,1,1
"1,38,50,68",41,5,41,5,1,0,1,0
"1,38,50,70",43,30,43,30,1,0,1,0
"1,38,51,58",59,41,59,41,1,0,1,0
"1,38,52,67",71,8,71,8,1,0,1,0
"1,38,61,62",55,55,71,71,0,1,0,1
"1,38,64,71",47,65,47,65,1,0,1,0
"1,38,65,66",2,2,2,71,0,0,1,1
"1,38,68,74",12,11,12,11,1,0,1,0
"1,38,68,78",62,71,62,71,1,0,1,0
"1,39,40,67",37,37,31,31,0,1,0,1
"1,39,41,47",40,31,40,31,1,0,1,0
"1,39,41,50",36,36,11,11,0,1,0,1
"1,39,46,52",51,49,51,49,1,0,1,0
"1,39,49,69",58,41,58,41,1,0,1,0
"1,39,55,57",58,31,58,31,1,0,1,0
"1,39,55,77",5,37,73,73,1,1,0,1
"1,39,56,74",47,47,11,11,0,1,0,1
"1,39,57,67",25,27,27,27,1,1,0,0
"1,39,58,61",13,51,13,51,1,0,1,0
"1,40,41,47",37,31,37,31,1,0,1,0
"1,40,41,65",39,57,39,57,1,0,1,0
"1,40,44,58",22,41,22,41,1,0,1,0
"1,40,45,58",13,13,18,18,0,1,0,1
"1,40,46,49",51,10,51,10,1,0,1,0
"1,40,47,56",31,31,64,64,0,1,0,1
"1,40,47,57",51,41,51,41,1,0,1,0
"1,40,51,67",46,31,46,31,1,0,1,0
"1,40,55,56",57,64,57,64,1,0,1,0
"1,40,55,62",64,34,64,34,1,0,1,0
"1,40,56,70",0,8,0,8,1,0,1,0
"1,40,60,69",57,6,57,6,1,0,1,0
"1,40,61,62",31,34,31,34,1,0,1,0
"1,41,43,67",10,36,10,36,1,0,1,0
"1,41,43,75",36,36,64,64,0,1,0,1
"1,41,44,64",40,37,40,37,1,0,1,0
"1,41,47,49",71,51,71,51,1,0,1,0
"1,41,49,61",33,53,33,53,1,0,1,0
"1,41,55,58",61,46,61,46,1,0,1,0
"1,41,55,68",65,28,28,28,1,1,0,0
"1,41,56,65",49,11,49,11,1,0,1,0
"1,41,61,70",34,58,34,58,1,0,1,0
"1,42,48,49",50,41,50,41,1,0,1,0
"1,42,48,61",58,58,51,51,0,1,0,1
"1,42,69,74",51,6,51,6,1,0,1,0
"1,43,45,49",52,52,51,51,0,1,0,1
"1,43,47,55",67,64,67,64,1,0,1,0
"1,43,51,55",3,34,3,34,1,0,1,0
"1,43,51,56",11,46,11,46,1,0,1,0
"1,43,51,57",67,21,31,31,1,1,0,1
"1,43,52,68",61,12,61,12,1,0,1,0
"1,43,53,61",77,16,77,16,1,0,1,0
"1,43,55,64",75,36,75,36,1,0,1,0
"1,43,59,61",55,25,55,25,1,0,1,0
"1,43,60,74",36,36,34,34,0,1,0,1
"1,43,61,64",13,13,31,31,0,1,0,1
"1,43,64,76",62,46,62,46,1,0,1,0
"1,43,74,77",61,75,61,75,1,0,1,0
"1,44,45,51",46,11,46,11,1,0,1,0
"1,44,45,66",15,36,15,36,1,0,1,0
"1,44,48,59",39,51,39,51,1,0,1,0
"1,44,53,58",25,46,25,46,1,0,1,0
"1,44,58,77",70,25,25,25,1,1,0,0
"1,45,49,75",19,51,19,51,1,0,1,0
"1,45,50,52",64,5,64,5,1,0,1,0
"1,45,55,57",64,58,64,58,1,0,1,0
"1,45,55,62",46,64,46,64,1,0,1,0
"1,45,58,70",51,13,51,13,1,0,1,0
"1,45,59,60",30,54,30,54,1,0,1,0
"1,46,47,51",73,41,73,41,1,0,1,0
"1,46,47,57",49,30,49,30,1,0,1,0
"1,46,48,49",55,18,55,18,1,0,1,0
"1,46,48,56",49,51,49,51,1,0,1,0
"1,46,49,53",55,25,55,25,1,0,1,0
"1,46,49,57",47,55,47,55,1,0,1,0
"1,46,51,55",53,49,53,49,1,0,1,0
"1,46,55,68",51,34,51,34,1,0,1,0
"1,46,56,60",51,57,51,57,1,0,1,0
"1,46,57,64",41,54,41,54,1,0,1,0
"1,46,58,65",44,20,44,20,1,0,1,0
"1,46,59,74",51,55,51,55,1,0,1,0
"1,46,61,64",41,51,41,51,1,0,1,0
"1,46,64,67",68,58,68,58,1,0,1,0
"1,46,66,69",34,64,34,64,1,0,1,0
"1,47,59,74",58,29,58,29,1,0,1,0
"1,47,65,66",2,2,71,71,0,1,0,1
"1,47,67,77",51,71,51,71,1,0,1,0
"1,48,49,50",38,4,38,4,1,0,1,0
"1,48,50,51",58,6,58,6,1,0,1,0
"1,48,55,64",32,45,32,45,1,0,1,0
"1,48,56,59",51,51,8,8,0,1,0,1
"1,48,60,68",24,28,24,28,1,0,1,0
"1,49,56,59",55,55,61,61,0,1,0,1
"1,50,51,52",71,6,71,6,1,0,1,0
"1,51,57,64",37,41,37,41,1,0,1,0
"1,51,58,67",59,13,59,13,1,0,1,0
"1,52,56,60",32,61,32,61,1,0,1,0
"1,52,64,65",69,45,69,45,1,0,1,0
"1,53,55,62",59,71,59,71,1,0,1,0
"1,53,56,76",44,77,44,77,1,0,1,0
"1,53,67,68",71,61,71,61,1,0,1,0
"1,53,70,77",43,61,43,61,1,0,1,0
"1,54,57,61",11,31,11,31,1,0,1,0
"1,54,59,60",14,9,14,9,1,0,1,0
"1,54,60,68",57,61,57,61,1,0,1,0
"1,54,61,76",31,73,31,73,1,0,1,0
"1,54,64,74",58,2,58,2,1,0,1,0
"1,54,69,74",63,77,63,77,1,0,1,0
"1,55,57,62",12,46,12,46,1,0,1,0
"1,55,57,77",62,58,62,58,1,0,1,0
"1,55,62,64",58,58,54,54,0,1,0,1
"1,56,60,62",26,8,26,8,1,0,1,0
"1,56,62,68",5,61,5,61,1,0,1,0
"1,56,65,68",11,11,61,61,0,1,0,1
"1,56,66,76",77,61,77,61,1,0,1,0
"1,57,60,62",12,6,12,6,1,0,1,0
"1,57,64,69",19,37,19,37,1,0,1,0
"1,57,67,69",68,64,68,64,1,0,1,0
"1,58,64,67",57,57,57,70,0,0,1,1
"1,58,64,77",6,74,6,74,1,0,1,0
"1,58,67,70",13,64,64,64,1,1,0,0
"1,60,61,64",41,55,41,55,1,0,1,0
"1,60,61,69",41,33,41,33,1,0,1,0
"1,60,69,78",50,64,50,64,1,0,1,0
"1,61,64,77",31,37,31,37,1,0,1,0
"1,61,67,77",43,11,43,11,1,0,1,0
"1,64,69,70",24,13,24,13,1,0,1,0
"1,64,77,78",73,74,73,74,1,0,1,0
"1,66,68,69",61,6,61,6,1,0,1,0
"1,69,70,76",13,13,64,64,0,1,0,1
"2,3,4,27",9,14,9,14,1,0,1,0
"2,3,4,33",15,10,15,10,1,0,1,0
"2,3,5,43",15,10,15,10,1,0,1,0
"2,3,6,12",66,30,66,30,1,0,1,0
"2,3,6,13",65,32,65,32,1,0,1,0
"2,3,6,23",33,14,33,14,1,0,1,0
"2,3,6,68",18,65,18,65,1,0,1,0
"2,3,10,67",14,74,14,74,1,0,1,0
"2,3,12,16",9,6,9,6,1,0,1,0
"2,3,12,22",66,48,66,48,1,0,1,0
"2,3,12,60",10,66,10,66,1,0,1,0
"2,3,12,65",1,75,1,75,1,0,1,0
"2,3,13,21",48,1,1,1,1,1,0,0
"2,3,13,28",33,1,33,1,1,0,1,0
"2,3,13,31",7,4,7,4,1,0,1,0
"2,3,13,48",33,1,33,1,1,0,1,0
"2,3,13,59",1,58,1,58,1,0,1,0
"2,3,14,22",32,4,32,4,1,0,1,0
"2,3,14,31",1,22,1,22,1,0,1,0
"2,3,14,69",4,6,4,6,1,0,1,0
"2,3,15,19",4,4,4,5,0,0,1,1
"2,3,16,31",9,6,9,6,1,0,1,0
"2,3,16,60",66,43,66,43,1,0,1,0
"2,3,18,41",5,1,5,1,1,0,1,0
"2,3,19,38",59,59,59,28,0,0,1,1
"2,3,19,65",5,7,5,7,1,0,1,0
"2,3,20,31",8,47,8,47,1,0,1,0
"2,3,21,29",33,48,33,48,1,0,1,0
"2,3,21,48",8,29,8,29,1,0,1,0
"2,3,21,59",19,29,19,29,1,0,1,0
"2,3,22,23",74,42,74,42,1,0,1,0
"2,3,22,25",18,5,18,5,1,0,1,0
"2,3,22,27",66,54,66,54,1,0,1,0
"2,3,22,48",8,12,8,12,1,0,1,0
"2,3,22,65",6,32,6,32,1,0,1,0
"2,3,23,39",33,30,33,30,1,0,1,0
"2,3,23,62",74,74,22,22,0,1,0,1
"2,3,24,30",14,48,14,48,1,0,1,0
"2,3,24,78",4,6,4,6,1,0,1,0
"2,3,26,42",19,6,19,6,1,0,1,0
"2,3,27,35",30,59,30,59,1,0,1,0
"2,3,27,56",66,36,36,36,1,1,0,0
"2,3,28,33",29,7,29,7,1,0,1,0
"2,3,29,35",65,47,65,47,1,0,1,0
"2,3,29,54",18,74,18,74,1,0,1,0
"2,3,31,33",29,32,29,32,1,0,1,0
"2,3,32,51",33,6,33,6,1,0,1,0
"2,3,36,57",66,27,66,27,1,0,1,0
"2,3,37,43",27,10,27,10,1,0,1,0
"2,3,44,52",35,7,35,7,1,0,1,0
"2,3,45,47",65,5,65,5,1,0,1,0
"2,3,45,60",10,27,10,27,1,0,1,0
"2,3,47,49",7,19,19,19,1,1,0,0
"2,3,47,58",65,42,65,42,1,0,1,0
"2,3,48,52",66,59,66,59,1,0,1,0
"2,3,50,57",47,47,47,5,0,0,1,1
"2,3,53,75",66,48,66,48,1,0,1,0
"2,3,57,58",47,59,59,59,1,1,0,0
"2,3,57,65",7,5,7,5,1,0,1,0
"2,3,60,76",66,4,4,4,1,1,0,0
"2,3,64,65",10,8,10,8,1,0,1,0
"2,3,66,68",10,67,10,67,1,0,1,0
"2,3,75,78",65,18,65,18,1,0,1,0
"2,4,5,13",37,32,37,32,1,0,1,0
"2,4,5,24",68,28,68,28,1,0,1,0
"2,4,5,26",28,35,28,35,1,0,1,0
"2,4,5,41",68,32,68,32,1,0,1,0
"2,4,5,61",15,25,15,25,1,0,1,0
"2,4,6,12",62,38,62,38,1,0,1,0
"2,4,10,31",15,3,15,3,1,0,1,0
"2,4,10,37",36,3,36,3,1,0,1,0
"2,4,10,39",36,3,36,3,1,0,1,0
"2,4,11,49",5,56,5,56,1,0,1,0
"2,4,12,30",21,3,3,3,1,1,0,0
"2,4,12,36",52,10,52,10,1,0,1,0
"2,4,12,42",3,14,3,14,1,0,1,0
"2,4,12,78",6,28,6,28,1,0,1,0
"2,4,13,56",10,16,10,16,1,0,1,0
"2,4,14,21",9,1,9,1,1,0,1,0
"2,4,14,29",9,3,9,3,1,0,1,0
"2,4,14,39",42,3,42,3,1,0,1,0
"2,4,15,36",1,5,1,5,1,0,1,0
"2,4,16,68",6,18,6,18,1,0,1,0
"2,4,18,20",3,26,3,26,1,0,1,0
"2,4,18,32",5,1,5,1,1,0,1,0
"2,4,18,38",3,3,3,6,0,0,1,1
"2,4,18,45",1,3,1,3,1,0,1,0
"2,4,18,76",28,5,28,5,1,0,1,0
"2,4,19,26",10,6,10,6,1,0,1,0
"2,4,19,58",13,3,13,3,1,0,1,0
"2,4,20,35",28,28,11,28,0,1,1,0
"2,4,20,38",5,8,5,8,1,0,1,0
"2,4,20,40",29,6,29,6,1,0,1,0
"2,4,21,26",18,5,18,5,1,0,1,0
"2,4,21,31",40,1,40,1,1,0,1,0
"2,4,22,40",6,42,6,42,1,0,1,0
"2,4,22,47",52,58,52,58,1,0,1,0
"2,4,22,56",5,28,5,28,1,0,1,0
"2,4,22,62",5,76,5,76,1,0,1,0
"2,4,24,29",3,5,3,5,1,0,1,0
"2,4,24,46",6,14,6,14,1,0,1,0
"2,4,25,45",1,3,1,3,1,0,1,0
"2,4,25,54",14,5,14,5,1,0,1,0
"2,4,26,42",5,6,5,6,1,0,1,0
"2,4,26,59",54,6,54,6,1,0,1,0
"2,4,27,30",36,36,3,3,0,1,0,1
"2,4,29,69",38,38,6,6,0,1,0,1
"2,4,30,33",42,42,42,3,0,0,1,1
"2,4,30,37",5,42,5,42,1,0,1,0
"2,4,30,38",11,6,11,6,1,0,1,0
"2,4,31,48",32,32,3,3,0,1,0,1
"2,4,31,62",5,5,32,32,0,1,0,1
"2,4,32,48",58,24,58,24,1,0,1,0
"2,4,34,46",1,6,1,6,1,0,1,0
"2,4,34,58",1,6,1,6,1,0,1,0
"2,4,34,77",27,5,27,5,1,0,1,0
"2,4,36,49",10,3,10,3,1,0,1,0
"2,4,36,57",10,27,10,27,1,0,1,0
"2,4,36,65",10,3,10,3,1,0,1,0
"2,4,40,50",5,0,5,0,1,0,1,0
"2,4,42,57",12,33,12,33,1,0,1,0
"2,4,42,60",15,6,15,6,1,0,1,0
"2,4,46,52",7,28,7,28,1,0,1,0
"2,4,46,56",11,28,28,28,1,1,0,0
"2,4,47,48",58,58,58,28,0,0,1,1
"2,4,49,58",7,52,7,52,1,0,1,0
"2,4,50,58",47,47,47,32,0,0,1,1
"2,4,52,56",44,28,44,28,1,0,1,0
"2,4,52,60",7,58,7,58,1,0,1,0
"2,4,54,75",14,74,14,74,1,0,1,0
"2,4,54,78",14,3,14,3,1,0,1,0
"2,4,56,57",11,5,11,5,1,0,1,0
"2,4,56,62",55,5,55,5,1,0,1,0
"2,4,57,58",28,1,28,1,1,0,1,0
"2,4,58,59",13,14,14,14,1,1,0,0
"2,4,59,67",35,3,35,3,1,0,1,0
"2,4,60,76",10,3,10,3,1,0,1,0
"2,4,68,75",5,18,18,18,1,1,0,0
"2,4,74,78",56,36,56,36,1,0,1,0
"2,5,10,52",19,7,19,7,1,0,1,0
"2,5,11,28",19,47,19,47,1,0,1,0
"2,5,11,50",4,56,4,56,1,0,1,0
"2,5,12,32",41,6,41,6,1,0,1,0
"2,5,13,15",41,29,41,29,1,0,1,0
"2,5,13,16",35,10,35,10,1,0,1,0
"2,5,13,43",25,25,25,19,0,0,1,1
"2,5,14,74",3,65,3,65,1,0,1,0
"2,5,15,51",21,6,21,6,1,0,1,0
"2,5,16,27",6,6,35,35,0,1,0,1
"2,5,16,28",10,7,10,7,1,0,1,0
"2,5,16,40",56,56,4,4,0,1,0,1
"2,5,18,22",3,32,3,32,1,0,1,0
"2,5,18,24",32,21,21,21,1,1,0,0
"2,5,18,51",6,1,6,1,1,0,1,0
"2,5,21,24",56,18,18,18,1,1,0,0
"2,5,21,28",35,4,35,4,1,0,1,0
"2,5,21,41",1,32,1,32,1,0,1,0
"2,5,21,42",18,12,18,12,1,0,1,0
"2,5,21,65",6,29,6,29,1,0,1,0
"2,5,22,33",42,3,42,3,1,0,1,0
"2,5,22,38",6,29,6,29,1,0,1,0
"2,5,24,65",3,56,3,56,1,0,1,0
"2,5,25,36",6,4,6,4,1,0,1,0
"2,5,25,64",8,1,8,1,1,0,1,0
"2,5,26,50",4,19,19,19,1,1,0,0
"2,5,26,51",19,47,19,47,1,0,1,0
"2,5,28,37",1,19,1,19,1,0,1,0
"2,5,28,47",1,4,1,4,1,0,1,0
"2,5,28,57",68,37,68,37,1,0,1,0
"2,5,28,61",1,52,1,52,1,0,1,0
"2,5,28,69",4,4,35,35,0,1,0,1
"2,5,30,37",4,4,4,11,0,0,1,1
"2,5,32,50",6,4,6,4,1,0,1,0
"2,5,33,38",65,65,65,6,0,0,1,1
"2,5,36,41",65,42,65,42,1,0,1,0
"2,5,36,78",18,6,18,6,1,0,1,0
"2,5,37,38",68,68,68,11,0,0,1,1
"2,5,37,40",56,4,4,4,1,1,0,0
"2,5,37,41",68,11,68,11,1,0,1,0
"2,5,37,64",68,1,68,1,1,0,1,0
"2,5,37,70",44,44,44,65,0,0,1,1
"2,5,38,42",65,14,65,14,1,0,1,0
"2,5,39,42",59,3,3,3,1,1,0,0
"2,5,41,42",65,14,65,14,1,0,1,0
"2,5,41,58",42,7,42,7,1,0,1,0
"2,5,42,55",4,65,4,65,1,0,1,0
"2,5,42,60",24,6,24,6,1,0,1,0
"2,5,44,50",4,68,4,68,1,0,1,0
"2,5,45,70",3,0,3,0,1,0,1,0
"2,5,50,52",6,6,26,26,0,1,0,1
"2,5,51,68",6,11,6,11,1,0,1,0
"2,5,54,77",3,3,3,14,0,0,1,1
"2,5,55,70",1,4,1,4,1,0,1,0
"2,5,57,60",68,68,68,6,0,0,1,1
"2,5,60,61",68,56,56,56,1,1,0,0
"2,5,75,77",41,7,41,7,1,0,1,0
"2,6,10,13",65,32,65,32,1,0,1,0
"2,6,10,38",17,30,17,30,1,0,1,0
"2,6,11,25",16,65,16,65,1,0,1,0
"2,6,11,38",5,4,5,4,1,0,1,0
"2,6,11,42",3,4,3,4,1,0,1,0
"2,6,11,46",1,51,1,51,1,0,1,0
"2,6,12,20",29,38,29,38,1,0,1,0
"2,6,12,38",28,4,28,4,1,0,1,0
"2,6,12,51",42,42,18,18,0,1,0,1
"2,6,12,56",29,62,29,62,1,0,1,0
"2,6,18,51",24,42,24,42,1,0,1,0
"2,6,18,59",3,1,3,1,1,0,1,0
"2,6,19,27",3,46,3,46,1,0,1,0
"2,6,19,33",26,3,3,3,1,1,0,0
"2,6,19,69",24,52,24,52,1,0,1,0
"2,6,20,40",56,4,74,4,1,1,1,0
"2,6,20,74",4,60,4,60,1,0,1,0
"2,6,20,78",4,60,4,60,1,0,1,0
"2,6,22,74",3,46,3,46,1,0,1,0
"2,6,27,70",18,7,18,7,1,0,1,0
"2,6,28,33",78,7,78,7,1,0,1,0
"2,6,28,54",33,52,33,52,1,0,1,0
"2,6,30,44",4,38,4,38,1,0,1,0
"2,6,36,37",10,42,42,42,1,1,0,0
"2,6,36,46",1,18,1,18,1,0,1,0
"2,6,36,64",24,1,24,1,1,0,1,0
"2,6,36,70",0,7,0,7,1,0,1,0
"2,6,37,52",7,5,7,5,1,0,1,0
"2,6,38,68",52,65,52,65,1,0,1,0
"2,6,54,55",3,65,3,65,1,0,1,0
"2,6,56,58",65,20,20,20,1,1,0,0
"2,6,56,74",0,4,0,4,1,0,1,0
"2,6,57,74",46,1,46,1,1,0,1,0
"2,6,64,75",36,1,36,1,1,0,1,0
"2,10,11,16",74,38,74,38,1,0,1,0
"2,10,11,23",13,74,13,74,1,0,1,0
"2,10,12,28",52,19,52,19,1,0,1,0
"2,10,12,39",22,40,22,40,1,0,1,0
"2,10,12,42",18,14,18,14,1,0,1,0
"2,10,13,16",58,32,58,32,1,0,1,0
"2,10,13,37",46,14,46,14,1,0,1,0
"2,10,14,24",13,42,13,42,1,0,1,0
"2,10,14,54",62,74,62,74,1,0,1,0
"2,10,15,23",3,55,3,55,1,0,1,0
"2,10,15,38",27,11,27,11,1,0,1,0
"2,10,16,32",64,13,64,13,1,0,1,0
"2,10,16,47",7,11,7,11,1,0,1,0
"2,10,19,36",4,43,4,43,1,0,1,0
"2,10,19,54",26,59,26,59,1,0,1,0
"2,10,20,38",50,30,50,30,1,0,1,0
"2,10,20,39",30,29,30,29,1,0,1,0
"2,10,20,47",19,40,19,40,1,0,1,0
"2,10,21,29",56,38,56,38,1,0,1,0
"2,10,21,41",40,40,1,1,0,1,0,1
"2,10,21,54",14,18,14,18,1,0,1,0
"2,10,22,52",73,47,73,47,1,0,1,0
"2,10,22,65",14,42,14,42,1,0,1,0
"2,10,22,69",36,42,36,42,1,0,1,0
"2,10,23,49",13,50,13,50,1,0,1,0
"2,10,24,37",64,19,64,19,1,0,1,0
"2,10,24,47",56,19,56,19,1,0,1,0
"2,10,25,46",37,18,37,18,1,0,1,0
"2,10,25,68",14,15,14,15,1,0,1,0
"2,10,26,49",6,32,6,32,1,0,1,0
"2,10,27,34",29,6,29,6,1,0,1,0
"2,10,27,49",55,3,55,3,1,0,1,0
"2,10,28,35",16,37,16,37,1,0,1,0
"2,10,29,39",56,40,56,40,1,0,1,0
"2,10,29,75",65,74,65,74,1,0,1,0
"2,10,30,37",70,40,70,40,1,0,1,0
"2,10,30,40",21,21,21,36,0,0,1,1
"2,10,30,46",37,40,37,40,1,0,1,0
"2,10,31,42",32,22,32,22,1,0,1,0
"2,10,31,48",32,32,47,47,0,1,0,1
"2,10,31,50",40,30,40,30,1,0,1,0
"2,10,31,62",22,32,22,32,1,0,1,0
"2,10,32,46",64,22,64,22,1,0,1,0
"2,10,32,58",42,50,42,50,1,0,1,0
"2,10,34,62",74,29,74,29,1,0,1,0
"2,10,36,66",65,65,40,40,0,1,0,1
"2,10,37,52",28,19,28,19,1,0,1,0
"2,10,37,60",3,55,3,55,1,0,1,0
"2,10,37,64",38,32,38,32,1,0,1,0
"2,10,37,74",38,29,38,29,1,0,1,0
"2,10,38,55",60,43,60,43,1,0,1,0
"2,10,40,42",22,36,22,36,1,0,1,0
"2,10,41,60",40,40,3,3,0,1,0,1
"2,10,41,65",42,29,42,29,1,0,1,0
"2,10,41,70",50,40,50,40,1,0,1,0
"2,10,42,53",65,65,3,3,0,1,0,1
"2,10,42,56",65,66,65,66,1,0,1,0
"2,10,42,67",4,66,4,66,1,0,1,0
"2,10,46,61",22,1,22,1,1,0,1,0
"2,10,48,49",46,50,46,50,1,0,1,0
"2,10,48,56",29,29,29,40,0,0,1,1
"2,10,49,70",40,50,40,50,1,0,1,0
"2,10,52,61",28,7,28,7,1,0,1,0
"2,10,52,65",14,47,14,47,1,0,1,0
"2,10,53,61",3,3,17,17,0,1,0,1
"2,10,53,78",15,15,74,74,0,1,0,1
"2,10,54,55",60,3,60,3,1,0,1,0
"2,10,55,66",56,46,56,46,1,0,1,0
"2,10,56,78",18,74,18,74,1,0,1,0
"2,10,60,62",3,54,3,54,1,0,1,0
"2,10,60,66",50,42,50,42,1,0,1,0
"2,10,64,78",73,28,73,28,1,0,1,0
"2,10,65,69",42,64,42,64,1,0,1,0
"2,10,67,75",55,55,3,3,0,1,0,1
"2,10,69,77",65,65,6,6,0,1,0,1
"2,11,12,18",36,22,36,22,1,0,1,0
"2,11,12,21",32,31,32,31,1,0,1,0
"2,11,12,29",32,39,32,39,1,0,1,0
"2,11,13,30",65,14,65,14,1,0,1,0
"2,11,15,16",35,5,35,5,1,0,1,0
"2,11,15,20",14,5,14,5,1,0,1,0
"2,11,15,32",41,12,41,12,1,0,1,0
"2,11,15,46",14,10,10,10,1,1,0,0
"2,11,15,54",14,74,14,74,1,0,1,0
"2,11,18,38",42,12,42,12,1,0,1,0
"2,11,18,56",16,68,16,68,1,0,1,0
"2,11,20,22",32,32,32,19,0,0,1,1
"2,11,20,49",30,4,30,4,1,0,1,0
"2,11,20,52",32,25,32,25,1,0,1,0
"2,11,21,38",31,41,31,41,1,0,1,0
"2,11,21,39",30,29,30,29,1,0,1,0
"2,11,21,50",41,47,41,47,1,0,1,0
"2,11,27,58",18,18,65,65,0,1,0,1
"2,11,29,44",5,35,5,35,1,0,1,0
"2,11,29,77",3,5,3,5,1,0,1,0
"2,11,30,47",3,19,3,19,1,0,1,0
"2,11,30,50",20,10,10,10,1,1,0,0
"2,11,30,62",10,22,10,22,1,0,1,0
"2,11,31,40",22,20,22,20,1,0,1,0
"2,11,31,47",41,28,41,28,1,0,1,0
"2,11,37,38",44,5,44,5,1,0,1,0
"2,11,39,41",47,38,47,38,1,0,1,0
"2,11,39,47",7,19,7,19,1,0,1,0
"2,11,40,42",56,38,56,38,1,0,1,0
"2,11,42,56",16,68,16,68,1,0,1,0
"2,11,42,62",65,74,74,74,1,1,0,0
"2,11,42,66",74,56,74,56,1,0,1,0
"2,11,47,60",7,52,7,52,1,0,1,0
"2,11,48,51",42,47,42,47,1,0,1,0
"2,11,49,56",16,4,16,4,1,0,1,0
"2,11,53,61",44,56,44,56,1,0,1,0
"2,11,56,76",16,4,16,4,1,0,1,0
"2,11,57,59",56,56,47,47,0,1,0,1
"2,11,62,78",71,65,71,65,1,0,1,0
"2,11,65,76",14,13,14,13,1,0,1,0
"2,12,13,46",52,52,10,10,0,1,0,1
"2,12,14,16",42,42,52,52,0,1,0,1
"2,12,14,30",3,42,3,3,1,0,0,1
"2,12,15,29",47,5,47,5,1,0,1,0
"2,12,15,32",13,10,10,10,1,1,0,0
"2,12,15,42",9,14,9,14,1,0,1,0
"2,12,15,50",9,32,9,32,1,0,1,0
"2,12,15,58",42,28,42,28,1,0,1,0
"2,12,15,78",47,21,47,21,1,0,1,0
"2,12,16,40",32,32,9,32,0,1,1,0
"2,12,18,46",68,52,68,52,1,0,1,0
"2,12,18,68",36,62,36,62,1,0,1,0
"2,12,20,30",40,40,29,29,0,1,0,1
"2,12,20,50",29,32,29,32,1,0,1,0
"2,12,21,34",30,66,30,66,1,0,1,0
"2,12,21,35",30,75,30,75,1,0,1,0
"2,12,21,56",32,66,32,66,1,0,1,0
"2,12,23,42",50,33,50,33,1,0,1,0
"2,12,23,59",32,42,32,42,1,0,1,0
"2,12,24,32",64,36,64,36,1,0,1,0
"2,12,24,52",60,58,60,58,1,0,1,0
"2,12,24,69",6,42,6,42,1,0,1,0
"2,12,26,42",58,18,58,18,1,0,1,0
"2,12,26,74",11,42,11,42,1,0,1,0
"2,12,29,31",38,32,38,32,1,0,1,0
"2,12,29,34",38,62,38,62,1,0,1,0
"2,12,29,40",30,38,30,38,1,0,1,0
"2,12,29,74",62,23,62,62,1,0,0,1
"2,12,32,67",40,27,40,27,1,0,1,0
"2,12,34,66",3,42,3,42,1,0,1,0
"2,12,36,57",52,69,52,69,1,0,1,0
"2,12,36,69",18,29,18,29,1,0,1,0
"2,12,38,54",28,14,14,14,1,1,0,0
"2,12,39,48",22,29,29,29,1,1,0,0
"2,12,44,65",20,14,20,14,1,0,1,0
"2,12,46,56",29,29,29,36,0,0,1,1
"2,12,46,70",65,65,52,52,0,1,0,1
"2,12,46,74",23,18,23,18,1,0,1,0
"2,12,48,65",42,38,42,38,1,0,1,0
"2,12,51,75",36,52,36,52,1,0,1,0
"2,12,52,67",28,47,28,47,1,0,1,0
"2,12,52,74",47,18,47,18,1,0,1,0
"2,12,57,60",56,62,56,62,1,0,1,0
"2,13,14,31",22,40,3,40,1,1,1,0
"2,13,15,19",69,47,47,47,1,1,0,0
"2,13,15,37",65,9,65,9,1,0,1,0
"2,13,15,41",11,11,47,47,0,1,0,1
"2,13,15,42",33,33,9,9,0,1,0,1
"2,13,15,47",38,11,38,11,1,0,1,0
"2,13,15,49",10,10,47,47,0,1,0,1
"2,13,15,53",25,10,25,10,1,0,1,0
"2,13,16,49",9,10,9,10,1,0,1,0
"2,13,18,33",3,65,3,65,1,0,1,0
"2,13,19,49",43,58,43,58,1,0,1,0
"2,13,19,59",69,43,69,43,1,0,1,0
"2,13,20,30",65,40,65,40,1,0,1,0
"2,13,21,53",29,65,29,65,1,0,1,0
"2,13,22,39",58,58,58,31,0,0,1,1
"2,13,22,47",52,58,52,58,1,0,1,0
"2,13,24,29",56,69,56,69,1,0,1,0
"2,13,25,65",29,33,29,33,1,0,1,0
"2,13,26,28",18,40,18,40,1,0,1,0
"2,13,27,36",10,3,10,3,1,0,1,0
"2,13,28,46",14,14,10,10,0,1,0,1
"2,13,31,58",7,47,7,47,1,0,1,0
"2,13,32,42",10,33,10,33,1,0,1,0
"2,13,33,58",22,59,59,59,1,1,0,0
"2,13,33,65",70,25,70,25,1,0,1,0
"2,13,34,64",24,43,24,43,1,0,1,0
"2,13,35,41",47,19,47,19,1,0,1,0
"2,13,35,52",69,64,69,64,1,0,1,0
"2,13,36,37",76,42,76,42,1,0,1,0
"2,13,36,69",30,58,30,58,1,0,1,0
"2,13,37,50",65,58,65,58,1,0,1,0
"2,13,37,55",65,10,65,10,1,0,1,0
"2,13,38,56",10,58,10,58,1,0,1,0
"2,13,39,69",43,29,43,29,1,0,1,0
"2,13,40,69",58,29,58,29,1,0,1,0
"2,13,40,76",14,65,14,65,1,0,1,0
"2,13,41,49",43,22,43,22,1,0,1,0
"2,13,45,55",19,65,19,65,1,0,1,0
"2,13,46,47",53,19,19,19,1,1,0,0
"2,13,47,51",29,29,29,65,0,0,1,1
"2,13,47,56",52,58,52,58,1,0,1,0
"2,13,48,53",47,47,3,3,0,1,0,1
"2,13,54,69",6,6,64,64,0,1,0,1
"2,13,58,74",26,47,26,47,1,0,1,0
"2,13,62,69",6,6,6,12,0,0,1,1
"2,14,15,42",24,38,24,38,1,0,1,0
"2,14,18,76",54,65,54,65,1,0,1,0
"2,14,19,56",10,65,10,65,1,0,1,0
"2,14,22,23",42,3,42,3,1,0,1,0
"2,14,22,49",40,42,40,42,1,0,1,0
"2,14,23,30",59,59,33,33,0,1,0,1
"2,14,26,30",6,6,21,21,0,1,0,1
"2,14,29,38",12,21,12,21,1,0,1,0
"2,14,30,59",40,29,40,29,1,0,1,0
"2,14,32,54",62,22,62,22,1,0,1,0
"2,14,32,56",11,42,11,42,1,0,1,0
"2,14,33,40",26,7,26,7,1,0,1,0
"2,14,33,41",34,32,34,32,1,0,1,0
"2,14,33,47",26,21,26,21,1,0,1,0
"2,14,34,52",7,59,7,59,1,0,1,0
"2,14,34,59",52,7,52,7,1,0,1,0
"2,14,35,42",32,15,32,15,1,0,1,0
"2,14,35,59",23,71,23,71,1,0,1,0
"2,14,36,40",44,42,44,42,1,0,1,0
"2,14,38,42",41,15,41,15,1,0,1,0
"2,14,38,47",52,59,52,59,1,0,1,0
"2,14,41,69",42,65,42,65,1,0,1,0
"2,14,48,52",47,47,47,42,0,0,1,1
"2,14,48,56",65,24,65,24,1,0,1,0
"2,14,52,74",59,26,59,26,1,0,1,0
"2,14,54,58",62,62,62,28,0,0,1,1
"2,14,54,60",62,74,62,74,1,0,1,0
"2,14,54,61",18,62,18,62,1,0,1,0
"2,14,59,70",46,62,46,62,1,0,1,0
"2,14,62,66",26,12,26,12,1,0,1,0
"2,14,65,70",68,38,68,38,1,0,1,0
"2,15,16,51",42,42,42,6,0,0,1,1
"2,15,18,44",36,36,78,78,0,1,0,1
"2,15,18,69",42,78,42,78,1,0,1,0
"2,15,18,74",42,11,42,11,1,0,1,0
"2,15,19,22",25,47,25,47,1,0,1,0
"2,15,19,27",10,47,10,47,1,0,1,0
"2,15,22,47",38,38,52,52,0,1,0,1
"2,15,24,26",42,42,78,78,0,1,0,1
"2,15,24,35",42,47,42,47,1,0,1,0
"2,15,24,36",69,10,69,10,1,0,1,0
"2,15,24,38",78,47,42,42,1,1,0,1
"2,15,24,69",19,36,19,36,1,0,1,0
"2,15,24,78",62,74,62,74,1,0,1,0
"2,15,26,50",78,35,78,35,1,0,1,0
"2,15,29,39",13,47,13,47,1,0,1,0
"2,15,30,49",39,39,42,42,0,1,0,1
"2,15,31,32",47,42,47,42,1,0,1,0
"2,15,31,37",41,21,41,21,1,0,1,0
"2,15,32,35",28,47,28,47,1,0,1,0
"2,15,35,44",28,11,28,11,1,0,1,0
"2,15,35,50",59,26,59,26,1,0,1,0
"2,15,35,67",16,4,16,4,1,0,1,0
"2,15,36,38",47,47,4,4,0,1,0,1
"2,15,38,43",47,47,10,10,0,1,0,1
"2,15,39,41",47,42,42,42,1,1,0,0
"2,15,39,42",59,33,59,33,1,0,1,0
"2,15,39,59",42,42,47,47,0,1,0,1
"2,15,42,59",58,35,35,35,1,1,0,0
"2,15,50,67",4,66,4,66,1,0,1,0
"2,15,52,57",59,10,59,10,1,0,1,0
"2,15,53,64",13,13,74,74,0,1,0,1
"2,15,54,62",42,55,42,55,1,0,1,0
"2,15,55,70",4,78,4,78,1,0,1,0
"2,16,18,23",26,42,26,42,1,0,1,0
"2,16,18,32",6,42,6,42,1,0,1,0
"2,16,19,30",26,52,26,52,1,0,1,0
"2,16,19,58",13,64,13,64,1,0,1,0
"2,16,22,23",52,32,32,32,1,1,0,0
"2,16,22,46",79,32,79,32,1,0,1,0
"2,16,22,68",52,52,5,5,0,1,0,1
"2,16,23,31",40,47,40,47,1,0,1,0
"2,16,24,32",41,4,41,4,1,0,1,0
"2,16,29,70",10,56,10,56,1,0,1,0
"2,16,31,47",58,52,58,52,1,0,1,0
"2,16,31,56",4,61,4,61,1,0,1,0
"2,16,31,61",35,56,35,56,1,0,1,0
"2,16,32,40",23,23,23,6,0,0,1,1
"2,16,32,60",72,40,72,40,1,0,1,0
"2,16,34,56",61,4,61,4,1,0,1,0
"2,16,35,45",52,52,52,5,0,0,1,1
"2,16,36,46",9,18,9,18,1,0,1,0
"2,16,37,47",11,56,11,56,1,0,1,0
"2,16,37,50",44,56,44,56,1,0,1,0
"2,16,41,42",37,32,37,32,1,0,1,0
"2,16,43,60",15,3,15,3,1,0,1,0
"2,16,46,59",14,19,14,19,1,0,1,0
"2,16,54,75",3,6,3,6,1,0,1,0
"2,16,55,62",26,56,26,56,1,0,1,0
"2,16,55,65",9,11,9,11,1,0,1,0
"2,16,56,58",26,28,26,28,1,0,1,0
"2,16,56,61",24,58,24,58,1,0,1,0
"2,16,56,75",11,24,11,24,1,0,1,0
"2,16,58,59",42,42,56,56,0,1,0,1
"2,16,59,60",3,58,3,58,1,0,1,0
"2,16,60,64",32,8,32,8,1,0,1,0
"2,16,60,77",72,75,72,75,1,0,1,0
"2,18,21,22",54,32,54,32,1,0,1,0
"2,18,21,24",14,32,14,32,1,0,1,0
"2,18,22,40",26,4,26,4,1,0,1,0
"2,18,22,58",1,28,1,19,1,0,1,1
"2,18,23,51",24,1,24,1,1,0,1,0
"2,18,24,75",19,12,19,12,1,0,1,0
"2,18,26,76",19,4,19,4,1,0,1,0
"2,19,21,27",22,22,18,18,0,1,0,1
"2,19,22,42",54,59,54,59,1,0,1,0
"2,19,24,40",56,13,13,13,1,1,0,0
"2,19,24,65",3,52,3,52,1,0,1,0
"2,19,24,75",30,30,30,58,0,0,1,1
"2,19,25,32",52,22,52,22,1,0,1,0
"2,19,26,42",3,18,3,18,1,0,1,0
"2,19,26,50",74,5,74,5,1,0,1,0
"2,19,27,28",10,32,10,32,1,0,1,0
"2,19,27,65",3,47,3,47,1,0,1,0
"2,19,28,62",10,55,10,55,1,0,1,0
"2,19,28,64",24,13,24,13,1,0,1,0
"2,19,28,65",38,55,38,55,1,0,1,0
"2,19,29,41",59,1,59,1,1,0,1,0
"2,19,29,50",47,59,47,59,1,0,1,0
"2,19,29,58",18,38,18,38,1,0,1,0
"2,19,30,32",28,27,28,27,1,0,1,0
"2,19,31,41",11,11,58,58,0,1,0,1
"2,19,31,77",76,76,47,47,0,1,0,1
"2,19,32,36",64,27,64,27,1,0,1,0
"2,19,33,65",11,28,11,28,1,0,1,0
"2,19,34,51",24,24,59,59,0,1,0,1
"2,19,41,58",30,30,49,30,0,1,1,0
"2,19,42,58",13,41,13,41,1,0,1,0
"2,19,51,52",45,24,24,24,1,1,0,0
"2,19,52,67",13,22,13,22,1,0,1,0
"2,19,52,76",10,62,10,62,1,0,1,0
"2,19,55,78",28,62,28,62,1,0,1,0
"2,19,56,60",58,59,58,59,1,0,1,0
"2,19,59,66",56,69,56,69,1,0,1,0
"2,19,59,67",65,3,65,3,1,0,1,0
"2,20,24,37",47,47,42,42,0,1,0,1
"2,20,25,52",44,26,26,26,1,1,0,0
"2,20,26,56",18,58,18,58,1,0,1,0
"2,20,26,58",32,56,32,56,1,0,1,0
"2,20,26,60",52,74,52,74,1,0,1,0
"2,20,27,44",77,47,77,47,1,0,1,0
"2,20,27,69",23,47,23,47,1,0,1,0
"2,20,28,46",14,47,47,47,1,1,0,0
"2,20,29,45",13,50,13,50,1,0,1,0
"2,20,30,78",65,74,65,74,1,0,1,0
"2,20,31,40",32,32,11,11,0,1,0,1
"2,20,31,75",47,65,47,65,1,0,1,0
"2,20,33,40",28,65,28,65,1,0,1,0
"2,20,34,46",25,25,74,74,0,1,0,1
"2,20,38,55",4,60,4,60,1,0,1,0
"2,20,40,44",65,38,65,38,1,0,1,0
"2,20,40,65",70,13,70,13,1,0,1,0
"2,20,42,54",30,56,30,56,1,0,1,0
"2,20,42,62",65,56,65,56,1,0,1,0
"2,20,44,65",33,58,33,58,1,0,1,0
"2,20,46,62",65,56,65,56,1,0,1,0
"2,20,47,50",30,48,30,48,1,0,1,0
"2,20,48,62",47,47,12,12,0,1,0,1
"2,20,48,74",42,18,42,18,1,0,1,0
"2,20,54,62",65,56,65,56,1,0,1,0
"2,20,56,60",42,58,42,58,1,0,1,0
"2,20,56,75",42,24,24,24,1,1,0,0
"2,21,22,40",10,28,10,28,1,0,1,0
"2,21,25,52",7,22,7,22,1,0,1,0
"2,21,26,41",18,18,19,19,0,1,0,1
"2,21,28,41",40,32,40,32,1,0,1,0
"2,21,29,30",35,35,35,33,0,0,1,1
"2,21,29,51",22,11,22,11,1,0,1,0
"2,21,29,65",59,41,59,41,1,0,1,0
"2,21,30,37",40,40,40,42,0,0,1,1
"2,21,32,38",30,47,30,47,1,0,1,0
"2,21,32,64",24,48,24,48,1,0,1,0
"2,21,33,60",24,59,24,59,1,0,1,0
"2,21,37,50",20,30,20,30,1,0,1,0
"2,21,37,67",28,5,28,5,1,0,1,0
"2,21,39,41",1,1,11,11,0,1,0,1
"2,21,39,59",9,47,9,47,1,0,1,0
"2,21,40,51",31,47,31,47,1,0,1,0
"2,21,42,46",18,14,18,14,1,0,1,0
"2,21,45,62",18,18,52,52,0,1,0,1
"2,21,45,78",15,18,15,18,1,0,1,0
"2,21,46,48",22,22,47,47,0,1,0,1
"2,21,48,62",12,12,32,32,0,1,0,1
"2,22,23,36",42,42,18,18,0,1,0,1
"2,22,25,56",20,20,18,18,0,1,0,1
"2,22,28,29",56,32,56,32,1,0,1,0
"2,22,28,56",29,29,11,11,0,1,0,1
"2,22,29,55",56,65,56,65,1,0,1,0
"2,22,30,78",62,62,54,54,0,1,0,1
"2,22,31,32",13,58,13,58,1,0,1,0
"2,22,32,46",29,29,29,10,0,0,1,1
"2,22,33,66",30,21,30,21,1,0,1,0
"2,22,34,53",60,52,60,52,1,0,1,0
"2,22,34,74",11,42,11,42,1,0,1,0
"2,22,36,38",44,40,44,40,1,0,1,0
"2,22,36,40",44,42,42,42,1,1,0,0
"2,22,38,47",14,19,14,19,1,0,1,0
"2,22,38,74",46,62,46,62,1,0,1,0
"2,22,39,42",36,31,36,31,1,0,1,0
"2,22,39,65",11,42,11,42,1,0,1,0
"2,22,41,49",42,13,42,13,1,0,1,0
"2,22,42,47",54,23,54,23,1,0,1,0
"2,22,44,48",23,24,23,24,1,0,1,0
"2,22,46,60",74,30,74,30,1,0,1,0
"2,22,47,52",40,56,40,56,1,0,1,0
"2,22,47,67",35,35,19,19,0,1,0,1
"2,22,51,52",45,47,45,47,1,0,1,0
"2,22,51,59",19,19,42,42,0,1,0,1
"2,22,52,68",58,28,58,28,1,0,1,0
"2,22,53,69",62,29,62,29,1,0,1,0
"2,22,56,78",20,52,20,52,1,0,1,0
"2,22,58,62",55,56,56,56,1,1,0,0
"2,22,62,76",55,74,55,74,1,0,1,0
"2,22,65,66",70,46,70,46,1,0,1,0
"2,23,26,39",18,18,7,7,0,1,0,1
"2,23,27,36",10,4,10,4,1,0,1,0
"2,23,27,74",34,11,34,11,1,0,1,0
"2,23,27,76",69,73,69,73,1,0,1,0
"2,23,28,32",20,59,20,59,1,0,1,0
"2,23,28,74",18,29,18,18,1,0,0,1
"2,23,30,41",32,47,32,47,1,0,1,0
"2,23,31,59",14,47,14,47,1,0,1,0
"2,23,32,54",14,59,14,59,1,0,1,0
"2,23,35,77",59,59,27,27,0,1,0,1
"2,23,37,50",77,32,77,32,1,0,1,0
"2,23,42,56",32,47,32,47,1,0,1,0
"2,23,43,53",59,62,59,62,1,0,1,0
"2,23,45,68",74,50,74,50,1,0,1,0
"2,23,46,59",14,47,14,47,1,0,1,0
"2,23,48,62",74,53,74,53,1,0,1,0
"2,23,49,55",65,47,65,47,1,0,1,0
"2,23,49,69",48,19,48,19,1,0,1,0
"2,23,54,62",55,59,55,59,1,0,1,0
"2,23,55,59",65,47,65,47,1,0,1,0
"2,23,58,67",13,13,47,47,0,1,0,1
"2,23,59,68",52,65,52,65,1,0,1,0
"2,23,59,69",35,33,35,33,1,0,1,0
"2,24,27,57",6,18,18,18,1,1,0,0
"2,24,28,29",19,56,19,56,1,0,1,0
"2,24,28,32",35,58,35,58,1,0,1,0
"2,24,31,58",47,32,47,32,1,0,1,0
"2,24,32,47",52,56,52,56,1,0,1,0
"2,24,32,48",41,58,41,58,1,0,1,0
"2,24,32,58",48,48,52,48,0,1,1,0
"2,24,33,35",42,42,42,30,0,0,1,1
"2,24,33,78",28,54,28,54,1,0,1,0
"2,24,36,48",69,12,69,12,1,0,1,0
"2,24,36,49",69,19,69,19,1,0,1,0
"2,24,36,60",69,10,69,10,1,0,1,0
"2,24,38,43",14,36,36,36,1,1,0,0
"2,24,39,56",47,29,47,29,1,0,1,0
"2,24,40,49",32,32,4,4,0,1,0,1
"2,24,42,47",52,20,52,20,1,0,1,0
"2,24,42,54",20,60,20,60,1,0,1,0
"2,24,42,59",50,51,50,51,1,0,1,0
"2,24,43,70",36,52,36,52,1,0,1,0
"2,24,47,51",52,56,52,56,1,0,1,0
"2,24,47,75",36,58,36,58,1,0,1,0
"2,24,52,56",47,19,47,19,1,0,1,0
"2,24,54,62",14,14,14,56,0,0,1,1
"2,24,55,75",64,19,64,19,1,0,1,0
"2,24,58,60",26,6,26,6,1,0,1,0
"2,24,65,69",64,42,64,42,1,0,1,0
"2,24,66,68",65,65,14,14,0,1,0,1
"2,25,29,49",21,65,21,65,1,0,1,0
"2,25,33,66",5,52,5,52,1,0,1,0
"2,25,34,38",14,29,14,29,1,0,1,0
"2,25,37,45",53,13,53,13,1,0,1,0
"2,25,38,45",47,29,47,29,1,0,1,0
"2,25,44,69",53,52,53,52,1,0,1,0
"2,25,45,75",24,76,24,76,1,0,1,0
"2,25,52,75",12,35,12,35,1,0,1,0
"2,25,56,65",14,46,14,46,1,0,1,0
"2,25,65,75",70,76,70,76,1,0,1,0
"2,25,70,77",61,7,61,7,1,0,1,0
"2,26,27,55",19,19,10,10,0,1,0,1
"2,26,28,29",56,74,56,74,1,0,1,0
"2,26,32,64",74,74,16,16,0,1,0,1
"2,26,40,47",14,21,14,21,1,0,1,0
"2,26,40,58",32,4,32,4,1,0,1,0
"2,26,40,74",52,47,52,47,1,0,1,0
"2,26,46,50",6,6,52,52,0,1,0,1
"2,26,47,78",20,40,20,40,1,0,1,0
"2,26,65,76",59,20,59,20,1,0,1,0
"2,27,28,35",11,18,11,18,1,0,1,0
"2,27,28,37",47,35,47,35,1,0,1,0
"2,27,29,56",30,36,30,36,1,0,1,0
"2,27,29,65",32,33,32,33,1,0,1,0
"2,27,32,41",38,38,38,35,0,0,1,1
"2,27,32,44",40,41,40,41,1,0,1,0
"2,27,32,51",65,6,65,6,1,0,1,0
"2,27,33,59",32,32,35,35,0,1,0,1
"2,27,36,42",10,3,10,3,1,0,1,0
"2,27,36,45",55,3,55,3,1,0,1,0
"2,27,39,65",3,47,3,47,1,0,1,0
"2,27,41,69",23,32,23,32,1,0,1,0
"2,27,44,60",3,10,3,10,1,0,1,0
"2,27,46,65",13,20,13,20,1,0,1,0
"2,27,47,58",57,36,36,36,1,1,0,0
"2,27,48,75",65,35,65,35,1,0,1,0
"2,27,50,77",5,5,32,32,0,1,0,1
"2,27,52,64",36,32,36,32,1,0,1,0
"2,27,56,57",46,18,46,18,1,0,1,0
"2,27,65,66",55,67,55,67,1,0,1,0
"2,28,29,30",56,40,56,40,1,0,1,0
"2,28,29,58",32,32,32,56,0,0,1,1
"2,28,30,33",42,40,54,40,1,1,1,0
"2,28,31,33",47,21,47,21,1,0,1,0
"2,28,32,58",29,42,42,42,1,1,0,0
"2,28,32,62",78,58,78,58,1,0,1,0
"2,28,35,37",1,10,1,10,1,0,1,0
"2,28,37,64",35,58,35,58,1,0,1,0
"2,28,38,52",22,12,22,12,1,0,1,0
"2,28,39,42",33,58,33,58,1,0,1,0
"2,28,39,66",12,59,12,59,1,0,1,0
"2,28,40,48",58,18,58,18,1,0,1,0
"2,28,40,58",18,13,18,13,1,0,1,0
"2,28,41,61",68,68,52,52,0,1,0,1
"2,28,43,59",9,14,9,14,1,0,1,0
"2,28,46,56",29,4,29,4,1,0,1,0
"2,28,59,75",9,12,9,12,1,0,1,0
"2,29,30,40",28,20,28,20,1,0,1,0
"2,29,30,42",56,32,56,32,1,0,1,0
"2,29,30,55",56,74,56,74,1,0,1,0
"2,29,31,74",30,34,30,34,1,0,1,0
"2,29,32,33",65,3,65,3,1,0,1,0
"2,29,34,40",74,30,74,30,1,0,1,0
"2,29,34,41",38,22,38,22,1,0,1,0
"2,29,34,51",46,1,46,1,1,0,1,0
"2,29,36,48",38,18,38,18,1,0,1,0
"2,29,37,40",42,10,42,10,1,0,1,0
"2,29,37,47",59,13,59,13,1,0,1,0
"2,29,38,40",41,12,41,12,1,0,1,0
"2,29,38,76",12,13,12,13,1,0,1,0
"2,29,40,46",74,10,74,10,1,0,1,0
"2,29,40,48",56,56,32,32,0,1,0,1
"2,29,40,65",10,13,10,13,1,0,1,0
"2,29,41,49",65,65,11,65,0,1,1,0
"2,29,41,57",65,65,38,38,0,1,0,1
"2,29,42,48",3,32,3,32,1,0,1,0
"2,29,42,61",69,56,69,56,1,0,1,0
"2,29,45,51",47,47,65,65,0,1,0,1
"2,29,47,57",7,12,7,12,1,0,1,0
"2,29,48,74",34,32,34,32,1,0,1,0
"2,29,49,56",48,22,48,22,1,0,1,0
"2,29,51,57",46,6,46,6,1,0,1,0
"2,29,56,76",24,22,24,22,1,0,1,0
"2,29,62,75",12,74,12,74,1,0,1,0
"2,30,31,41",29,13,29,13,1,0,1,0
"2,30,31,47",32,20,32,20,1,0,1,0
"2,30,32,42",31,33,31,33,1,0,1,0
"2,30,32,44",38,35,35,35,1,1,0,0
"2,30,32,46",29,22,29,22,1,0,1,0
"2,30,32,52",47,47,47,35,0,0,1,1
"2,30,35,49",59,29,59,29,1,0,1,0
"2,30,36,40",42,10,42,10,1,0,1,0
"2,30,36,44",40,39,40,39,1,0,1,0
"2,30,36,46",56,6,56,6,1,0,1,0
"2,30,36,65",66,20,66,20,1,0,1,0
"2,30,38,39",42,11,42,11,1,0,1,0
"2,30,39,75",35,47,35,47,1,0,1,0
"2,30,40,64",41,32,41,32,1,0,1,0
"2,30,40,69",6,13,6,13,1,0,1,0
"2,30,41,60",24,38,24,38,1,0,1,0
"2,30,41,61",13,31,13,31,1,0,1,0
"2,30,42,58",13,52,13,52,1,0,1,0
"2,30,44,74",6,36,6,36,1,0,1,0
"2,30,48,78",3,18,3,18,1,0,1,0
"2,30,49,60",22,22,52,52,0,1,0,1
"2,30,51,76",13,5,13,5,1,0,1,0
"2,30,62,67",54,10,54,10,1,0,1,0
"2,30,65,75",35,3,35,3,1,0,1,0
"2,30,67,70",65,10,65,10,1,0,1,0
"2,31,32,48",38,21,38,21,1,0,1,0
"2,31,32,64",27,12,27,12,1,0,1,0
"2,31,33,65",32,29,32,29,1,0,1,0
"2,31,33,76",32,32,32,65,0,0,1,1
"2,31,35,75",30,7,30,7,1,0,1,0
"2,31,37,42",39,41,39,41,1,0,1,0
"2,31,37,47",41,7,41,7,1,0,1,0
"2,31,37,58",42,42,47,47,0,1,0,1
"2,31,38,41",11,11,32,32,0,1,0,1
"2,31,38,46",32,30,32,30,1,0,1,0
"2,31,38,65",55,58,55,58,1,0,1,0
"2,31,38,75",65,30,65,30,1,0,1,0
"2,31,39,58",13,7,13,7,1,0,1,0
"2,31,40,76",28,47,28,47,1,0,1,0
"2,31,41,65",42,47,42,47,1,0,1,0
"2,31,42,46",54,51,54,51,1,0,1,0
"2,31,47,49",23,58,23,58,1,0,1,0
"2,31,47,58",48,32,48,32,1,0,1,0
"2,31,52,77",6,7,6,7,1,0,1,0
"2,31,58,66",65,42,65,42,1,0,1,0
"2,32,38,42",41,48,41,48,1,0,1,0
"2,32,38,65",42,48,42,48,1,0,1,0
"2,32,39,40",59,42,59,42,1,0,1,0
"2,32,39,42",38,23,38,23,1,0,1,0
"2,32,39,47",56,31,56,31,1,0,1,0
"2,32,42,47",56,58,56,58,1,0,1,0
"2,32,42,58",26,28,26,28,1,0,1,0
"2,32,42,68",23,18,23,18,1,0,1,0
"2,32,44,48",58,24,58,24,1,0,1,0
"2,32,46,60",51,30,51,30,1,0,1,0
"2,32,46,78",6,6,28,28,0,1,0,1
"2,32,47,52",40,38,40,38,1,0,1,0
"2,32,47,59",50,42,50,42,1,0,1,0
"2,32,48,53",58,8,58,8,1,0,1,0
"2,32,50,65",42,20,42,20,1,0,1,0
"2,32,53,74",29,29,62,62,0,1,0,1
"2,32,55,62",23,58,23,58,1,0,1,0
"2,32,58,70",28,7,28,7,1,0,1,0
"2,32,58,75",28,59,28,59,1,0,1,0
"2,32,59,64",40,42,40,42,1,0,1,0
"2,32,66,69",42,42,65,65,0,1,0,1
"2,33,39,59",47,29,47,29,1,0,1,0
"2,33,48,58",32,32,42,42,0,1,0,1
"2,33,52,60",28,42,28,42,1,0,1,0
"2,33,55,65",11,38,11,38,1,0,1,0
"2,33,60,69",52,65,52,65,1,0,1,0
"2,34,37,47",28,7,28,7,1,0,1,0
"2,34,38,43",36,10,36,10,1,0,1,0
"2,34,40,66",10,42,10,42,1,0,1,0
"2,34,40,70",7,10,10,10,1,1,0,0
"2,34,48,69",44,24,44,24,1,0,1,0
"2,34,50,58",32,47,47,47,1,1,0,0
"2,34,52,58",68,42,68,42,1,0,1,0
"2,34,55,66",46,65,46,65,1,0,1,0
"2,34,56,58",59,59,59,29,0,0,1,1
"2,34,75,76",31,24,31,24,1,0,1,0
"2,35,36,59",42,9,42,9,1,0,1,0
"2,35,36,66",58,3,58,3,1,0,1,0
"2,35,38,69",47,29,47,29,1,0,1,0
"2,35,39,41",7,44,7,44,1,0,1,0
"2,35,42,59",23,15,23,15,1,0,1,0
"2,35,44,56",24,52,24,52,1,0,1,0
"2,35,44,59",61,11,61,11,1,0,1,0
"2,35,45,59",75,65,75,65,1,0,1,0
"2,35,46,52",32,44,32,44,1,0,1,0
"2,35,46,53",44,47,44,47,1,0,1,0
"2,35,47,50",56,30,30,30,1,1,0,0
"2,35,47,64",36,13,36,13,1,0,1,0
"2,35,47,70",30,65,30,65,1,0,1,0
"2,35,50,51",52,47,52,47,1,0,1,0
"2,35,52,64",41,13,41,13,1,0,1,0
"2,35,56,59",65,11,65,11,1,0,1,0
"2,35,57,58",18,62,18,62,1,0,1,0
"2,35,58,75",65,24,65,24,1,0,1,0
"2,35,59,66",39,69,39,69,1,0,1,0
"2,35,59,69",53,42,53,42,1,0,1,0
"2,35,60,64",58,10,58,10,1,0,1,0
"2,35,64,65",59,71,59,71,1,0,1,0
"2,35,65,76",59,25,59,25,1,0,1,0
"2,36,37,42",54,9,54,9,1,0,1,0
"2,36,38,52",47,43,47,43,1,0,1,0
"2,36,40,42",66,10,66,66,1,0,0,1
"2,36,40,49",10,4,4,4,1,1,0,0
"2,36,42,44",78,8,78,8,1,0,1,0
"2,36,42,76",65,52,65,52,1,0,1,0
"2,36,44,51",42,24,42,24,1,0,1,0
"2,36,47,56",52,27,52,27,1,0,1,0
"2,36,52,58",69,69,64,69,0,1,1,0
"2,36,56,64",12,13,12,13,1,0,1,0
"2,36,56,76",65,52,65,52,1,0,1,0
"2,36,58,62",7,54,7,54,1,0,1,0
"2,36,58,69",64,52,64,52,1,0,1,0
"2,36,60,64",69,69,69,24,0,0,1,1
"2,36,60,65",20,10,20,10,1,0,1,0
"2,36,62,65",42,18,42,18,1,0,1,0
"2,36,70,76",13,65,65,65,1,1,0,0
"2,37,41,43",13,5,13,5,1,0,1,0
"2,37,43,52",47,19,47,19,1,0,1,0
"2,38,39,40",56,29,56,29,1,0,1,0
"2,38,39,59",58,14,58,14,1,0,1,0
"2,38,40,57",41,41,29,29,0,1,0,1
"2,38,41,48",47,47,65,65,0,1,0,1
"2,38,42,47",52,14,52,14,1,0,1,0
"2,38,43,65",64,14,64,14,1,0,1,0
"2,38,44,47",36,26,36,26,1,0,1,0
"2,38,44,69",62,29,62,29,1,0,1,0
"2,38,45,64",74,52,74,52,1,0,1,0
"2,38,47,52",15,32,15,32,1,0,1,0
"2,38,47,66",52,59,52,59,1,0,1,0
"2,38,49,65",33,48,33,48,1,0,1,0
"2,38,57,62",32,56,32,56,1,0,1,0
"2,38,58,75",65,47,65,47,1,0,1,0
"2,38,62,64",74,65,74,65,1,0,1,0
"2,38,65,76",14,44,14,44,1,0,1,0
"2,39,41,43",13,5,13,5,1,0,1,0
"2,39,46,66",47,3,47,3,1,0,1,0
"2,39,47,50",30,30,30,7,0,0,1,1
"2,39,47,59",23,42,23,42,1,0,1,0
"2,39,51,69",42,6,42,6,1,0,1,0
"2,39,57,66",59,65,59,65,1,0,1,0
"2,39,57,75",61,65,61,65,1,0,1,0
"2,40,42,65",41,38,41,38,1,0,1,0
"2,40,46,50",47,10,10,10,1,1,0,0
"2,40,46,60",51,30,51,30,1,0,1,0
"2,40,46,66",56,54,56,54,1,0,1,0
"2,40,50,70",59,42,59,42,1,0,1,0
"2,40,51,59",14,47,14,47,1,0,1,0
"2,40,56,57",32,60,32,60,1,0,1,0
"2,40,57,60",10,10,56,56,0,1,0,1
"2,40,58,59",32,32,54,32,0,1,1,0
"2,40,64,68",65,65,65,32,0,0,1,1
"2,41,42,49",65,37,65,37,1,0,1,0
"2,41,47,56",52,58,52,58,1,0,1,0
"2,41,51,65",33,11,33,11,1,0,1,0
"2,41,52,68",47,32,47,32,1,0,1,0
"2,42,43,52",36,59,36,59,1,0,1,0
"2,42,45,75",18,12,18,12,1,0,1,0
"2,42,46,65",56,37,56,37,1,0,1,0
"2,42,46,66",56,52,56,52,1,0,1,0
"2,42,48,50",59,52,59,52,1,0,1,0
"2,42,48,69",65,24,65,24,1,0,1,0
"2,42,49,50",66,48,66,48,1,0,1,0
"2,42,51,66",56,18,56,18,1,0,1,0
"2,42,52,55",58,7,58,7,1,0,1,0
"2,42,57,66",37,12,37,12,1,0,1,0
"2,43,48,51",49,47,49,47,1,0,1,0
"2,43,49,50",51,42,51,42,1,0,1,0
"2,43,59,66",67,34,67,34,1,0,1,0
"2,44,46,50",53,53,52,52,0,1,0,1
"2,44,46,60",53,65,53,65,1,0,1,0
"2,44,52,58",68,4,68,4,1,0,1,0
"2,44,52,69",12,24,12,24,1,0,1,0
"2,44,56,59",65,35,65,35,1,0,1,0
"2,44,56,61",60,65,60,65,1,0,1,0
"2,44,65,68",56,70,56,70,1,0,1,0
"2,44,65,70",38,68,38,68,1,0,1,0
"2,44,66,69",76,68,76,68,1,0,1,0
"2,44,75,77",76,65,65,65,1,1,0,0
"2,45,49,65",66,48,66,48,1,0,1,0
"2,45,49,68",75,48,75,48,1,0,1,0
"2,45,51,52",19,59,19,59,1,0,1,0
"2,45,51,67",50,52,50,52,1,0,1,0
"2,45,51,68",48,11,48,11,1,0,1,0
"2,45,52,75",47,35,47,35,1,0,1,0
"2,45,55,62",5,18,5,18,1,0,1,0
"2,45,56,68",28,11,28,11,1,0,1,0
"2,45,57,65",27,33,27,33,1,0,1,0
"2,46,47,50",74,56,74,56,1,0,1,0
"2,46,48,53",65,3,65,3,1,0,1,0
"2,46,48,58",47,47,52,52,0,1,0,1
"2,46,50,76",20,52,20,52,1,0,1,0
"2,46,51,60",57,24,57,24,1,0,1,0
"2,46,56,68",11,28,65,65,1,1,0,1
"2,46,60,76",20,74,20,74,1,0,1,0
"2,46,65,70",56,66,56,66,1,0,1,0
"2,47,49,50",56,19,56,19,1,0,1,0
"2,47,51,65",59,33,59,33,1,0,1,0
"2,47,58,69",41,13,41,13,1,0,1,0
"2,47,62,65",42,52,42,52,1,0,1,0
"2,48,49,51",32,3,32,3,1,0,1,0
"2,48,52,59",60,60,42,42,0,1,0,1
"2,48,59,65",58,47,58,47,1,0,1,0
"2,48,60,69",6,24,6,24,1,0,1,0
"2,48,67,75",39,3,39,3,1,0,1,0
"2,49,50,51",43,5,43,5,1,0,1,0
"2,49,75,76",45,13,45,13,1,0,1,0
"2,50,55,70",58,42,58,42,1,0,1,0
"2,50,68,77",76,74,76,74,1,0,1,0
"2,51,55,56",60,59,60,59,1,0,1,0
"2,51,55,76",62,5,62,5,1,0,1,0
"2,52,57,59",33,60,33,60,1,0,1,0
"2,52,58,77",42,32,42,32,1,0,1,0
"2,52,65,69",47,19,47,19,1,0,1,0
"2,52,66,76",69,12,69,12,1,0,1,0
"2,52,76,77",13,19,13,19,1,0,1,0
"2,53,56,57",46,11,46,11,1,0,1,0
"2,55,60,61",15,10,15,10,1,0,1,0
"2,55,61,69",58,62,58,62,1,0,1,0
"2,55,64,65",69,38,69,38,1,0,1,0
"2,55,69,70",64,6,64,6,1,0,1,0
"2,58,59,75",54,65,54,65,1,0,1,0
"2,58,65,70",20,44,20,44,1,0,1,0
"2,58,65,77",70,20,70,20,1,0,1,0
"2,64,67,68",74,5,74,5,1,0,1,0
"3,4,5,28",10,15,10,15,1,0,1,0
"3,4,10,28",5,37,5,37,1,0,1,0
"3,4,10,29",5,20,5,20,1,0,1,0
"3,4,10,30",18,40,18,40,1,0,1,0
"3,4,11,39",61,28,61,28,1,0,1,0
"3,4,11,53",15,5,15,5,1,0,1,0
"3,4,12,22",48,31,48,31,1,0,1,0
"3,4,13,21",43,30,43,30,1,0,1,0
"3,4,13,24",36,43,36,43,1,0,1,0
"3,4,13,34",31,30,31,30,1,0,1,0
"3,4,13,64",1,43,1,43,1,0,1,0
"3,4,14,29",34,2,34,2,1,0,1,0
"3,4,14,40",43,33,43,33,1,0,1,0
"3,4,14,50",10,2,10,2,1,0,1,0
"3,4,15,32",2,23,2,23,1,0,1,0
"3,4,16,20",5,5,5,6,0,0,1,1
"3,4,19,20",60,25,25,25,1,1,0,0
"3,4,19,41",55,5,55,5,1,0,1,0
"3,4,20,77",5,60,5,60,1,0,1,0
"3,4,21,30",6,10,6,10,1,0,1,0
"3,4,21,48",20,31,20,31,1,0,1,0
"3,4,23,28",67,55,67,55,1,0,1,0
"3,4,23,48",66,55,66,55,1,0,1,0
"3,4,23,49",67,13,67,13,1,0,1,0
"3,4,23,67",5,13,5,13,1,0,1,0
"3,4,24,25",15,5,5,5,1,1,0,0
"3,4,24,39",36,15,15,15,1,1,0,0
"3,4,24,60",20,6,20,6,1,0,1,0
"3,4,25,42",15,34,15,34,1,0,1,0
"3,4,25,50",15,43,15,43,1,0,1,0
"3,4,27,30",75,18,75,18,1,0,1,0
"3,4,27,40",2,31,2,31,1,0,1,0
"3,4,27,69",2,6,2,6,1,0,1,0
"3,4,28,29",67,5,5,5,1,1,0,0
"3,4,28,61",10,60,10,60,1,0,1,0
"3,4,29,33",2,34,2,34,1,0,1,0
"3,4,29,36",2,20,2,20,1,0,1,0
"3,4,30,40",49,10,10,10,1,1,0,0
"3,4,30,55",19,75,19,75,1,0,1,0
"3,4,30,76",34,66,34,66,1,0,1,0
"3,4,31,34",76,25,76,25,1,0,1,0
"3,4,31,50",5,34,5,34,1,0,1,0
"3,4,31,67",5,37,5,37,1,0,1,0
"3,4,32,55",5,31,5,31,1,0,1,0
"3,4,32,59",5,5,14,14,0,1,0,1
"3,4,33,43",5,59,5,59,1,0,1,0
"3,4,36,70",14,7,14,7,1,0,1,0
"3,4,38,44",28,11,28,11,1,0,1,0
"3,4,39,50",49,66,49,66,1,0,1,0
"3,4,40,48",43,8,43,8,1,0,1,0
"3,4,40,66",2,30,2,30,1,0,1,0
"3,4,41,58",49,49,36,36,0,1,0,1
"3,4,42,50",34,2,34,2,1,0,1,0
"3,4,46,59",66,66,66,14,0,0,1,1
"3,4,47,70",27,66,27,66,1,0,1,0
"3,4,48,60",6,30,6,30,1,0,1,0
"3,4,50,66",49,20,49,20,1,0,1,0
"3,4,53,77",20,76,20,76,1,0,1,0
"3,4,60,68",61,61,61,28,0,0,1,1
"3,4,61,77",67,5,5,5,1,1,0,0
"3,4,65,70",14,66,14,66,1,0,1,0
"3,4,68,75",67,67,67,11,0,0,1,1
"3,5,10,43",13,2,13,2,1,0,1,0
"3,5,11,21",37,4,37,4,1,0,1,0
"3,5,11,32",16,4,16,4,1,0,1,0
"3,5,11,38",37,4,37,4,1,0,1,0
"3,5,11,40",37,4,37,4,1,0,1,0
"3,5,12,21",29,6,29,6,1,0,1,0
"3,5,12,69",75,19,75,19,1,0,1,0
"3,5,13,27",10,43,10,43,1,0,1,0
"3,5,13,29",6,6,53,53,0,1,0,1
"3,5,19,39",4,4,4,1,0,0,1,1
"3,5,19,46",2,4,2,4,1,0,1,0
"3,5,19,50",26,4,26,4,1,0,1,0
"3,5,20,29",12,6,12,6,1,0,1,0
"3,5,20,40",0,0,8,8,0,1,0,1
"3,5,21,31",37,39,37,39,1,0,1,0
"3,5,21,33",45,57,45,57,1,0,1,0
"3,5,21,43",4,15,4,15,1,0,1,0
"3,5,21,45",33,57,33,57,1,0,1,0
"3,5,21,59",2,33,2,33,1,0,1,0
"3,5,22,29",53,6,53,6,1,0,1,0
"3,5,27,60",37,2,37,2,1,0,1,0
"3,5,29,32",59,12,59,12,1,0,1,0
"3,5,29,45",57,59,57,59,1,0,1,0
"3,5,29,49",57,19,57,19,1,0,1,0
"3,5,29,50",30,59,30,59,1,0,1,0
"3,5,30,49",29,29,4,4,0,1,0,1
"3,5,30,75",4,29,4,29,1,0,1,0
"3,5,31,39",12,7,12,7,1,0,1,0
"3,5,36,43",13,41,13,41,1,0,1,0
"3,5,37,46",28,28,28,53,0,0,1,1
"3,5,37,50",35,4,35,4,1,0,1,0
"3,5,37,52",4,2,4,2,1,0,1,0
"3,5,37,58",11,28,11,28,1,0,1,0
"3,5,37,61",31,7,31,7,1,0,1,0
"3,5,38,39",12,6,12,6,1,0,1,0
"3,5,45,51",11,33,11,33,1,0,1,0
"3,5,48,49",59,29,29,29,1,1,0,0
"3,5,65,66",55,4,55,4,1,0,1,0
"3,10,11,14",54,43,54,43,1,0,1,0
"3,10,12,13",43,36,43,36,1,0,1,0
"3,10,13,28",55,4,55,4,1,0,1,0
"3,10,13,34",16,14,16,14,1,0,1,0
"3,10,13,37",53,15,53,15,1,0,1,0
"3,10,14,61",4,4,54,54,0,1,0,1
"3,10,15,40",13,30,13,30,1,0,1,0
"3,10,15,56",2,11,2,11,1,0,1,0
"3,10,15,68",14,5,14,5,1,0,1,0
"3,10,16,34",13,6,13,6,1,0,1,0
"3,10,16,46",48,19,48,19,1,0,1,0
"3,10,19,35",28,43,28,43,1,0,1,0
"3,10,21,30",40,40,40,4,0,0,1,1
"3,10,22,32",12,27,48,27,1,1,1,0
"3,10,23,39",55,15,55,15,1,0,1,0
"3,10,23,43",19,50,19,50,1,0,1,0
"3,10,23,48",43,55,43,55,1,0,1,0
"3,10,24,66",21,19,21,19,1,0,1,0
"3,10,25,61",43,15,43,15,1,0,1,0
"3,10,28,55",2,48,2,48,1,0,1,0
"3,10,28,66",2,19,2,19,1,0,1,0
"3,10,28,70",4,55,4,55,1,0,1,0
"3,10,29,36",48,48,39,48,0,1,1,0
"3,10,29,59",33,43,33,43,1,0,1,0
"3,10,29,70",15,60,15,60,1,0,1,0
"3,10,30,37",70,66,70,66,1,0,1,0
"3,10,30,57",60,37,60,37,1,0,1,0
"3,10,30,59",66,60,60,60,1,1,0,0
"3,10,30,64",60,66,66,66,1,1,0,0
"3,10,31,55",19,30,19,30,1,0,1,0
"3,10,31,66",21,30,21,30,1,0,1,0
"3,10,32,41",29,27,29,27,1,0,1,0
"3,10,33,40",66,60,66,60,1,0,1,0
"3,10,34,50",29,41,29,41,1,0,1,0
"3,10,34,64",28,1,28,1,1,0,1,0
"3,10,40,45",27,55,27,55,1,0,1,0
"3,10,40,57",60,30,60,30,1,0,1,0
"3,10,41,57",11,67,11,67,1,0,1,0
"3,10,43,56",19,16,19,16,1,0,1,0
"3,10,45,52",13,43,13,43,1,0,1,0
"3,10,46,67",22,19,22,19,1,0,1,0
"3,10,50,53",43,43,43,60,0,0,1,1
"3,10,50,59",43,66,43,66,1,0,1,0
"3,10,50,75",30,66,30,66,1,0,1,0
"3,10,53,55",19,46,19,46,1,0,1,0
"3,10,59,70",43,43,43,60,0,0,1,1
"3,10,66,77",21,14,21,14,1,0,1,0
"3,10,67,75",73,74,73,74,1,0,1,0
"3,10,68,75",66,18,18,18,1,1,0,0
"3,11,12,15",55,4,55,4,1,0,1,0
"3,11,13,20",53,29,29,29,1,1,0,0
"3,11,13,37",16,14,16,14,1,0,1,0
"3,11,14,16",61,5,61,5,1,0,1,0
"3,11,14,33",51,13,51,13,1,0,1,0
"3,11,14,37",5,13,5,13,1,0,1,0
"3,11,14,40",16,33,16,33,1,0,1,0
"3,11,15,25",4,4,4,43,0,0,1,1
"3,11,15,48",55,4,55,4,1,0,1,0
"3,11,16,24",4,56,4,56,1,0,1,0
"3,11,16,50",14,5,14,5,1,0,1,0
"3,11,16,60",15,10,15,10,1,0,1,0
"3,11,19,20",25,47,25,47,1,0,1,0
"3,11,19,24",13,43,13,43,1,0,1,0
"3,11,19,30",57,39,57,39,1,0,1,0
"3,11,19,53",29,15,29,15,1,0,1,0
"3,11,20,22",74,29,74,29,1,0,1,0
"3,11,20,27",60,47,60,47,1,0,1,0
"3,11,20,32",56,29,56,29,1,0,1,0
"3,11,20,39",47,48,47,48,1,0,1,0
"3,11,20,51",47,29,47,29,1,0,1,0
"3,11,20,55",15,60,15,60,1,0,1,0
"3,11,20,59",19,56,19,56,1,0,1,0
"3,11,21,31",48,39,39,39,1,1,0,0
"3,11,22,42",74,74,2,2,0,1,0,1
"3,11,23,49",51,33,51,33,1,0,1,0
"3,11,25,38",19,20,19,20,1,0,1,0
"3,11,25,50",61,20,20,20,1,1,0,0
"3,11,27,77",10,15,10,15,1,0,1,0
"3,11,28,29",4,56,4,56,1,0,1,0
"3,11,28,35",27,19,27,19,1,0,1,0
"3,11,28,39",16,48,16,48,1,0,1,0
"3,11,29,51",23,20,23,20,1,0,1,0
"3,11,30,40",57,10,57,10,1,0,1,0
"3,11,31,33",65,28,65,28,1,0,1,0
"3,11,32,33",48,27,48,27,1,0,1,0
"3,11,32,38",56,2,56,2,1,0,1,0
"3,11,32,55",15,15,27,27,0,1,0,1
"3,11,33,45",28,53,28,53,1,0,1,0
"3,11,33,47",65,23,65,23,1,0,1,0
"3,11,33,51",14,23,14,23,1,0,1,0
"3,11,33,61",54,28,54,28,1,0,1,0
"3,11,34,40",4,43,4,43,1,0,1,0
"3,11,34,41",27,10,27,10,1,0,1,0
"3,11,35,58",5,28,5,28,1,0,1,0
"3,11,36,46",27,4,27,4,1,0,1,0
"3,11,36,53",43,27,43,27,1,0,1,0
"3,11,38,41",57,37,57,37,1,0,1,0
"3,11,38,50",47,20,47,20,1,0,1,0
"3,11,41,42",23,23,23,14,0,0,1,1
"3,11,41,57",48,30,48,30,1,0,1,0
"3,11,43,66",57,14,57,14,1,0,1,0
"3,11,44,57",5,37,5,37,1,0,1,0
"3,11,46,70",53,53,14,14,0,1,0,1
"3,11,48,52",30,47,30,47,1,0,1,0
"3,11,52,61",4,16,4,16,1,0,1,0
"3,11,55,56",61,4,61,4,1,0,1,0
"3,11,56,60",61,4,61,4,1,0,1,0
"3,11,65,68",33,56,33,56,1,0,1,0
"3,11,68,75",5,4,5,4,1,0,1,0
"3,12,13,23",75,19,75,19,1,0,1,0
"3,12,13,48",43,19,10,19,1,1,1,0
"3,12,13,55",75,10,75,10,1,0,1,0
"3,12,14,24",13,19,13,19,1,0,1,0
"3,12,15,16",66,43,66,43,1,0,1,0
"3,12,15,53",11,60,11,60,1,0,1,0
"3,12,16,30",10,11,10,11,1,0,1,0
"3,12,16,43",36,36,36,15,0,0,1,1
"3,12,20,33",42,23,42,23,1,0,1,0
"3,12,21,42",2,33,2,33,1,0,1,0
"3,12,21,67",15,4,15,4,1,0,1,0
"3,12,24,37",75,75,19,19,0,1,0,1
"3,12,24,75",23,4,23,4,1,0,1,0
"3,12,27,46",36,66,36,66,1,0,1,0
"3,12,27,77",32,66,32,66,1,0,1,0
"3,12,30,35",29,15,29,15,1,0,1,0
"3,12,30,42",2,33,2,2,1,0,0,1
"3,12,30,46",6,19,6,19,1,0,1,0
"3,12,31,37",21,57,21,57,1,0,1,0
"3,12,33,53",66,57,66,57,1,0,1,0
"3,12,36,50",43,43,66,66,0,1,0,1
"3,12,43,53",66,75,75,75,1,1,0,0
"3,12,44,52",36,75,36,75,1,0,1,0
"3,12,48,51",18,42,18,42,1,0,1,0
"3,12,51,61",11,11,75,75,0,1,0,1
"3,12,52,68",69,75,69,75,1,0,1,0
"3,12,53,66",10,15,10,15,1,0,1,0
"3,12,55,57",60,15,60,15,1,0,1,0
"3,12,57,77",17,5,17,5,1,0,1,0
"3,12,66,77",15,14,15,14,1,0,1,0
"3,13,15,77",14,14,53,53,0,1,0,1
"3,13,16,43",10,15,10,15,1,0,1,0
"3,13,16,51",9,33,9,33,1,0,1,0
"3,13,19,24",37,23,37,23,1,0,1,0
"3,13,20,38",14,14,29,29,0,1,0,1
"3,13,21,31",48,48,48,30,0,0,1,1
"3,13,23,68",11,18,11,18,1,0,1,0
"3,13,29,40",67,8,67,8,1,0,1,0
"3,13,29,69",12,39,12,39,1,0,1,0
"3,13,30,67",27,27,4,4,0,1,0,1
"3,13,34,43",31,19,31,19,1,0,1,0
"3,13,35,75",30,43,30,43,1,0,1,0
"3,13,35,77",14,37,14,37,1,0,1,0
"3,13,38,58",31,6,31,6,1,0,1,0
"3,13,39,55",29,15,29,15,1,0,1,0
"3,13,40,49",23,30,30,30,1,1,0,0
"3,13,40,50",22,23,23,23,1,1,0,0
"3,13,40,51",39,39,39,43,0,0,1,1
"3,13,40,53",76,20,76,20,1,0,1,0
"3,13,42,69",19,33,19,33,1,0,1,0
"3,13,44,70",30,6,30,6,1,0,1,0
"3,13,45,65",2,37,2,37,1,0,1,0
"3,13,46,53",48,29,48,29,1,0,1,0
"3,13,46,66",37,14,37,14,1,0,1,0
"3,13,47,57",30,37,37,37,1,1,0,0
"3,13,47,75",76,19,76,19,1,0,1,0
"3,13,48,57",37,37,53,37,0,1,1,0
"3,13,51,53",46,48,48,48,1,1,0,0
"3,13,55,66",9,39,9,39,1,0,1,0
"3,13,64,65",37,37,45,45,0,1,0,1
"3,14,15,25",43,66,43,66,1,0,1,0
"3,14,15,33",4,60,4,60,1,0,1,0
"3,14,16,23",32,9,32,9,1,0,1,0
"3,14,16,43",34,34,10,10,0,1,0,1
"3,14,20,59",25,37,25,37,1,0,1,0
"3,14,20,67",65,66,65,66,1,0,1,0
"3,14,23,42",32,50,32,50,1,0,1,0
"3,14,23,75",33,18,33,18,1,0,1,0
"3,14,24,33",5,11,5,11,1,0,1,0
"3,14,27,50",66,66,23,23,0,1,0,1
"3,14,28,30",66,33,66,33,1,0,1,0
"3,14,28,50",32,4,32,4,1,0,1,0
"3,14,29,57",30,30,59,59,0,1,0,1
"3,14,31,33",39,41,39,41,1,0,1,0
"3,14,34,59",23,60,60,60,1,1,0,0
"3,14,34,66",21,26,21,26,1,0,1,0
"3,14,36,65",20,4,20,4,1,0,1,0
"3,14,36,66",21,46,21,46,1,0,1,0
"3,14,37,38",65,43,65,43,1,0,1,0
"3,14,38,56",66,11,66,11,1,0,1,0
"3,14,39,40",59,30,30,30,1,1,0,0
"3,14,39,41",42,30,42,30,1,0,1,0
"3,14,39,43",15,66,15,66,1,0,1,0
"3,14,40,70",65,30,65,30,1,0,1,0
"3,14,41,42",23,39,23,39,1,0,1,0
"3,14,43,48",66,59,59,59,1,1,0,0
"3,14,43,55",23,59,23,59,1,0,1,0
"3,14,47,65",77,77,77,20,0,0,1,1
"3,14,48,52",24,66,66,66,1,1,0,0
"3,14,48,57",33,59,33,59,1,0,1,0
"3,14,50,53",59,20,59,20,1,0,1,0
"3,14,50,70",59,20,59,20,1,0,1,0
"3,14,51,56",33,66,33,66,1,0,1,0
"3,14,53,60",66,15,66,15,1,0,1,0
"3,14,56,57",11,11,11,59,0,0,1,1
"3,14,58,59",60,19,60,19,1,0,1,0
"3,14,66,69",15,34,15,34,1,0,1,0
"3,15,21,48",47,47,47,4,0,0,1,1
"3,15,22,29",53,34,53,34,1,0,1,0
"3,15,22,32",41,27,41,27,1,0,1,0
"3,15,22,67",13,29,13,29,1,0,1,0
"3,15,23,32",41,4,41,4,1,0,1,0
"3,15,24,36",12,19,12,19,1,0,1,0
"3,15,27,41",23,32,23,32,1,0,1,0
"3,15,27,56",39,11,11,11,1,1,0,0
"3,15,29,34",53,22,53,22,1,0,1,0
"3,15,31,59",55,55,14,14,0,1,0,1
"3,15,33,42",43,4,43,4,1,0,1,0
"3,15,33,48",66,60,66,60,1,0,1,0
"3,15,33,55",65,23,65,23,1,0,1,0
"3,15,34,51",25,6,25,6,1,0,1,0
"3,15,37,47",66,27,27,27,1,1,0,0
"3,15,40,55",11,39,11,39,1,0,1,0
"3,15,40,67",13,39,13,39,1,0,1,0
"3,15,41,60",53,53,57,53,0,1,1,0
"3,15,42,70",10,66,10,66,1,0,1,0
"3,15,43,45",13,13,13,5,0,0,1,1
"3,15,43,58",25,13,25,13,1,0,1,0
"3,15,44,45",55,5,55,5,1,0,1,0
"3,15,44,59",5,66,5,66,1,0,1,0
"3,15,44,77",14,14,53,53,0,1,0,1
"3,15,47,61",66,55,66,55,1,0,1,0
"3,15,48,50",66,66,66,10,0,0,1,1
"3,15,51,59",60,60,60,43,0,0,1,1
"3,15,53,57",66,60,60,60,1,1,0,0
"3,15,53,66",11,47,11,47,1,0,1,0
"3,15,53,77",14,66,66,66,1,1,0,0
"3,15,59,77",14,14,5,5,0,1,0,1
"3,15,64,67",29,69,29,69,1,0,1,0
"3,16,19,38",10,26,10,26,1,0,1,0
"3,16,19,59",2,9,2,9,1,0,1,0
"3,16,21,58",57,66,57,66,1,0,1,0
"3,16,22,39",13,33,13,33,1,0,1,0
"3,16,22,43",10,10,10,15,0,0,1,1
"3,16,23,48",39,39,24,24,0,1,0,1
"3,16,24,40",33,43,33,43,1,0,1,0
"3,16,24,44",56,48,56,48,1,0,1,0
"3,16,25,31",48,61,48,61,1,0,1,0
"3,16,25,38",79,5,79,5,1,0,1,0
"3,16,25,39",43,48,43,43,1,0,0,1
"3,16,27,31",43,34,43,34,1,0,1,0
"3,16,30,34",10,43,10,43,1,0,1,0
"3,16,30,43",10,34,34,34,1,1,0,0
"3,16,30,70",6,43,6,43,1,0,1,0
"3,16,33,38",9,28,9,28,1,0,1,0
"3,16,33,51",9,24,9,24,1,0,1,0
"3,16,36,38",10,66,10,66,1,0,1,0
"3,16,38,39",9,12,9,12,1,0,1,0
"3,16,38,53",17,61,17,61,1,0,1,0
"3,16,39,44",48,48,11,11,0,1,0,1
"3,16,43,68",5,67,5,67,1,0,1,0
"3,16,44,48",39,37,39,37,1,0,1,0
"3,16,44,56",24,6,24,6,1,0,1,0
"3,16,46,51",75,52,75,52,1,0,1,0
"3,16,49,51",79,25,79,25,1,0,1,0
"3,19,20,24",75,30,30,30,1,1,0,0
"3,19,20,25",65,53,65,53,1,0,1,0
"3,19,20,31",21,25,21,25,1,0,1,0
"3,19,20,32",22,22,22,23,0,0,1,1
"3,19,20,46",37,25,37,25,1,0,1,0
"3,19,21,39",49,25,25,25,1,1,0,0
"3,19,21,59",2,66,2,66,1,0,1,0
"3,19,22,23",55,33,55,33,1,0,1,0
"3,19,22,32",12,12,12,48,0,0,1,1
"3,19,24,52",25,2,25,2,1,0,1,0
"3,19,24,76",22,22,22,25,0,0,1,1
"3,19,25,34",15,4,15,4,1,0,1,0
"3,19,25,42",33,9,33,9,1,0,1,0
"3,19,25,50",26,20,26,20,1,0,1,0
"3,19,28,46",12,59,12,59,1,0,1,0
"3,19,28,50",46,10,46,10,1,0,1,0
"3,19,29,57",12,49,12,49,1,0,1,0
"3,19,30,41",57,39,57,39,1,0,1,0
"3,19,30,57",31,49,31,49,1,0,1,0
"3,19,31,39",48,30,57,30,1,1,1,0
"3,19,32,59",48,2,48,2,1,0,1,0
"3,19,33,34",66,27,66,27,1,0,1,0
"3,19,33,65",11,25,11,25,1,0,1,0
"3,19,35,75",30,12,30,12,1,0,1,0
"3,19,37,41",55,39,55,39,1,0,1,0
"3,19,37,42",13,9,13,9,1,0,1,0
"3,19,39,55",10,15,10,15,1,0,1,0
"3,19,39,58",59,59,30,30,0,1,0,1
"3,19,40,57",48,30,48,30,1,0,1,0
"3,19,42,56",66,66,59,59,0,1,0,1
"3,19,43,46",36,10,36,10,1,0,1,0
"3,19,43,75",30,66,30,66,1,0,1,0
"3,19,44,66",34,4,34,4,1,0,1,0
"3,19,49,64",43,69,43,69,1,0,1,0
"3,19,53,65",20,25,25,25,1,1,0,0
"3,19,60,66",30,59,30,59,1,0,1,0
"3,19,61,65",2,54,2,54,1,0,1,0
"3,19,65,69",64,75,64,75,1,0,1,0
"3,20,22,31",19,19,25,19,0,1,1,0
"3,20,23,32",50,59,50,59,1,0,1,0
"3,20,23,47",57,29,57,29,1,0,1,0
"3,20,23,52",47,47,12,12,0,1,0,1
"3,20,23,57",47,47,12,12,0,1,0,1
"3,20,23,59",19,33,19,33,1,0,1,0
"3,20,23,60",22,27,27,27,1,1,0,0
"3,20,24,44",25,25,14,14,0,1,0,1
"3,20,25,50",76,14,76,14,1,0,1,0
"3,20,28,29",11,33,11,33,1,0,1,0
"3,20,28,70",60,14,60,14,1,0,1,0
"3,20,29,47",39,23,39,23,1,0,1,0
"3,20,29,49",30,11,19,19,1,1,0,1
"3,20,30,32",60,29,60,29,1,0,1,0
"3,20,30,47",60,48,48,48,1,1,0,0
"3,20,30,61",39,57,39,57,1,0,1,0
"3,20,31,37",25,25,59,25,0,1,1,0
"3,20,32,60",30,23,30,23,1,0,1,0
"3,20,33,47",23,23,11,11,0,1,0,1
"3,20,34,36",74,29,74,29,1,0,1,0
"3,20,36,46",53,66,53,66,1,0,1,0
"3,20,37,56",28,11,11,11,1,1,0,0
"3,20,42,50",66,59,66,59,1,0,1,0
"3,20,42,59",31,31,50,31,0,1,1,0
"3,20,44,58",46,53,46,53,1,0,1,0
"3,20,46,76",4,19,4,19,1,0,1,0
"3,20,47,59",19,2,19,2,1,0,1,0
"3,20,60,69",15,15,15,66,0,0,1,1
"3,20,66,69",65,60,65,60,1,0,1,0
"3,21,22,32",33,12,33,12,1,0,1,0
"3,21,22,60",20,48,48,48,1,1,0,0
"3,21,23,48",53,20,53,20,1,0,1,0
"3,21,24,66",14,15,14,15,1,0,1,0
"3,21,25,41",75,39,75,39,1,0,1,0
"3,21,27,31",4,30,4,30,1,0,1,0
"3,21,28,37",61,33,61,33,1,0,1,0
"3,21,30,36",4,27,4,27,1,0,1,0
"3,21,30,67",10,4,10,4,1,0,1,0
"3,21,30,68",11,14,11,14,1,0,1,0
"3,21,31,41",48,30,48,30,1,0,1,0
"3,21,31,42",37,66,37,66,1,0,1,0
"3,21,31,52",12,48,12,48,1,0,1,0
"3,21,31,55",43,66,43,66,1,0,1,0
"3,21,31,61",48,57,48,57,1,0,1,0
"3,21,32,35",30,30,27,27,0,1,0,1
"3,21,33,59",41,48,41,48,1,0,1,0
"3,21,34,67",57,48,57,48,1,0,1,0
"3,21,37,43",27,66,27,66,1,0,1,0
"3,21,37,48",16,38,16,38,1,0,1,0
"3,21,38,75",77,43,77,43,1,0,1,0
"3,21,39,43",36,37,36,37,1,0,1,0
"3,21,39,52",33,25,33,25,1,0,1,0
"3,21,39,59",9,29,9,29,1,0,1,0
"3,21,40,75",25,43,25,43,1,0,1,0
"3,21,42,66",34,26,34,26,1,0,1,0
"3,21,43,55",31,57,31,57,1,0,1,0
"3,21,43,66",14,37,14,37,1,0,1,0
"3,21,48,68",28,53,28,53,1,0,1,0
"3,21,49,57",29,29,25,25,0,1,0,1
"3,21,51,58",57,57,57,48,0,0,1,1
"3,21,53,57",19,33,19,33,1,0,1,0
"3,21,55,57",60,43,60,43,1,0,1,0
"3,21,58,60",66,66,48,48,0,1,0,1
"3,21,59,61",54,57,54,57,1,0,1,0
"3,22,23,33",21,29,21,29,1,0,1,0
"3,22,23,41",11,29,11,29,1,0,1,0
"3,22,23,51",21,18,21,18,1,0,1,0
"3,22,23,60",20,55,20,55,1,0,1,0
"3,22,24,33",42,21,42,21,1,0,1,0
"3,22,25,32",18,19,18,19,1,0,1,0
"3,22,25,75",19,21,19,21,1,0,1,0
"3,22,27,48",60,10,60,10,1,0,1,0
"3,22,29,38",62,11,62,11,1,0,1,0
"3,22,29,59",33,54,33,54,1,0,1,0
"3,22,30,70",48,39,48,39,1,0,1,0
"3,22,31,76",39,30,39,30,1,0,1,0
"3,22,33,60",42,15,42,15,1,0,1,0
"3,22,34,55",30,41,30,41,1,0,1,0
"3,22,38,55",23,43,43,43,1,1,0,0
"3,22,39,49",13,48,13,48,1,0,1,0
"3,22,40,45",52,54,52,54,1,0,1,0
"3,22,40,60",10,48,10,10,1,0,0,1
"3,22,43,47",36,27,36,27,1,0,1,0
"3,22,43,70",67,67,10,10,0,1,0,1
"3,22,47,49",23,23,48,48,0,1,0,1
"3,22,48,49",18,30,18,30,1,0,1,0
"3,22,49,55",23,4,23,4,1,0,1,0
"3,23,24,37",43,43,19,19,0,1,0,1
"3,23,29,30",57,33,57,33,1,0,1,0
"3,23,29,40",57,30,57,30,1,0,1,0
"3,23,29,67",15,15,15,55,0,0,1,1
"3,23,30,33",47,29,47,29,1,0,1,0
"3,23,30,40",57,57,57,13,0,0,1,1
"3,23,30,55",22,75,22,75,1,0,1,0
"3,23,30,60",66,55,66,55,1,0,1,0
"3,23,31,32",43,39,43,39,1,0,1,0
"3,23,31,35",27,27,43,43,0,1,0,1
"3,23,31,59",32,48,32,48,1,0,1,0
"3,23,32,33",14,59,14,59,1,0,1,0
"3,23,32,52",41,43,43,43,1,1,0,0
"3,23,33,65",17,11,17,11,1,0,1,0
"3,23,34,43",16,14,16,14,1,0,1,0
"3,23,35,41",32,32,5,5,0,1,0,1
"3,23,35,59",2,14,2,14,1,0,1,0
"3,23,36,44",43,43,27,27,0,1,0,1
"3,23,36,55",48,22,48,22,1,0,1,0
"3,23,37,53",46,46,20,20,0,1,0,1
"3,23,37,57",30,47,47,47,1,1,0,0
"3,23,40,43",37,32,37,32,1,0,1,0
"3,23,41,48",53,11,53,11,1,0,1,0
"3,23,42,58",33,18,33,18,1,0,1,0
"3,23,43,60",59,20,59,20,1,0,1,0
"3,23,47,52",57,7,57,7,1,0,1,0
"3,23,50,51",47,11,47,11,1,0,1,0
"3,24,27,77",34,60,34,60,1,0,1,0
"3,24,28,38",78,14,78,14,1,0,1,0
"3,24,28,39",31,12,31,12,1,0,1,0
"3,24,28,41",70,14,70,14,1,0,1,0
"3,24,28,68",14,44,14,44,1,0,1,0
"3,24,28,69",66,64,66,64,1,0,1,0
"3,24,28,76",36,75,36,75,1,0,1,0
"3,24,29,75",19,30,19,19,1,0,0,1
"3,24,30,41",75,48,75,48,1,0,1,0
"3,24,30,58",13,75,13,75,1,0,1,0
"3,24,31,66",4,34,4,34,1,0,1,0
"3,24,38,51",78,33,78,33,1,0,1,0
"3,24,41,57",48,48,33,33,0,1,0,1
"3,24,42,58",48,33,33,33,1,1,0,0
"3,24,42,69",19,19,43,19,0,1,1,0
"3,24,43,51",19,60,19,60,1,0,1,0
"3,24,46,56",2,66,2,66,1,0,1,0
"3,24,56,65",33,33,2,2,0,1,0,1
"3,24,57,58",60,60,60,48,0,0,1,1
"3,24,66,70",69,34,69,34,1,0,1,0
"3,25,27,57",12,39,12,39,1,0,1,0
"3,25,28,34",27,4,27,4,1,0,1,0
"3,25,29,30",75,57,75,57,1,0,1,0
"3,25,30,43",4,70,4,70,1,0,1,0
"3,25,31,61",39,11,39,11,1,0,1,0
"3,25,31,75",39,30,39,30,1,0,1,0
"3,25,33,43",4,15,4,15,1,0,1,0
"3,25,37,39",75,44,75,44,1,0,1,0
"3,25,37,77",42,75,42,75,1,0,1,0
"3,25,39,51",75,57,75,57,1,0,1,0
"3,25,39,70",43,13,43,13,1,0,1,0
"3,25,40,57",48,30,48,30,1,0,1,0
"3,25,40,76",13,13,37,37,0,1,0,1
"3,25,43,60",16,52,16,52,1,0,1,0
"3,25,44,76",24,79,24,79,1,0,1,0
"3,25,48,75",53,59,53,59,1,0,1,0
"3,25,49,61",43,57,43,57,1,0,1,0
"3,25,49,75",39,48,39,48,1,0,1,0
"3,25,52,68",61,43,61,43,1,0,1,0
"3,25,56,76",65,20,65,20,1,0,1,0
"3,25,57,60",67,66,67,66,1,0,1,0
"3,25,57,68",6,18,6,18,1,0,1,0
"3,25,59,76",53,65,53,65,1,0,1,0
"3,25,66,70",65,43,65,43,1,0,1,0
"3,25,67,69",66,66,15,15,0,1,0,1
"3,27,31,59",55,32,55,32,1,0,1,0
"3,27,31,67",32,33,32,33,1,0,1,0
"3,27,32,60",33,59,33,59,1,0,1,0
"3,27,33,77",34,32,34,32,1,0,1,0
"3,27,40,53",60,43,60,43,1,0,1,0
"3,27,41,43",5,37,5,37,1,0,1,0
"3,27,42,43",59,37,59,37,1,0,1,0
"3,27,43,50",5,23,5,23,1,0,1,0
"3,28,29,35",11,5,11,5,1,0,1,0
"3,28,30,34",4,4,66,66,0,1,0,1
"3,28,30,37",4,31,4,31,1,0,1,0
"3,28,30,41",31,31,33,33,0,1,0,1
"3,28,32,33",22,2,22,2,1,0,1,0
"3,28,33,37",11,5,11,5,1,0,1,0
"3,28,33,38",54,11,54,11,1,0,1,0
"3,28,34,48",66,27,66,27,1,0,1,0
"3,28,37,56",46,19,46,19,1,0,1,0
"3,28,38,53",11,48,11,48,1,0,1,0
"3,28,40,56",37,37,48,48,0,1,0,1
"3,28,48,67",37,37,55,55,0,1,0,1
"3,28,49,52",58,7,58,7,1,0,1,0
"3,28,49,60",66,55,66,55,1,0,1,0
"3,28,70,76",4,20,4,20,1,0,1,0
"3,29,30,31",57,41,57,41,1,0,1,0
"3,29,30,41",57,31,57,31,1,0,1,0
"3,29,30,69",57,39,57,39,1,0,1,0
"3,29,31,69",30,30,39,39,0,1,0,1
"3,29,32,60",33,27,27,27,1,1,0,0
"3,29,34,59",33,66,33,66,1,0,1,0
"3,29,35,41",32,30,30,30,1,1,0,0
"3,29,36,43",19,13,19,13,1,0,1,0
"3,29,37,41",30,13,30,13,1,0,1,0
"3,29,37,43",36,13,36,13,1,0,1,0
"3,29,38,43",67,19,67,19,1,0,1,0
"3,29,41,59",30,14,30,14,1,0,1,0
"3,29,42,58",2,2,59,59,0,1,0,1
"3,29,42,59",37,39,37,39,1,0,1,0
"3,29,42,69",6,6,59,59,0,1,0,1
"3,29,44,60",10,15,10,15,1,0,1,0
"3,29,49,57",48,19,48,19,1,0,1,0
"3,29,51,55",48,48,15,15,0,1,0,1
"3,29,56,76",61,61,20,20,0,1,0,1
"3,29,60,76",4,36,4,36,1,0,1,0
"3,29,61,76",56,47,56,47,1,0,1,0
"3,30,32,75",31,27,31,27,1,0,1,0
"3,30,33,39",9,31,9,31,1,0,1,0
"3,30,33,40",39,39,66,66,0,1,0,1
"3,30,33,65",31,39,31,39,1,0,1,0
"3,30,34,43",38,31,38,31,1,0,1,0
"3,30,34,60",31,29,31,29,1,0,1,0
"3,30,36,70",43,43,66,66,0,1,0,1
"3,30,40,53",57,13,57,13,1,0,1,0
"3,30,40,59",66,14,66,14,1,0,1,0
"3,30,41,49",57,57,33,33,0,1,0,1
"3,30,41,57",29,11,29,11,1,0,1,0
"3,30,43,49",4,33,4,33,1,0,1,0
"3,30,46,52",48,48,66,66,0,1,0,1
"3,30,46,57",47,19,47,19,1,0,1,0
"3,30,46,59",19,19,14,14,0,1,0,1
"3,30,49,75",35,33,35,33,1,0,1,0
"3,30,52,66",60,34,60,34,1,0,1,0
"3,30,55,57",60,31,60,31,1,0,1,0
"3,30,57,58",25,13,25,13,1,0,1,0
"3,30,64,66",67,10,67,10,1,0,1,0
"3,31,32,34",43,4,43,4,1,0,1,0
"3,31,32,38",30,30,30,48,0,0,1,1
"3,31,32,39",33,12,33,12,1,0,1,0
"3,31,32,46",30,30,27,27,0,1,0,1
"3,31,32,48",33,21,33,21,1,0,1,0
"3,31,32,58",4,27,4,27,1,0,1,0
"3,31,33,41",28,14,14,14,1,1,0,0
"3,31,33,52",32,28,32,28,1,0,1,0
"3,31,36,48",4,39,4,39,1,0,1,0
"3,31,36,66",21,39,21,39,1,0,1,0
"3,31,37,41",30,11,30,11,1,0,1,0
"3,31,37,66",67,21,67,21,1,0,1,0
"3,31,39,47",57,11,57,48,1,0,1,1
"3,31,41,47",37,11,37,11,1,0,1,0
"3,31,41,57",39,11,39,11,1,0,1,0
"3,31,43,48",37,39,37,39,1,0,1,0
"3,31,47,61",37,23,37,23,1,0,1,0
"3,31,48,49",53,21,53,21,1,0,1,0
"3,31,50,57",43,23,43,23,1,0,1,0
"3,31,51,60",48,43,48,43,1,0,1,0
"3,31,59,70",37,37,42,42,0,1,0,1
"3,32,34,66",33,30,33,30,1,0,1,0
"3,32,36,56",4,66,4,66,1,0,1,0
"3,32,36,67",12,41,12,41,1,0,1,0
"3,32,37,39",42,48,42,48,1,0,1,0
"3,32,38,59",43,43,48,48,0,1,0,1
"3,32,38,66",43,48,43,48,1,0,1,0
"3,32,39,51",41,27,41,27,1,0,1,0
"3,32,40,48",57,12,57,12,1,0,1,0
"3,32,42,66",43,48,43,48,1,0,1,0
"3,32,43,52",36,36,36,23,0,0,1,1
"3,32,48,55",39,43,66,43,1,1,1,0
"3,32,48,65",33,33,59,59,0,1,0,1
"3,32,50,68",46,66,46,66,1,0,1,0
"3,32,57,59",33,33,48,48,0,1,0,1
"3,33,34,36",14,28,14,28,1,0,1,0
"3,33,34,48",66,60,66,60,1,0,1,0
"3,33,34,59",29,29,29,43,0,0,1,1
"3,33,38,68",65,65,43,43,0,1,0,1
"3,33,38,75",54,48,54,48,1,0,1,0
"3,33,39,69",66,9,66,9,1,0,1,0
"3,33,41,59",49,49,49,57,0,0,1,1
"3,33,43,55",31,65,31,65,1,0,1,0
"3,33,43,70",66,66,66,59,0,0,1,1
"3,33,47,49",59,23,59,23,1,0,1,0
"3,33,48,66",43,53,43,53,1,0,1,0
"3,33,48,68",57,53,57,53,1,0,1,0
"3,33,49,50",57,66,57,66,1,0,1,0
"3,33,49,56",65,59,65,59,1,0,1,0
"3,33,49,61",41,54,41,54,1,0,1,0
"3,33,50,59",5,23,5,5,1,0,0,1
"3,33,51,67",60,43,60,43,1,0,1,0
"3,33,58,65",49,13,49,13,1,0,1,0
"3,33,59,76",29,60,29,60,1,0,1,0
"3,33,64,66",4,67,4,67,1,0,1,0
"3,33,67,70",43,43,66,66,0,1,0,1
"3,34,36,49",33,48,33,48,1,0,1,0
"3,34,36,70",28,7,28,7,1,0,1,0
"3,34,40,60",48,30,48,30,1,0,1,0
"3,34,44,59",66,66,60,60,0,1,0,1
"3,34,45,77",4,66,4,66,1,0,1,0
"3,34,50,59",43,43,66,66,0,1,0,1
"3,34,52,66",42,48,42,48,1,0,1,0
"3,34,58,67",70,13,70,13,1,0,1,0
"3,34,60,76",22,75,22,75,1,0,1,0
"3,34,66,70",42,12,42,12,1,0,1,0
"3,34,67,70",58,7,58,7,1,0,1,0
"3,35,40,75",12,48,12,48,1,0,1,0
"3,35,65,67",66,66,27,27,0,1,0,1
"3,36,39,57",27,27,43,43,0,1,0,1
"3,36,40,55",48,39,48,48,1,0,0,1
"3,36,40,60",20,48,20,48,1,0,1,0
"3,36,43,58",38,13,38,13,1,0,1,0
"3,36,43,68",76,52,76,52,1,0,1,0
"3,36,43,70",38,52,38,52,1,0,1,0
"3,36,44,60",20,53,20,53,1,0,1,0
"3,36,46,60",22,6,22,6,1,0,1,0
"3,36,55,61",57,54,57,54,1,0,1,0
"3,36,65,67",41,2,41,2,1,0,1,0
"3,36,66,68",28,65,28,65,1,0,1,0
"3,37,39,44",11,5,11,5,1,0,1,0
"3,37,39,49",48,48,19,19,0,1,0,1
"3,37,41,44",11,5,11,5,1,0,1,0
"3,37,41,57",11,39,11,39,1,0,1,0
"3,37,46,70",30,19,30,19,1,0,1,0
"3,37,47,50",57,48,57,48,1,0,1,0
"3,37,47,70",13,53,13,53,1,0,1,0
"3,37,52,59",9,2,9,2,1,0,1,0
"3,37,59,70",65,14,65,14,1,0,1,0
"3,38,39,44",66,48,66,48,1,0,1,0
"3,38,40,51",46,41,46,41,1,0,1,0
"3,38,43,50",40,34,40,34,1,0,1,0
"3,38,44,61",4,4,4,11,0,0,1,1
"3,38,48,59",54,14,54,14,1,0,1,0
"3,38,55,67",31,41,31,41,1,0,1,0
"3,38,59,69",43,29,43,29,1,0,1,0
"3,38,60,66",26,48,26,48,1,0,1,0
"3,39,42,59",43,37,43,37,1,0,1,0
"3,39,43,48",36,15,36,15,1,0,1,0
"3,39,43,69",36,13,36,13,1,0,1,0
"3,39,48,56",32,59,32,59,1,0,1,0
"3,39,48,58",28,13,28,13,1,0,1,0
"3,39,48,59",19,9,19,9,1,0,1,0
"3,39,49,55",4,4,15,15,0,1,0,1
"3,39,49,66",9,33,9,33,1,0,1,0
"3,39,56,67",37,4,37,4,1,0,1,0
"3,39,57,69",6,6,29,29,0,1,0,1
"3,40,42,44",14,6,14,6,1,0,1,0
"3,40,43,55",37,31,37,31,1,0,1,0
"3,40,46,57",51,48,51,48,1,0,1,0
"3,40,49,58",30,66,30,66,1,0,1,0
"3,40,57,68",17,12,17,12,1,0,1,0
"3,41,43,55",31,37,31,37,1,0,1,0
"3,41,43,66",42,39,42,39,1,0,1,0
"3,41,46,49",53,48,53,48,1,0,1,0
"3,41,46,65",66,66,14,14,0,1,0,1
"3,41,49,55",48,4,48,4,1,0,1,0
"3,41,50,57",33,66,33,66,1,0,1,0
"3,41,55,60",29,48,29,48,1,0,1,0
"3,41,55,67",74,48,74,48,1,0,1,0
"3,41,57,69",66,66,39,39,0,1,0,1
"3,41,67,76",60,4,60,4,1,0,1,0
"3,41,70,76",25,25,37,37,0,1,0,1
"3,42,43,66",70,37,70,37,1,0,1,0
"3,42,52,65",68,25,68,25,1,0,1,0
"3,43,46,60",59,6,59,6,1,0,1,0
"3,43,47,68",57,27,57,27,1,0,1,0
"3,43,48,57",67,60,67,60,1,0,1,0
"3,43,49,60",51,48,51,48,1,0,1,0
"3,43,51,55",75,31,75,31,1,0,1,0
"3,43,51,60",59,24,59,24,1,0,1,0
"3,43,51,70",67,34,67,34,1,0,1,0
"3,43,52,67",69,19,69,19,1,0,1,0
"3,43,55,57",31,61,31,61,1,0,1,0
"3,43,55,59",38,65,38,65,1,0,1,0
"3,43,56,59",66,60,66,60,1,0,1,0
"3,43,57,58",38,34,38,34,1,0,1,0
"3,43,58,67",38,13,38,13,1,0,1,0
"3,43,60,68",59,38,59,38,1,0,1,0
"3,43,60,69",59,24,59,24,1,0,1,0
"3,44,46,70",72,6,72,6,1,0,1,0
"3,44,48,68",16,28,16,28,1,0,1,0
"3,44,49,52",50,48,50,48,1,0,1,0
"3,44,61,66",34,4,34,4,1,0,1,0
"3,46,50,59",66,66,53,53,0,1,0,1
"3,46,52,68",51,53,51,53,1,0,1,0
"3,46,55,76",53,4,53,4,1,0,1,0
"3,47,48,51",75,57,75,57,1,0,1,0
"3,47,48,52",40,40,66,57,0,1,1,1
"3,47,48,57",37,51,37,51,1,0,1,0
"3,47,50,55",48,48,23,23,0,1,0,1
"3,47,51,52",59,7,59,7,1,0,1,0
"3,47,52,57",23,48,23,48,1,0,1,0
"3,47,56,66",30,2,30,2,1,0,1,0
"3,47,57,68",48,23,48,23,1,0,1,0
"3,48,49,50",66,38,66,38,1,0,1,0
"3,48,49,65",38,66,38,66,1,0,1,0
"3,48,50,51",57,24,57,24,1,0,1,0
"3,48,57,59",54,33,54,54,1,0,0,1
"3,48,57,76",53,59,53,59,1,0,1,0
"3,48,66,67",70,40,70,40,1,0,1,0
"3,49,50,52",33,4,33,4,1,0,1,0
"3,49,50,70",43,53,43,53,1,0,1,0
"3,50,55,60",48,23,48,23,1,0,1,0
"3,50,59,68",42,66,42,66,1,0,1,0
"3,50,60,66",59,20,59,20,1,0,1,0
"3,55,58,66",75,54,75,54,1,0,1,0
"3,55,60,76",59,20,59,54,1,0,1,1
"3,56,65,66",55,67,55,67,1,0,1,0
"3,57,59,68",29,29,48,48,0,1,0,1
"3,58,59,65",57,55,57,55,1,0,1,0
"3,58,59,66",60,55,60,55,1,0,1,0
"3,58,69,70",68,66,68,66,1,0,1,0
"3,59,61,76",53,56,53,56,1,0,1,0
"3,59,66,67",69,37,69,37,1,0,1,0
"3,61,69,76",66,19,66,19,1,0,1,0
"3,64,68,69",24,6,24,6,1,0,1,0
"4,10,12,22",67,67,15,15,0,1,0,1
"4,10,12,38",17,15,17,15,1,0,1,0
"4,10,12,55",62,28,62,28,1,0,1,0
"4,10,12,66",16,40,16,40,1,0,1,0
"4,10,13,41",67,14,67,14,1,0,1,0
"4,10,13,55",2,19,2,19,1,0,1,0
"4,10,13,58",14,2,14,2,1,0,1,0
"4,10,14,49",60,3,60,3,1,0,1,0
"4,10,14,52",16,60,16,60,1,0,1,0
"4,10,15,59",5,14,5,14,1,0,1,0
"4,10,15,64",2,1,2,1,1,0,1,0
"4,10,19,55",2,49,2,49,1,0,1,0
"4,10,19,59",28,3,28,3,1,0,1,0
"4,10,20,38",29,50,50,50,1,1,0,0
"4,10,21,65",55,66,55,66,1,0,1,0
"4,10,22,41",40,40,36,36,0,1,0,1
"4,10,23,37",11,55,11,55,1,0,1,0
"4,10,24,28",67,34,67,34,1,0,1,0
"4,10,24,60",6,2,6,2,1,0,1,0
"4,10,29,38",20,34,20,34,1,0,1,0
"4,10,30,43",38,40,38,40,1,0,1,0
"4,10,32,34",5,29,5,29,1,0,1,0
"4,10,33,42",2,15,2,15,1,0,1,0
"4,10,33,60",20,24,20,24,1,0,1,0
"4,10,34,65",40,2,40,2,1,0,1,0
"4,10,36,51",2,18,2,18,1,0,1,0
"4,10,38,47",67,15,67,15,1,0,1,0
"4,10,39,66",12,40,12,40,1,0,1,0
"4,10,40,41",67,36,67,36,1,0,1,0
"4,10,40,46",60,49,49,49,1,1,0,0
"4,10,40,48",67,34,67,34,1,0,1,0
"4,10,43,68",28,28,28,16,0,0,1,1
"4,10,49,50",40,60,60,60,1,1,0,0
"4,10,55,58",62,38,62,38,1,0,1,0
"4,10,55,65",19,28,19,28,1,0,1,0
"4,10,58,66",38,38,40,40,0,1,0,1
"4,10,60,64",20,2,20,2,1,0,1,0
"4,11,12,19",16,24,16,24,1,0,1,0
"4,11,12,37",13,42,13,42,1,0,1,0
"4,11,12,38",6,16,6,16,1,0,1,0
"4,11,12,41",42,16,42,16,1,0,1,0
"4,11,14,22",67,28,67,28,1,0,1,0
"4,11,19,31",5,49,5,49,1,0,1,0
"4,11,19,39",5,49,5,49,1,0,1,0
"4,11,19,49",5,31,5,31,1,0,1,0
"4,11,20,56",36,58,36,58,1,0,1,0
"4,11,22,28",32,49,32,49,1,0,1,0
"4,11,23,47",68,56,68,56,1,0,1,0
"4,11,24,34",15,56,56,56,1,1,0,0
"4,11,28,30",40,38,40,38,1,0,1,0
"4,11,28,38",6,20,6,20,1,0,1,0
"4,11,28,41",14,31,14,31,1,0,1,0
"4,11,29,56",36,49,36,49,1,0,1,0
"4,11,30,40",28,37,37,37,1,1,0,0
"4,11,31,33",67,28,67,28,1,0,1,0
"4,11,31,49",61,19,61,19,1,0,1,0
"4,11,33,47",67,3,67,3,1,0,1,0
"4,11,36,49",67,67,67,56,0,0,1,1
"4,11,38,46",28,28,28,14,0,0,1,1
"4,11,41,56",20,49,20,49,1,0,1,0
"4,11,43,68",23,3,23,3,1,0,1,0
"4,11,46,52",14,14,56,56,0,1,0,1
"4,11,47,61",31,20,31,20,1,0,1,0
"4,11,47,65",61,67,61,67,1,0,1,0
"4,11,49,52",56,61,56,61,1,0,1,0
"4,11,50,68",74,74,74,23,0,0,1,1
"4,11,56,57",20,24,20,24,1,0,1,0
"4,11,66,68",63,3,63,3,1,0,1,0
"4,11,68,76",74,75,74,75,1,0,1,0
"4,12,13,19",11,49,11,49,1,0,1,0
"4,12,13,44",37,76,37,76,1,0,1,0
"4,12,13,49",36,24,15,24,1,1,1,0
"4,12,19,30",39,39,3,3,0,1,0,1
"4,12,20,25",14,44,14,44,1,0,1,0
"4,12,20,48",39,3,3,3,1,1,0,0
"4,12,20,65",14,25,14,25,1,0,1,0
"4,12,21,39",28,40,28,40,1,0,1,0
"4,12,22,32",49,40,40,40,1,1,0,0
"4,12,23,41",11,11,32,32,0,1,0,1
"4,12,23,47",11,20,11,20,1,0,1,0
"4,12,24,48",52,36,52,36,1,0,1,0
"4,12,25,49",31,15,31,15,1,0,1,0
"4,12,25,76",20,13,20,13,1,0,1,0
"4,12,28,49",40,5,40,5,1,0,1,0
"4,12,28,67",31,15,31,15,1,0,1,0
"4,12,29,40",17,49,17,49,1,0,1,0
"4,12,29,49",21,40,21,40,1,0,1,0
"4,12,30,41",36,21,36,21,1,0,1,0
"4,12,30,44",11,35,11,35,1,0,1,0
"4,12,31,58",38,42,38,42,1,0,1,0
"4,12,34,41",36,15,36,15,1,0,1,0
"4,12,34,44",15,15,15,66,0,0,1,1
"4,12,37,44",13,20,13,20,1,0,1,0
"4,12,37,67",66,42,66,42,1,0,1,0
"4,12,39,42",58,38,58,38,1,0,1,0
"4,12,40,70",31,20,31,20,1,0,1,0
"4,12,42,44",68,37,68,37,1,0,1,0
"4,12,42,50",23,58,23,58,1,0,1,0
"4,12,42,58",49,31,49,31,1,0,1,0
"4,12,43,76",40,67,40,67,1,0,1,0
"4,12,44,46",37,14,37,14,1,0,1,0
"4,12,46,66",3,36,3,36,1,0,1,0
"4,12,47,60",34,67,34,67,1,0,1,0
"4,12,50,76",52,24,52,24,1,0,1,0
"4,12,51,69",75,75,24,24,0,1,0,1
"4,12,52,69",6,68,6,68,1,0,1,0
"4,12,64,67",66,36,66,36,1,0,1,0
"4,13,19,76",20,3,20,3,1,0,1,0
"4,13,20,31",44,37,44,37,1,0,1,0
"4,13,20,70",12,58,12,58,1,0,1,0
"4,13,21,61",5,67,5,67,1,0,1,0
"4,13,22,66",10,3,10,3,1,0,1,0
"4,13,29,52",76,76,12,12,0,1,0,1
"4,13,30,42",22,58,22,58,1,0,1,0
"4,13,30,58",14,24,14,24,1,0,1,0
"4,13,31,38",43,14,43,14,1,0,1,0
"4,13,46,49",25,37,25,37,1,0,1,0
"4,13,47,69",36,76,36,76,1,0,1,0
"4,13,48,60",3,3,58,58,0,1,0,1
"4,13,66,67",16,37,16,37,1,0,1,0
"4,19,22,58",28,28,26,26,0,1,0,1
"4,19,22,59",28,26,28,26,1,0,1,0
"4,19,24,50",12,5,12,5,1,0,1,0
"4,19,28,41",37,11,37,11,1,0,1,0
"4,19,29,57",49,49,5,5,0,1,0,1
"4,19,31,37",5,5,28,28,0,1,0,1
"4,19,31,57",12,76,12,76,1,0,1,0
"4,19,33,64",76,69,76,69,1,0,1,0
"4,19,33,70",77,63,77,63,1,0,1,0
"4,19,42,58",26,49,26,49,1,0,1,0
"4,19,43,49",13,36,13,36,1,0,1,0
"4,19,49,50",23,23,23,76,0,0,1,1
"4,19,49,67",43,55,43,55,1,0,1,0
"4,19,50,59",26,5,5,5,1,1,0,0
"4,19,55,66",49,46,49,46,1,0,1,0
"4,19,59,69",43,24,43,24,1,0,1,0
"4,19,61,68",49,69,49,69,1,0,1,0
"4,19,61,69",24,76,24,76,1,0,1,0
"4,19,65,69",64,76,64,76,1,0,1,0
"4,19,66,67",68,22,68,22,1,0,1,0
"4,20,21,47",38,26,38,26,1,0,1,0
"4,20,22,40",50,26,26,26,1,1,0,0
"4,20,22,46",14,76,14,76,1,0,1,0
"4,20,23,51",21,21,21,24,0,0,1,1
"4,20,24,38",21,2,2,2,1,1,0,0
"4,20,24,58",31,22,31,22,1,0,1,0
"4,20,28,37",46,13,46,46,1,0,0,1
"4,20,28,43",34,67,34,67,1,0,1,0
"4,20,29,31",67,32,67,32,1,0,1,0
"4,20,29,33",23,23,23,3,0,0,1,1
"4,20,29,51",47,11,47,11,1,0,1,0
"4,20,30,46",76,76,6,76,0,1,1,0
"4,20,30,50",36,58,36,58,1,0,1,0
"4,20,31,58",32,50,32,50,1,0,1,0
"4,20,32,34",27,28,27,28,1,0,1,0
"4,20,32,40",58,31,58,58,1,0,0,1
"4,20,33,59",60,60,3,3,0,1,0,1
"4,20,34,38",10,14,10,14,1,0,1,0
"4,20,34,69",60,66,60,66,1,0,1,0
"4,20,38,55",11,10,11,10,1,0,1,0
"4,20,40,48",60,12,12,12,1,1,0,0
"4,20,43,60",49,21,49,21,1,0,1,0
"4,20,44,76",31,67,31,67,1,0,1,0
"4,20,46,47",25,14,25,14,1,0,1,0
"4,20,46,51",25,14,25,14,1,0,1,0
"4,20,47,49",19,11,11,11,1,1,0,0
"4,20,49,66",3,60,3,60,1,0,1,0
"4,20,49,67",36,44,36,44,1,0,1,0
"4,20,50,61",58,44,44,44,1,1,0,0
"4,20,51,60",67,15,67,15,1,0,1,0
"4,20,52,57",34,49,34,49,1,0,1,0
"4,20,56,59",58,11,58,11,1,0,1,0
"4,20,58,70",50,13,50,13,1,0,1,0
"4,21,28,68",12,48,12,48,1,0,1,0
"4,21,29,32",28,34,28,28,1,0,0,1
"4,21,29,61",28,5,28,5,1,0,1,0
"4,21,29,66",38,15,38,15,1,0,1,0
"4,21,30,40",28,10,10,10,1,1,0,0
"4,21,30,42",37,31,37,31,1,0,1,0
"4,21,30,48",40,24,40,24,1,0,1,0
"4,21,31,67",61,37,61,37,1,0,1,0
"4,21,32,38",60,26,60,60,1,0,0,1
"4,21,32,48",40,28,40,28,1,0,1,0
"4,21,33,49",40,22,40,40,1,0,0,1
"4,21,37,47",11,11,11,5,0,0,1,1
"4,21,37,66",15,15,10,10,0,1,0,1
"4,21,38,48",20,14,12,12,1,1,0,1
"4,21,38,57",29,29,29,12,0,0,1,1
"4,21,38,58",31,49,31,49,1,0,1,0
"4,21,40,55",31,10,31,10,1,0,1,0
"4,21,40,76",38,24,38,24,1,0,1,0
"4,21,43,59",15,60,15,60,1,0,1,0
"4,21,48,49",25,31,25,31,1,0,1,0
"4,21,48,50",20,20,49,49,0,1,0,1
"4,21,48,58",24,31,31,31,1,1,0,0
"4,21,48,60",20,3,20,3,1,0,1,0
"4,21,51,67",43,61,43,61,1,0,1,0
"4,21,58,59",13,13,26,26,0,1,0,1
"4,22,29,38",62,34,62,34,1,0,1,0
"4,22,31,65",14,11,14,11,1,0,1,0
"4,22,37,42",30,40,30,40,1,0,1,0
"4,22,55,67",62,37,62,37,1,0,1,0
"4,22,56,58",61,44,61,44,1,0,1,0
"4,28,29,37",49,40,49,40,1,0,1,0
"4,28,30,46",37,14,37,14,1,0,1,0
"4,28,31,40",16,30,16,30,1,0,1,0
"4,28,31,44",38,76,38,76,1,0,1,0
"4,28,31,49",35,11,35,11,1,0,1,0
"4,28,32,42",35,56,35,56,1,0,1,0
"4,28,32,60",56,33,56,33,1,0,1,0
"4,28,33,61",32,60,32,60,1,0,1,0
"4,28,37,69",64,19,64,19,1,0,1,0
"4,28,39,40",67,37,67,37,1,0,1,0
"4,28,39,47",19,7,7,7,1,1,0,0
"4,28,39,52",61,19,61,19,1,0,1,0
"4,28,40,50",67,16,67,16,1,0,1,0
"4,28,44,58",49,40,49,40,1,0,1,0
"4,28,44,76",13,20,13,20,1,0,1,0
"4,28,46,52",19,49,49,49,1,1,0,0
"4,28,46,66",55,67,55,67,1,0,1,0
"4,28,48,51",68,67,68,67,1,0,1,0
"4,28,49,52",58,61,61,61,1,1,0,0
"4,28,51,61",78,21,78,21,1,0,1,0
"4,28,52,61",7,49,7,49,1,0,1,0
"4,29,30,51",31,31,34,34,0,1,0,1
"4,29,30,56",28,11,28,11,1,0,1,0
"4,29,31,76",30,34,30,34,1,0,1,0
"4,29,37,58",56,56,67,67,0,1,0,1
"4,29,38,40",6,49,6,49,1,0,1,0
"4,29,38,57",47,20,47,20,1,0,1,0
"4,29,38,59",49,20,20,20,1,1,0,0
"4,29,40,42",37,49,37,49,1,0,1,0
"4,29,43,49",40,67,67,67,1,1,0,0
"4,29,46,57",6,34,6,34,1,0,1,0
"4,29,47,70",56,38,56,38,1,0,1,0
"4,29,50,61",67,56,67,56,1,0,1,0
"4,29,56,58",28,28,20,20,0,1,0,1
"4,29,56,69",67,5,67,5,1,0,1,0
"4,29,61,69",67,5,67,5,1,0,1,0
"4,29,67,69",34,68,34,68,1,0,1,0
"4,30,37,49",42,11,11,11,1,1,0,0
"4,30,42,61",56,68,56,68,1,0,1,0
"4,30,43,51",34,3,34,3,1,0,1,0
"4,30,47,49",50,50,23,23,0,1,0,1
"4,30,47,58",36,20,36,20,1,0,1,0
"4,30,49,50",58,40,58,40,1,0,1,0
"4,30,50,61",54,5,54,5,1,0,1,0
"4,30,56,60",20,55,20,55,1,0,1,0
"4,30,66,67",68,40,68,40,1,0,1,0
"4,30,69,70",42,67,42,67,1,0,1,0
"4,31,37,40",42,30,42,30,1,0,1,0
"4,31,38,40",43,12,43,12,1,0,1,0
"4,31,38,50",40,20,40,20,1,0,1,0
"4,31,39,46",76,49,49,49,1,1,0,0
"4,31,39,48",3,12,3,12,1,0,1,0
"4,31,47,58",48,20,48,20,1,0,1,0
"4,31,48,58",20,24,20,24,1,0,1,0
"4,31,49,56",61,11,61,11,1,0,1,0
"4,31,49,65",25,55,25,55,1,0,1,0
"4,31,56,58",61,32,61,32,1,0,1,0
"4,31,58,65",32,38,32,38,1,0,1,0
"4,36,41,51",43,43,67,67,0,1,0,1
"4,36,42,43",69,12,69,12,1,0,1,0
"4,36,42,52",43,12,43,12,1,0,1,0
"4,36,42,60",30,6,30,6,1,0,1,0
"4,36,43,59",13,19,13,19,1,0,1,0
"4,37,40,68",38,49,38,49,1,0,1,0
"4,37,41,48",67,49,67,49,1,0,1,0
"4,37,57,68",38,30,38,30,1,0,1,0
"4,37,61,66",21,3,21,3,1,0,1,0
"4,38,39,42",58,12,58,12,1,0,1,0
"4,38,39,49",29,22,29,22,1,0,1,0
"4,38,40,41",58,49,58,49,1,0,1,0
"4,38,40,51",43,43,6,6,0,1,0,1
"4,38,40,58",30,42,30,42,1,0,1,0
"4,38,40,60",67,43,43,43,1,1,0,0
"4,38,42,58",31,40,31,40,1,0,1,0
"4,38,47,55",67,15,67,15,1,0,1,0
"4,38,52,64",43,43,76,76,0,1,0,1
"4,38,67,70",43,68,43,68,1,0,1,0
"4,39,41,46",51,38,51,38,1,0,1,0
"4,39,49,50",46,46,46,67,0,0,1,1
"4,39,49,55",19,15,19,15,1,0,1,0
"4,39,49,60",55,15,55,15,1,0,1,0
"4,39,55,68",67,67,28,28,0,1,0,1
"4,39,58,66",36,36,67,67,0,1,0,1
"4,39,59,69",58,44,58,44,1,0,1,0
"4,39,61,67",15,49,15,49,1,0,1,0
"4,40,48,64",67,28,67,67,1,0,0,1
"4,40,49,57",33,12,33,12,1,0,1,0
"4,40,56,59",16,16,49,49,0,1,0,1
"4,46,47,49",58,19,58,19,1,0,1,0
"4,46,49,52",40,58,40,58,1,0,1,0
"4,46,49,55",19,34,19,34,1,0,1,0
"4,46,61,67",36,66,36,66,1,0,1,0
"4,47,51,64",52,48,52,48,1,0,1,0
"4,47,55,60",58,20,58,20,1,0,1,0
"4,47,60,61",3,67,3,67,1,0,1,0
"4,48,58,66",67,36,67,67,1,0,0,1
"4,55,58,67",61,56,61,56,1,0,1,0
"4,56,64,68",76,24,76,24,1,0,1,0
"4,65,67,68",60,55,60,55,1,0,1,0
"10,11,12,41",23,18,23,18,1,0,1,0
"10,11,13,20",65,23,65,23,1,0,1,0
"10,11,13,31",41,41,41,22,0,0,1,1
"10,11,13,70",30,65,30,65,1,0,1,0
"10,11,14,59",2,54,2,54,1,0,1,0
"10,11,15,30",60,3,3,3,1,1,0,0
"10,11,15,31",41,4,41,4,1,0,1,0
"10,11,15,37",55,67,55,67,1,0,1,0
"10,11,15,38",55,43,55,43,1,0,1,0
"10,11,15,40",50,36,50,36,1,0,1,0
"10,11,15,43",25,38,25,38,1,0,1,0
"10,11,15,48",36,36,3,3,0,1,0,1
"10,11,15,56",37,67,37,67,1,0,1,0
"10,11,16,30",56,4,56,4,1,0,1,0
"10,11,16,56",74,38,74,38,1,0,1,0
"10,11,16,69",56,61,56,61,1,0,1,0
"10,11,19,21",73,22,73,22,1,0,1,0
"10,11,20,22",18,30,18,30,1,0,1,0
"10,11,20,28",16,37,16,37,1,0,1,0
"10,11,22,28",16,37,16,37,1,0,1,0
"10,11,22,47",38,38,2,2,0,1,0,1
"10,11,23,37",56,55,56,55,1,0,1,0
"10,11,23,49",18,50,18,50,1,0,1,0
"10,11,23,58",14,12,14,12,1,0,1,0
"10,11,23,66",15,3,3,3,1,1,0,0
"10,11,28,40",16,37,16,37,1,0,1,0
"10,11,28,68",12,14,12,14,1,0,1,0
"10,11,29,30",40,20,40,20,1,0,1,0
"10,11,29,56",16,37,16,37,1,0,1,0
"10,11,30,33",50,13,50,13,1,0,1,0
"10,11,30,42",12,50,12,50,1,0,1,0
"10,11,31,48",16,16,16,12,0,0,1,1
"10,11,32,51",12,12,27,27,0,1,0,1
"10,11,33,47",13,13,13,15,0,0,1,1
"10,11,34,41",27,15,27,15,1,0,1,0
"10,11,37,55",15,67,15,67,1,0,1,0
"10,11,37,70",13,44,13,44,1,0,1,0
"10,11,38,43",14,67,14,67,1,0,1,0
"10,11,38,70",17,43,17,43,1,0,1,0
"10,11,39,42",30,15,15,15,1,1,0,0
"10,11,40,41",37,21,37,21,1,0,1,0
"10,11,43,67",16,38,16,38,1,0,1,0
"10,11,51,67",16,68,16,68,1,0,1,0
"10,11,52,60",43,15,43,15,1,0,1,0
"10,11,55,57",15,27,27,27,1,1,0,0
"10,11,55,60",65,30,65,30,1,0,1,0
"10,11,56,66",16,67,16,67,1,0,1,0
"10,11,60,66",50,56,50,56,1,0,1,0
"10,11,66,69",67,67,15,15,0,1,0,1
"10,11,68,70",18,67,18,67,1,0,1,0
"10,12,13,39",30,19,30,19,1,0,1,0
"10,12,13,48",58,45,58,45,1,0,1,0
"10,12,13,55",19,36,19,36,1,0,1,0
"10,12,14,22",52,50,52,50,1,0,1,0
"10,12,14,25",46,20,46,20,1,0,1,0
"10,12,14,28",37,64,37,64,1,0,1,0
"10,12,14,32",41,68,41,68,1,0,1,0
"10,12,14,61",48,54,48,54,1,0,1,0
"10,12,15,25",4,55,4,55,1,0,1,0
"10,12,15,32",60,27,60,27,1,0,1,0
"10,12,15,34",25,40,25,40,1,0,1,0
"10,12,15,40",60,4,60,4,1,0,1,0
"10,12,15,58",4,55,4,55,1,0,1,0
"10,12,16,30",3,48,3,48,1,0,1,0
"10,12,16,46",50,28,28,28,1,1,0,0
"10,12,16,59",46,56,46,56,1,0,1,0
"10,12,20,48",3,60,3,60,1,0,1,0
"10,12,22,41",42,32,42,32,1,0,1,0
"10,12,22,49",50,13,50,13,1,0,1,0
"10,12,24,39",48,13,48,13,1,0,1,0
"10,12,28,32",13,46,13,46,1,0,1,0
"10,12,29,50",17,20,17,20,1,0,1,0
"10,12,30,55",60,15,60,15,1,0,1,0
"10,12,32,42",13,15,15,15,1,1,0,0
"10,12,38,40",17,50,17,50,1,0,1,0
"10,12,39,46",66,19,66,19,1,0,1,0
"10,12,40,41",32,11,11,11,1,1,0,0
"10,12,41,55",15,15,15,36,0,0,1,1
"10,12,42,48",37,37,37,16,0,0,1,1
"10,12,42,64",13,37,37,37,1,1,0,0
"10,12,46,60",55,15,55,15,1,0,1,0
"10,12,46,70",20,20,13,20,0,1,1,0
"10,12,48,70",14,66,14,66,1,0,1,0
"10,12,52,64",60,46,60,46,1,0,1,0
"10,12,60,69",36,15,36,15,1,0,1,0
"10,12,64,68",69,69,69,46,0,0,1,1
"10,13,14,68",77,46,77,46,1,0,1,0
"10,13,15,37",25,3,25,3,1,0,1,0
"10,13,16,30",21,6,21,6,1,0,1,0
"10,13,20,23",37,37,14,14,0,1,0,1
"10,13,21,48",30,40,30,40,1,0,1,0
"10,13,21,60",15,30,15,30,1,0,1,0
"10,13,22,31",41,11,41,11,1,0,1,0
"10,13,23,32",16,2,16,2,1,0,1,0
"10,13,23,41",17,14,17,14,1,0,1,0
"10,13,23,47",29,15,29,15,1,0,1,0
"10,13,23,60",3,20,3,20,1,0,1,0
"10,13,24,30",58,60,58,60,1,0,1,0
"10,13,29,40",49,14,49,14,1,0,1,0
"10,13,30,41",50,11,50,11,1,0,1,0
"10,13,31,34",43,43,27,27,0,1,0,1
"10,13,31,39",58,15,58,15,1,0,1,0
"10,13,32,64",24,19,24,19,1,0,1,0
"10,13,33,51",21,15,21,15,1,0,1,0
"10,13,33,57",21,17,21,17,1,0,1,0
"10,13,34,48",3,58,3,58,1,0,1,0
"10,13,39,50",15,30,30,30,1,1,0,0
"10,13,40,60",15,4,15,4,1,0,1,0
"10,13,43,52",60,34,60,34,1,0,1,0
"10,13,46,58",14,1,14,1,1,0,1,0
"10,13,49,50",40,40,40,22,0,0,1,1
"10,13,49,55",15,19,15,19,1,0,1,0
"10,13,49,60",15,43,15,43,1,0,1,0
"10,13,58,65",14,70,14,70,1,0,1,0
"10,13,60,67",40,22,40,22,1,0,1,0
"10,14,15,21",60,4,60,4,1,0,1,0
"10,14,15,30",38,3,38,3,1,0,1,0
"10,14,15,34",24,38,24,38,1,0,1,0
"10,14,15,38",60,43,60,43,1,0,1,0
"10,14,20,32",77,13,13,13,1,1,0,0
"10,14,20,43",4,13,4,13,1,0,1,0
"10,14,22,34",46,29,46,29,1,0,1,0
"10,14,25,49",17,17,13,13,0,1,0,1
"10,14,29,40",30,13,30,13,1,0,1,0
"10,14,31,32",59,15,77,15,1,1,1,0
"10,14,31,38",15,11,15,11,1,0,1,0
"10,14,31,42",54,9,54,9,1,0,1,0
"10,14,33,41",34,17,34,17,1,0,1,0
"10,14,34,68",41,15,41,15,1,0,1,0
"10,14,38,43",11,15,11,15,1,0,1,0
"10,14,38,48",21,18,21,18,1,0,1,0
"10,14,38,55",15,43,15,43,1,0,1,0
"10,14,39,40",50,9,50,9,1,0,1,0
"10,14,39,60",4,40,4,40,1,0,1,0
"10,14,40,48",70,24,70,24,1,0,1,0
"10,14,40,52",41,60,41,60,1,0,1,0
"10,14,40,56",46,46,24,24,0,1,0,1
"10,14,42,64",37,2,37,2,1,0,1,0
"10,14,46,52",48,37,48,37,1,0,1,0
"10,14,47,59",15,15,2,2,0,1,0,1
"10,14,56,59",2,60,2,60,1,0,1,0
"10,15,22,42",60,67,60,67,1,0,1,0
"10,15,23,25",43,55,43,55,1,0,1,0
"10,15,23,42",51,55,55,55,1,1,0,0
"10,15,23,55",19,11,19,11,1,0,1,0
"10,15,25,34",16,1,16,1,1,0,1,0
"10,15,25,55",9,1,9,1,1,0,1,0
"10,15,29,33",60,34,60,34,1,0,1,0
"10,15,29,39",55,13,55,13,1,0,1,0
"10,15,30,40",66,14,66,14,1,0,1,0
"10,15,31,61",25,55,25,55,1,0,1,0
"10,15,33,42",14,3,14,3,1,0,1,0
"10,15,38,49",66,21,66,21,1,0,1,0
"10,15,38,56",11,11,66,66,0,1,0,1
"10,15,39,69",67,55,67,55,1,0,1,0
"10,15,41,42",60,11,60,11,1,0,1,0
"10,15,42,67",16,22,22,22,1,1,0,0
"10,15,48,50",60,12,60,12,1,0,1,0
"10,15,50,60",14,24,14,24,1,0,1,0
"10,15,50,66",21,40,21,40,1,0,1,0
"10,15,50,70",43,67,43,67,1,0,1,0
"10,15,60,70",16,14,16,14,1,0,1,0
"10,16,30,40",13,14,13,14,1,0,1,0
"10,16,30,41",11,11,40,40,0,1,0,1
"10,16,31,56",4,61,4,61,1,0,1,0
"10,16,40,56",80,4,80,4,1,0,1,0
"10,16,47,48",18,15,18,15,1,0,1,0
"10,16,65,68",56,17,56,17,1,0,1,0
"10,20,21,30",66,19,66,19,1,0,1,0
"10,20,21,31",27,30,27,30,1,0,1,0
"10,20,21,66",26,60,26,60,1,0,1,0
"10,20,22,34",29,29,60,60,0,1,0,1
"10,20,22,41",21,36,21,36,1,0,1,0
"10,20,23,40",21,18,18,18,1,1,0,0
"10,20,34,43",70,50,50,50,1,1,0,0
"10,21,22,31",40,11,40,11,1,0,1,0
"10,21,30,47",66,50,50,50,1,1,0,0
"10,21,30,51",13,60,13,60,1,0,1,0
"10,21,34,41",50,66,66,66,1,1,0,0
"10,21,34,67",17,41,17,41,1,0,1,0
"10,21,38,70",49,78,49,78,1,0,1,0
"10,21,40,43",37,60,37,60,1,0,1,0
"10,21,40,50",38,41,38,41,1,0,1,0
"10,21,40,61",41,30,41,30,1,0,1,0
"10,21,42,67",4,15,4,15,1,0,1,0
"10,21,43,51",37,60,37,60,1,0,1,0
"10,21,49,56",38,29,38,29,1,0,1,0
"10,21,51,60",15,30,15,30,1,0,1,0
"10,21,61,69",11,73,11,73,1,0,1,0
"10,22,23,41",19,29,19,29,1,0,1,0
"10,22,30,33",21,70,21,70,1,0,1,0
"10,22,30,60",15,67,15,67,1,0,1,0
"10,22,30,70",38,18,38,18,1,0,1,0
"10,22,31,38",41,30,41,30,1,0,1,0
"10,22,31,41",13,29,13,29,1,0,1,0
"10,22,33,67",43,13,43,13,1,0,1,0
"10,22,34,42",30,36,36,36,1,1,0,0
"10,22,38,43",36,11,36,36,1,0,0,1
"10,22,39,41",40,29,40,29,1,0,1,0
"10,22,41,56",40,29,40,29,1,0,1,0
"10,22,43,50",40,23,40,23,1,0,1,0
"10,22,49,66",50,67,50,67,1,0,1,0
"10,23,39,67",43,43,15,15,0,1,0,1
"10,23,40,43",32,55,32,55,1,0,1,0
"10,23,40,48",24,32,24,32,1,0,1,0
"10,23,41,59",29,37,29,37,1,0,1,0
"10,23,43,60",52,50,52,50,1,0,1,0
"10,23,50,57",30,41,30,41,1,0,1,0
"10,23,59,68",51,18,51,18,1,0,1,0
"10,23,67,68",60,11,60,11,1,0,1,0
"10,24,30,31",60,60,60,40,0,0,1,1
"10,24,30,32",40,40,60,40,0,1,1,0
"10,24,31,39",48,23,48,23,1,0,1,0
"10,24,34,49",40,40,4,4,0,1,0,1
"10,24,39,60",34,30,34,30,1,0,1,0
"10,24,40,68",34,48,34,48,1,0,1,0
"10,24,42,48",40,18,40,18,1,0,1,0
"10,24,51,59",33,15,33,15,1,0,1,0
"10,24,51,69",19,64,19,64,1,0,1,0
"10,25,30,57",37,37,37,18,0,0,1,1
"10,25,39,51",58,46,58,46,1,0,1,0
"10,25,40,69",55,15,55,15,1,0,1,0
"10,25,57,59",58,60,58,60,1,0,1,0
"10,30,31,41",29,11,29,11,1,0,1,0
"10,30,32,34",60,40,60,40,1,0,1,0
"10,30,33,60",15,34,15,34,1,0,1,0
"10,30,34,43",38,38,38,40,0,0,1,1
"10,31,32,41",50,29,50,29,1,0,1,0
"10,31,48,67",22,55,22,55,1,0,1,0
"10,31,50,61",30,41,30,41,1,0,1,0
"10,32,33,41",13,13,29,29,0,1,0,1
"10,32,34,41",50,27,50,27,1,0,1,0
"10,32,40,41",50,48,50,48,1,0,1,0
"10,32,40,42",48,12,48,12,1,0,1,0
"10,32,40,60",15,66,15,66,1,0,1,0
"10,32,40,66",34,60,60,60,1,1,0,0
"10,32,42,52",43,60,43,60,1,0,1,0
"10,32,50,58",70,41,70,41,1,0,1,0
"10,33,41,60",15,40,15,40,1,0,1,0
"10,33,42,59",51,50,51,50,1,0,1,0
"10,34,52,66",40,16,40,16,1,0,1,0
"10,34,61,67",70,11,11,11,1,1,0,0
"10,40,42,50",22,38,38,38,1,1,0,0
"10,42,51,67",60,15,60,15,1,0,1,0
"10,43,50,60",16,24,16,24,1,0,1,0
"10,50,51,60",15,67,15,67,1,0,1,0
"11,12,14,48",3,51,3,51,1,0,1,0
"11,12,14,67",28,68,28,68,1,0,1,0
"11,12,15,19",36,24,36,36,1,0,0,1
"11,12,15,57",75,3,75,3,1,0,1,0
"11,12,15,60",3,55,3,55,1,0,1,0
"11,12,19,29",69,13,13,13,1,1,0,0
"11,12,20,22",74,23,74,23,1,0,1,0
"11,12,20,28",68,56,68,56,1,0,1,0
"11,12,20,56",14,28,14,28,1,0,1,0
"11,12,21,25",18,15,18,15,1,0,1,0
"11,12,21,28",68,37,68,37,1,0,1,0
"11,12,21,32",18,51,18,51,1,0,1,0
"11,12,22,30",42,10,42,10,1,0,1,0
"11,12,22,67",16,68,16,68,1,0,1,0
"11,12,23,37",16,28,16,28,1,0,1,0
"11,12,24,28",13,14,14,14,1,1,0,0
"11,12,25,40",18,15,18,15,1,0,1,0
"11,12,29,31",51,32,51,32,1,0,1,0
"11,12,29,33",51,28,51,28,1,0,1,0
"11,12,29,41",17,38,17,38,1,0,1,0
"11,12,29,57",47,39,47,39,1,0,1,0
"11,12,31,52",15,32,32,32,1,1,0,0
"11,12,31,57",17,21,17,21,1,0,1,0
"11,12,32,39",42,15,42,15,1,0,1,0
"11,12,32,49",17,22,17,22,1,0,1,0
"11,12,38,46",68,14,68,14,1,0,1,0
"11,12,38,56",16,68,16,68,1,0,1,0
"11,12,40,42",38,41,38,41,1,0,1,0
"11,12,41,47",39,15,39,15,1,0,1,0
"11,12,46,52",36,19,36,19,1,0,1,0
"11,12,48,50",51,51,10,51,0,1,1,0
"11,12,48,68",28,38,28,38,1,0,1,0
"11,12,56,58",16,28,28,28,1,1,0,0
"11,12,56,59",68,16,68,16,1,0,1,0
"11,12,56,67",74,51,74,51,1,0,1,0
"11,12,56,69",19,68,19,68,1,0,1,0
"11,12,59,66",56,56,56,14,0,0,1,1
"11,13,14,21",77,37,77,37,1,0,1,0
"11,13,14,30",46,37,46,37,1,0,1,0
"11,13,14,40",31,20,31,20,1,0,1,0
"11,13,14,41",77,31,77,31,1,0,1,0
"11,13,15,29",38,65,38,65,1,0,1,0
"11,13,19,21",24,45,24,45,1,0,1,0
"11,13,19,40",24,12,24,12,1,0,1,0
"11,13,19,46",45,12,45,12,1,0,1,0
"11,13,19,48",45,12,45,12,1,0,1,0
"11,13,19,55",10,45,10,45,1,0,1,0
"11,13,20,21",65,14,65,14,1,0,1,0
"11,13,20,30",65,10,10,10,1,1,0,0
"11,13,20,58",14,65,14,65,1,0,1,0
"11,13,21,48",41,51,41,51,1,0,1,0
"11,13,23,39",51,51,51,15,0,0,1,1
"11,13,24,41",12,51,12,51,1,0,1,0
"11,13,25,65",2,49,2,49,1,0,1,0
"11,13,28,37",20,14,20,14,1,0,1,0
"11,13,28,50",16,67,16,67,1,0,1,0
"11,13,29,33",14,47,14,47,1,0,1,0
"11,13,29,37",14,65,65,65,1,1,0,0
"11,13,29,49",38,15,38,15,1,0,1,0
"11,13,30,58",14,14,41,41,0,1,0,1
"11,13,33,49",22,22,22,15,0,0,1,1
"11,13,33,55",15,23,15,23,1,0,1,0
"11,13,33,56",16,5,16,5,1,0,1,0
"11,13,37,61",27,21,27,21,1,0,1,0
"11,13,39,42",51,51,51,12,0,0,1,1
"11,13,39,46",14,51,14,51,1,0,1,0
"11,13,41,57",17,33,17,33,1,0,1,0
"11,13,43,65",14,14,14,38,0,0,1,1
"11,13,46,65",49,19,49,19,1,0,1,0
"11,13,52,65",25,76,25,76,1,0,1,0
"11,13,58,60",33,10,33,10,1,0,1,0
"11,13,58,68",12,67,12,67,1,0,1,0
"11,13,61,65",53,37,53,37,1,0,1,0
"11,14,20,39",65,65,65,12,0,0,1,1
"11,14,20,48",25,65,25,65,1,0,1,0
"11,14,20,59",13,65,13,65,1,0,1,0
"11,14,21,41",50,15,50,15,1,0,1,0
"11,14,21,46",77,13,77,13,1,0,1,0
"11,14,21,49",9,41,41,41,1,1,0,0
"11,14,22,25",44,20,44,20,1,0,1,0
"11,14,22,49",31,41,31,41,1,0,1,0
"11,14,22,61",16,28,16,28,1,0,1,0
"11,14,23,33",51,13,51,13,1,0,1,0
"11,14,23,40",68,68,68,13,0,0,1,1
"11,14,23,46",34,12,34,12,1,0,1,0
"11,14,24,55",12,10,12,10,1,0,1,0
"11,14,25,31",65,61,65,61,1,0,1,0
"11,14,28,37",10,13,10,13,1,0,1,0
"11,14,30,33",65,65,65,27,0,0,1,1
"11,14,30,37",44,13,44,13,1,0,1,0
"11,14,30,41",50,15,50,15,1,0,1,0
"11,14,30,50",10,41,10,41,1,0,1,0
"11,14,31,34",59,28,71,28,1,1,1,0
"11,14,31,47",15,38,15,38,1,0,1,0
"11,14,31,50",22,41,22,41,1,0,1,0
"11,14,34,52",22,16,22,16,1,0,1,0
"11,14,34,57",12,17,17,17,1,1,0,0
"11,14,37,56",10,13,10,20,1,0,1,1
"11,14,37,66",77,46,77,46,1,0,1,0
"11,14,38,51",21,12,21,12,1,0,1,0
"11,14,40,43",59,38,38,38,1,1,0,0
"11,14,41,57",3,30,3,30,1,0,1,0
"11,14,42,59",15,15,15,23,0,0,1,1
"11,14,46,49",65,13,13,13,1,1,0,0
"11,14,46,60",13,30,13,30,1,0,1,0
"11,14,47,67",13,56,13,56,1,0,1,0
"11,14,48,51",68,12,12,12,1,1,0,0
"11,14,50,61",16,44,16,44,1,0,1,0
"11,14,55,59",65,15,65,15,1,0,1,0
"11,14,56,67",10,27,10,27,1,0,1,0
"11,15,19,21",14,39,14,39,1,0,1,0
"11,15,19,47",26,39,26,39,1,0,1,0
"11,15,28,49",35,19,35,19,1,0,1,0
"11,15,29,32",35,12,35,12,1,0,1,0
"11,15,29,65",51,13,13,13,1,1,0,0
"11,15,31,39",44,14,44,14,1,0,1,0
"11,15,31,47",14,41,14,41,1,0,1,0
"11,15,39,56",16,44,16,44,1,0,1,0
"11,15,46,50",74,10,10,10,1,1,0,0
"11,15,46,65",13,14,13,14,1,0,1,0
"11,15,47,65",33,13,33,13,1,0,1,0
"11,19,20,24",64,12,64,12,1,0,1,0
"11,19,20,61",47,56,47,56,1,0,1,0
"11,19,22,32",25,41,41,41,1,1,0,0
"11,19,22,49",26,21,26,21,1,0,1,0
"11,19,23,33",22,51,22,51,1,0,1,0
"11,19,23,50",31,22,31,22,1,0,1,0
"11,19,23,57",25,3,25,3,1,0,1,0
"11,19,23,58",26,18,26,18,1,0,1,0
"11,19,24,67",22,22,22,64,0,0,1,1
"11,19,30,31",55,27,55,27,1,0,1,0
"11,19,31,41",59,55,55,55,1,1,0,0
"11,19,33,40",49,49,24,24,0,1,0,1
"11,19,40,51",41,31,41,31,1,0,1,0
"11,19,41,58",59,2,59,2,1,0,1,0
"11,19,41,59",39,5,39,5,1,0,1,0
"11,19,51,61",67,16,67,16,1,0,1,0
"11,20,21,24",51,14,51,14,1,0,1,0
"11,20,21,31",19,27,19,27,1,0,1,0
"11,20,22,25",65,14,65,14,1,0,1,0
"11,20,22,31",41,21,41,21,1,0,1,0
"11,20,22,56",16,67,16,67,1,0,1,0
"11,20,23,43",47,51,47,51,1,0,1,0
"11,20,24,55",23,23,23,19,0,0,1,1
"11,20,25,56",14,44,14,44,1,0,1,0
"11,20,29,30",50,39,50,39,1,0,1,0
"11,20,29,50",30,41,30,41,1,0,1,0
"11,20,31,41",65,50,65,47,1,0,1,1
"11,20,31,48",51,38,51,38,1,0,1,0
"11,20,33,65",25,14,25,14,1,0,1,0
"11,20,34,40",74,29,74,29,1,0,1,0
"11,20,38,66",14,21,14,21,1,0,1,0
"11,20,41,50",14,30,14,30,1,0,1,0
"11,20,41,59",50,50,29,29,0,1,0,1
"11,20,42,60",51,51,38,38,0,1,0,1
"11,20,46,47",53,14,53,14,1,0,1,0
"11,20,48,50",28,47,28,47,1,0,1,0
"11,20,49,50",65,47,65,47,1,0,1,0
"11,20,49,61",56,4,4,4,1,1,0,0
"11,20,51,59",29,23,29,23,1,0,1,0
"11,20,51,65",25,77,25,77,1,0,1,0
"11,20,56,68",12,23,12,23,1,0,1,0
"11,20,56,69",16,61,16,61,1,0,1,0
"11,21,24,41",22,19,19,19,1,1,0,0
"11,21,25,40",49,31,49,31,1,0,1,0
"11,21,28,58",37,61,61,61,1,1,0,0
"11,21,28,61",55,47,55,47,1,0,1,0
"11,21,30,41",39,50,39,50,1,0,1,0
"11,21,30,68",5,61,5,61,1,0,1,0
"11,21,32,51",59,12,59,12,1,0,1,0
"11,21,37,49",67,61,67,61,1,0,1,0
"11,21,38,55",65,31,31,31,1,1,0,0
"11,21,38,68",12,5,12,5,1,0,1,0
"11,21,48,58",30,38,38,38,1,1,0,0
"11,21,49,51",46,45,45,45,1,1,0,0
"11,21,56,61",57,47,57,47,1,0,1,0
"11,21,56,66",37,38,37,38,1,0,1,0
"11,21,59,65",2,29,2,29,1,0,1,0
"11,22,23,43",21,74,21,74,1,0,1,0
"11,22,25,31",49,61,49,61,1,0,1,0
"11,22,28,43",61,67,61,67,1,0,1,0
"11,22,28,52",58,68,58,68,1,0,1,0
"11,22,28,68",20,18,20,18,1,0,1,0
"11,22,31,43",41,67,41,67,1,0,1,0
"11,22,31,51",67,42,67,42,1,0,1,0
"11,22,31,52",14,61,14,61,1,0,1,0
"11,22,32,56",16,38,16,38,1,0,1,0
"11,22,32,67",16,56,16,56,1,0,1,0
"11,22,33,40",13,67,13,67,1,0,1,0
"11,22,38,48",24,18,24,18,1,0,1,0
"11,22,39,48",30,3,30,3,1,0,1,0
"11,22,39,51",21,42,21,42,1,0,1,0
"11,22,39,58",30,49,30,49,1,0,1,0
"11,22,40,51",31,31,67,67,0,1,0,1
"11,22,41,47",31,38,31,38,1,0,1,0
"11,22,41,61",56,28,56,28,1,0,1,0
"11,22,41,69",49,49,19,19,0,1,0,1
"11,22,42,67",4,68,4,68,1,0,1,0
"11,22,47,65",19,67,19,67,1,0,1,0
"11,22,50,68",28,23,28,23,1,0,1,0
"11,23,24,50",41,14,14,14,1,1,0,0
"11,23,31,32",51,12,51,12,1,0,1,0
"11,23,31,57",12,47,12,47,1,0,1,0
"11,23,32,48",68,68,68,41,0,0,1,1
"11,23,33,65",3,47,3,47,1,0,1,0
"11,23,37,42",61,30,61,30,1,0,1,0
"11,23,37,58",68,18,68,18,1,0,1,0
"11,23,38,65",55,68,55,68,1,0,1,0
"11,23,41,52",51,68,51,68,1,0,1,0
"11,23,46,49",53,51,53,51,1,0,1,0
"11,23,47,56",61,68,61,68,1,0,1,0
"11,23,50,67",51,68,51,68,1,0,1,0
"11,23,55,61",56,68,56,68,1,0,1,0
"11,23,67,68",65,41,65,41,1,0,1,0
"11,24,33,40",56,51,56,51,1,0,1,0
"11,24,33,47",51,56,51,51,1,0,0,1
"11,24,38,51",18,42,42,42,1,1,0,0
"11,24,39,58",48,48,51,51,0,1,0,1
"11,24,40,50",14,56,14,56,1,0,1,0
"11,24,40,55",69,19,69,19,1,0,1,0
"11,24,40,59",32,31,32,31,1,0,1,0
"11,24,43,65",51,51,19,19,0,1,0,1
"11,24,46,50",74,20,74,20,1,0,1,0
"11,24,48,51",68,42,68,42,1,0,1,0
"11,24,51,65",41,69,41,69,1,0,1,0
"11,25,28,68",12,18,12,18,1,0,1,0
"11,25,29,39",65,20,20,20,1,1,0,0
"11,25,31,32",61,41,41,41,1,1,0,0
"11,25,32,40",44,56,44,56,1,0,1,0
"11,25,37,49",44,65,44,65,1,0,1,0
"11,25,39,47",20,20,20,15,0,0,1,1
"11,25,41,47",15,15,57,57,0,1,0,1
"11,25,46,56",20,65,20,65,1,0,1,0
"11,25,46,59",53,65,53,65,1,0,1,0
"11,28,29,40",39,56,39,56,1,0,1,0
"11,28,30,38",56,4,56,4,1,0,1,0
"11,28,31,41",35,37,35,37,1,0,1,0
"11,28,31,47",61,56,61,56,1,0,1,0
"11,28,31,51",35,68,35,68,1,0,1,0
"11,28,32,42",35,12,35,12,1,0,1,0
"11,28,33,37",27,19,27,19,1,0,1,0
"11,28,33,65",39,61,39,61,1,0,1,0
"11,28,34,65",20,61,20,61,1,0,1,0
"11,28,38,40",68,37,37,37,1,1,0,0
"11,28,38,51",56,68,56,68,1,0,1,0
"11,28,40,61",54,31,54,31,1,0,1,0
"11,28,41,49",61,4,61,4,1,0,1,0
"11,28,46,61",22,19,22,19,1,0,1,0
"11,28,46,68",38,19,38,19,1,0,1,0
"11,28,48,68",12,51,12,51,1,0,1,0
"11,28,51,67",22,50,22,50,1,0,1,0
"11,28,52,56",22,47,22,47,1,0,1,0
"11,28,52,68",78,47,78,47,1,0,1,0
"11,28,57,61",54,33,54,33,1,0,1,0
"11,29,30,46",14,74,14,74,1,0,1,0
"11,29,31,57",41,41,38,38,0,1,0,1
"11,29,31,58",41,38,41,38,1,0,1,0
"11,29,32,38",31,12,31,12,1,0,1,0
"11,29,33,46",56,56,51,51,0,1,0,1
"11,29,33,59",14,65,65,65,1,1,0,0
"11,29,34,68",74,5,74,5,1,0,1,0
"11,29,41,50",49,20,20,20,1,1,0,0
"11,29,41,67",35,56,35,56,1,0,1,0
"11,29,42,49",37,41,37,41,1,0,1,0
"11,29,43,56",37,16,37,16,1,0,1,0
"11,29,46,57",47,51,47,51,1,0,1,0
"11,29,49,56",61,4,61,4,1,0,1,0
"11,29,59,68",51,5,51,5,1,0,1,0
"11,30,31,41",29,37,29,37,1,0,1,0
"11,30,31,56",32,38,32,38,1,0,1,0
"11,30,33,40",29,29,29,27,0,0,1,1
"11,30,33,49",27,41,27,41,1,0,1,0
"11,30,38,61",56,31,56,31,1,0,1,0
"11,30,39,47",41,41,41,23,0,0,1,1
"11,30,39,48",22,20,22,20,1,0,1,0
"11,30,39,50",21,10,21,10,1,0,1,0
"11,30,40,46",20,14,14,14,1,1,0,0
"11,30,42,59",23,14,23,14,1,0,1,0
"11,30,46,57",47,27,27,27,1,1,0,0
"11,30,48,51",31,21,31,21,1,0,1,0
"11,30,50,58",22,22,22,10,0,0,1,1
"11,30,51,59",21,31,21,31,1,0,1,0
"11,31,33,34",61,14,61,14,1,0,1,0
"11,31,33,65",3,29,3,29,1,0,1,0
"11,31,33,67",4,28,28,28,1,1,0,0
"11,31,34,65",29,29,27,27,0,1,0,1
"11,31,37,38",65,41,65,41,1,0,1,0
"11,31,37,59",19,61,19,61,1,0,1,0
"11,31,37,66",28,28,21,21,0,1,0,1
"11,31,37,68",23,41,23,41,1,0,1,0
"11,31,38,43",30,41,30,41,1,0,1,0
"11,31,38,47",71,21,71,21,1,0,1,0
"11,31,38,48",65,20,20,20,1,1,0,0
"11,31,38,50",43,20,43,20,1,0,1,0
"11,31,38,65",30,55,30,55,1,0,1,0
"11,31,39,59",23,14,14,14,1,1,0,0
"11,31,39,68",23,63,23,63,1,0,1,0
"11,31,40,68",23,28,23,28,1,0,1,0
"11,31,41,65",20,47,20,47,1,0,1,0
"11,31,41,67",4,13,4,13,1,0,1,0
"11,31,46,60",16,56,16,56,1,0,1,0
"11,31,47,50",51,20,51,20,1,0,1,0
"11,31,47,52",28,7,28,7,1,0,1,0
"11,31,47,67",56,61,56,61,1,0,1,0
"11,31,49,57",41,41,61,41,0,1,1,0
"11,31,49,67",61,41,61,41,1,0,1,0
"11,31,50,58",51,22,51,22,1,0,1,0
"11,31,51,68",67,28,67,28,1,0,1,0
"11,31,58,61",56,67,56,67,1,0,1,0
"11,32,33,40",13,13,16,16,0,1,0,1
"11,32,38,49",43,56,43,56,1,0,1,0
"11,32,38,56",16,28,16,28,1,0,1,0
"11,32,42,52",68,51,68,51,1,0,1,0
"11,32,42,66",51,12,51,12,1,0,1,0
"11,32,47,61",37,41,37,41,1,0,1,0
"11,32,48,51",27,41,41,41,1,1,0,0
"11,32,48,58",56,16,56,16,1,0,1,0
"11,33,37,41",44,67,44,67,1,0,1,0
"11,33,38,50",30,41,30,41,1,0,1,0
"11,33,40,67",56,41,56,41,1,0,1,0
"11,33,41,47",65,57,65,57,1,0,1,0
"11,33,41,57",50,50,50,47,0,0,1,1
"11,33,42,49",51,41,51,41,1,0,1,0
"11,33,43,49",41,41,39,39,0,1,0,1
"11,33,46,50",22,51,22,51,1,0,1,0
"11,33,47,51",3,41,3,41,1,0,1,0
"11,33,49,58",41,41,13,13,0,1,0,1
"11,33,51,68",5,28,5,28,1,0,1,0
"11,33,52,65",25,2,25,2,1,0,1,0
"11,33,57,59",56,3,56,3,1,0,1,0
"11,34,38,48",74,29,74,29,1,0,1,0
"11,34,41,58",61,1,61,1,1,0,1,0
"11,34,43,46",27,27,27,51,0,0,1,1
"11,34,49,50",74,51,74,51,1,0,1,0
"11,34,52,66",43,61,43,61,1,0,1,0
"11,37,38,39",65,49,65,49,1,0,1,0
"11,37,38,43",47,19,47,19,1,0,1,0
"11,37,38,49",65,56,65,56,1,0,1,0
"11,37,38,61",65,47,65,47,1,0,1,0
"11,37,41,59",56,5,5,5,1,1,0,0
"11,37,41,67",40,51,51,51,1,1,0,0
"11,37,42,51",41,61,61,61,1,1,0,0
"11,37,42,57",38,56,38,56,1,0,1,0
"11,37,43,48",21,44,21,44,1,0,1,0
"11,37,49,56",65,38,65,38,1,0,1,0
"11,37,58,59",19,56,19,56,1,0,1,0
"11,38,39,51",65,41,65,41,1,0,1,0
"11,38,40,67",68,68,4,4,0,1,0,1
"11,38,41,49",65,39,65,39,1,0,1,0
"11,38,43,49",65,39,65,39,1,0,1,0
"11,38,46,47",14,19,14,19,1,0,1,0
"11,38,46,49",51,19,51,19,1,0,1,0
"11,38,47,61",21,37,21,37,1,0,1,0
"11,38,51,58",65,18,18,18,1,1,0,0
"11,39,40,50",38,22,38,22,1,0,1,0
"11,39,40,59",29,31,29,31,1,0,1,0
"11,39,46,51",65,31,65,31,1,0,1,0
"11,39,51,68",41,48,41,48,1,0,1,0
"11,39,52,68",44,12,44,12,1,0,1,0
"11,39,66,68",44,44,12,12,0,1,0,1
"11,40,41,42",74,12,74,12,1,0,1,0
"11,40,41,48",10,21,10,21,1,0,1,0
"11,41,42,50",36,23,23,23,1,1,0,0
"11,41,42,56",61,68,61,68,1,0,1,0
"11,41,48,51",47,32,47,32,1,0,1,0
"11,41,48,67",37,16,37,16,1,0,1,0
"11,41,49,59",32,29,32,29,1,0,1,0
"11,41,51,67",35,37,35,37,1,0,1,0
"11,41,56,59",61,61,67,61,0,1,1,0
"11,41,57,66",47,3,47,3,1,0,1,0
"11,42,47,56",61,37,37,37,1,1,0,0
"11,43,48,66",10,36,10,36,1,0,1,0
"11,46,47,56",61,37,61,37,1,0,1,0
"11,46,47,58",57,57,19,19,0,1,0,1
"11,46,47,68",56,56,74,74,0,1,0,1
"11,46,48,59",53,49,53,49,1,0,1,0
"11,46,50,52",22,14,22,14,1,0,1,0
"11,46,59,66",65,3,65,3,1,0,1,0
"11,47,48,68",67,23,67,23,1,0,1,0
"11,48,49,51",68,41,68,41,1,0,1,0
"11,48,49,68",51,16,51,16,1,0,1,0
"11,48,50,52",22,14,22,14,1,0,1,0
"11,48,57,59",51,51,3,3,0,1,0,1
"11,48,57,67",61,16,61,16,1,0,1,0
"11,49,50,67",51,4,51,4,1,0,1,0
"11,49,51,58",46,46,13,13,0,1,0,1
"11,49,56,58",61,4,61,4,1,0,1,0
"11,50,56,59",61,5,61,5,1,0,1,0
"11,51,52,56",61,68,61,68,1,0,1,0
"11,51,60,66",42,67,42,67,1,0,1,0
"11,52,58,59",60,51,60,51,1,0,1,0
"12,13,20,30",70,14,14,14,1,1,0,0
"12,13,20,37",19,47,19,47,1,0,1,0
"12,13,20,57",17,14,17,14,1,0,1,0
"12,13,21,38",14,29,14,29,1,0,1,0
"12,13,22,41",11,32,11,32,1,0,1,0
"12,13,22,49",19,39,19,39,1,0,1,0
"12,13,22,58",10,32,10,32,1,0,1,0
"12,13,23,38",43,11,43,11,1,0,1,0
"12,13,23,58",43,11,43,11,1,0,1,0
"12,13,24,33",16,15,16,15,1,0,1,0
"12,13,24,48",21,40,21,40,1,0,1,0
"12,13,24,51",15,42,15,42,1,0,1,0
"12,13,28,43",39,14,39,14,1,0,1,0
"12,13,28,50",45,14,45,14,1,0,1,0
"12,13,30,41",36,57,36,57,1,0,1,0
"12,13,31,40",43,24,43,24,1,0,1,0
"12,13,31,57",17,39,17,39,1,0,1,0
"12,13,32,60",33,52,33,52,1,0,1,0
"12,13,33,40",36,16,36,16,1,0,1,0
"12,13,33,48",45,24,24,24,1,1,0,0
"12,13,39,66",52,43,52,43,1,0,1,0
"12,13,41,68",14,14,23,23,0,1,0,1
"12,13,42,43",16,23,16,23,1,0,1,0
"12,13,48,58",24,39,24,39,1,0,1,0
"12,13,50,67",58,58,45,45,0,1,0,1
"12,13,52,60",16,33,16,33,1,0,1,0
"12,13,59,68",14,75,14,75,1,0,1,0
"12,13,66,68",75,69,75,69,1,0,1,0
"12,14,20,30",46,13,46,13,1,0,1,0
"12,14,20,41",25,13,25,13,1,0,1,0
"12,14,20,47",46,13,46,13,1,0,1,0
"12,14,21,59",15,66,66,66,1,1,0,0
"12,14,22,46",13,20,13,20,1,0,1,0
"12,14,28,31",40,15,40,15,1,0,1,0
"12,14,28,41",13,11,13,11,1,0,1,0
"12,14,29,51",11,68,11,68,1,0,1,0
"12,14,30,39",38,13,38,13,1,0,1,0
"12,14,30,52",13,24,13,24,1,0,1,0
"12,14,38,58",66,28,66,28,1,0,1,0
"12,14,46,67",20,37,20,37,1,0,1,0
"12,14,47,48",21,15,21,15,1,0,1,0
"12,14,47,60",68,38,68,38,1,0,1,0
"12,14,47,66",54,57,54,57,1,0,1,0
"12,14,48,57",62,68,62,68,1,0,1,0
"12,14,48,59",9,3,9,3,1,0,1,0
"12,20,21,40",66,30,66,30,1,0,1,0
"12,20,22,38",62,29,62,29,1,0,1,0
"12,20,22,57",38,62,38,62,1,0,1,0
"12,20,23,58",26,18,26,18,1,0,1,0
"12,20,24,34",13,52,52,52,1,1,0,0
"12,20,29,37",65,57,65,57,1,0,1,0
"12,20,29,48",56,57,56,21,1,0,1,1
"12,20,29,56",48,57,48,57,1,0,1,0
"12,20,30,33",40,23,40,23,1,0,1,0
"12,20,30,38",57,6,57,6,1,0,1,0
"12,20,30,40",57,57,48,48,0,1,0,1
"12,20,31,32",56,28,56,28,1,0,1,0
"12,20,31,39",57,48,48,48,1,1,0,0
"12,20,31,52",19,32,19,32,1,0,1,0
"12,20,32,42",60,60,60,56,0,0,1,1
"12,20,32,43",24,52,52,52,1,1,0,0
"12,20,32,50",60,5,60,5,1,0,1,0
"12,20,32,58",60,42,60,42,1,0,1,0
"12,20,32,59",50,60,50,60,1,0,1,0
"12,20,37,38",44,57,44,57,1,0,1,0
"12,20,37,48",25,57,25,57,1,0,1,0
"12,20,38,52",19,29,19,29,1,0,1,0
"12,20,39,42",36,30,36,30,1,0,1,0
"12,20,39,50",30,30,66,66,0,1,0,1
"12,20,39,66",46,50,46,50,1,0,1,0
"12,20,40,42",74,37,74,37,1,0,1,0
"12,20,41,46",14,14,36,36,0,1,0,1
"12,20,42,49",52,23,52,23,1,0,1,0
"12,20,42,56",74,32,74,32,1,0,1,0
"12,20,43,50",36,19,36,19,1,0,1,0
"12,20,49,50",66,39,66,39,1,0,1,0
"12,20,50,66",57,39,57,39,1,0,1,0
"12,20,57,58",62,38,62,38,1,0,1,0
"12,21,22,28",46,32,46,32,1,0,1,0
"12,21,22,30",42,42,18,18,0,1,0,1
"12,21,24,30",18,19,18,19,1,0,1,0
"12,21,24,38",18,19,18,19,1,0,1,0
"12,21,24,42",75,18,18,18,1,1,0,0
"12,21,24,47",75,20,75,20,1,0,1,0
"12,21,28,38",14,48,14,48,1,0,1,0
"12,21,28,66",20,78,20,78,1,0,1,0
"12,21,29,43",75,75,13,13,0,1,0,1
"12,21,30,47",15,38,15,38,1,0,1,0
"12,21,31,37",42,57,42,57,1,0,1,0
"12,21,32,60",66,57,66,57,1,0,1,0
"12,21,33,59",32,28,32,28,1,0,1,0
"12,21,37,42",30,30,18,18,0,1,0,1
"12,21,37,57",5,29,5,29,1,0,1,0
"12,21,38,42",30,66,30,66,1,0,1,0
"12,21,39,67",15,22,15,22,1,0,1,0
"12,21,40,50",20,30,20,30,1,0,1,0
"12,21,41,66",14,32,14,32,1,0,1,0
"12,21,42,51",15,32,15,32,1,0,1,0
"12,21,42,57",31,51,31,51,1,0,1,0
"12,21,42,67",4,75,4,75,1,0,1,0
"12,21,48,56",24,29,24,29,1,0,1,0
"12,22,23,47",46,18,46,18,1,0,1,0
"12,22,23,51",21,46,21,46,1,0,1,0
"12,22,30,42",66,38,66,38,1,0,1,0
"12,22,31,67",42,57,42,57,1,0,1,0
"12,22,33,39",32,57,32,57,1,0,1,0
"12,22,33,49",32,52,32,52,1,0,1,0
"12,22,34,37",42,42,46,46,0,1,0,1
"12,22,34,42",74,46,74,46,1,0,1,0
"12,22,34,48",31,42,31,42,1,0,1,0
"12,22,37,43",19,19,36,36,0,1,0,1
"12,22,38,50",68,46,68,46,1,0,1,0
"12,22,39,41",48,42,48,42,1,0,1,0
"12,22,39,66",50,46,50,46,1,0,1,0
"12,22,41,42",36,11,36,11,1,0,1,0
"12,22,48,56",39,32,39,32,1,0,1,0
"12,22,52,67",40,19,40,19,1,0,1,0
"12,23,28,42",32,20,32,20,1,0,1,0
"12,23,28,49",68,68,33,33,0,1,0,1
"12,23,28,60",42,52,42,52,1,0,1,0
"12,23,29,33",68,28,68,28,1,0,1,0
"12,23,29,59",74,68,74,68,1,0,1,0
"12,23,32,51",41,59,41,59,1,0,1,0
"12,23,32,52",68,43,68,43,1,0,1,0
"12,23,32,57",33,68,33,68,1,0,1,0
"12,23,33,68",17,57,17,57,1,0,1,0
"12,23,34,57",29,6,29,6,1,0,1,0
"12,23,37,39",75,42,75,42,1,0,1,0
"12,23,39,66",68,50,68,50,1,0,1,0
"12,23,40,48",42,42,42,51,0,0,1,1
"12,23,40,58",31,18,18,18,1,1,0,0
"12,23,40,59",31,68,31,68,1,0,1,0
"12,23,40,66",34,50,34,50,1,0,1,0
"12,23,41,52",32,32,68,68,0,1,0,1
"12,23,42,48",32,39,32,39,1,0,1,0
"12,23,46,66",22,74,22,74,1,0,1,0
"12,23,49,57",17,39,17,39,1,0,1,0
"12,23,51,66",50,21,50,21,1,0,1,0
"12,24,28,57",21,19,21,19,1,0,1,0
"12,24,30,40",64,48,64,48,1,0,1,0
"12,24,31,47",38,52,38,52,1,0,1,0
"12,24,31,51",19,42,19,42,1,0,1,0
"12,24,31,60",64,69,64,69,1,0,1,0
"12,24,32,33",52,13,52,13,1,0,1,0
"12,24,33,42",52,4,52,4,1,0,1,0
"12,24,39,50",19,23,19,23,1,0,1,0
"12,24,39,66",52,69,52,69,1,0,1,0
"12,24,41,57",38,48,38,38,1,0,0,1
"12,24,46,48",19,52,52,52,1,1,0,0
"12,24,47,48",75,52,75,52,1,0,1,0
"12,24,48,66",69,52,52,52,1,1,0,0
"12,24,50,58",31,13,31,13,1,0,1,0
"12,28,31,50",34,32,34,32,1,0,1,0
"12,28,32,50",31,14,14,14,1,1,0,0
"12,28,34,50",31,31,31,20,0,0,1,1
"12,28,34,59",35,29,35,29,1,0,1,0
"12,29,30,40",36,10,36,10,1,0,1,0
"12,29,30,52",57,57,34,34,0,1,0,1
"12,29,32,43",38,69,38,69,1,0,1,0
"12,29,32,49",17,17,17,57,0,0,1,1
"12,29,32,68",28,42,28,42,1,0,1,0
"12,29,37,58",59,38,59,38,1,0,1,0
"12,29,38,48",36,39,39,39,1,1,0,0
"12,29,39,52",28,69,28,69,1,0,1,0
"12,29,41,56",21,38,21,38,1,0,1,0
"12,29,56,57",21,20,21,20,1,0,1,0
"12,30,31,37",21,57,21,57,1,0,1,0
"12,30,31,50",42,42,40,40,0,1,0,1
"12,30,32,46",29,29,40,40,0,1,0,1
"12,30,32,66",40,28,40,28,1,0,1,0
"12,30,32,68",29,29,29,34,0,0,1,1
"12,30,34,49",52,29,52,29,1,0,1,0
"12,30,39,43",36,13,36,13,1,0,1,0
"12,30,39,49",19,13,19,13,1,0,1,0
"12,30,40,50",57,39,57,39,1,0,1,0
"12,30,42,51",31,21,21,21,1,1,0,0
"12,30,50,66",40,40,42,42,0,1,0,1
"12,31,32,49",40,22,40,22,1,0,1,0
"12,31,34,68",40,63,40,63,1,0,1,0
"12,31,38,43",57,24,24,24,1,1,0,0
"12,31,40,48",42,42,42,24,0,0,1,1
"12,31,41,56",5,21,5,21,1,0,1,0
"12,31,41,68",5,57,5,57,1,0,1,0
"12,31,43,48",40,24,24,24,1,1,0,0
"12,31,43,67",13,64,13,64,1,0,1,0
"12,31,47,58",48,28,28,28,1,1,0,0
"12,31,49,57",17,39,17,39,1,0,1,0
"12,31,51,59",23,23,23,11,0,0,1,1
"12,31,52,58",22,22,28,28,0,1,0,1
"12,31,56,58",32,32,57,57,0,1,0,1
"12,32,33,57",31,29,31,29,1,0,1,0
"12,32,33,59",57,57,57,42,0,0,1,1
"12,32,37,67",5,42,5,42,1,0,1,0
"12,32,38,39",66,42,66,42,1,0,1,0
"12,32,38,40",64,42,64,42,1,0,1,0
"12,32,39,66",31,56,31,56,1,0,1,0
"12,32,39,68",66,5,66,5,1,0,1,0
"12,32,40,41",52,64,52,64,1,0,1,0
"12,32,41,51",23,21,23,21,1,0,1,0
"12,32,42,56",23,23,23,20,0,0,1,1
"12,32,46,52",49,36,49,36,1,0,1,0
"12,32,47,57",29,31,29,31,1,0,1,0
"12,32,50,57",62,5,5,5,1,1,0,0
"12,32,51,58",20,13,20,13,1,0,1,0
"12,32,51,66",21,21,42,42,0,1,0,1
"12,32,56,58",62,42,62,42,1,0,1,0
"12,33,40,42",52,39,52,39,1,0,1,0
"12,33,42,47",51,23,51,23,1,0,1,0
"12,33,42,48",51,3,51,3,1,0,1,0
"12,34,39,66",40,4,40,4,1,0,1,0
"12,34,40,48",31,24,31,24,1,0,1,0
"12,37,40,47",42,57,42,57,1,0,1,0
"12,37,42,47",63,20,63,20,1,0,1,0
"12,37,42,50",30,23,30,23,1,0,1,0
"12,37,47,52",19,28,19,28,1,0,1,0
"12,37,47,57",38,5,38,5,1,0,1,0
"12,37,47,58",48,20,48,20,1,0,1,0
"12,37,51,57",48,46,48,46,1,0,1,0
"12,38,39,40",66,50,66,50,1,0,1,0
"12,38,39,47",66,20,66,20,1,0,1,0
"12,38,39,59",14,29,29,29,1,1,0,0
"12,38,41,43",57,31,57,31,1,0,1,0
"12,38,42,43",68,75,68,69,1,0,1,1
"12,38,42,60",57,6,6,6,1,1,0,0
"12,38,43,58",39,57,39,57,1,0,1,0
"12,38,43,66",39,36,39,36,1,0,1,0
"12,38,51,67",11,11,68,68,0,1,0,1
"12,38,56,57",20,30,20,30,1,0,1,0
"12,39,40,49",66,22,66,22,1,0,1,0
"12,39,42,50",66,40,66,40,1,0,1,0
"12,39,50,58",66,66,42,42,0,1,0,1
"12,39,56,67",28,16,28,16,1,0,1,0
"12,40,41,67",13,36,13,36,1,0,1,0
"12,40,47,50",52,20,20,20,1,1,0,0
"12,40,51,60",42,20,42,20,1,0,1,0
"12,40,56,59",57,32,32,32,1,1,0,0
"12,40,57,58",62,30,62,30,1,0,1,0
"12,41,42,51",32,48,32,48,1,0,1,0
"12,42,49,59",33,33,33,9,0,0,1,1
"12,42,51,67",48,33,48,33,1,0,1,0
"12,42,56,60",57,20,57,20,1,0,1,0
"12,43,59,67",69,36,69,36,1,0,1,0
"12,47,49,60",48,50,48,50,1,0,1,0
"12,47,57,67",66,68,66,68,1,0,1,0
"12,48,49,51",75,42,75,42,1,0,1,0
"12,48,50,57",62,45,62,45,1,0,1,0
"12,48,51,57",46,42,46,42,1,0,1,0
"12,48,57,67",38,62,38,62,1,0,1,0
"12,49,56,58",4,4,57,57,0,1,0,1
"12,50,57,59",56,5,5,5,1,1,0,0
"13,20,21,22",37,32,37,32,1,0,1,0
"13,20,21,24",45,12,45,12,1,0,1,0
"13,20,21,58",65,40,65,40,1,0,1,0
"13,20,22,23",76,46,76,46,1,0,1,0
"13,20,33,43",24,65,65,65,1,1,0,0
"13,20,38,48",65,29,65,29,1,0,1,0
"13,20,39,47",65,37,65,37,1,0,1,0
"13,20,39,49",37,37,37,46,0,0,1,1
"13,20,39,51",65,77,65,77,1,0,1,0
"13,20,40,42",76,37,76,37,1,0,1,0
"13,20,40,50",76,14,76,14,1,0,1,0
"13,20,51,67",21,77,21,77,1,0,1,0
"13,21,22,58",30,33,30,33,1,0,1,0
"13,21,30,58",10,57,10,57,1,0,1,0
"13,21,31,32",27,41,27,41,1,0,1,0
"13,21,31,41",58,58,49,49,0,1,0,1
"13,21,32,39",58,48,58,48,1,0,1,0
"13,21,32,60",33,49,33,49,1,0,1,0
"13,21,33,39",61,61,61,57,0,0,1,1
"13,21,40,67",47,51,47,51,1,0,1,0
"13,21,41,56",11,61,11,61,1,0,1,0
"13,21,42,50",51,51,51,58,0,0,1,1
"13,21,43,50",45,24,45,24,1,0,1,0
"13,21,47,51",26,37,26,37,1,0,1,0
"13,21,48,67",51,40,40,40,1,1,0,0
"13,21,51,67",58,40,58,40,1,0,1,0
"13,22,31,56",5,32,5,32,1,0,1,0
"13,22,38,60",76,76,58,58,0,1,0,1
"13,22,47,58",30,30,2,2,0,1,0,1
"13,29,31,67",39,33,39,33,1,0,1,0
"13,29,32,41",35,5,35,5,1,0,1,0
"13,29,32,60",30,33,33,33,1,1,0,0
"13,29,39,41",69,37,69,37,1,0,1,0
"13,29,43,47",19,23,19,23,1,0,1,0
"13,29,49,57",69,21,21,21,1,1,0,0
"13,30,31,57",3,40,3,40,1,0,1,0
"13,30,37,42",49,39,49,49,1,0,0,1
"13,30,39,43",3,12,36,12,1,1,1,0
"13,30,41,57",3,37,3,37,1,0,1,0
"13,30,49,56",39,22,39,22,1,0,1,0
"13,30,57,59",29,29,58,58,0,1,0,1
"13,31,38,47",15,43,15,43,1,0,1,0
"13,37,40,41",65,31,65,31,1,0,1,0
"13,38,40,47",14,41,14,41,1,0,1,0
"13,38,42,57",17,41,17,41,1,0,1,0
"13,38,47,49",15,58,15,58,1,0,1,0
"13,39,47,59",58,29,58,29,1,0,1,0
"13,39,51,59",40,9,40,9,1,0,1,0
"13,39,56,58",59,59,32,32,0,1,0,1
"13,40,47,49",52,21,52,21,1,0,1,0
"13,47,49,60",52,52,15,15,0,1,0,1
"13,47,51,56",29,11,11,11,1,1,0,0
"13,47,56,58",59,2,59,2,1,0,1,0
"13,48,58,60",55,59,55,59,1,0,1,0
"20,21,22,31",51,32,51,32,1,0,1,0
"20,21,22,38",78,47,78,47,1,0,1,0
"20,21,22,40",60,50,60,50,1,0,1,0
"20,21,22,49",45,50,45,50,1,0,1,0
"20,21,22,51",31,50,31,50,1,0,1,0
"20,21,22,57",48,60,48,60,1,0,1,0
"20,21,22,60",48,28,48,28,1,0,1,0
"20,21,23,41",51,32,51,32,1,0,1,0
"20,21,24,29",48,32,48,32,1,0,1,0
"20,21,24,40",72,50,72,32,1,0,1,1
"20,21,30,38",14,47,14,47,1,0,1,0
"20,21,30,47",66,38,66,38,1,0,1,0
"20,21,31,33",27,23,27,23,1,0,1,0
"20,21,31,39",51,19,51,19,1,0,1,0
"20,21,33,47",66,65,66,65,1,0,1,0
"20,21,39,40",50,30,50,30,1,0,1,0
"20,21,39,41",51,40,51,40,1,0,1,0
"20,21,39,58",48,13,48,13,1,0,1,0
"20,21,41,47",51,38,51,38,1,0,1,0
"20,21,42,48",22,66,22,66,1,0,1,0
"20,21,57,59",60,60,19,60,0,1,1,0
"20,21,58,60",48,22,48,22,1,0,1,0
"20,22,23,39",55,46,55,46,1,0,1,0
"20,22,23,49",40,29,40,29,1,0,1,0
"20,22,31,39",42,23,42,23,1,0,1,0
"20,22,31,41",50,21,50,21,1,0,1,0
"20,22,38,42",23,56,23,56,1,0,1,0
"20,22,42,58",31,24,24,24,1,1,0,0
"20,22,48,51",60,60,60,21,0,0,1,1
"20,22,50,60",25,26,26,26,1,1,0,0
"20,23,30,33",47,47,24,24,0,1,0,1
"20,23,31,39",25,19,25,19,1,0,1,0
"20,23,31,57",25,25,25,47,0,0,1,1
"20,23,32,51",42,24,42,24,1,0,1,0
"20,23,32,60",26,50,26,50,1,0,1,0
"20,23,33,42",26,12,26,12,1,0,1,0
"20,23,33,51",11,42,11,42,1,0,1,0
"20,23,39,56",30,47,30,47,1,0,1,0
"20,23,40,42",60,50,50,50,1,1,0,0
"20,23,42,49",68,25,68,25,1,0,1,0
"20,23,49,51",11,11,11,50,0,0,1,1
"20,23,49,60",25,40,25,40,1,0,1,0
"20,24,39,50",40,23,40,23,1,0,1,0
"20,24,48,58",72,28,72,28,1,0,1,0
"20,30,31,41",37,21,37,21,1,0,1,0
"20,30,31,50",32,28,32,28,1,0,1,0
"20,30,33,50",31,41,41,41,1,1,0,0
"20,30,40,42",37,39,37,39,1,0,1,0
"20,30,41,42",50,40,50,40,1,0,1,0
"20,31,32,58",4,40,4,40,1,0,1,0
"20,31,42,48",54,25,54,25,1,0,1,0
"20,31,48,51",11,50,11,50,1,0,1,0
"20,40,41,51",39,21,39,21,1,0,1,0
"20,41,50,59",60,29,60,29,1,0,1,0
"21,22,23,30",46,29,46,29,1,0,1,0
"21,22,30,38",78,66,78,66,1,0,1,0
"21,22,30,40",10,49,10,49,1,0,1,0
"21,22,30,57",33,49,33,49,1,0,1,0
"21,22,31,39",15,48,15,48,1,0,1,0
"21,22,31,47",15,38,15,38,1,0,1,0
"21,22,32,59",5,33,5,33,1,0,1,0
"21,22,38,42",78,14,78,14,1,0,1,0
"21,22,39,51",11,48,11,48,1,0,1,0
"21,22,39,57",49,49,33,49,0,1,1,0
"21,22,40,42",52,41,52,41,1,0,1,0
"21,22,42,49",45,25,25,25,1,1,0,0
"21,22,47,49",45,23,45,23,1,0,1,0
"21,23,30,31",47,24,47,24,1,0,1,0
"21,23,39,59",48,25,48,25,1,0,1,0
"21,23,48,49",53,47,53,47,1,0,1,0
"21,23,48,59",53,32,53,32,1,0,1,0
"21,23,49,57",30,25,30,25,1,0,1,0
"21,29,30,41",75,31,75,31,1,0,1,0
"21,29,32,40",34,28,28,28,1,1,0,0
"21,29,40,41",65,37,37,37,1,1,0,0
"21,30,31,48",51,58,51,58,1,0,1,0
"21,30,32,41",51,31,51,27,1,0,1,1
"21,30,33,49",27,57,27,57,1,0,1,0
"21,30,33,57",45,31,45,31,1,0,1,0
"21,30,38,57",6,29,6,29,1,0,1,0
"21,30,39,40",10,49,10,49,1,0,1,0
"21,30,40,57",50,31,50,31,1,0,1,0
"21,30,41,58",61,66,61,66,1,0,1,0
"21,31,33,57",12,28,12,28,1,0,1,0
"21,31,38,58",4,48,4,48,1,0,1,0
"21,31,41,59",14,32,14,32,1,0,1,0
"21,31,47,51",15,77,15,77,1,0,1,0
"21,32,40,48",57,12,57,12,1,0,1,0
"21,32,47,51",31,48,31,48,1,0,1,0
"21,32,49,50",51,5,51,5,1,0,1,0
"21,32,50,58",26,41,41,41,1,1,0,0
"21,38,40,41",78,10,47,47,1,1,0,1
"21,39,40,48",16,13,16,13,1,0,1,0
"22,30,31,38",76,42,76,42,1,0,1,0
"22,30,39,40",46,13,46,13,1,0,1,0
"22,30,40,41",10,50,10,50,1,0,1,0
"22,30,40,50",67,67,58,58,0,1,0,1
"22,31,38,49",17,55,17,55,1,0,1,0
"22,31,38,50",40,76,40,76,1,0,1,0
"22,38,41,50",44,14,44,14,1,0,1,0
"30,31,39,41",11,42,11,42,1,0,1,0
"30,31,40,48",24,57,24,57,1,0,1,0
