state,outcome,stones,visited,memo,runtime_seconds,maxdepth,source_file,classification_source,profile,shrink,load,shared_memo,notes,winning_move_to_loss,solver_commit,has_search_cost,memo_runtime_reliable,visited_per_second,memo_per_visited
"90,61,2,73,69,66",LOSS,6,432614.0,432175.0,1.81635,18.0,D:\ghq\github.com\yuubinnkyoku\kyouen-1-to-9-classification\results\10x10\six-stone-loss-proof-90-61-2-73-69-66.csv,LOSS-proof-export,standard,,,False,,,3ab84cee8a138102c648209b81a93e4f9a7bd301,True,True,238177.66399647648,0.9989852385729542
"61,2,73,13,91",LOSS,5,7404873.0,7396568.0,30.3503,19.0,D:\ghq\github.com\yuubinnkyoku\kyouen-1-to-9-classification\results\10x10\five-stone-loss-proof-61-2-73-13-91.csv,LOSS-proof-export,standard,,,False,,,3ab84cee8a138102c648209b81a93e4f9a7bd301,True,True,243980.22424819524,0.9988784412642864
"61,73,66,13",LOSS,4,9559583.0,9517270.0,37.5238,19.0,D:\ghq\github.com\yuubinnkyoku\kyouen-1-to-9-classification\results\10x10\four-stone-loss-proof-61-73-66-13.csv,LOSS-proof-export,standard,,,False,,,3ab84cee8a138102c648209b81a93e4f9a7bd301,True,True,254760.52531993028,0.9955737609056797
"1,39,80",WIN,3,603662904.0,602769989.0,1802.49,19.0,D:\ghq\github.com\yuubinnkyoku\kyouen-1-to-9-classification\results\10x10\69-91-expanded-memo.csv,split-exact-search expanded-memo,standard,,,False,,,3ab84cee8a138102c648209b81a93e4f9a7bd301,True,True,334904.99475725245,0.9985208383783676
"1,39,90",LOSS,3,827783863.0,826696649.0,2462.06,19.0,D:\ghq\github.com\yuubinnkyoku\kyouen-1-to-9-classification\results\10x10\69-91-expanded-memo.csv,split-exact-search expanded-memo,standard,,,False,,,3ab84cee8a138102c648209b81a93e4f9a7bd301,True,True,336215.95858752425,0.9986865967692825
"7,8,30",LOSS,3,826399468.0,824861983.0,2474.03,19.0,D:\ghq\github.com\yuubinnkyoku\kyouen-1-to-9-classification\results\10x10\69-91-expanded-memo.csv,split-exact-search expanded-memo,standard,,,False,,,3ab84cee8a138102c648209b81a93e4f9a7bd301,True,True,334029.6875947341,0.9981395377664982
"8,17,30",LOSS,3,819209782.0,817829824.0,2410.9,19.0,D:\ghq\github.com\yuubinnkyoku\kyouen-1-to-9-classification\results\10x10\69-91-expanded-memo.csv,split-exact-search expanded-memo,standard,,,False,,,3ab84cee8a138102c648209b81a93e4f9a7bd301,True,True,339794.17727819487,0.9983155010714948
"0,8,30",WIN,3,216998113.0,216606504.0,691.379,19.0,D:\ghq\github.com\yuubinnkyoku\kyouen-1-to-9-classification\results\10x10\two-stone-69-91-child-proof.csv,split-exact-search shrink=1 load=85,standard,1.0,85.0,False,,,3ab84cee8a138102c648209b81a93e4f9a7bd301,True,True,313862.7482176925,0.99819533453731
"1,8,30",WIN,3,31048468.0,30970914.0,103.888,18.0,D:\ghq\github.com\yuubinnkyoku\kyouen-1-to-9-classification\results\10x10\two-stone-69-91-child-proof.csv,split-exact-search shrink=2 load=80,standard,2.0,80.0,False,,,3ab84cee8a138102c648209b81a93e4f9a7bd301,True,True,298864.81595564453,0.9975021633917655
"1,30,39",WIN,3,17796724.0,17743429.0,57.3448,19.0,D:\ghq\github.com\yuubinnkyoku\kyouen-1-to-9-classification\results\10x10\two-stone-69-91-child-proof.csv,split-exact-search shrink=2 load=80,standard,2.0,80.0,False,,,3ab84cee8a138102c648209b81a93e4f9a7bd301,True,True,310345.9075626735,0.997005347725795
"1,39,40",WIN,3,38645226.0,38549685.0,126.74,18.0,D:\ghq\github.com\yuubinnkyoku\kyouen-1-to-9-classification\results\10x10\two-stone-69-91-child-proof.csv,split-exact-search shrink=2 load=80,standard,2.0,80.0,False,,,3ab84cee8a138102c648209b81a93e4f9a7bd301,True,True,304917.35837146913,0.9975277412014617
"1,39,41",WIN,3,16410465.0,16354233.0,53.9091,18.0,D:\ghq\github.com\yuubinnkyoku\kyouen-1-to-9-classification\results\10x10\two-stone-69-91-child-proof.csv,split-exact-search shrink=2 load=80,standard,2.0,80.0,False,,,3ab84cee8a138102c648209b81a93e4f9a7bd301,True,True,304409.92337100784,0.9965734060552215
"1,39,42",WIN,3,18824894.0,18770894.0,60.8451,18.0,D:\ghq\github.com\yuubinnkyoku\kyouen-1-to-9-classification\results\10x10\two-stone-69-91-child-proof.csv,split-exact-search shrink=2 load=80,standard,2.0,80.0,False,,,3ab84cee8a138102c648209b81a93e4f9a7bd301,True,True,309390.46858333703,0.9971314579513701
"1,39,43",WIN,3,34679456.0,34617320.0,112.077,19.0,D:\ghq\github.com\yuubinnkyoku\kyouen-1-to-9-classification\results\10x10\two-stone-69-91-child-proof.csv,split-exact-search shrink=2 load=80,standard,2.0,80.0,False,,,3ab84cee8a138102c648209b81a93e4f9a7bd301,True,True,309425.27012678783,0.9982082763928015
"1,39,44",WIN,3,21518525.0,21466406.0,68.6559,18.0,D:\ghq\github.com\yuubinnkyoku\kyouen-1-to-9-classification\results\10x10\two-stone-69-91-child-proof.csv,split-exact-search shrink=2 load=80,standard,2.0,80.0,False,,,3ab84cee8a138102c648209b81a93e4f9a7bd301,True,True,313425.7216058634,0.9975779473732517
"1,39,50",WIN,3,45306409.0,45212582.0,146.496,18.0,D:\ghq\github.com\yuubinnkyoku\kyouen-1-to-9-classification\results\10x10\two-stone-69-91-child-proof.csv,split-exact-search shrink=2 load=80,standard,2.0,80.0,False,,,3ab84cee8a138102c648209b81a93e4f9a7bd301,True,True,309267.2086609873,0.9979290567919431
"1,39,51",WIN,3,33837357.0,33752976.0,112.219,18.0,D:\ghq\github.com\yuubinnkyoku\kyouen-1-to-9-classification\results\10x10\two-stone-69-91-child-proof.csv,split-exact-search shrink=2 load=80,standard,2.0,80.0,False,,,3ab84cee8a138102c648209b81a93e4f9a7bd301,True,True,301529.6607526355,0.9975062768643543
"1,39,52",WIN,3,194807387.0,194485655.0,558.741,19.0,D:\ghq\github.com\yuubinnkyoku\kyouen-1-to-9-classification\results\10x10\two-stone-69-91-child-proof.csv,split-exact-search shrink=1 load=85,standard,1.0,85.0,False,,,3ab84cee8a138102c648209b81a93e4f9a7bd301,True,True,348654.1832441149,0.9983484609852089
"1,39,53",WIN,3,67527782.0,67393741.0,232.782,19.0,D:\ghq\github.com\yuubinnkyoku\kyouen-1-to-9-classification\results\10x10\two-stone-69-91-child-proof.csv,split-exact-search shrink=2 load=80,standard,2.0,80.0,False,,,3ab84cee8a138102c648209b81a93e4f9a7bd301,True,True,290090.22175254097,0.9980150243939598
"1,39,54",WIN,3,62732202.0,62627315.0,211.778,18.0,D:\ghq\github.com\yuubinnkyoku\kyouen-1-to-9-classification\results\10x10\two-stone-69-91-child-proof.csv,split-exact-search shrink=2 load=80,standard,2.0,80.0,False,,,3ab84cee8a138102c648209b81a93e4f9a7bd301,True,True,296216.8025007319,0.9983280197943634
"1,39,60",WIN,3,32063327.0,31986882.0,103.642,19.0,D:\ghq\github.com\yuubinnkyoku\kyouen-1-to-9-classification\results\10x10\two-stone-69-91-child-proof.csv,split-exact-search shrink=2 load=80,standard,2.0,80.0,False,,,3ab84cee8a138102c648209b81a93e4f9a7bd301,True,True,309366.1546477297,0.9976158119835786
"1,39,61",WIN,3,175941959.0,175615243.0,502.136,19.0,D:\ghq\github.com\yuubinnkyoku\kyouen-1-to-9-classification\results\10x10\two-stone-69-91-child-proof.csv,split-exact-search shrink=1 load=85,standard,1.0,85.0,False,,,3ab84cee8a138102c648209b81a93e4f9a7bd301,True,True,350387.0644606242,0.9981430467078066
"1,39,62",WIN,3,18154759.0,18095939.0,57.9947,18.0,D:\ghq\github.com\yuubinnkyoku\kyouen-1-to-9-classification\results\10x10\two-stone-69-91-child-proof.csv,split-exact-search shrink=2 load=80,standard,2.0,80.0,False,,,3ab84cee8a138102c648209b81a93e4f9a7bd301,True,True,313041.691740797,0.9967600781701371
"1,39,63",WIN,3,16854990.0,16807193.0,66.0654,18.0,D:\ghq\github.com\yuubinnkyoku\kyouen-1-to-9-classification\results\10x10\two-stone-69-91-child-proof.csv,split-exact-search shrink=2 load=80,standard,2.0,80.0,False,,,3ab84cee8a138102c648209b81a93e4f9a7bd301,True,True,255125.82985950288,0.9971642225833418
"1,39,64",WIN,3,57900962.0,57776899.0,202.658,18.0,D:\ghq\github.com\yuubinnkyoku\kyouen-1-to-9-classification\results\10x10\two-stone-69-91-child-proof.csv,split-exact-search shrink=2 load=80,standard,2.0,80.0,False,,,3ab84cee8a138102c648209b81a93e4f9a7bd301,True,True,285707.75395000447,0.9978573240285714
"1,39,70",WIN,3,358027581.0,357472330.0,897.095,19.0,D:\ghq\github.com\yuubinnkyoku\kyouen-1-to-9-classification\results\10x10\two-stone-69-91-child-proof.csv,split-exact-search shrink=0 load=90,standard,0.0,90.0,False,,,3ab84cee8a138102c648209b81a93e4f9a7bd301,True,True,399096.6185298101,0.9984491390343472
"1,39,71",WIN,3,32937402.0,32853147.0,108.475,19.0,D:\ghq\github.com\yuubinnkyoku\kyouen-1-to-9-classification\results\10x10\two-stone-69-91-child-proof.csv,split-exact-search shrink=2 load=80,standard,2.0,80.0,False,,,3ab84cee8a138102c648209b81a93e4f9a7bd301,True,True,303640.4885918415,0.997441965823534
"1,39,72",WIN,3,125211843.0,124951644.0,475.492,19.0,D:\ghq\github.com\yuubinnkyoku\kyouen-1-to-9-classification\results\10x10\two-stone-69-91-child-proof.csv,split-exact-search shrink=2 load=80,standard,2.0,80.0,False,,,3ab84cee8a138102c648209b81a93e4f9a7bd301,True,True,263331.12439326005,0.9979219297970081
"1,39,73",WIN,3,40458541.0,40373195.0,157.242,18.0,D:\ghq\github.com\yuubinnkyoku\kyouen-1-to-9-classification\results\10x10\two-stone-69-91-child-proof.csv,split-exact-search shrink=2 load=80,standard,2.0,80.0,False,,,3ab84cee8a138102c648209b81a93e4f9a7bd301,True,True,257301.10911842893,0.9978905319398443
"1,39,74",WIN,3,203045139.0,202692074.0,580.049,19.0,D:\ghq\github.com\yuubinnkyoku\kyouen-1-to-9-classification\results\10x10\two-stone-69-91-child-proof.csv,split-exact-search shrink=1 load=85,standard,1.0,85.0,False,,,3ab84cee8a138102c648209b81a93e4f9a7bd301,True,True,350048.25282002037,0.998261150196755
"1,39,81",WIN,3,44252480.0,44156596.0,143.445,19.0,D:\ghq\github.com\yuubinnkyoku\kyouen-1-to-9-classification\results\10x10\two-stone-69-91-child-proof.csv,split-exact-search shrink=2 load=80,standard,2.0,80.0,False,,,3ab84cee8a138102c648209b81a93e4f9a7bd301,True,True,308497.89117780334,0.9978332513793577
"2,8,30",WIN,3,352129890.0,351391143.0,915.157,19.0,D:\ghq\github.com\yuubinnkyoku\kyouen-1-to-9-classification\results\10x10\two-stone-69-91-child-proof.csv,split-exact-search shrink=0 load=90,standard,0.0,90.0,False,,,3ab84cee8a138102c648209b81a93e4f9a7bd301,True,True,384775.3882667127,0.9979020610831986
"3,8,30",WIN,3,22455099.0,22395892.0,74.2212,18.0,D:\ghq\github.com\yuubinnkyoku\kyouen-1-to-9-classification\results\10x10\two-stone-69-91-child-proof.csv,split-exact-search shrink=2 load=80,standard,2.0,80.0,False,,,3ab84cee8a138102c648209b81a93e4f9a7bd301,True,True,302542.92574089346,0.9973633160112098
"3,8,80",WIN,3,24740137.0,24674517.0,81.7781,18.0,D:\ghq\github.com\yuubinnkyoku\kyouen-1-to-9-classification\results\10x10\two-stone-69-91-child-proof.csv,split-exact-search shrink=2 load=80,standard,2.0,80.0,False,,,3ab84cee8a138102c648209b81a93e4f9a7bd301,True,True,302527.6571600465,0.9973476298858005
"3,9,80",WIN,3,244295234.0,243956146.0,597.167,19.0,D:\ghq\github.com\yuubinnkyoku\kyouen-1-to-9-classification\results\10x10\two-stone-69-91-child-proof.csv,split-exact-search shrink=0 load=90,standard,0.0,90.0,False,,,3ab84cee8a138102c648209b81a93e4f9a7bd301,True,True,409090.3114204234,0.9986119745586195
"3,18,80",WIN,3,60270544.0,60164459.0,206.267,19.0,D:\ghq\github.com\yuubinnkyoku\kyouen-1-to-9-classification\results\10x10\two-stone-69-91-child-proof.csv,split-exact-search shrink=2 load=80,standard,2.0,80.0,False,,,3ab84cee8a138102c648209b81a93e4f9a7bd301,True,True,292196.73529939353,0.9982398532855452
"3,19,80",WIN,3,52009697.0,51904147.0,177.252,18.0,D:\ghq\github.com\yuubinnkyoku\kyouen-1-to-9-classification\results\10x10\two-stone-69-91-child-proof.csv,split-exact-search shrink=2 load=80,standard,2.0,80.0,False,,,3ab84cee8a138102c648209b81a93e4f9a7bd301,True,True,293422.3422020626,0.9979705707572186
"3,28,80",WIN,3,36803717.0,36719675.0,123.386,18.0,D:\ghq\github.com\yuubinnkyoku\kyouen-1-to-9-classification\results\10x10\two-stone-69-91-child-proof.csv,split-exact-search shrink=2 load=80,standard,2.0,80.0,False,,,3ab84cee8a138102c648209b81a93e4f9a7bd301,True,True,298281.1421068841,0.997716480647865
"3,29,80",WIN,3,87025966.0,86878586.0,305.84,19.0,D:\ghq\github.com\yuubinnkyoku\kyouen-1-to-9-classification\results\10x10\two-stone-69-91-child-proof.csv,split-exact-search shrink=2 load=80,standard,2.0,80.0,False,,,3ab84cee8a138102c648209b81a93e4f9a7bd301,True,True,284547.3646351033,0.9983064824583504
"3,38,80",WIN,3,39920149.0,39816390.0,133.393,18.0,D:\ghq\github.com\yuubinnkyoku\kyouen-1-to-9-classification\results\10x10\two-stone-69-91-child-proof.csv,split-exact-search shrink=2 load=80,standard,2.0,80.0,False,,,3ab84cee8a138102c648209b81a93e4f9a7bd301,True,True,299267.1954300451,0.9974008363545938
"3,39,80",WIN,3,72224478.0,72093559.0,250.416,19.0,D:\ghq\github.com\yuubinnkyoku\kyouen-1-to-9-classification\results\10x10\two-stone-69-91-child-proof.csv,split-exact-search shrink=2 load=80,standard,2.0,80.0,False,,,3ab84cee8a138102c648209b81a93e4f9a7bd301,True,True,288417.98447383556,0.9981873320012088
"3,48,80",WIN,3,20466671.0,20407436.0,67.4584,19.0,D:\ghq\github.com\yuubinnkyoku\kyouen-1-to-9-classification\results\10x10\two-stone-69-91-child-proof.csv,split-exact-search shrink=2 load=80,standard,2.0,80.0,False,,,3ab84cee8a138102c648209b81a93e4f9a7bd301,True,True,303396.9231407801,0.9971057823717399
"3,49,80",WIN,3,54737269.0,54643992.0,185.268,18.0,D:\ghq\github.com\yuubinnkyoku\kyouen-1-to-9-classification\results\10x10\two-stone-69-91-child-proof.csv,split-exact-search shrink=2 load=80,standard,2.0,80.0,False,,,3ab84cee8a138102c648209b81a93e4f9a7bd301,True,True,295449.1277500702,0.9982959142517688
"3,58,80",WIN,3,42481748.0,42387650.0,143.752,18.0,D:\ghq\github.com\yuubinnkyoku\kyouen-1-to-9-classification\results\10x10\two-stone-69-91-child-proof.csv,split-exact-search shrink=2 load=80,standard,2.0,80.0,False,,,3ab84cee8a138102c648209b81a93e4f9a7bd301,True,True,295521.0918804608,0.9977849781510874
"3,59,80",WIN,3,109752351.0,109564395.0,375.21,18.0,D:\ghq\github.com\yuubinnkyoku\kyouen-1-to-9-classification\results\10x10\two-stone-69-91-child-proof.csv,split-exact-search shrink=2 load=80,standard,2.0,80.0,False,,,3ab84cee8a138102c648209b81a93e4f9a7bd301,True,True,292509.13088670344,0.9982874535416558
"3,68,80",WIN,3,148060593.0,147807040.0,418.281,19.0,D:\ghq\github.com\yuubinnkyoku\kyouen-1-to-9-classification\results\10x10\two-stone-69-91-child-proof.csv,split-exact-search shrink=1 load=85,standard,1.0,85.0,False,,,3ab84cee8a138102c648209b81a93e4f9a7bd301,True,True,353973.98638714163,0.998287505170265
"3,69,80",WIN,3,126339560.0,126044563.0,460.506,19.0,D:\ghq\github.com\yuubinnkyoku\kyouen-1-to-9-classification\results\10x10\two-stone-69-91-child-proof.csv,split-exact-search shrink=2 load=80,standard,2.0,80.0,False,,,3ab84cee8a138102c648209b81a93e4f9a7bd301,True,True,274349.43301498785,0.9976650464826694
"3,78,80",WIN,3,35343937.0,35258788.0,124.205,18.0,D:\ghq\github.com\yuubinnkyoku\kyouen-1-to-9-classification\results\10x10\two-stone-69-91-child-proof.csv,split-exact-search shrink=2 load=80,standard,2.0,80.0,False,,,3ab84cee8a138102c648209b81a93e4f9a7bd301,True,True,284561.30590555933,0.9975908456378246
"3,79,80",WIN,3,194775124.0,194490269.0,552.484,19.0,D:\ghq\github.com\yuubinnkyoku\kyouen-1-to-9-classification\results\10x10\two-stone-69-91-child-proof.csv,split-exact-search shrink=1 load=85,standard,1.0,85.0,False,,,3ab84cee8a138102c648209b81a93e4f9a7bd301,True,True,352544.37051570724,0.9985375185796314
"3,80,89",WIN,3,19225614.0,19169449.0,61.8095,18.0,D:\ghq\github.com\yuubinnkyoku\kyouen-1-to-9-classification\results\10x10\two-stone-69-91-child-proof.csv,split-exact-search shrink=2 load=80,standard,2.0,80.0,False,,,3ab84cee8a138102c648209b81a93e4f9a7bd301,True,True,311046.26311489334,0.9970786368643415
"4,8,30",WIN,3,22193110.0,22134500.0,71.6244,18.0,D:\ghq\github.com\yuubinnkyoku\kyouen-1-to-9-classification\results\10x10\two-stone-69-91-child-proof.csv,split-exact-search shrink=2 load=80,standard,2.0,80.0,False,,,3ab84cee8a138102c648209b81a93e4f9a7bd301,True,True,309854.0441525514,0.9973590902762164
"5,8,30",WIN,3,516334994.0,515151855.0,1596.5,19.0,D:\ghq\github.com\yuubinnkyoku\kyouen-1-to-9-classification\results\10x10\two-stone-69-91-child-proof.csv,split-exact-search shrink=0 load=90,standard,0.0,90.0,False,,,3ab84cee8a138102c648209b81a93e4f9a7bd301,True,True,323416.8455997495,0.9977085825796266
"6,8,30",WIN,3,178086561.0,177707209.0,510.666,19.0,D:\ghq\github.com\yuubinnkyoku\kyouen-1-to-9-classification\results\10x10\two-stone-69-91-child-proof.csv,split-exact-search shrink=1 load=85,standard,1.0,85.0,False,,,3ab84cee8a138102c648209b81a93e4f9a7bd301,True,True,348733.92980930785,0.9978698448784128
"8,9,30",WIN,3,379052148.0,378376894.0,1064.92,19.0,D:\ghq\github.com\yuubinnkyoku\kyouen-1-to-9-classification\results\10x10\two-stone-69-91-child-proof.csv,split-exact-search shrink=0 load=90,standard,0.0,90.0,False,,,3ab84cee8a138102c648209b81a93e4f9a7bd301,True,True,355944.24745520786,0.9982185722899531
"8,10,30",WIN,3,389304153.0,388629632.0,1039.0,19.0,D:\ghq\github.com\yuubinnkyoku\kyouen-1-to-9-classification\results\10x10\two-stone-69-91-child-proof.csv,split-exact-search shrink=0 load=90,standard,0.0,90.0,False,,,3ab84cee8a138102c648209b81a93e4f9a7bd301,True,True,374691.1963426371,0.9982673675715964
"8,11,30",WIN,3,23344463.0,23288075.0,76.1315,18.0,D:\ghq\github.com\yuubinnkyoku\kyouen-1-to-9-classification\results\10x10\two-stone-69-91-child-proof.csv,split-exact-search shrink=2 load=80,standard,2.0,80.0,False,,,3ab84cee8a138102c648209b81a93e4f9a7bd301,True,True,306633.4303146529,0.9975845235763188
"8,12,30",WIN,3,58698106.0,58555426.0,213.265,18.0,D:\ghq\github.com\yuubinnkyoku\kyouen-1-to-9-classification\results\10x10\two-stone-69-91-child-proof.csv,split-exact-search shrink=2 load=80,standard,2.0,80.0,False,,,3ab84cee8a138102c648209b81a93e4f9a7bd301,True,True,275235.5332567463,0.99756925717501
"8,13,30",WIN,3,120505655.0,120253878.0,437.639,19.0,D:\ghq\github.com\yuubinnkyoku\kyouen-1-to-9-classification\results\10x10\two-stone-69-91-child-proof.csv,split-exact-search shrink=2 load=80,standard,2.0,80.0,False,,,3ab84cee8a138102c648209b81a93e4f9a7bd301,True,True,275354.0132392223,0.9979106623668408
"8,14,30",WIN,3,75068432.0,74907901.0,252.052,19.0,D:\ghq\github.com\yuubinnkyoku\kyouen-1-to-9-classification\results\10x10\two-stone-69-91-child-proof.csv,split-exact-search shrink=2 load=80,standard,2.0,80.0,False,,,3ab84cee8a138102c648209b81a93e4f9a7bd301,True,True,297829.14636662276,0.997861537856552
"8,15,30",WIN,3,102486523.0,102281772.0,347.788,18.0,D:\ghq\github.com\yuubinnkyoku\kyouen-1-to-9-classification\results\10x10\two-stone-69-91-child-proof.csv,split-exact-search shrink=2 load=80,standard,2.0,80.0,False,,,3ab84cee8a138102c648209b81a93e4f9a7bd301,True,True,294681.02119682106,0.9980021665873082
"8,16,30",WIN,3,16908878.0,16862334.0,53.4707,18.0,D:\ghq\github.com\yuubinnkyoku\kyouen-1-to-9-classification\results\10x10\two-stone-69-91-child-proof.csv,split-exact-search shrink=2 load=80,standard,2.0,80.0,False,,,3ab84cee8a138102c648209b81a93e4f9a7bd301,True,True,316226.98038364935,0.9972473631899171
"8,18,30",WIN,3,97498284.0,97320045.0,332.416,19.0,D:\ghq\github.com\yuubinnkyoku\kyouen-1-to-9-classification\results\10x10\two-stone-69-91-child-proof.csv,split-exact-search shrink=2 load=80,standard,2.0,80.0,False,,,3ab84cee8a138102c648209b81a93e4f9a7bd301,True,True,293302.01915671927,0.9981718755173168
"8,19,30",WIN,3,26221342.0,26153920.0,86.5568,18.0,D:\ghq\github.com\yuubinnkyoku\kyouen-1-to-9-classification\results\10x10\two-stone-69-91-child-proof.csv,split-exact-search shrink=2 load=80,standard,2.0,80.0,False,,,3ab84cee8a138102c648209b81a93e4f9a7bd301,True,True,302937.9782986432,0.997428735722222
"8,20,30",WIN,3,127733631.0,127473235.0,452.625,19.0,D:\ghq\github.com\yuubinnkyoku\kyouen-1-to-9-classification\results\10x10\two-stone-69-91-child-proof.csv,split-exact-search shrink=2 load=80,standard,2.0,80.0,False,,,3ab84cee8a138102c648209b81a93e4f9a7bd301,True,True,282206.3098591549,0.9979614139364753
"8,21,30",WIN,3,31227013.0,31165501.0,102.994,18.0,D:\ghq\github.com\yuubinnkyoku\kyouen-1-to-9-classification\results\10x10\two-stone-69-91-child-proof.csv,split-exact-search shrink=2 load=80,standard,2.0,80.0,False,,,3ab84cee8a138102c648209b81a93e4f9a7bd301,True,True,303192.5451968076,0.998030167022379
"8,22,30",WIN,3,16692741.0,16641298.0,54.5577,18.0,D:\ghq\github.com\yuubinnkyoku\kyouen-1-to-9-classification\results\10x10\two-stone-69-91-child-proof.csv,split-exact-search shrink=2 load=80,standard,2.0,80.0,False,,,3ab84cee8a138102c648209b81a93e4f9a7bd301,True,True,305964.89588087477,0.9969182412882343
"8,23,30",WIN,3,95392584.0,95225648.0,323.539,19.0,D:\ghq\github.com\yuubinnkyoku\kyouen-1-to-9-classification\results\10x10\two-stone-69-91-child-proof.csv,split-exact-search shrink=2 load=80,standard,2.0,80.0,False,,,3ab84cee8a138102c648209b81a93e4f9a7bd301,True,True,294841.06707383035,0.9982500107136211
"8,24,30",WIN,3,57537250.0,57422450.0,189.336,18.0,D:\ghq\github.com\yuubinnkyoku\kyouen-1-to-9-classification\results\10x10\two-stone-69-91-child-proof.csv,split-exact-search shrink=2 load=80,standard,2.0,80.0,False,,,3ab84cee8a138102c648209b81a93e4f9a7bd301,True,True,303889.64592047996,0.9980047708223803
"8,25,30",WIN,3,22634338.0,22567579.0,71.8127,18.0,D:\ghq\github.com\yuubinnkyoku\kyouen-1-to-9-classification\results\10x10\two-stone-69-91-child-proof.csv,split-exact-search shrink=2 load=80,standard,2.0,80.0,False,,,3ab84cee8a138102c648209b81a93e4f9a7bd301,True,True,315185.7262016328,0.9970505432939987
"8,26,30",WIN,3,19030287.0,18972978.0,60.9972,18.0,D:\ghq\github.com\yuubinnkyoku\kyouen-1-to-9-classification\results\10x10\two-stone-69-91-child-proof.csv,split-exact-search shrink=2 load=80,standard,2.0,80.0,False,,,3ab84cee8a138102c648209b81a93e4f9a7bd301,True,True,311986.23871259665,0.9969885372721914
"8,27,30",WIN,3,26167315.0,26095471.0,83.9236,18.0,D:\ghq\github.com\yuubinnkyoku\kyouen-1-to-9-classification\results\10x10\two-stone-69-91-child-proof.csv,split-exact-search shrink=2 load=80,standard,2.0,80.0,False,,,3ab84cee8a138102c648209b81a93e4f9a7bd301,True,True,311799.24359774846,0.9972544374537472
"8,28,30",WIN,3,121981106.0,121739111.0,424.275,19.0,D:\ghq\github.com\yuubinnkyoku\kyouen-1-to-9-classification\results\10x10\two-stone-69-91-child-proof.csv,split-exact-search shrink=2 load=80,standard,2.0,80.0,False,,,3ab84cee8a138102c648209b81a93e4f9a7bd301,True,True,287504.8164515939,0.9980161271861234
"8,29,30",WIN,3,129937827.0,129712183.0,363.003,19.0,D:\ghq\github.com\yuubinnkyoku\kyouen-1-to-9-classification\results\10x10\two-stone-69-91-child-proof.csv,split-exact-search shrink=1 load=85,standard,1.0,85.0,False,,,3ab84cee8a138102c648209b81a93e4f9a7bd301,True,True,357952.487995967,0.9982634464096433
"8,30,31",WIN,3,11561798.0,11517677.0,36.3969,18.0,D:\ghq\github.com\yuubinnkyoku\kyouen-1-to-9-classification\results\10x10\two-stone-69-91-child-proof.csv,split-exact-search shrink=2 load=80,standard,2.0,80.0,False,,,3ab84cee8a138102c648209b81a93e4f9a7bd301,True,True,317658.8665518217,0.9961838980407719
"8,30,32",WIN,3,17796724.0,17743429.0,57.4925,19.0,D:\ghq\github.com\yuubinnkyoku\kyouen-1-to-9-classification\results\10x10\two-stone-69-91-child-proof.csv,split-exact-search shrink=2 load=80,standard,2.0,80.0,False,,,3ab84cee8a138102c648209b81a93e4f9a7bd301,True,True,309548.61938513716,0.997005347725795
"8,30,33",WIN,3,14321990.0,14270704.0,45.4137,18.0,D:\ghq\github.com\yuubinnkyoku\kyouen-1-to-9-classification\results\10x10\two-stone-69-91-child-proof.csv,split-exact-search shrink=2 load=80,standard,2.0,80.0,False,,,3ab84cee8a138102c648209b81a93e4f9a7bd301,True,True,315367.16893800773,0.9964190730478097
"8,30,34",WIN,3,15466534.0,15417469.0,49.3763,18.0,D:\ghq\github.com\yuubinnkyoku\kyouen-1-to-9-classification\results\10x10\two-stone-69-91-child-proof.csv,split-exact-search shrink=2 load=80,standard,2.0,80.0,False,,,3ab84cee8a138102c648209b81a93e4f9a7bd301,True,True,313238.0109485725,0.9968276667545554
"8,30,35",WIN,3,15603149.0,15552936.0,50.6019,18.0,D:\ghq\github.com\yuubinnkyoku\kyouen-1-to-9-classification\results\10x10\two-stone-69-91-child-proof.csv,split-exact-search shrink=2 load=80,standard,2.0,80.0,False,,,3ab84cee8a138102c648209b81a93e4f9a7bd301,True,True,308351.05005938513,0.9967818675576321
"8,30,36",WIN,3,11386731.0,11347403.0,35.9562,18.0,D:\ghq\github.com\yuubinnkyoku\kyouen-1-to-9-classification\results\10x10\two-stone-69-91-child-proof.csv,split-exact-search shrink=2 load=80,standard,2.0,80.0,False,,,3ab84cee8a138102c648209b81a93e4f9a7bd301,True,True,316683.3814474277,0.9965461553451996
"8,30,37",WIN,3,19980229.0,19928189.0,64.0839,18.0,D:\ghq\github.com\yuubinnkyoku\kyouen-1-to-9-classification\results\10x10\two-stone-69-91-child-proof.csv,split-exact-search shrink=2 load=80,standard,2.0,80.0,False,,,3ab84cee8a138102c648209b81a93e4f9a7bd301,True,True,311782.3509493024,0.9973954252476286
"8,30,38",WIN,3,16410465.0,16354233.0,52.8996,18.0,D:\ghq\github.com\yuubinnkyoku\kyouen-1-to-9-classification\results\10x10\two-stone-69-91-child-proof.csv,split-exact-search shrink=2 load=80,standard,2.0,80.0,False,,,3ab84cee8a138102c648209b81a93e4f9a7bd301,True,True,310219.0753805322,0.9965734060552215
"8,30,40",WIN,3,51750201.0,51628786.0,174.979,18.0,D:\ghq\github.com\yuubinnkyoku\kyouen-1-to-9-classification\results\10x10\two-stone-69-91-child-proof.csv,split-exact-search shrink=2 load=80,standard,2.0,80.0,False,,,3ab84cee8a138102c648209b81a93e4f9a7bd301,True,True,295750.92439664184,0.9976538255377984
"8,30,41",WIN,3,40965734.0,40863759.0,135.174,18.0,D:\ghq\github.com\yuubinnkyoku\kyouen-1-to-9-classification\results\10x10\two-stone-69-91-child-proof.csv,split-exact-search shrink=2 load=80,standard,2.0,80.0,False,,,3ab84cee8a138102c648209b81a93e4f9a7bd301,True,True,303059.2717534437,0.99751072445083
"8,30,42",WIN,3,239542464.0,239103047.0,706.663,19.0,D:\ghq\github.com\yuubinnkyoku\kyouen-1-to-9-classification\results\10x10\two-stone-69-91-child-proof.csv,split-exact-search shrink=1 load=85,standard,1.0,85.0,False,,,3ab84cee8a138102c648209b81a93e4f9a7bd301,True,True,338976.94374829304,0.9981655987307536
"8,30,43",WIN,3,72469009.0,72339362.0,237.767,19.0,D:\ghq\github.com\yuubinnkyoku\kyouen-1-to-9-classification\results\10x10\two-stone-69-91-child-proof.csv,split-exact-search shrink=2 load=80,standard,2.0,80.0,False,,,3ab84cee8a138102c648209b81a93e4f9a7bd301,True,True,304790.0213233964,0.9982110007879368
"8,30,44",WIN,3,18901187.0,18846345.0,60.2069,18.0,D:\ghq\github.com\yuubinnkyoku\kyouen-1-to-9-classification\results\10x10\two-stone-69-91-child-proof.csv,split-exact-search shrink=2 load=80,standard,2.0,80.0,False,,,3ab84cee8a138102c648209b81a93e4f9a7bd301,True,True,313937.223142198,0.9970984891054726
"8,30,50",WIN,3,66159663.0,66026029.0,221.069,18.0,D:\ghq\github.com\yuubinnkyoku\kyouen-1-to-9-classification\results\10x10\two-stone-69-91-child-proof.csv,split-exact-search shrink=2 load=80,standard,2.0,80.0,False,,,3ab84cee8a138102c648209b81a93e4f9a7bd301,True,True,299271.55322546355,0.9979801287681892
"8,30,51",WIN,3,48895527.0,48788681.0,159.81,19.0,D:\ghq\github.com\yuubinnkyoku\kyouen-1-to-9-classification\results\10x10\two-stone-69-91-child-proof.csv,split-exact-search shrink=2 load=80,standard,2.0,80.0,False,,,3ab84cee8a138102c648209b81a93e4f9a7bd301,True,True,305960.37169138354,0.9978148103404223
"8,30,52",WIN,3,196569299.0,196187819.0,569.541,19.0,D:\ghq\github.com\yuubinnkyoku\kyouen-1-to-9-classification\results\10x10\two-stone-69-91-child-proof.csv,split-exact-search shrink=1 load=85,standard,1.0,85.0,False,,,3ab84cee8a138102c648209b81a93e4f9a7bd301,True,True,345136.34488122887,0.998059310370741
"8,30,53",WIN,3,10764998.0,10722431.0,34.796,18.0,D:\ghq\github.com\yuubinnkyoku\kyouen-1-to-9-classification\results\10x10\two-stone-69-91-child-proof.csv,split-exact-search shrink=2 load=80,standard,2.0,80.0,False,,,3ab84cee8a138102c648209b81a93e4f9a7bd301,True,True,309374.5832854351,0.9960457958282947
"8,30,54",WIN,3,243843900.0,243416445.0,721.579,19.0,D:\ghq\github.com\yuubinnkyoku\kyouen-1-to-9-classification\results\10x10\two-stone-69-91-child-proof.csv,split-exact-search shrink=1 load=85,standard,1.0,85.0,False,,,3ab84cee8a138102c648209b81a93e4f9a7bd301,True,True,337930.98191604804,0.998247013765774
"8,30,60",WIN,3,19949818.0,19900417.0,63.9481,18.0,D:\ghq\github.com\yuubinnkyoku\kyouen-1-to-9-classification\results\10x10\two-stone-69-91-child-proof.csv,split-exact-search shrink=2 load=80,standard,2.0,80.0,False,,,3ab84cee8a138102c648209b81a93e4f9a7bd301,True,True,311968.8935245926,0.997523736808025
"8,30,61",WIN,3,25667870.0,25588822.0,84.1742,18.0,D:\ghq\github.com\yuubinnkyoku\kyouen-1-to-9-classification\results\10x10\two-stone-69-91-child-proof.csv,split-exact-search shrink=2 load=80,standard,2.0,80.0,False,,,3ab84cee8a138102c648209b81a93e4f9a7bd301,True,True,304937.498663486,0.9969203521756967
"8,30,62",WIN,3,23527283.0,23465526.0,78.6754,18.0,D:\ghq\github.com\yuubinnkyoku\kyouen-1-to-9-classification\results\10x10\two-stone-69-91-child-proof.csv,split-exact-search shrink=2 load=80,standard,2.0,80.0,False,,,3ab84cee8a138102c648209b81a93e4f9a7bd301,True,True,299042.4325774003,0.9973750900178316
"8,30,63",WIN,3,46674013.0,46572930.0,167.902,19.0,D:\ghq\github.com\yuubinnkyoku\kyouen-1-to-9-classification\results\10x10\two-stone-69-91-child-proof.csv,split-exact-search shrink=2 load=80,standard,2.0,80.0,False,,,3ab84cee8a138102c648209b81a93e4f9a7bd301,True,True,277983.663089183,0.99783427664555
"8,30,64",WIN,3,30590089.0,30520619.0,107.624,19.0,D:\ghq\github.com\yuubinnkyoku\kyouen-1-to-9-classification\results\10x10\two-stone-69-91-child-proof.csv,split-exact-search shrink=2 load=80,standard,2.0,80.0,False,,,3ab84cee8a138102c648209b81a93e4f9a7bd301,True,True,284231.1101613023,0.9977290030114002
"8,30,70",WIN,3,127310522.0,127087153.0,480.286,19.0,D:\ghq\github.com\yuubinnkyoku\kyouen-1-to-9-classification\results\10x10\two-stone-69-91-child-proof.csv,split-exact-search shrink=2 load=80,standard,2.0,80.0,False,,,3ab84cee8a138102c648209b81a93e4f9a7bd301,True,True,265072.31524549954,0.998245478877229
"8,30,71",WIN,3,29985541.0,29898369.0,103.432,18.0,D:\ghq\github.com\yuubinnkyoku\kyouen-1-to-9-classification\results\10x10\two-stone-69-91-child-proof.csv,split-exact-search shrink=2 load=80,standard,2.0,80.0,False,,,3ab84cee8a138102c648209b81a93e4f9a7bd301,True,True,289905.84151906567,0.9970928655247541
"8,30,72",WIN,3,518980323.0,517832666.0,1486.42,19.0,D:\ghq\github.com\yuubinnkyoku\kyouen-1-to-9-classification\results\10x10\two-stone-69-91-child-proof.csv,split-exact-search shrink=0 load=90,standard,0.0,90.0,False,,,3ab84cee8a138102c648209b81a93e4f9a7bd301,True,True,349147.83372129005,0.9977886309959385
"8,30,73",WIN,3,12873311.0,12826608.0,52.6808,19.0,D:\ghq\github.com\yuubinnkyoku\kyouen-1-to-9-classification\results\10x10\two-stone-69-91-child-proof.csv,split-exact-search shrink=2 load=80,standard,2.0,80.0,False,,,3ab84cee8a138102c648209b81a93e4f9a7bd301,True,True,244364.37943235488,0.9963721066010135
"8,30,74",WIN,3,16149821.0,16099092.0,61.2464,18.0,D:\ghq\github.com\yuubinnkyoku\kyouen-1-to-9-classification\results\10x10\two-stone-69-91-child-proof.csv,split-exact-search shrink=2 load=80,standard,2.0,80.0,False,,,3ab84cee8a138102c648209b81a93e4f9a7bd301,True,True,263686.04522061703,0.9968588506337005
"23,31,36",WIN,3,5222081.0,5180558.0,10.3334,17.0,D:\ghq\github.com\yuubinnkyoku\kyouen-1-to-9-classification\results\10x10\two-stone-61-66-child-proof.csv,EXACT_3_STONE_SEARCH,standard,,,False,,,3ab84cee8a138102c648209b81a93e4f9a7bd301,True,True,505359.41703601915,0.9920485722071335
"24,31,36",WIN,3,5467450.0,5432778.0,14.6484,18.0,D:\ghq\github.com\yuubinnkyoku\kyouen-1-to-9-classification\results\10x10\two-stone-61-66-child-proof.csv,EXACT_3_STONE_SEARCH,standard,,,False,,,3ab84cee8a138102c648209b81a93e4f9a7bd301,True,True,373245.5421752546,0.9936584696705045
"31,36,50",WIN,3,7624254.0,7586567.0,17.9227,18.0,D:\ghq\github.com\yuubinnkyoku\kyouen-1-to-9-classification\results\10x10\two-stone-61-66-child-proof.csv,EXACT_3_STONE_SEARCH,standard,,,False,,,3ab84cee8a138102c648209b81a93e4f9a7bd301,True,True,425396.5083385874,0.9950569590152689
"33,38,52",WIN,3,11894638.0,11844825.0,22.3943,18.0,D:\ghq\github.com\yuubinnkyoku\kyouen-1-to-9-classification\results\10x10\two-stone-61-66-child-proof.csv,EXACT_3_STONE_SEARCH,standard,,,False,,,3ab84cee8a138102c648209b81a93e4f9a7bd301,True,True,531145.7826321876,0.9958121466159794
"31,36,60",WIN,3,9966001.0,9915171.0,18.827,18.0,D:\ghq\github.com\yuubinnkyoku\kyouen-1-to-9-classification\results\10x10\two-stone-61-66-child-proof.csv,EXACT_3_STONE_SEARCH,standard,,,False,,,3ab84cee8a138102c648209b81a93e4f9a7bd301,True,True,529346.2049184681,0.9948996593518303
"33,38,62",WIN,3,5096474.0,5064311.0,8.5466,18.0,D:\ghq\github.com\yuubinnkyoku\kyouen-1-to-9-classification\results\10x10\two-stone-61-66-child-proof.csv,EXACT_3_STONE_SEARCH,standard,,,False,,,3ab84cee8a138102c648209b81a93e4f9a7bd301,True,True,596315.961902979,0.9936891662745655
"13,18,63",WIN,3,4274608.0,4235019.0,7.19842,18.0,D:\ghq\github.com\yuubinnkyoku\kyouen-1-to-9-classification\results\10x10\two-stone-61-66-child-proof.csv,EXACT_3_STONE_SEARCH,standard,,,False,,,3ab84cee8a138102c648209b81a93e4f9a7bd301,True,True,593825.8673431114,0.99073856596909
"13,39,63",WIN,3,5728213.0,5690819.0,9.57137,18.0,D:\ghq\github.com\yuubinnkyoku\kyouen-1-to-9-classification\results\10x10\two-stone-61-66-child-proof.csv,EXACT_3_STONE_SEARCH,standard,,,False,,,3ab84cee8a138102c648209b81a93e4f9a7bd301,True,True,598473.6772269801,0.9934719606271625
"13,49,63",WIN,3,6983809.0,6941743.0,22.0309,18.0,D:\ghq\github.com\yuubinnkyoku\kyouen-1-to-9-classification\results\10x10\two-stone-61-66-child-proof.csv,EXACT_3_STONE_SEARCH,standard,,,False,,,3ab84cee8a138102c648209b81a93e4f9a7bd301,True,True,317000.6218538507,0.9939766393954932
"16,61,66",WIN,3,4530172.0,4457206.0,17.6982,17.0,D:\ghq\github.com\yuubinnkyoku\kyouen-1-to-9-classification\results\10x10\two-stone-61-66-child-proof.csv,EXACT_3_STONE_SEARCH,standard,,,False,,,3ab84cee8a138102c648209b81a93e4f9a7bd301,True,True,255967.95154309476,0.9838933267875922
"30,31,36",WIN,3,5071133.0,5043601.0,18.5297,17.0,D:\ghq\github.com\yuubinnkyoku\kyouen-1-to-9-classification\results\10x10\two-stone-61-66-child-proof.csv,EXACT_3_STONE_SEARCH,standard,,,False,,,3ab84cee8a138102c648209b81a93e4f9a7bd301,True,True,273675.93646955973,0.9945708385088697
"31,32,36",WIN,3,5222081.0,5180558.0,7.85136,17.0,D:\ghq\github.com\yuubinnkyoku\kyouen-1-to-9-classification\results\10x10\two-stone-61-66-child-proof.csv,EXACT_3_STONE_SEARCH,standard,,,False,,,3ab84cee8a138102c648209b81a93e4f9a7bd301,True,True,665118.0177701698,0.9920485722071335
"31,33,36",WIN,3,6066250.0,6034867.0,9.60264,18.0,D:\ghq\github.com\yuubinnkyoku\kyouen-1-to-9-classification\results\10x10\two-stone-61-66-child-proof.csv,EXACT_3_STONE_SEARCH,standard,,,False,,,3ab84cee8a138102c648209b81a93e4f9a7bd301,True,True,631727.3166545867,0.9948266227076036
"31,34,36",WIN,3,7653828.0,7617814.0,12.3513,18.0,D:\ghq\github.com\yuubinnkyoku\kyouen-1-to-9-classification\results\10x10\two-stone-61-66-child-proof.csv,EXACT_3_STONE_SEARCH,standard,,,False,,,3ab84cee8a138102c648209b81a93e4f9a7bd301,True,True,619677.9286390906,0.9952946421058848
"31,35,36",WIN,3,5467450.0,5432778.0,9.96178,18.0,D:\ghq\github.com\yuubinnkyoku\kyouen-1-to-9-classification\results\10x10\two-stone-61-66-child-proof.csv,EXACT_3_STONE_SEARCH,standard,,,False,,,3ab84cee8a138102c648209b81a93e4f9a7bd301,True,True,548842.6767103871,0.9936584696705045
"31,36,37",WIN,3,4268453.0,4200766.0,8.69884,17.0,D:\ghq\github.com\yuubinnkyoku\kyouen-1-to-9-classification\results\10x10\two-stone-61-66-child-proof.csv,EXACT_3_STONE_SEARCH,standard,,,False,,,3ab84cee8a138102c648209b81a93e4f9a7bd301,True,True,490692.20723682694,0.9841424984649005
"30,33,38",WIN,3,5764153.0,5720201.0,10.9419,17.0,D:\ghq\github.com\yuubinnkyoku\kyouen-1-to-9-classification\results\10x10\two-stone-61-66-child-proof.csv,EXACT_3_STONE_SEARCH,standard,,,False,,,3ab84cee8a138102c648209b81a93e4f9a7bd301,True,True,526796.351639112,0.9923749421640959
"31,33,38",WIN,3,4537311.0,4497268.0,6.5311,18.0,D:\ghq\github.com\yuubinnkyoku\kyouen-1-to-9-classification\results\10x10\two-stone-61-66-child-proof.csv,EXACT_3_STONE_SEARCH,standard,,,False,,,3ab84cee8a138102c648209b81a93e4f9a7bd301,True,True,694723.8596867296,0.9911747288206605
"0,31,36",WIN,3,10691452.0,10655287.0,22.0589,18.0,D:\ghq\github.com\yuubinnkyoku\kyouen-1-to-9-classification\results\10x10\two-stone-61-66-child-proof.csv,HAS_EXACT_4_STONE_LOSS_CHILD,standard,,,False,,,3ab84cee8a138102c648209b81a93e4f9a7bd301,True,True,484677.4771180793,0.9966173911644555
"3,31,36",WIN,3,9648343.0,9613471.0,14.7865,18.0,D:\ghq\github.com\yuubinnkyoku\kyouen-1-to-9-classification\results\10x10\two-stone-61-66-child-proof.csv,EXACT_3_STONE_SEARCH,standard,,,False,,,3ab84cee8a138102c648209b81a93e4f9a7bd301,True,True,652510.2627396611,0.9963857006327408
"4,31,36",WIN,3,7077456.0,7040771.0,14.5976,17.0,D:\ghq\github.com\yuubinnkyoku\kyouen-1-to-9-classification\results\10x10\two-stone-61-66-child-proof.csv,EXACT_3_STONE_SEARCH,standard,,,False,,,3ab84cee8a138102c648209b81a93e4f9a7bd301,True,True,484836.9595001918,0.9948166403295196
"7,31,36",WIN,3,11894638.0,11844825.0,23.4817,18.0,D:\ghq\github.com\yuubinnkyoku\kyouen-1-to-9-classification\results\10x10\two-stone-61-66-child-proof.csv,EXACT_3_STONE_SEARCH,standard,,,False,,,3ab84cee8a138102c648209b81a93e4f9a7bd301,True,True,506549.27028281597,0.9958121466159794
"10,31,36",WIN,3,8348401.0,8316326.0,17.2535,18.0,D:\ghq\github.com\yuubinnkyoku\kyouen-1-to-9-classification\results\10x10\two-stone-61-66-child-proof.csv,EXACT_3_STONE_SEARCH,standard,,,False,,,3ab84cee8a138102c648209b81a93e4f9a7bd301,True,True,483867.0994291014,0.9961579468930637
"13,31,36",WIN,3,6927525.0,6890869.0,14.8814,18.0,D:\ghq\github.com\yuubinnkyoku\kyouen-1-to-9-classification\results\10x10\two-stone-61-66-child-proof.csv,EXACT_3_STONE_SEARCH,standard,,,False,,,3ab84cee8a138102c648209b81a93e4f9a7bd301,True,True,465515.6772884272,0.9947086441405841
"14,31,36",WIN,3,6884755.0,6845871.0,14.5441,18.0,D:\ghq\github.com\yuubinnkyoku\kyouen-1-to-9-classification\results\10x10\two-stone-61-66-child-proof.csv,EXACT_3_STONE_SEARCH,standard,,,False,,,3ab84cee8a138102c648209b81a93e4f9a7bd301,True,True,473370.9889233435,0.994352159227162
"17,31,36",WIN,3,5096474.0,5064311.0,13.7611,18.0,D:\ghq\github.com\yuubinnkyoku\kyouen-1-to-9-classification\results\10x10\two-stone-61-66-child-proof.csv,EXACT_3_STONE_SEARCH,standard,,,False,,,3ab84cee8a138102c648209b81a93e4f9a7bd301,True,True,370353.67812166177,0.9936891662745655
"21,31,36",WIN,3,4274608.0,4235019.0,11.8327,18.0,D:\ghq\github.com\yuubinnkyoku\kyouen-1-to-9-classification\results\10x10\two-stone-61-66-child-proof.csv,EXACT_3_STONE_SEARCH,standard,,,False,,,3ab84cee8a138102c648209b81a93e4f9a7bd301,True,True,361253.813584389,0.99073856596909
"22,31,36",WIN,3,7222035.0,7172544.0,16.5796,18.0,D:\ghq\github.com\yuubinnkyoku\kyouen-1-to-9-classification\results\10x10\two-stone-61-66-child-proof.csv,EXACT_3_STONE_SEARCH,standard,,,False,,,3ab84cee8a138102c648209b81a93e4f9a7bd301,True,True,435597.6621872663,0.9931472223549179
"25,31,36",WIN,3,8824924.0,8783132.0,19.8655,18.0,D:\ghq\github.com\yuubinnkyoku\kyouen-1-to-9-classification\results\10x10\two-stone-61-66-child-proof.csv,EXACT_3_STONE_SEARCH,standard,,,False,,,3ab84cee8a138102c648209b81a93e4f9a7bd301,True,True,444233.6714404369,0.9952643218230548
"26,31,36",WIN,3,4268453.0,4200766.0,13.1649,17.0,D:\ghq\github.com\yuubinnkyoku\kyouen-1-to-9-classification\results\10x10\two-stone-61-66-child-proof.csv,EXACT_3_STONE_SEARCH,standard,,,False,,,3ab84cee8a138102c648209b81a93e4f9a7bd301,True,True,324229.8080501941,0.9841424984649005
"31,36,41",WIN,3,5547810.0,5504854.0,12.8949,18.0,D:\ghq\github.com\yuubinnkyoku\kyouen-1-to-9-classification\results\10x10\two-stone-61-66-child-proof.csv,EXACT_3_STONE_SEARCH,standard,,,False,,,3ab84cee8a138102c648209b81a93e4f9a7bd301,True,True,430232.8827676058,0.9922571248835126
"31,36,43",WIN,3,10860519.0,10818914.0,22.1924,18.0,D:\ghq\github.com\yuubinnkyoku\kyouen-1-to-9-classification\results\10x10\two-stone-61-66-child-proof.csv,EXACT_3_STONE_SEARCH,standard,,,False,,,3ab84cee8a138102c648209b81a93e4f9a7bd301,True,True,489380.103098358,0.996169151768898
"33,38,43",WIN,3,6242853.0,6196565.0,14.671,18.0,D:\ghq\github.com\yuubinnkyoku\kyouen-1-to-9-classification\results\10x10\two-stone-61-66-child-proof.csv,EXACT_3_STONE_SEARCH,standard,,,False,,,3ab84cee8a138102c648209b81a93e4f9a7bd301,True,True,425523.34537523007,0.9925854413038397
"31,36,44",WIN,3,10278182.0,10232757.0,21.5743,19.0,D:\ghq\github.com\yuubinnkyoku\kyouen-1-to-9-classification\results\10x10\two-stone-61-66-child-proof.csv,EXACT_3_STONE_SEARCH,standard,,,False,,,3ab84cee8a138102c648209b81a93e4f9a7bd301,True,True,476408.5972661917,0.9955804440902097
"31,36,53",WIN,3,4785034.0,4729025.0,9.4363,17.0,D:\ghq\github.com\yuubinnkyoku\kyouen-1-to-9-classification\results\10x10\two-stone-61-66-child-proof.csv,EXACT_3_STONE_SEARCH,standard,,,False,,,3ab84cee8a138102c648209b81a93e4f9a7bd301,True,True,507087.9476065831,0.9882949630033977
"31,36,54",WIN,3,7707798.0,7664975.0,14.1586,18.0,D:\ghq\github.com\yuubinnkyoku\kyouen-1-to-9-classification\results\10x10\two-stone-61-66-child-proof.csv,EXACT_3_STONE_SEARCH,standard,,,False,,,3ab84cee8a138102c648209b81a93e4f9a7bd301,True,True,544389.8408034693,0.9944441979408386
"31,36,61",WIN,3,5325067.0,5284721.0,10.2332,18.0,D:\ghq\github.com\yuubinnkyoku\kyouen-1-to-9-classification\results\10x10\two-stone-61-66-child-proof.csv,EXACT_3_STONE_SEARCH,standard,,,False,,,3ab84cee8a138102c648209b81a93e4f9a7bd301,True,True,520371.6335066255,0.9924233817151972
"13,27,63",WIN,3,4489170.0,4452289.0,8.5196,17.0,D:\ghq\github.com\yuubinnkyoku\kyouen-1-to-9-classification\results\10x10\two-stone-61-66-child-proof.csv,EXACT_3_STONE_SEARCH,standard,,,False,,,3ab84cee8a138102c648209b81a93e4f9a7bd301,True,True,526922.6254753744,0.9917844501322071
"13,36,63",WIN,3,5760682.0,5709442.0,11.1946,18.0,D:\ghq\github.com\yuubinnkyoku\kyouen-1-to-9-classification\results\10x10\two-stone-61-66-child-proof.csv,EXACT_3_STONE_SEARCH,standard,,,False,,,3ab84cee8a138102c648209b81a93e4f9a7bd301,True,True,514594.71530916693,0.9911052198333461
"33,38,63",WIN,3,4803336.0,4758974.0,9.24024,17.0,D:\ghq\github.com\yuubinnkyoku\kyouen-1-to-9-classification\results\10x10\two-stone-61-66-child-proof.csv,EXACT_3_STONE_SEARCH,standard,,,False,,,3ab84cee8a138102c648209b81a93e4f9a7bd301,True,True,519828.0564141191,0.9907643354535265
"13,46,63",WIN,3,4785034.0,4729025.0,12.0671,17.0,D:\ghq\github.com\yuubinnkyoku\kyouen-1-to-9-classification\results\10x10\two-stone-61-66-child-proof.csv,EXACT_3_STONE_SEARCH,standard,,,False,,,3ab84cee8a138102c648209b81a93e4f9a7bd301,True,True,396535.5387789941,0.9882949630033977
"13,57,63",WIN,3,8389492.0,8353265.0,18.3809,18.0,D:\ghq\github.com\yuubinnkyoku\kyouen-1-to-9-classification\results\10x10\two-stone-61-66-child-proof.csv,EXACT_3_STONE_SEARCH,standard,,,False,,,3ab84cee8a138102c648209b81a93e4f9a7bd301,True,True,456424.44058778405,0.9956818601173945
"1,31,36",WIN,3,5307499.0,5260143.0,12.4905,17.0,D:\ghq\github.com\yuubinnkyoku\kyouen-1-to-9-classification\results\10x10\two-stone-61-66-child-proof.csv,EXACT_3_STONE_SEARCH,standard,,,False,,,3ab84cee8a138102c648209b81a93e4f9a7bd301,True,True,424922.8613746447,0.9910775301135243
"6,31,36",WIN,3,8424552.0,8382870.0,18.648,18.0,D:\ghq\github.com\yuubinnkyoku\kyouen-1-to-9-classification\results\10x10\two-stone-61-66-child-proof.csv,HAS_EXACT_4_STONE_LOSS_CHILD,standard,,,False,,,3ab84cee8a138102c648209b81a93e4f9a7bd301,True,True,451767.0527670528,0.9950523185090435
"12,31,36",WIN,3,7112400.0,7080306.0,16.0223,18.0,D:\ghq\github.com\yuubinnkyoku\kyouen-1-to-9-classification\results\10x10\two-stone-61-66-child-proof.csv,EXACT_3_STONE_SEARCH,standard,,,False,,,3ab84cee8a138102c648209b81a93e4f9a7bd301,True,True,443906.3055865886,0.995487599122659
"15,31,36",WIN,3,9966001.0,9915171.0,19.3985,18.0,D:\ghq\github.com\yuubinnkyoku\kyouen-1-to-9-classification\results\10x10\two-stone-61-66-child-proof.csv,EXACT_3_STONE_SEARCH,standard,,,False,,,3ab84cee8a138102c648209b81a93e4f9a7bd301,True,True,513751.11477691575,0.9948996593518303
"31,36,40",WIN,3,9076416.0,9029265.0,17.1875,18.0,D:\ghq\github.com\yuubinnkyoku\kyouen-1-to-9-classification\results\10x10\two-stone-61-66-child-proof.csv,EXACT_3_STONE_SEARCH,standard,,,False,,,3ab84cee8a138102c648209b81a93e4f9a7bd301,True,True,528082.3854545455,0.9948051080955302
"31,36,42",WIN,3,15648482.0,15588229.0,35.6681,18.0,D:\ghq\github.com\yuubinnkyoku\kyouen-1-to-9-classification\results\10x10\two-stone-61-66-child-proof.csv,HAS_EXACT_4_STONE_LOSS_CHILD,standard,,,False,,,3ab84cee8a138102c648209b81a93e4f9a7bd301,True,True,438724.8549824633,0.9961495945740935
"33,38,42",WIN,3,6507420.0,6466910.0,12.8308,18.0,D:\ghq\github.com\yuubinnkyoku\kyouen-1-to-9-classification\results\10x10\two-stone-61-66-child-proof.csv,EXACT_3_STONE_SEARCH,standard,,,False,,,3ab84cee8a138102c648209b81a93e4f9a7bd301,True,True,507171.8053433925,0.9937747986145047
"33,38,44",WIN,3,7791803.0,7742962.0,14.4233,18.0,D:\ghq\github.com\yuubinnkyoku\kyouen-1-to-9-classification\results\10x10\two-stone-61-66-child-proof.csv,EXACT_3_STONE_SEARCH,standard,,,False,,,3ab84cee8a138102c648209b81a93e4f9a7bd301,True,True,540223.3192126629,0.9937317460413206
"31,36,52",WIN,3,7677090.0,7638034.0,16.7234,18.0,D:\ghq\github.com\yuubinnkyoku\kyouen-1-to-9-classification\results\10x10\two-stone-61-66-child-proof.csv,HAS_EXACT_4_STONE_LOSS_CHILD,standard,,,False,,,3ab84cee8a138102c648209b81a93e4f9a7bd301,True,True,459062.7503976464,0.9949126557067848
"33,38,54",WIN,3,6075507.0,6044963.0,23.105,17.0,D:\ghq\github.com\yuubinnkyoku\kyouen-1-to-9-classification\results\10x10\two-stone-61-66-child-proof.csv,HAS_EXACT_4_STONE_LOSS_CHILD,standard,,,False,,,3ab84cee8a138102c648209b81a93e4f9a7bd301,True,True,262952.04501190217,0.994972600640572
"9,13,63",WIN,3,6874695.0,6846259.0,23.4872,18.0,D:\ghq\github.com\yuubinnkyoku\kyouen-1-to-9-classification\results\10x10\two-stone-61-66-child-proof.csv,EXACT_3_STONE_SEARCH,standard,,,False,,,3ab84cee8a138102c648209b81a93e4f9a7bd301,True,True,292699.6406553357,0.9958636710428608
"7,61,66",WIN,3,13564840.0,13516179.0,23.0998,18.0,D:\ghq\github.com\yuubinnkyoku\kyouen-1-to-9-classification\results\10x10\two-stone-61-66-child-proof.csv,HAS_EXACT_4_STONE_LOSS_CHILD,standard,,,False,,,3ab84cee8a138102c648209b81a93e4f9a7bd301,True,True,587227.595044113,0.996412711097219
"2,31,36",WIN,3,14329582.0,14287415.0,25.0179,18.0,D:\ghq\github.com\yuubinnkyoku\kyouen-1-to-9-classification\results\10x10\two-stone-61-66-child-proof.csv,HAS_EXACT_4_STONE_LOSS_CHILD,standard,,,False,,,3ab84cee8a138102c648209b81a93e4f9a7bd301,True,True,572773.1744071245,0.9970573461249602
"5,31,36",WIN,3,14481474.0,14438613.0,23.0871,18.0,D:\ghq\github.com\yuubinnkyoku\kyouen-1-to-9-classification\results\10x10\two-stone-61-66-child-proof.csv,HAS_EXACT_4_STONE_LOSS_CHILD,standard,,,False,,,3ab84cee8a138102c648209b81a93e4f9a7bd301,True,True,627253.9210208298,0.9970402874734989
"11,31,36",WIN,3,15246599.0,15198741.0,25.0232,18.0,D:\ghq\github.com\yuubinnkyoku\kyouen-1-to-9-classification\results\10x10\two-stone-61-66-child-proof.csv,HAS_EXACT_4_STONE_LOSS_CHILD,standard,,,False,,,3ab84cee8a138102c648209b81a93e4f9a7bd301,True,True,609298.5309632662,0.9968610704590578
"16,31,36",WIN,3,9834450.0,9785368.0,24.8315,18.0,D:\ghq\github.com\yuubinnkyoku\kyouen-1-to-9-classification\results\10x10\two-stone-61-66-child-proof.csv,EXACT_3_STONE_SEARCH,standard,,,False,,,3ab84cee8a138102c648209b81a93e4f9a7bd301,True,True,396047.35920101486,0.9950091769239764
"20,31,36",WIN,3,7638822.0,7568109.0,22.0736,18.0,D:\ghq\github.com\yuubinnkyoku\kyouen-1-to-9-classification\results\10x10\two-stone-61-66-child-proof.csv,EXACT_3_STONE_SEARCH,standard,,,False,,,3ab84cee8a138102c648209b81a93e4f9a7bd301,True,True,346061.44897071616,0.9907429443964004
"27,31,36",WIN,3,6222826.0,6180616.0,20.0473,17.0,D:\ghq\github.com\yuubinnkyoku\kyouen-1-to-9-classification\results\10x10\two-stone-61-66-child-proof.csv,EXACT_3_STONE_SEARCH,standard,,,False,,,3ab84cee8a138102c648209b81a93e4f9a7bd301,True,True,310407.18700273853,0.9932169082021577
"31,36,51",WIN,3,6336688.0,6295967.0,21.6776,17.0,D:\ghq\github.com\yuubinnkyoku\kyouen-1-to-9-classification\results\10x10\two-stone-61-66-child-proof.csv,EXACT_3_STONE_SEARCH,standard,,,False,,,3ab84cee8a138102c648209b81a93e4f9a7bd301,True,True,292315.01642248215,0.9935737722924026
"33,38,53",WIN,3,11678598.0,11632885.0,20.0636,18.0,D:\ghq\github.com\yuubinnkyoku\kyouen-1-to-9-classification\results\10x10\two-stone-61-66-child-proof.csv,HAS_EXACT_4_STONE_LOSS_CHILD,standard,,,False,,,3ab84cee8a138102c648209b81a93e4f9a7bd301,True,True,582078.8891325585,0.9960857459088839
"31,36,62",WIN,3,5755839.0,5717258.0,20.5101,18.0,D:\ghq\github.com\yuubinnkyoku\kyouen-1-to-9-classification\results\10x10\two-stone-61-66-child-proof.csv,EXACT_3_STONE_SEARCH,standard,,,False,,,3ab84cee8a138102c648209b81a93e4f9a7bd301,True,True,280634.37038337206,0.9932970675517505
"7,13,63",WIN,3,13996712.0,13953846.0,22.2031,18.0,D:\ghq\github.com\yuubinnkyoku\kyouen-1-to-9-classification\results\10x10\two-stone-61-66-child-proof.csv,HAS_EXACT_4_STONE_LOSS_CHILD,standard,,,False,,,3ab84cee8a138102c648209b81a93e4f9a7bd301,True,True,630394.494462485,0.9969374235891972
"8,13,63",WIN,3,8777000.0,8716532.0,25.7718,18.0,D:\ghq\github.com\yuubinnkyoku\kyouen-1-to-9-classification\results\10x10\two-stone-61-66-child-proof.csv,EXACT_3_STONE_SEARCH,standard,,,False,,,3ab84cee8a138102c648209b81a93e4f9a7bd301,True,True,340566.0450570003,0.9931106300558278
"13,17,63",WIN,3,6454141.0,6415252.0,13.3958,18.0,D:\ghq\github.com\yuubinnkyoku\kyouen-1-to-9-classification\results\10x10\two-stone-61-66-child-proof.csv,EXACT_3_STONE_SEARCH,standard,,,False,,,3ab84cee8a138102c648209b81a93e4f9a7bd301,True,True,481803.3264157423,0.9939745660964023
"13,19,63",WIN,3,8355101.0,8316888.0,17.4083,18.0,D:\ghq\github.com\yuubinnkyoku\kyouen-1-to-9-classification\results\10x10\two-stone-61-66-child-proof.csv,EXACT_3_STONE_SEARCH,standard,,,False,,,3ab84cee8a138102c648209b81a93e4f9a7bd301,True,True,479949.27706898435,0.9954263868264429
"13,28,63",WIN,3,9762456.0,9684736.0,20.0512,18.0,D:\ghq\github.com\yuubinnkyoku\kyouen-1-to-9-classification\results\10x10\two-stone-61-66-child-proof.csv,EXACT_3_STONE_SEARCH,standard,,,False,,,3ab84cee8a138102c648209b81a93e4f9a7bd301,True,True,486876.39642515156,0.9920388885747603
"13,29,63",WIN,3,6667531.0,6621419.0,13.7584,17.0,D:\ghq\github.com\yuubinnkyoku\kyouen-1-to-9-classification\results\10x10\two-stone-61-66-child-proof.csv,EXACT_3_STONE_SEARCH,standard,,,False,,,3ab84cee8a138102c648209b81a93e4f9a7bd301,True,True,484615.2895685545,0.9930840966468697
"13,37,63",WIN,3,11777065.0,11741775.0,23.0917,18.0,D:\ghq\github.com\yuubinnkyoku\kyouen-1-to-9-classification\results\10x10\two-stone-61-66-child-proof.csv,EXACT_3_STONE_SEARCH,standard,,,False,,,3ab84cee8a138102c648209b81a93e4f9a7bd301,True,True,510012.905069787,0.9970034979003682
"13,38,63",WIN,3,5862955.0,5815963.0,20.1017,18.0,D:\ghq\github.com\yuubinnkyoku\kyouen-1-to-9-classification\results\10x10\two-stone-61-66-child-proof.csv,EXACT_3_STONE_SEARCH,standard,,,False,,,3ab84cee8a138102c648209b81a93e4f9a7bd301,True,True,291664.63532935025,0.9919849291014514
"13,47,63",WIN,3,7265332.0,7218558.0,12.0045,18.0,D:\ghq\github.com\yuubinnkyoku\kyouen-1-to-9-classification\results\10x10\two-stone-61-66-child-proof.csv,HAS_EXACT_4_STONE_LOSS_CHILD,standard,,,False,,,3ab84cee8a138102c648209b81a93e4f9a7bd301,True,True,605217.376817027,0.9935620285487298
"13,48,63",WIN,3,7370867.0,7329479.0,22.5948,18.0,D:\ghq\github.com\yuubinnkyoku\kyouen-1-to-9-classification\results\10x10\two-stone-61-66-child-proof.csv,EXACT_3_STONE_SEARCH,standard,,,False,,,3ab84cee8a138102c648209b81a93e4f9a7bd301,True,True,326219.61690300424,0.9943849210683086
"13,56,63",WIN,3,8285550.0,8252314.0,14.3527,18.0,D:\ghq\github.com\yuubinnkyoku\kyouen-1-to-9-classification\results\10x10\two-stone-61-66-child-proof.csv,HAS_EXACT_4_STONE_LOSS_CHILD,standard,,,False,,,3ab84cee8a138102c648209b81a93e4f9a7bd301,True,True,577281.6264535593,0.9959886790858784
"13,58,63",WIN,3,9054802.0,9008977.0,25.4021,17.0,D:\ghq\github.com\yuubinnkyoku\kyouen-1-to-9-classification\results\10x10\two-stone-61-66-child-proof.csv,EXACT_3_STONE_SEARCH,standard,,,False,,,3ab84cee8a138102c648209b81a93e4f9a7bd301,True,True,356458.7967136575,0.9949391494148629
"13,59,63",WIN,3,12009891.0,11957234.0,21.8403,18.0,D:\ghq\github.com\yuubinnkyoku\kyouen-1-to-9-classification\results\10x10\two-stone-61-66-child-proof.csv,HAS_EXACT_4_STONE_LOSS_CHILD,standard,,,False,,,3ab84cee8a138102c648209b81a93e4f9a7bd301,True,True,549895.8805510914,0.9956155305655979
"16,60,66",WIN,3,7056475.0,7009596.0,16.8525,18.0,D:\ghq\github.com\yuubinnkyoku\kyouen-1-to-9-classification\results\10x10\two-stone-61-66-child-proof.csv,EXACT_3_STONE_SEARCH,standard,,,False,,,3ab84cee8a138102c648209b81a93e4f9a7bd301,True,True,418719.77451416705,0.9933565980181323
"9,61,66",WIN,3,15082498.0,15043182.0,26.8451,18.0,D:\ghq\github.com\yuubinnkyoku\kyouen-1-to-9-classification\results\10x10\two-stone-61-66-child-proof.csv,HAS_EXACT_4_STONE_LOSS_CHILD,standard,,,False,,,3ab84cee8a138102c648209b81a93e4f9a7bd301,True,True,561834.3012318822,0.9973932700007652
"17,61,66",WIN,3,7725566.0,7677329.0,17.9752,17.0,D:\ghq\github.com\yuubinnkyoku\kyouen-1-to-9-classification\results\10x10\two-stone-61-66-child-proof.csv,EXACT_3_STONE_SEARCH,standard,,,False,,,3ab84cee8a138102c648209b81a93e4f9a7bd301,True,True,429790.2665895233,0.9937561856309298
"26,61,66",WIN,3,7912792.0,7837442.0,18.3338,18.0,D:\ghq\github.com\yuubinnkyoku\kyouen-1-to-9-classification\results\10x10\two-stone-61-66-child-proof.csv,EXACT_3_STONE_SEARCH,standard,,,False,,,3ab84cee8a138102c648209b81a93e4f9a7bd301,True,True,431595.8502874472,0.9904774446238446
"27,61,66",WIN,3,15251431.0,15189406.0,26.2056,18.0,D:\ghq\github.com\yuubinnkyoku\kyouen-1-to-9-classification\results\10x10\two-stone-61-66-child-proof.csv,HAS_EXACT_4_STONE_LOSS_CHILD,standard,,,False,,,3ab84cee8a138102c648209b81a93e4f9a7bd301,True,True,581991.2919376012,0.9959331685007131
"29,61,66",WIN,3,12789022.0,12746572.0,23.0029,18.0,D:\ghq\github.com\yuubinnkyoku\kyouen-1-to-9-classification\results\10x10\two-stone-61-66-child-proof.csv,EXACT_3_STONE_SEARCH,standard,,,False,,,3ab84cee8a138102c648209b81a93e4f9a7bd301,True,True,555974.3336709719,0.9966807469718951
"8,31,36",WIN,3,9251704.0,9198551.0,16.5914,18.0,D:\ghq\github.com\yuubinnkyoku\kyouen-1-to-9-classification\results\10x10\two-stone-61-66-child-proof.csv,EXACT_3_STONE_SEARCH,standard,,,False,,,3ab84cee8a138102c648209b81a93e4f9a7bd301,True,True,557620.4539701291,0.9942547880909289
"9,31,36",WIN,3,10549777.0,10503551.0,19.2927,18.0,D:\ghq\github.com\yuubinnkyoku\kyouen-1-to-9-classification\results\10x10\two-stone-61-66-child-proof.csv,EXACT_3_STONE_SEARCH,standard,,,False,,,3ab84cee8a138102c648209b81a93e4f9a7bd301,True,True,546827.4010376981,0.9956182960075839
"18,31,36",WIN,3,6601458.0,6548531.0,12.8988,18.0,D:\ghq\github.com\yuubinnkyoku\kyouen-1-to-9-classification\results\10x10\two-stone-61-66-child-proof.csv,EXACT_3_STONE_SEARCH,standard,,,False,,,3ab84cee8a138102c648209b81a93e4f9a7bd301,True,True,511788.5384686948,0.991982528708052
"19,31,36",WIN,3,15079594.0,15030121.0,28.0532,18.0,D:\ghq\github.com\yuubinnkyoku\kyouen-1-to-9-classification\results\10x10\two-stone-61-66-child-proof.csv,HAS_EXACT_4_STONE_LOSS_CHILD,standard,,,False,,,3ab84cee8a138102c648209b81a93e4f9a7bd301,True,True,537535.6109106982,0.996719208753233
"28,31,36",WIN,3,12802281.0,12754314.0,23.6809,18.0,D:\ghq\github.com\yuubinnkyoku\kyouen-1-to-9-classification\results\10x10\two-stone-61-66-child-proof.csv,HAS_EXACT_4_STONE_LOSS_CHILD,standard,,,False,,,3ab84cee8a138102c648209b81a93e4f9a7bd301,True,True,540616.3194811008,0.9962532458083055
"29,31,36",WIN,3,10179036.0,10119140.0,18.9268,18.0,D:\ghq\github.com\yuubinnkyoku\kyouen-1-to-9-classification\results\10x10\two-stone-61-66-child-proof.csv,EXACT_3_STONE_SEARCH,standard,,,False,,,3ab84cee8a138102c648209b81a93e4f9a7bd301,True,True,537810.7234186445,0.9941157492713455
"33,38,40",WIN,3,6570676.0,6531371.0,13.3322,17.0,D:\ghq\github.com\yuubinnkyoku\kyouen-1-to-9-classification\results\10x10\two-stone-61-66-child-proof.csv,EXACT_3_STONE_SEARCH,standard,,,False,,,3ab84cee8a138102c648209b81a93e4f9a7bd301,True,True,492842.59162028774,0.9940181192924442
"33,38,41",WIN,3,15858699.0,15809608.0,28.7002,18.0,D:\ghq\github.com\yuubinnkyoku\kyouen-1-to-9-classification\results\10x10\two-stone-61-66-child-proof.csv,HAS_EXACT_4_STONE_LOSS_CHILD,standard,,,False,,,3ab84cee8a138102c648209b81a93e4f9a7bd301,True,True,552564.0587870468,0.9969044749509401
"33,38,50",WIN,3,7014882.0,6928402.0,13.9965,17.0,D:\ghq\github.com\yuubinnkyoku\kyouen-1-to-9-classification\results\10x10\two-stone-61-66-child-proof.csv,EXACT_3_STONE_SEARCH,standard,,,False,,,3ab84cee8a138102c648209b81a93e4f9a7bd301,True,True,501188.2970742686,0.987671923775767
"33,38,51",WIN,3,11221502.0,11169212.0,21.5324,18.0,D:\ghq\github.com\yuubinnkyoku\kyouen-1-to-9-classification\results\10x10\two-stone-61-66-child-proof.csv,EXACT_3_STONE_SEARCH,standard,,,False,,,3ab84cee8a138102c648209b81a93e4f9a7bd301,True,True,521144.9722278984,0.9953401959915883
"33,38,60",WIN,3,12562627.0,12517362.0,22.7131,18.0,D:\ghq\github.com\yuubinnkyoku\kyouen-1-to-9-classification\results\10x10\two-stone-61-66-child-proof.csv,HAS_EXACT_4_STONE_LOSS_CHILD,standard,,,False,,,3ab84cee8a138102c648209b81a93e4f9a7bd301,True,True,553100.5014727183,0.9963968523462489
"33,38,61",WIN,3,5696205.0,5648566.0,11.7012,17.0,D:\ghq\github.com\yuubinnkyoku\kyouen-1-to-9-classification\results\10x10\two-stone-61-66-child-proof.csv,EXACT_3_STONE_SEARCH,standard,,,False,,,3ab84cee8a138102c648209b81a93e4f9a7bd301,True,True,486805.1994667214,0.9916367125129801
"8,61,66",WIN,3,11074905.0,11030304.0,20.9638,18.0,D:\ghq\github.com\yuubinnkyoku\kyouen-1-to-9-classification\results\10x10\two-stone-61-66-child-proof.csv,EXACT_3_STONE_SEARCH,standard,,,False,,,3ab84cee8a138102c648209b81a93e4f9a7bd301,True,True,528287.0948969176,0.9959727871254878
"18,61,66",WIN,3,7562710.0,7507341.0,11.8357,17.0,D:\ghq\github.com\yuubinnkyoku\kyouen-1-to-9-classification\results\10x10\two-stone-61-66-child-proof.csv,EXACT_3_STONE_SEARCH,standard,,,False,,,3ab84cee8a138102c648209b81a93e4f9a7bd301,True,True,638974.4586294009,0.9926786826415399
"19,61,66",WIN,3,7484087.0,7444114.0,11.9136,17.0,D:\ghq\github.com\yuubinnkyoku\kyouen-1-to-9-classification\results\10x10\two-stone-61-66-child-proof.csv,EXACT_3_STONE_SEARCH,standard,,,False,,,3ab84cee8a138102c648209b81a93e4f9a7bd301,True,True,628196.9345957561,0.9946589343496408
"28,61,66",WIN,3,8626503.0,8588975.0,14.0269,18.0,D:\ghq\github.com\yuubinnkyoku\kyouen-1-to-9-classification\results\10x10\two-stone-61-66-child-proof.csv,HAS_EXACT_4_STONE_LOSS_CHILD,standard,,,False,,,3ab84cee8a138102c648209b81a93e4f9a7bd301,True,True,614997.1126906159,0.9956496856257976
"2,9,33",WIN,3,,,,,D:\ghq\github.com\yuubinnkyoku\kyouen-1-to-9-classification\results\10x10\two-stone-90-66-child-proof.csv,HAS_EXACT_LOSS_CHILD,standard,,,False,,,3ab84cee8a138102c648209b81a93e4f9a7bd301,False,False,,
"4,9,33",WIN,3,,,,,D:\ghq\github.com\yuubinnkyoku\kyouen-1-to-9-classification\results\10x10\two-stone-90-66-child-proof.csv,HAS_EXACT_LOSS_CHILD,standard,,,False,,,3ab84cee8a138102c648209b81a93e4f9a7bd301,False,False,,
"9,12,33",WIN,3,,,,,D:\ghq\github.com\yuubinnkyoku\kyouen-1-to-9-classification\results\10x10\two-stone-90-66-child-proof.csv,HAS_EXACT_LOSS_CHILD,standard,,,False,,,3ab84cee8a138102c648209b81a93e4f9a7bd301,False,False,,
"9,19,33",WIN,3,,,,,D:\ghq\github.com\yuubinnkyoku\kyouen-1-to-9-classification\results\10x10\two-stone-90-66-child-proof.csv,HAS_EXACT_LOSS_CHILD,standard,,,False,,,3ab84cee8a138102c648209b81a93e4f9a7bd301,False,False,,
"9,23,33",WIN,3,,,,,D:\ghq\github.com\yuubinnkyoku\kyouen-1-to-9-classification\results\10x10\two-stone-90-66-child-proof.csv,HAS_EXACT_LOSS_CHILD,standard,,,False,,,3ab84cee8a138102c648209b81a93e4f9a7bd301,False,False,,
"0,36,43",WIN,3,,,,,D:\ghq\github.com\yuubinnkyoku\kyouen-1-to-9-classification\results\10x10\two-stone-90-66-child-proof.csv,HAS_EXACT_LOSS_CHILD,standard,,,False,,,3ab84cee8a138102c648209b81a93e4f9a7bd301,False,False,,
"0,36,44",WIN,3,,,,,D:\ghq\github.com\yuubinnkyoku\kyouen-1-to-9-classification\results\10x10\two-stone-90-66-child-proof.csv,HAS_EXACT_LOSS_CHILD,standard,,,False,,,3ab84cee8a138102c648209b81a93e4f9a7bd301,False,False,,
"0,36,50",WIN,3,,,,,D:\ghq\github.com\yuubinnkyoku\kyouen-1-to-9-classification\results\10x10\two-stone-90-66-child-proof.csv,HAS_EXACT_LOSS_CHILD,standard,,,False,,,3ab84cee8a138102c648209b81a93e4f9a7bd301,False,False,,
"9,33,54",WIN,3,,,,,D:\ghq\github.com\yuubinnkyoku\kyouen-1-to-9-classification\results\10x10\two-stone-90-66-child-proof.csv,HAS_EXACT_LOSS_CHILD,standard,,,False,,,3ab84cee8a138102c648209b81a93e4f9a7bd301,False,False,,
"0,36,62",WIN,3,,,,,D:\ghq\github.com\yuubinnkyoku\kyouen-1-to-9-classification\results\10x10\two-stone-90-66-child-proof.csv,HAS_EXACT_LOSS_CHILD,standard,,,False,,,3ab84cee8a138102c648209b81a93e4f9a7bd301,False,False,,
"0,36,63",WIN,3,,,,,D:\ghq\github.com\yuubinnkyoku\kyouen-1-to-9-classification\results\10x10\two-stone-90-66-child-proof.csv,HAS_EXACT_LOSS_CHILD,standard,,,False,,,3ab84cee8a138102c648209b81a93e4f9a7bd301,False,False,,
"5,9,33",WIN,3,,,,,D:\ghq\github.com\yuubinnkyoku\kyouen-1-to-9-classification\results\10x10\two-stone-90-66-child-proof.csv,HAS_EXACT_LOSS_CHILD,standard,,,False,,,3ab84cee8a138102c648209b81a93e4f9a7bd301,False,False,,
"6,9,33",WIN,3,,,,,D:\ghq\github.com\yuubinnkyoku\kyouen-1-to-9-classification\results\10x10\two-stone-90-66-child-proof.csv,HAS_EXACT_LOSS_CHILD,standard,,,False,,,3ab84cee8a138102c648209b81a93e4f9a7bd301,False,False,,
"8,9,33",WIN,3,,,,,D:\ghq\github.com\yuubinnkyoku\kyouen-1-to-9-classification\results\10x10\two-stone-90-66-child-proof.csv,HAS_EXACT_LOSS_CHILD,standard,,,False,,,3ab84cee8a138102c648209b81a93e4f9a7bd301,False,False,,
"9,15,33",WIN,3,,,,,D:\ghq\github.com\yuubinnkyoku\kyouen-1-to-9-classification\results\10x10\two-stone-90-66-child-proof.csv,HAS_EXACT_LOSS_CHILD,standard,,,False,,,3ab84cee8a138102c648209b81a93e4f9a7bd301,False,False,,
"9,33,43",WIN,3,,,,,D:\ghq\github.com\yuubinnkyoku\kyouen-1-to-9-classification\results\10x10\two-stone-90-66-child-proof.csv,HAS_EXACT_LOSS_CHILD,standard,,,False,,,3ab84cee8a138102c648209b81a93e4f9a7bd301,False,False,,
"9,33,62",WIN,3,,,,,D:\ghq\github.com\yuubinnkyoku\kyouen-1-to-9-classification\results\10x10\two-stone-90-66-child-proof.csv,HAS_EXACT_LOSS_CHILD,standard,,,False,,,3ab84cee8a138102c648209b81a93e4f9a7bd301,False,False,,
"0,7,63",WIN,3,,,,,D:\ghq\github.com\yuubinnkyoku\kyouen-1-to-9-classification\results\10x10\two-stone-90-66-child-proof.csv,HAS_EXACT_LOSS_CHILD,standard,,,False,,,3ab84cee8a138102c648209b81a93e4f9a7bd301,False,False,,
"0,9,63",WIN,3,,,,,D:\ghq\github.com\yuubinnkyoku\kyouen-1-to-9-classification\results\10x10\two-stone-90-66-child-proof.csv,HAS_EXACT_LOSS_CHILD,standard,,,False,,,3ab84cee8a138102c648209b81a93e4f9a7bd301,False,False,,
"9,33,63",WIN,3,,,,,D:\ghq\github.com\yuubinnkyoku\kyouen-1-to-9-classification\results\10x10\two-stone-90-66-child-proof.csv,HAS_EXACT_LOSS_CHILD,standard,,,False,,,3ab84cee8a138102c648209b81a93e4f9a7bd301,False,False,,
"0,39,63",WIN,3,,,,,D:\ghq\github.com\yuubinnkyoku\kyouen-1-to-9-classification\results\10x10\two-stone-90-66-child-proof.csv,HAS_EXACT_LOSS_CHILD,standard,,,False,,,3ab84cee8a138102c648209b81a93e4f9a7bd301,False,False,,
"0,47,63",WIN,3,,,,,D:\ghq\github.com\yuubinnkyoku\kyouen-1-to-9-classification\results\10x10\two-stone-90-66-child-proof.csv,HAS_EXACT_LOSS_CHILD,standard,,,False,,,3ab84cee8a138102c648209b81a93e4f9a7bd301,False,False,,
"9,33,72",WIN,3,,,,,D:\ghq\github.com\yuubinnkyoku\kyouen-1-to-9-classification\results\10x10\two-stone-90-66-child-proof.csv,HAS_EXACT_LOSS_CHILD,standard,,,False,,,3ab84cee8a138102c648209b81a93e4f9a7bd301,False,False,,
"9,16,33",WIN,3,,,,,D:\ghq\github.com\yuubinnkyoku\kyouen-1-to-9-classification\results\10x10\two-stone-90-66-child-proof.csv,90-61-child-proof.csv,standard,,,False,,,3ab84cee8a138102c648209b81a93e4f9a7bd301,False,False,,
"9,17,33",WIN,3,,,,,D:\ghq\github.com\yuubinnkyoku\kyouen-1-to-9-classification\results\10x10\two-stone-90-66-child-proof.csv,HAS_EXACT_LOSS_CHILD,standard,,,False,,,3ab84cee8a138102c648209b81a93e4f9a7bd301,False,False,,
"9,20,33",WIN,3,,,,,D:\ghq\github.com\yuubinnkyoku\kyouen-1-to-9-classification\results\10x10\two-stone-90-66-child-proof.csv,HAS_EXACT_LOSS_CHILD,standard,,,False,,,3ab84cee8a138102c648209b81a93e4f9a7bd301,False,False,,
"9,24,33",WIN,3,,,,,D:\ghq\github.com\yuubinnkyoku\kyouen-1-to-9-classification\results\10x10\two-stone-90-66-child-proof.csv,HAS_EXACT_LOSS_CHILD,standard,,,False,,,3ab84cee8a138102c648209b81a93e4f9a7bd301,False,False,,
"9,25,33",WIN,3,,,,,D:\ghq\github.com\yuubinnkyoku\kyouen-1-to-9-classification\results\10x10\two-stone-90-66-child-proof.csv,HAS_EXACT_LOSS_CHILD,standard,,,False,,,3ab84cee8a138102c648209b81a93e4f9a7bd301,False,False,,
"9,27,33",WIN,3,,,,,D:\ghq\github.com\yuubinnkyoku\kyouen-1-to-9-classification\results\10x10\two-stone-90-66-child-proof.csv,HAS_EXACT_LOSS_CHILD,standard,,,False,,,3ab84cee8a138102c648209b81a93e4f9a7bd301,False,False,,
"9,33,34",WIN,3,,,,,D:\ghq\github.com\yuubinnkyoku\kyouen-1-to-9-classification\results\10x10\two-stone-90-66-child-proof.csv,HAS_EXACT_LOSS_CHILD,standard,,,False,,,3ab84cee8a138102c648209b81a93e4f9a7bd301,False,False,,
"9,33,41",WIN,3,,,,,D:\ghq\github.com\yuubinnkyoku\kyouen-1-to-9-classification\results\10x10\two-stone-90-66-child-proof.csv,HAS_EXACT_LOSS_CHILD,standard,,,False,,,3ab84cee8a138102c648209b81a93e4f9a7bd301,False,False,,
"9,33,42",WIN,3,,,,,D:\ghq\github.com\yuubinnkyoku\kyouen-1-to-9-classification\results\10x10\two-stone-90-66-child-proof.csv,HAS_EXACT_LOSS_CHILD,standard,,,False,,,3ab84cee8a138102c648209b81a93e4f9a7bd301,False,False,,
"9,33,70",WIN,3,,,,,D:\ghq\github.com\yuubinnkyoku\kyouen-1-to-9-classification\results\10x10\two-stone-90-66-child-proof.csv,HAS_EXACT_LOSS_CHILD,standard,,,False,,,3ab84cee8a138102c648209b81a93e4f9a7bd301,False,False,,
"9,66,80",WIN,3,,,,,D:\ghq\github.com\yuubinnkyoku\kyouen-1-to-9-classification\results\10x10\two-stone-90-66-child-proof.csv,HAS_EXACT_LOSS_CHILD,standard,,,False,,,3ab84cee8a138102c648209b81a93e4f9a7bd301,False,False,,
"9,33,81",WIN,3,,,,,D:\ghq\github.com\yuubinnkyoku\kyouen-1-to-9-classification\results\10x10\two-stone-90-66-child-proof.csv,HAS_EXACT_LOSS_CHILD,standard,,,False,,,3ab84cee8a138102c648209b81a93e4f9a7bd301,False,False,,
"0,9,33",WIN,3,,,,,D:\ghq\github.com\yuubinnkyoku\kyouen-1-to-9-classification\results\10x10\two-stone-90-66-child-proof.csv,HAS_EXACT_LOSS_CHILD,standard,,,False,,,3ab84cee8a138102c648209b81a93e4f9a7bd301,False,False,,
"1,9,33",WIN,3,,,,,D:\ghq\github.com\yuubinnkyoku\kyouen-1-to-9-classification\results\10x10\two-stone-90-66-child-proof.csv,HAS_EXACT_LOSS_CHILD,standard,,,False,,,3ab84cee8a138102c648209b81a93e4f9a7bd301,False,False,,
"3,9,33",WIN,3,,,,,D:\ghq\github.com\yuubinnkyoku\kyouen-1-to-9-classification\results\10x10\two-stone-90-66-child-proof.csv,HAS_EXACT_LOSS_CHILD,standard,,,False,,,3ab84cee8a138102c648209b81a93e4f9a7bd301,False,False,,
"7,9,33",WIN,3,,,,,D:\ghq\github.com\yuubinnkyoku\kyouen-1-to-9-classification\results\10x10\two-stone-90-66-child-proof.csv,HAS_EXACT_LOSS_CHILD,standard,,,False,,,3ab84cee8a138102c648209b81a93e4f9a7bd301,False,False,,
"9,11,33",WIN,3,,,,,D:\ghq\github.com\yuubinnkyoku\kyouen-1-to-9-classification\results\10x10\two-stone-90-66-child-proof.csv,HAS_EXACT_LOSS_CHILD,standard,,,False,,,3ab84cee8a138102c648209b81a93e4f9a7bd301,False,False,,
"9,13,33",WIN,3,,,,,D:\ghq\github.com\yuubinnkyoku\kyouen-1-to-9-classification\results\10x10\two-stone-90-66-child-proof.csv,HAS_EXACT_LOSS_CHILD,standard,,,False,,,3ab84cee8a138102c648209b81a93e4f9a7bd301,False,False,,
"9,14,33",WIN,3,,,,,D:\ghq\github.com\yuubinnkyoku\kyouen-1-to-9-classification\results\10x10\two-stone-90-66-child-proof.csv,HAS_EXACT_LOSS_CHILD,standard,,,False,,,3ab84cee8a138102c648209b81a93e4f9a7bd301,False,False,,
"9,18,33",WIN,3,,,,,D:\ghq\github.com\yuubinnkyoku\kyouen-1-to-9-classification\results\10x10\two-stone-90-66-child-proof.csv,HAS_EXACT_LOSS_CHILD,standard,,,False,,,3ab84cee8a138102c648209b81a93e4f9a7bd301,False,False,,
"9,28,33",WIN,3,,,,,D:\ghq\github.com\yuubinnkyoku\kyouen-1-to-9-classification\results\10x10\two-stone-90-66-child-proof.csv,HAS_EXACT_LOSS_CHILD,standard,,,False,,,3ab84cee8a138102c648209b81a93e4f9a7bd301,False,False,,
"9,32,33",WIN,3,,,,,D:\ghq\github.com\yuubinnkyoku\kyouen-1-to-9-classification\results\10x10\two-stone-90-66-child-proof.csv,HAS_EXACT_LOSS_CHILD,standard,,,False,,,3ab84cee8a138102c648209b81a93e4f9a7bd301,False,False,,
"0,30,36",WIN,3,,,,,D:\ghq\github.com\yuubinnkyoku\kyouen-1-to-9-classification\results\10x10\two-stone-90-66-child-proof.csv,HAS_EXACT_LOSS_CHILD,standard,,,False,,,3ab84cee8a138102c648209b81a93e4f9a7bd301,False,False,,
"0,32,36",WIN,3,,,,,D:\ghq\github.com\yuubinnkyoku\kyouen-1-to-9-classification\results\10x10\two-stone-90-66-child-proof.csv,HAS_EXACT_LOSS_CHILD,standard,,,False,,,3ab84cee8a138102c648209b81a93e4f9a7bd301,False,False,,
"0,33,36",WIN,3,,,,,D:\ghq\github.com\yuubinnkyoku\kyouen-1-to-9-classification\results\10x10\two-stone-90-66-child-proof.csv,HAS_EXACT_LOSS_CHILD,standard,,,False,,,3ab84cee8a138102c648209b81a93e4f9a7bd301,False,False,,
"0,36,40",WIN,3,,,,,D:\ghq\github.com\yuubinnkyoku\kyouen-1-to-9-classification\results\10x10\two-stone-90-66-child-proof.csv,HAS_EXACT_LOSS_CHILD,standard,,,False,,,3ab84cee8a138102c648209b81a93e4f9a7bd301,False,False,,
"9,33,53",WIN,3,,,,,D:\ghq\github.com\yuubinnkyoku\kyouen-1-to-9-classification\results\10x10\two-stone-90-66-child-proof.csv,HAS_EXACT_LOSS_CHILD,standard,,,False,,,3ab84cee8a138102c648209b81a93e4f9a7bd301,False,False,,
"0,8,63",WIN,3,,,,,D:\ghq\github.com\yuubinnkyoku\kyouen-1-to-9-classification\results\10x10\two-stone-90-66-child-proof.csv,HAS_EXACT_LOSS_CHILD,standard,,,False,,,3ab84cee8a138102c648209b81a93e4f9a7bd301,False,False,,
"0,18,63",WIN,3,,,,,D:\ghq\github.com\yuubinnkyoku\kyouen-1-to-9-classification\results\10x10\two-stone-90-66-child-proof.csv,HAS_EXACT_LOSS_CHILD,standard,,,False,,,3ab84cee8a138102c648209b81a93e4f9a7bd301,False,False,,
"9,10,33",WIN,3,,,,,D:\ghq\github.com\yuubinnkyoku\kyouen-1-to-9-classification\results\10x10\two-stone-90-66-child-proof.csv,HAS_EXACT_LOSS_CHILD,standard,,,False,,,3ab84cee8a138102c648209b81a93e4f9a7bd301,False,False,,
"9,21,33",WIN,3,,,,,D:\ghq\github.com\yuubinnkyoku\kyouen-1-to-9-classification\results\10x10\two-stone-90-66-child-proof.csv,HAS_EXACT_LOSS_CHILD,standard,,,False,,,3ab84cee8a138102c648209b81a93e4f9a7bd301,False,False,,
"9,22,33",WIN,3,,,,,D:\ghq\github.com\yuubinnkyoku\kyouen-1-to-9-classification\results\10x10\two-stone-90-66-child-proof.csv,HAS_EXACT_LOSS_CHILD,standard,,,False,,,3ab84cee8a138102c648209b81a93e4f9a7bd301,False,False,,
"9,26,33",WIN,3,,,,,D:\ghq\github.com\yuubinnkyoku\kyouen-1-to-9-classification\results\10x10\two-stone-90-66-child-proof.csv,HAS_EXACT_LOSS_CHILD,standard,,,False,,,3ab84cee8a138102c648209b81a93e4f9a7bd301,False,False,,
"9,29,33",WIN,3,,,,,D:\ghq\github.com\yuubinnkyoku\kyouen-1-to-9-classification\results\10x10\two-stone-90-66-child-proof.csv,HAS_EXACT_LOSS_CHILD,standard,,,False,,,3ab84cee8a138102c648209b81a93e4f9a7bd301,False,False,,
"9,30,33",WIN,3,,,,,D:\ghq\github.com\yuubinnkyoku\kyouen-1-to-9-classification\results\10x10\two-stone-90-66-child-proof.csv,HAS_EXACT_LOSS_CHILD,standard,,,False,,,3ab84cee8a138102c648209b81a93e4f9a7bd301,False,False,,
"9,31,33",WIN,3,,,,,D:\ghq\github.com\yuubinnkyoku\kyouen-1-to-9-classification\results\10x10\two-stone-90-66-child-proof.csv,HAS_EXACT_LOSS_CHILD,standard,,,False,,,3ab84cee8a138102c648209b81a93e4f9a7bd301,False,False,,
"9,33,35",WIN,3,,,,,D:\ghq\github.com\yuubinnkyoku\kyouen-1-to-9-classification\results\10x10\two-stone-90-66-child-proof.csv,HAS_EXACT_LOSS_CHILD,standard,,,False,,,3ab84cee8a138102c648209b81a93e4f9a7bd301,False,False,,
"9,33,40",WIN,3,,,,,D:\ghq\github.com\yuubinnkyoku\kyouen-1-to-9-classification\results\10x10\two-stone-90-66-child-proof.csv,HAS_EXACT_LOSS_CHILD,standard,,,False,,,3ab84cee8a138102c648209b81a93e4f9a7bd301,False,False,,
"0,36,41",WIN,3,,,,,D:\ghq\github.com\yuubinnkyoku\kyouen-1-to-9-classification\results\10x10\two-stone-90-66-child-proof.csv,HAS_EXACT_LOSS_CHILD,standard,,,False,,,3ab84cee8a138102c648209b81a93e4f9a7bd301,False,False,,
"0,36,42",WIN,3,,,,,D:\ghq\github.com\yuubinnkyoku\kyouen-1-to-9-classification\results\10x10\two-stone-90-66-child-proof.csv,HAS_EXACT_LOSS_CHILD,standard,,,False,,,3ab84cee8a138102c648209b81a93e4f9a7bd301,False,False,,
"9,33,44",WIN,3,,,,,D:\ghq\github.com\yuubinnkyoku\kyouen-1-to-9-classification\results\10x10\two-stone-90-66-child-proof.csv,HAS_EXACT_LOSS_CHILD,standard,,,False,,,3ab84cee8a138102c648209b81a93e4f9a7bd301,False,False,,
"9,33,50",WIN,3,,,,,D:\ghq\github.com\yuubinnkyoku\kyouen-1-to-9-classification\results\10x10\two-stone-90-66-child-proof.csv,HAS_EXACT_LOSS_CHILD,standard,,,False,,,3ab84cee8a138102c648209b81a93e4f9a7bd301,False,False,,
"9,33,51",WIN,3,,,,,D:\ghq\github.com\yuubinnkyoku\kyouen-1-to-9-classification\results\10x10\two-stone-90-66-child-proof.csv,HAS_EXACT_LOSS_CHILD,standard,,,False,,,3ab84cee8a138102c648209b81a93e4f9a7bd301,False,False,,
"0,36,51",WIN,3,,,,,D:\ghq\github.com\yuubinnkyoku\kyouen-1-to-9-classification\results\10x10\two-stone-90-66-child-proof.csv,HAS_EXACT_LOSS_CHILD,standard,,,False,,,3ab84cee8a138102c648209b81a93e4f9a7bd301,False,False,,
"9,33,52",WIN,3,,,,,D:\ghq\github.com\yuubinnkyoku\kyouen-1-to-9-classification\results\10x10\two-stone-90-66-child-proof.csv,HAS_EXACT_LOSS_CHILD,standard,,,False,,,3ab84cee8a138102c648209b81a93e4f9a7bd301,False,False,,
"0,36,52",WIN,3,,,,,D:\ghq\github.com\yuubinnkyoku\kyouen-1-to-9-classification\results\10x10\two-stone-90-66-child-proof.csv,HAS_EXACT_LOSS_CHILD,standard,,,False,,,3ab84cee8a138102c648209b81a93e4f9a7bd301,False,False,,
"0,36,53",WIN,3,,,,,D:\ghq\github.com\yuubinnkyoku\kyouen-1-to-9-classification\results\10x10\two-stone-90-66-child-proof.csv,HAS_EXACT_LOSS_CHILD,standard,,,False,,,3ab84cee8a138102c648209b81a93e4f9a7bd301,False,False,,
"0,36,54",WIN,3,,,,,D:\ghq\github.com\yuubinnkyoku\kyouen-1-to-9-classification\results\10x10\two-stone-90-66-child-proof.csv,HAS_EXACT_LOSS_CHILD,standard,,,False,,,3ab84cee8a138102c648209b81a93e4f9a7bd301,False,False,,
"9,33,60",WIN,3,,,,,D:\ghq\github.com\yuubinnkyoku\kyouen-1-to-9-classification\results\10x10\two-stone-90-66-child-proof.csv,HAS_EXACT_LOSS_CHILD,standard,,,False,,,3ab84cee8a138102c648209b81a93e4f9a7bd301,False,False,,
"0,36,60",WIN,3,,,,,D:\ghq\github.com\yuubinnkyoku\kyouen-1-to-9-classification\results\10x10\two-stone-90-66-child-proof.csv,HAS_EXACT_LOSS_CHILD,standard,,,False,,,3ab84cee8a138102c648209b81a93e4f9a7bd301,False,False,,
"9,33,61",WIN,3,,,,,D:\ghq\github.com\yuubinnkyoku\kyouen-1-to-9-classification\results\10x10\two-stone-90-66-child-proof.csv,HAS_EXACT_LOSS_CHILD,standard,,,False,,,3ab84cee8a138102c648209b81a93e4f9a7bd301,False,False,,
"0,36,61",WIN,3,,,,,D:\ghq\github.com\yuubinnkyoku\kyouen-1-to-9-classification\results\10x10\two-stone-90-66-child-proof.csv,HAS_EXACT_LOSS_CHILD,standard,,,False,,,3ab84cee8a138102c648209b81a93e4f9a7bd301,False,False,,
"0,17,63",WIN,3,,,,,D:\ghq\github.com\yuubinnkyoku\kyouen-1-to-9-classification\results\10x10\two-stone-90-66-child-proof.csv,HAS_EXACT_LOSS_CHILD,standard,,,False,,,3ab84cee8a138102c648209b81a93e4f9a7bd301,False,False,,
"0,19,63",WIN,3,,,,,D:\ghq\github.com\yuubinnkyoku\kyouen-1-to-9-classification\results\10x10\two-stone-90-66-child-proof.csv,HAS_EXACT_LOSS_CHILD,standard,,,False,,,3ab84cee8a138102c648209b81a93e4f9a7bd301,False,False,,
"0,27,63",WIN,3,,,,,D:\ghq\github.com\yuubinnkyoku\kyouen-1-to-9-classification\results\10x10\two-stone-90-66-child-proof.csv,HAS_EXACT_LOSS_CHILD,standard,,,False,,,3ab84cee8a138102c648209b81a93e4f9a7bd301,False,False,,
"0,28,63",WIN,3,,,,,D:\ghq\github.com\yuubinnkyoku\kyouen-1-to-9-classification\results\10x10\two-stone-90-66-child-proof.csv,HAS_EXACT_LOSS_CHILD,standard,,,False,,,3ab84cee8a138102c648209b81a93e4f9a7bd301,False,False,,
"0,29,63",WIN,3,,,,,D:\ghq\github.com\yuubinnkyoku\kyouen-1-to-9-classification\results\10x10\two-stone-90-66-child-proof.csv,HAS_EXACT_LOSS_CHILD,standard,,,False,,,3ab84cee8a138102c648209b81a93e4f9a7bd301,False,False,,
"0,37,63",WIN,3,,,,,D:\ghq\github.com\yuubinnkyoku\kyouen-1-to-9-classification\results\10x10\two-stone-90-66-child-proof.csv,HAS_EXACT_LOSS_CHILD,standard,,,False,,,3ab84cee8a138102c648209b81a93e4f9a7bd301,False,False,,
"0,38,63",WIN,3,,,,,D:\ghq\github.com\yuubinnkyoku\kyouen-1-to-9-classification\results\10x10\two-stone-90-66-child-proof.csv,HAS_EXACT_LOSS_CHILD,standard,,,False,,,3ab84cee8a138102c648209b81a93e4f9a7bd301,False,False,,
"0,46,63",WIN,3,,,,,D:\ghq\github.com\yuubinnkyoku\kyouen-1-to-9-classification\results\10x10\two-stone-90-66-child-proof.csv,HAS_EXACT_LOSS_CHILD,standard,,,False,,,3ab84cee8a138102c648209b81a93e4f9a7bd301,False,False,,
"0,48,63",WIN,3,,,,,D:\ghq\github.com\yuubinnkyoku\kyouen-1-to-9-classification\results\10x10\two-stone-90-66-child-proof.csv,HAS_EXACT_LOSS_CHILD,standard,,,False,,,3ab84cee8a138102c648209b81a93e4f9a7bd301,False,False,,
"0,49,63",WIN,3,,,,,D:\ghq\github.com\yuubinnkyoku\kyouen-1-to-9-classification\results\10x10\two-stone-90-66-child-proof.csv,HAS_EXACT_LOSS_CHILD,standard,,,False,,,3ab84cee8a138102c648209b81a93e4f9a7bd301,False,False,,
"0,56,63",WIN,3,,,,,D:\ghq\github.com\yuubinnkyoku\kyouen-1-to-9-classification\results\10x10\two-stone-90-66-child-proof.csv,HAS_EXACT_LOSS_CHILD,standard,,,False,,,3ab84cee8a138102c648209b81a93e4f9a7bd301,False,False,,
"0,57,63",WIN,3,,,,,D:\ghq\github.com\yuubinnkyoku\kyouen-1-to-9-classification\results\10x10\two-stone-90-66-child-proof.csv,HAS_EXACT_LOSS_CHILD,standard,,,False,,,3ab84cee8a138102c648209b81a93e4f9a7bd301,False,False,,
"0,58,63",WIN,3,,,,,D:\ghq\github.com\yuubinnkyoku\kyouen-1-to-9-classification\results\10x10\two-stone-90-66-child-proof.csv,HAS_EXACT_LOSS_CHILD,standard,,,False,,,3ab84cee8a138102c648209b81a93e4f9a7bd301,False,False,,
"0,59,63",WIN,3,,,,,D:\ghq\github.com\yuubinnkyoku\kyouen-1-to-9-classification\results\10x10\two-stone-90-66-child-proof.csv,HAS_EXACT_LOSS_CHILD,standard,,,False,,,3ab84cee8a138102c648209b81a93e4f9a7bd301,False,False,,
"9,60,66",WIN,3,,,,,D:\ghq\github.com\yuubinnkyoku\kyouen-1-to-9-classification\results\10x10\two-stone-90-66-child-proof.csv,HAS_EXACT_LOSS_CHILD,standard,,,False,,,3ab84cee8a138102c648209b81a93e4f9a7bd301,False,False,,
"9,62,66",WIN,3,,,,,D:\ghq\github.com\yuubinnkyoku\kyouen-1-to-9-classification\results\10x10\two-stone-90-66-child-proof.csv,HAS_EXACT_LOSS_CHILD,standard,,,False,,,3ab84cee8a138102c648209b81a93e4f9a7bd301,False,False,,
"9,66,70",WIN,3,,,,,D:\ghq\github.com\yuubinnkyoku\kyouen-1-to-9-classification\results\10x10\two-stone-90-66-child-proof.csv,HAS_EXACT_LOSS_CHILD,standard,,,False,,,3ab84cee8a138102c648209b81a93e4f9a7bd301,False,False,,
"9,33,71",WIN,3,,,,,D:\ghq\github.com\yuubinnkyoku\kyouen-1-to-9-classification\results\10x10\two-stone-90-66-child-proof.csv,HAS_EXACT_LOSS_CHILD,standard,,,False,,,3ab84cee8a138102c648209b81a93e4f9a7bd301,False,False,,
"9,66,71",WIN,3,,,,,D:\ghq\github.com\yuubinnkyoku\kyouen-1-to-9-classification\results\10x10\two-stone-90-66-child-proof.csv,HAS_EXACT_LOSS_CHILD,standard,,,False,,,3ab84cee8a138102c648209b81a93e4f9a7bd301,False,False,,
"9,33,80",WIN,3,,,,,D:\ghq\github.com\yuubinnkyoku\kyouen-1-to-9-classification\results\10x10\two-stone-90-66-child-proof.csv,HAS_EXACT_LOSS_CHILD,standard,,,False,,,3ab84cee8a138102c648209b81a93e4f9a7bd301,False,False,,
"9,33,90",WIN,3,,,,,D:\ghq\github.com\yuubinnkyoku\kyouen-1-to-9-classification\results\10x10\two-stone-90-66-child-proof.csv,HAS_EXACT_LOSS_CHILD,standard,,,False,,,3ab84cee8a138102c648209b81a93e4f9a7bd301,False,False,,
"0,1,13",WIN,3,,,,,D:\ghq\github.com\yuubinnkyoku\kyouen-1-to-9-classification\results\10x10\two-stone-90-61-child-proof.csv,HAS_EXACT_LOSS_CHILD,standard,,,False,,,3ab84cee8a138102c648209b81a93e4f9a7bd301,False,False,,
"0,7,31",WIN,3,,,,,D:\ghq\github.com\yuubinnkyoku\kyouen-1-to-9-classification\results\10x10\two-stone-90-61-child-proof.csv,HAS_EXACT_LOSS_CHILD,standard,,,False,,,3ab84cee8a138102c648209b81a93e4f9a7bd301,False,False,,
"0,17,31",WIN,3,,,,,D:\ghq\github.com\yuubinnkyoku\kyouen-1-to-9-classification\results\10x10\two-stone-90-61-child-proof.csv,HAS_EXACT_LOSS_CHILD,standard,,,False,,,3ab84cee8a138102c648209b81a93e4f9a7bd301,False,False,,
"0,13,34",WIN,3,,,,,D:\ghq\github.com\yuubinnkyoku\kyouen-1-to-9-classification\results\10x10\two-stone-90-61-child-proof.csv,HAS_EXACT_LOSS_CHILD,standard,,,False,,,3ab84cee8a138102c648209b81a93e4f9a7bd301,False,False,,
"0,13,44",WIN,3,,,,,D:\ghq\github.com\yuubinnkyoku\kyouen-1-to-9-classification\results\10x10\two-stone-90-61-child-proof.csv,HAS_EXACT_LOSS_CHILD,standard,,,False,,,3ab84cee8a138102c648209b81a93e4f9a7bd301,False,False,,
"0,2,13",WIN,3,,,,,D:\ghq\github.com\yuubinnkyoku\kyouen-1-to-9-classification\results\10x10\two-stone-90-61-child-proof.csv,HAS_EXACT_LOSS_CHILD,standard,,,False,,,3ab84cee8a138102c648209b81a93e4f9a7bd301,False,False,,
"0,3,13",WIN,3,,,,,D:\ghq\github.com\yuubinnkyoku\kyouen-1-to-9-classification\results\10x10\two-stone-90-61-child-proof.csv,HAS_EXACT_LOSS_CHILD,standard,,,False,,,3ab84cee8a138102c648209b81a93e4f9a7bd301,False,False,,
"0,10,13",WIN,3,,,,,D:\ghq\github.com\yuubinnkyoku\kyouen-1-to-9-classification\results\10x10\two-stone-90-61-child-proof.csv,HAS_EXACT_LOSS_CHILD,standard,,,False,,,3ab84cee8a138102c648209b81a93e4f9a7bd301,False,False,,
"0,13,21",WIN,3,,,,,D:\ghq\github.com\yuubinnkyoku\kyouen-1-to-9-classification\results\10x10\two-stone-90-61-child-proof.csv,HAS_EXACT_LOSS_CHILD,standard,,,False,,,3ab84cee8a138102c648209b81a93e4f9a7bd301,False,False,,
"0,13,22",WIN,3,,,,,D:\ghq\github.com\yuubinnkyoku\kyouen-1-to-9-classification\results\10x10\two-stone-90-61-child-proof.csv,HAS_EXACT_LOSS_CHILD,standard,,,False,,,3ab84cee8a138102c648209b81a93e4f9a7bd301,False,False,,
"0,13,24",WIN,3,,,,,D:\ghq\github.com\yuubinnkyoku\kyouen-1-to-9-classification\results\10x10\two-stone-90-61-child-proof.csv,HAS_EXACT_LOSS_CHILD,standard,,,False,,,3ab84cee8a138102c648209b81a93e4f9a7bd301,False,False,,
"0,4,31",WIN,3,,,,,D:\ghq\github.com\yuubinnkyoku\kyouen-1-to-9-classification\results\10x10\two-stone-90-61-child-proof.csv,HAS_EXACT_LOSS_CHILD,standard,,,False,,,3ab84cee8a138102c648209b81a93e4f9a7bd301,False,False,,
"0,24,31",WIN,3,,,,,D:\ghq\github.com\yuubinnkyoku\kyouen-1-to-9-classification\results\10x10\two-stone-90-61-child-proof.csv,HAS_EXACT_LOSS_CHILD,standard,,,False,,,3ab84cee8a138102c648209b81a93e4f9a7bd301,False,False,,
"0,13,33",WIN,3,,,,,D:\ghq\github.com\yuubinnkyoku\kyouen-1-to-9-classification\results\10x10\two-stone-90-61-child-proof.csv,HAS_EXACT_LOSS_CHILD,standard,,,False,,,3ab84cee8a138102c648209b81a93e4f9a7bd301,False,False,,
"9,30,38",WIN,3,,,,,D:\ghq\github.com\yuubinnkyoku\kyouen-1-to-9-classification\results\10x10\two-stone-90-61-child-proof.csv,HAS_EXACT_LOSS_CHILD,standard,,,False,,,3ab84cee8a138102c648209b81a93e4f9a7bd301,False,False,,
"9,38,41",WIN,3,,,,,D:\ghq\github.com\yuubinnkyoku\kyouen-1-to-9-classification\results\10x10\two-stone-90-61-child-proof.csv,HAS_EXACT_LOSS_CHILD,standard,,,False,,,3ab84cee8a138102c648209b81a93e4f9a7bd301,False,False,,
"9,16,54",WIN,3,,,,,D:\ghq\github.com\yuubinnkyoku\kyouen-1-to-9-classification\results\10x10\two-stone-90-61-child-proof.csv,HAS_EXACT_LOSS_CHILD,standard,,,False,,,3ab84cee8a138102c648209b81a93e4f9a7bd301,False,False,,
"9,16,34",WIN,3,,,,,D:\ghq\github.com\yuubinnkyoku\kyouen-1-to-9-classification\results\10x10\two-stone-90-61-child-proof.csv,HAS_EXACT_LOSS_CHILD,standard,,,False,,,3ab84cee8a138102c648209b81a93e4f9a7bd301,False,False,,
"9,16,42",WIN,3,,,,,D:\ghq\github.com\yuubinnkyoku\kyouen-1-to-9-classification\results\10x10\two-stone-90-61-child-proof.csv,HAS_EXACT_LOSS_CHILD,standard,,,False,,,3ab84cee8a138102c648209b81a93e4f9a7bd301,False,False,,
"9,16,43",WIN,3,,,,,D:\ghq\github.com\yuubinnkyoku\kyouen-1-to-9-classification\results\10x10\two-stone-90-61-child-proof.csv,HAS_EXACT_LOSS_CHILD,standard,,,False,,,3ab84cee8a138102c648209b81a93e4f9a7bd301,False,False,,
"9,38,62",WIN,3,,,,,D:\ghq\github.com\yuubinnkyoku\kyouen-1-to-9-classification\results\10x10\two-stone-90-61-child-proof.csv,HAS_EXACT_LOSS_CHILD,standard,,,False,,,3ab84cee8a138102c648209b81a93e4f9a7bd301,False,False,,
"9,16,63",WIN,3,,,,,D:\ghq\github.com\yuubinnkyoku\kyouen-1-to-9-classification\results\10x10\two-stone-90-61-child-proof.csv,HAS_EXACT_LOSS_CHILD,standard,,,False,,,3ab84cee8a138102c648209b81a93e4f9a7bd301,False,False,,
"9,16,70",WIN,3,,,,,D:\ghq\github.com\yuubinnkyoku\kyouen-1-to-9-classification\results\10x10\two-stone-90-61-child-proof.csv,HAS_EXACT_LOSS_CHILD,standard,,,False,,,3ab84cee8a138102c648209b81a93e4f9a7bd301,False,False,,
"9,38,70",WIN,3,,,,,D:\ghq\github.com\yuubinnkyoku\kyouen-1-to-9-classification\results\10x10\two-stone-90-61-child-proof.csv,HAS_EXACT_LOSS_CHILD,standard,,,False,,,3ab84cee8a138102c648209b81a93e4f9a7bd301,False,False,,
"9,16,72",WIN,3,,,,,D:\ghq\github.com\yuubinnkyoku\kyouen-1-to-9-classification\results\10x10\two-stone-90-61-child-proof.csv,HAS_EXACT_LOSS_CHILD,standard,,,False,,,3ab84cee8a138102c648209b81a93e4f9a7bd301,False,False,,
"0,4,13",WIN,3,,,,,D:\ghq\github.com\yuubinnkyoku\kyouen-1-to-9-classification\results\10x10\two-stone-90-61-child-proof.csv,HAS_EXACT_LOSS_CHILD,standard,,,False,,,3ab84cee8a138102c648209b81a93e4f9a7bd301,False,False,,
"0,5,13",WIN,3,,,,,D:\ghq\github.com\yuubinnkyoku\kyouen-1-to-9-classification\results\10x10\two-stone-90-61-child-proof.csv,HAS_EXACT_LOSS_CHILD,standard,,,False,,,3ab84cee8a138102c648209b81a93e4f9a7bd301,False,False,,
"0,7,13",WIN,3,,,,,D:\ghq\github.com\yuubinnkyoku\kyouen-1-to-9-classification\results\10x10\two-stone-90-61-child-proof.csv,HAS_EXACT_LOSS_CHILD,standard,,,False,,,3ab84cee8a138102c648209b81a93e4f9a7bd301,False,False,,
"0,8,13",WIN,3,,,,,D:\ghq\github.com\yuubinnkyoku\kyouen-1-to-9-classification\results\10x10\two-stone-90-61-child-proof.csv,HAS_EXACT_LOSS_CHILD,standard,,,False,,,3ab84cee8a138102c648209b81a93e4f9a7bd301,False,False,,
"0,9,13",WIN,3,,,,,D:\ghq\github.com\yuubinnkyoku\kyouen-1-to-9-classification\results\10x10\two-stone-90-61-child-proof.csv,HAS_EXACT_LOSS_CHILD,standard,,,False,,,3ab84cee8a138102c648209b81a93e4f9a7bd301,False,False,,
"0,11,13",WIN,3,,,,,D:\ghq\github.com\yuubinnkyoku\kyouen-1-to-9-classification\results\10x10\two-stone-90-61-child-proof.csv,HAS_EXACT_LOSS_CHILD,standard,,,False,,,3ab84cee8a138102c648209b81a93e4f9a7bd301,False,False,,
"0,12,13",WIN,3,,,,,D:\ghq\github.com\yuubinnkyoku\kyouen-1-to-9-classification\results\10x10\two-stone-90-61-child-proof.csv,HAS_EXACT_LOSS_CHILD,standard,,,False,,,3ab84cee8a138102c648209b81a93e4f9a7bd301,False,False,,
"0,13,14",WIN,3,,,,,D:\ghq\github.com\yuubinnkyoku\kyouen-1-to-9-classification\results\10x10\two-stone-90-61-child-proof.csv,HAS_EXACT_LOSS_CHILD,standard,,,False,,,3ab84cee8a138102c648209b81a93e4f9a7bd301,False,False,,
"0,13,15",WIN,3,,,,,D:\ghq\github.com\yuubinnkyoku\kyouen-1-to-9-classification\results\10x10\two-stone-90-61-child-proof.csv,HAS_EXACT_LOSS_CHILD,standard,,,False,,,3ab84cee8a138102c648209b81a93e4f9a7bd301,False,False,,
"0,13,16",WIN,3,,,,,D:\ghq\github.com\yuubinnkyoku\kyouen-1-to-9-classification\results\10x10\two-stone-90-61-child-proof.csv,HAS_EXACT_LOSS_CHILD,standard,,,False,,,3ab84cee8a138102c648209b81a93e4f9a7bd301,False,False,,
"0,13,23",WIN,3,,,,,D:\ghq\github.com\yuubinnkyoku\kyouen-1-to-9-classification\results\10x10\two-stone-90-61-child-proof.csv,HAS_EXACT_LOSS_CHILD,standard,,,False,,,3ab84cee8a138102c648209b81a93e4f9a7bd301,False,False,,
"9,16,23",WIN,3,,,,,D:\ghq\github.com\yuubinnkyoku\kyouen-1-to-9-classification\results\10x10\two-stone-90-61-child-proof.csv,HAS_EXACT_LOSS_CHILD,standard,,,False,,,3ab84cee8a138102c648209b81a93e4f9a7bd301,False,False,,
"0,13,30",WIN,3,,,,,D:\ghq\github.com\yuubinnkyoku\kyouen-1-to-9-classification\results\10x10\two-stone-90-61-child-proof.csv,HAS_EXACT_LOSS_CHILD,standard,,,False,,,3ab84cee8a138102c648209b81a93e4f9a7bd301,False,False,,
"9,16,30",WIN,3,,,,,D:\ghq\github.com\yuubinnkyoku\kyouen-1-to-9-classification\results\10x10\two-stone-90-61-child-proof.csv,HAS_EXACT_LOSS_CHILD,standard,,,False,,,3ab84cee8a138102c648209b81a93e4f9a7bd301,False,False,,
"0,5,31",WIN,3,,,,,D:\ghq\github.com\yuubinnkyoku\kyouen-1-to-9-classification\results\10x10\two-stone-90-61-child-proof.csv,HAS_EXACT_LOSS_CHILD,standard,,,False,,,3ab84cee8a138102c648209b81a93e4f9a7bd301,False,False,,
"0,6,31",WIN,3,,,,,D:\ghq\github.com\yuubinnkyoku\kyouen-1-to-9-classification\results\10x10\two-stone-90-61-child-proof.csv,HAS_EXACT_LOSS_CHILD,standard,,,False,,,3ab84cee8a138102c648209b81a93e4f9a7bd301,False,False,,
"0,8,31",WIN,3,,,,,D:\ghq\github.com\yuubinnkyoku\kyouen-1-to-9-classification\results\10x10\two-stone-90-61-child-proof.csv,HAS_EXACT_LOSS_CHILD,standard,,,False,,,3ab84cee8a138102c648209b81a93e4f9a7bd301,False,False,,
"0,9,31",WIN,3,,,,,D:\ghq\github.com\yuubinnkyoku\kyouen-1-to-9-classification\results\10x10\two-stone-90-61-child-proof.csv,HAS_EXACT_LOSS_CHILD,standard,,,False,,,3ab84cee8a138102c648209b81a93e4f9a7bd301,False,False,,
"0,31,34",WIN,3,,,,,D:\ghq\github.com\yuubinnkyoku\kyouen-1-to-9-classification\results\10x10\two-stone-90-61-child-proof.csv,HAS_EXACT_LOSS_CHILD,standard,,,False,,,3ab84cee8a138102c648209b81a93e4f9a7bd301,False,False,,
"0,31,35",WIN,3,,,,,D:\ghq\github.com\yuubinnkyoku\kyouen-1-to-9-classification\results\10x10\two-stone-90-61-child-proof.csv,HAS_EXACT_LOSS_CHILD,standard,,,False,,,3ab84cee8a138102c648209b81a93e4f9a7bd301,False,False,,
"0,31,37",WIN,3,,,,,D:\ghq\github.com\yuubinnkyoku\kyouen-1-to-9-classification\results\10x10\two-stone-90-61-child-proof.csv,HAS_EXACT_LOSS_CHILD,standard,,,False,,,3ab84cee8a138102c648209b81a93e4f9a7bd301,False,False,,
"0,31,38",WIN,3,,,,,D:\ghq\github.com\yuubinnkyoku\kyouen-1-to-9-classification\results\10x10\two-stone-90-61-child-proof.csv,HAS_EXACT_LOSS_CHILD,standard,,,False,,,3ab84cee8a138102c648209b81a93e4f9a7bd301,False,False,,
"9,16,52",WIN,3,,,,,D:\ghq\github.com\yuubinnkyoku\kyouen-1-to-9-classification\results\10x10\two-stone-90-61-child-proof.csv,HAS_EXACT_LOSS_CHILD,standard,,,False,,,3ab84cee8a138102c648209b81a93e4f9a7bd301,False,False,,
"9,16,61",WIN,3,,,,,D:\ghq\github.com\yuubinnkyoku\kyouen-1-to-9-classification\results\10x10\two-stone-90-61-child-proof.csv,HAS_EXACT_LOSS_CHILD,standard,,,False,,,3ab84cee8a138102c648209b81a93e4f9a7bd301,False,False,,
"9,16,81",WIN,3,,,,,D:\ghq\github.com\yuubinnkyoku\kyouen-1-to-9-classification\results\10x10\two-stone-90-61-child-proof.csv,HAS_EXACT_LOSS_CHILD,standard,,,False,,,3ab84cee8a138102c648209b81a93e4f9a7bd301,False,False,,
"9,16,90",WIN,3,,,,,D:\ghq\github.com\yuubinnkyoku\kyouen-1-to-9-classification\results\10x10\two-stone-90-61-child-proof.csv,HAS_EXACT_LOSS_CHILD,standard,,,False,,,3ab84cee8a138102c648209b81a93e4f9a7bd301,False,False,,
"0,6,13",WIN,3,,,,,D:\ghq\github.com\yuubinnkyoku\kyouen-1-to-9-classification\results\10x10\two-stone-90-61-child-proof.csv,HAS_EXACT_LOSS_CHILD,standard,,,False,,,3ab84cee8a138102c648209b81a93e4f9a7bd301,False,False,,
"9,10,16",WIN,3,,,,,D:\ghq\github.com\yuubinnkyoku\kyouen-1-to-9-classification\results\10x10\two-stone-90-61-child-proof.csv,HAS_EXACT_LOSS_CHILD,standard,,,False,,,3ab84cee8a138102c648209b81a93e4f9a7bd301,False,False,,
"9,11,16",WIN,3,,,,,D:\ghq\github.com\yuubinnkyoku\kyouen-1-to-9-classification\results\10x10\two-stone-90-61-child-proof.csv,HAS_EXACT_LOSS_CHILD,standard,,,False,,,3ab84cee8a138102c648209b81a93e4f9a7bd301,False,False,,
"9,12,16",WIN,3,,,,,D:\ghq\github.com\yuubinnkyoku\kyouen-1-to-9-classification\results\10x10\two-stone-90-61-child-proof.csv,HAS_EXACT_LOSS_CHILD,standard,,,False,,,3ab84cee8a138102c648209b81a93e4f9a7bd301,False,False,,
"0,13,20",WIN,3,,,,,D:\ghq\github.com\yuubinnkyoku\kyouen-1-to-9-classification\results\10x10\two-stone-90-61-child-proof.csv,HAS_EXACT_LOSS_CHILD,standard,,,False,,,3ab84cee8a138102c648209b81a93e4f9a7bd301,False,False,,
"9,16,20",WIN,3,,,,,D:\ghq\github.com\yuubinnkyoku\kyouen-1-to-9-classification\results\10x10\two-stone-90-61-child-proof.csv,HAS_EXACT_LOSS_CHILD,standard,,,False,,,3ab84cee8a138102c648209b81a93e4f9a7bd301,False,False,,
"9,16,21",WIN,3,,,,,D:\ghq\github.com\yuubinnkyoku\kyouen-1-to-9-classification\results\10x10\two-stone-90-61-child-proof.csv,HAS_EXACT_LOSS_CHILD,standard,,,False,,,3ab84cee8a138102c648209b81a93e4f9a7bd301,False,False,,
"9,16,22",WIN,3,,,,,D:\ghq\github.com\yuubinnkyoku\kyouen-1-to-9-classification\results\10x10\two-stone-90-61-child-proof.csv,HAS_EXACT_LOSS_CHILD,standard,,,False,,,3ab84cee8a138102c648209b81a93e4f9a7bd301,False,False,,
"9,16,24",WIN,3,,,,,D:\ghq\github.com\yuubinnkyoku\kyouen-1-to-9-classification\results\10x10\two-stone-90-61-child-proof.csv,HAS_EXACT_LOSS_CHILD,standard,,,False,,,3ab84cee8a138102c648209b81a93e4f9a7bd301,False,False,,
"0,13,31",WIN,3,,,,,D:\ghq\github.com\yuubinnkyoku\kyouen-1-to-9-classification\results\10x10\two-stone-90-61-child-proof.csv,HAS_EXACT_LOSS_CHILD,standard,,,False,,,3ab84cee8a138102c648209b81a93e4f9a7bd301,False,False,,
"0,14,31",WIN,3,,,,,D:\ghq\github.com\yuubinnkyoku\kyouen-1-to-9-classification\results\10x10\two-stone-90-61-child-proof.csv,HAS_EXACT_LOSS_CHILD,standard,,,False,,,3ab84cee8a138102c648209b81a93e4f9a7bd301,False,False,,
"0,15,31",WIN,3,,,,,D:\ghq\github.com\yuubinnkyoku\kyouen-1-to-9-classification\results\10x10\two-stone-90-61-child-proof.csv,HAS_EXACT_LOSS_CHILD,standard,,,False,,,3ab84cee8a138102c648209b81a93e4f9a7bd301,False,False,,
"0,16,31",WIN,3,,,,,D:\ghq\github.com\yuubinnkyoku\kyouen-1-to-9-classification\results\10x10\two-stone-90-61-child-proof.csv,HAS_EXACT_LOSS_CHILD,standard,,,False,,,3ab84cee8a138102c648209b81a93e4f9a7bd301,False,False,,
"9,16,31",WIN,3,,,,,D:\ghq\github.com\yuubinnkyoku\kyouen-1-to-9-classification\results\10x10\two-stone-90-61-child-proof.csv,HAS_EXACT_LOSS_CHILD,standard,,,False,,,3ab84cee8a138102c648209b81a93e4f9a7bd301,False,False,,
"0,18,31",WIN,3,,,,,D:\ghq\github.com\yuubinnkyoku\kyouen-1-to-9-classification\results\10x10\two-stone-90-61-child-proof.csv,HAS_EXACT_LOSS_CHILD,standard,,,False,,,3ab84cee8a138102c648209b81a93e4f9a7bd301,False,False,,
"0,19,31",WIN,3,,,,,D:\ghq\github.com\yuubinnkyoku\kyouen-1-to-9-classification\results\10x10\two-stone-90-61-child-proof.csv,HAS_EXACT_LOSS_CHILD,standard,,,False,,,3ab84cee8a138102c648209b81a93e4f9a7bd301,False,False,,
"0,23,31",WIN,3,,,,,D:\ghq\github.com\yuubinnkyoku\kyouen-1-to-9-classification\results\10x10\two-stone-90-61-child-proof.csv,HAS_EXACT_LOSS_CHILD,standard,,,False,,,3ab84cee8a138102c648209b81a93e4f9a7bd301,False,False,,
"0,25,31",WIN,3,,,,,D:\ghq\github.com\yuubinnkyoku\kyouen-1-to-9-classification\results\10x10\two-stone-90-61-child-proof.csv,HAS_EXACT_LOSS_CHILD,standard,,,False,,,3ab84cee8a138102c648209b81a93e4f9a7bd301,False,False,,
"0,26,31",WIN,3,,,,,D:\ghq\github.com\yuubinnkyoku\kyouen-1-to-9-classification\results\10x10\two-stone-90-61-child-proof.csv,HAS_EXACT_LOSS_CHILD,standard,,,False,,,3ab84cee8a138102c648209b81a93e4f9a7bd301,False,False,,
"0,27,31",WIN,3,,,,,D:\ghq\github.com\yuubinnkyoku\kyouen-1-to-9-classification\results\10x10\two-stone-90-61-child-proof.csv,HAS_EXACT_LOSS_CHILD,standard,,,False,,,3ab84cee8a138102c648209b81a93e4f9a7bd301,False,False,,
"0,28,31",WIN,3,,,,,D:\ghq\github.com\yuubinnkyoku\kyouen-1-to-9-classification\results\10x10\two-stone-90-61-child-proof.csv,HAS_EXACT_LOSS_CHILD,standard,,,False,,,3ab84cee8a138102c648209b81a93e4f9a7bd301,False,False,,
"0,29,31",WIN,3,,,,,D:\ghq\github.com\yuubinnkyoku\kyouen-1-to-9-classification\results\10x10\two-stone-90-61-child-proof.csv,HAS_EXACT_LOSS_CHILD,standard,,,False,,,3ab84cee8a138102c648209b81a93e4f9a7bd301,False,False,,
"9,16,32",WIN,3,,,,,D:\ghq\github.com\yuubinnkyoku\kyouen-1-to-9-classification\results\10x10\two-stone-90-61-child-proof.csv,HAS_EXACT_LOSS_CHILD,standard,,,False,,,3ab84cee8a138102c648209b81a93e4f9a7bd301,False,False,,
"9,16,40",WIN,3,,,,,D:\ghq\github.com\yuubinnkyoku\kyouen-1-to-9-classification\results\10x10\two-stone-90-61-child-proof.csv,HAS_EXACT_LOSS_CHILD,standard,,,False,,,3ab84cee8a138102c648209b81a93e4f9a7bd301,False,False,,
"9,38,40",WIN,3,,,,,D:\ghq\github.com\yuubinnkyoku\kyouen-1-to-9-classification\results\10x10\two-stone-90-61-child-proof.csv,HAS_EXACT_LOSS_CHILD,standard,,,False,,,3ab84cee8a138102c648209b81a93e4f9a7bd301,False,False,,
"9,16,41",WIN,3,,,,,D:\ghq\github.com\yuubinnkyoku\kyouen-1-to-9-classification\results\10x10\two-stone-90-61-child-proof.csv,HAS_EXACT_LOSS_CHILD,standard,,,False,,,3ab84cee8a138102c648209b81a93e4f9a7bd301,False,False,,
"9,38,42",WIN,3,,,,,D:\ghq\github.com\yuubinnkyoku\kyouen-1-to-9-classification\results\10x10\two-stone-90-61-child-proof.csv,HAS_EXACT_LOSS_CHILD,standard,,,False,,,3ab84cee8a138102c648209b81a93e4f9a7bd301,False,False,,
"9,38,43",WIN,3,,,,,D:\ghq\github.com\yuubinnkyoku\kyouen-1-to-9-classification\results\10x10\two-stone-90-61-child-proof.csv,HAS_EXACT_LOSS_CHILD,standard,,,False,,,3ab84cee8a138102c648209b81a93e4f9a7bd301,False,False,,
"9,16,44",WIN,3,,,,,D:\ghq\github.com\yuubinnkyoku\kyouen-1-to-9-classification\results\10x10\two-stone-90-61-child-proof.csv,HAS_EXACT_LOSS_CHILD,standard,,,False,,,3ab84cee8a138102c648209b81a93e4f9a7bd301,False,False,,
"9,38,44",WIN,3,,,,,D:\ghq\github.com\yuubinnkyoku\kyouen-1-to-9-classification\results\10x10\two-stone-90-61-child-proof.csv,HAS_EXACT_LOSS_CHILD,standard,,,False,,,3ab84cee8a138102c648209b81a93e4f9a7bd301,False,False,,
"9,16,50",WIN,3,,,,,D:\ghq\github.com\yuubinnkyoku\kyouen-1-to-9-classification\results\10x10\two-stone-90-61-child-proof.csv,HAS_EXACT_LOSS_CHILD,standard,,,False,,,3ab84cee8a138102c648209b81a93e4f9a7bd301,False,False,,
"9,38,50",WIN,3,,,,,D:\ghq\github.com\yuubinnkyoku\kyouen-1-to-9-classification\results\10x10\two-stone-90-61-child-proof.csv,HAS_EXACT_LOSS_CHILD,standard,,,False,,,3ab84cee8a138102c648209b81a93e4f9a7bd301,False,False,,
"9,16,51",WIN,3,,,,,D:\ghq\github.com\yuubinnkyoku\kyouen-1-to-9-classification\results\10x10\two-stone-90-61-child-proof.csv,HAS_EXACT_LOSS_CHILD,standard,,,False,,,3ab84cee8a138102c648209b81a93e4f9a7bd301,False,False,,
"9,38,51",WIN,3,,,,,D:\ghq\github.com\yuubinnkyoku\kyouen-1-to-9-classification\results\10x10\two-stone-90-61-child-proof.csv,HAS_EXACT_LOSS_CHILD,standard,,,False,,,3ab84cee8a138102c648209b81a93e4f9a7bd301,False,False,,
"9,38,52",WIN,3,,,,,D:\ghq\github.com\yuubinnkyoku\kyouen-1-to-9-classification\results\10x10\two-stone-90-61-child-proof.csv,HAS_EXACT_LOSS_CHILD,standard,,,False,,,3ab84cee8a138102c648209b81a93e4f9a7bd301,False,False,,
"9,16,53",WIN,3,,,,,D:\ghq\github.com\yuubinnkyoku\kyouen-1-to-9-classification\results\10x10\two-stone-90-61-child-proof.csv,HAS_EXACT_LOSS_CHILD,standard,,,False,,,3ab84cee8a138102c648209b81a93e4f9a7bd301,False,False,,
"9,38,53",WIN,3,,,,,D:\ghq\github.com\yuubinnkyoku\kyouen-1-to-9-classification\results\10x10\two-stone-90-61-child-proof.csv,HAS_EXACT_LOSS_CHILD,standard,,,False,,,3ab84cee8a138102c648209b81a93e4f9a7bd301,False,False,,
"9,16,60",WIN,3,,,,,D:\ghq\github.com\yuubinnkyoku\kyouen-1-to-9-classification\results\10x10\two-stone-90-61-child-proof.csv,HAS_EXACT_LOSS_CHILD,standard,,,False,,,3ab84cee8a138102c648209b81a93e4f9a7bd301,False,False,,
"9,38,60",WIN,3,,,,,D:\ghq\github.com\yuubinnkyoku\kyouen-1-to-9-classification\results\10x10\two-stone-90-61-child-proof.csv,HAS_EXACT_LOSS_CHILD,standard,,,False,,,3ab84cee8a138102c648209b81a93e4f9a7bd301,False,False,,
"9,38,61",WIN,3,,,,,D:\ghq\github.com\yuubinnkyoku\kyouen-1-to-9-classification\results\10x10\two-stone-90-61-child-proof.csv,HAS_EXACT_LOSS_CHILD,standard,,,False,,,3ab84cee8a138102c648209b81a93e4f9a7bd301,False,False,,
"9,16,62",WIN,3,,,,,D:\ghq\github.com\yuubinnkyoku\kyouen-1-to-9-classification\results\10x10\two-stone-90-61-child-proof.csv,HAS_EXACT_LOSS_CHILD,standard,,,False,,,3ab84cee8a138102c648209b81a93e4f9a7bd301,False,False,,
"9,16,71",WIN,3,,,,,D:\ghq\github.com\yuubinnkyoku\kyouen-1-to-9-classification\results\10x10\two-stone-90-61-child-proof.csv,HAS_EXACT_LOSS_CHILD,standard,,,False,,,3ab84cee8a138102c648209b81a93e4f9a7bd301,False,False,,
"9,38,71",WIN,3,,,,,D:\ghq\github.com\yuubinnkyoku\kyouen-1-to-9-classification\results\10x10\two-stone-90-61-child-proof.csv,HAS_EXACT_LOSS_CHILD,standard,,,False,,,3ab84cee8a138102c648209b81a93e4f9a7bd301,False,False,,
"9,16,80",WIN,3,,,,,D:\ghq\github.com\yuubinnkyoku\kyouen-1-to-9-classification\results\10x10\two-stone-90-61-child-proof.csv,HAS_EXACT_LOSS_CHILD,standard,,,False,,,3ab84cee8a138102c648209b81a93e4f9a7bd301,False,False,,
"9,38,80",WIN,3,,,,,D:\ghq\github.com\yuubinnkyoku\kyouen-1-to-9-classification\results\10x10\two-stone-90-61-child-proof.csv,HAS_EXACT_LOSS_CHILD,standard,,,False,,,3ab84cee8a138102c648209b81a93e4f9a7bd301,False,False,,
"0,9,10,30",WIN,4,4001299.0,3994897.0,6.44808,18.0,D:\ghq\github.com\yuubinnkyoku\kyouen-1-to-9-classification\results\10x10\three-stone-9-10-30-child-proof.csv,EXACT_DIRECT,standard,,,False,,,3ab84cee8a138102c648209b81a93e4f9a7bd301,True,True,620541.1533355665,0.998400019593637
"9,10,30,60",WIN,4,2997030.0,2991312.0,11.2883,18.0,D:\ghq\github.com\yuubinnkyoku\kyouen-1-to-9-classification\results\10x10\three-stone-9-10-30-child-proof.csv,EXACT_DIRECT,standard,,,False,,,3ab84cee8a138102c648209b81a93e4f9a7bd301,True,True,265498.7907833775,0.9980921111900781
"1,9,10,30",WIN,4,10890016.0,10871711.0,17.294,18.0,D:\ghq\github.com\yuubinnkyoku\kyouen-1-to-9-classification\results\10x10\three-stone-9-10-30-child-proof.csv,EXACT_DIRECT,standard,,,False,,,3ab84cee8a138102c648209b81a93e4f9a7bd301,True,True,629699.0863883428,0.9983191025614655
"9,10,20,30",WIN,4,4072785.0,4066851.0,6.4435,18.0,D:\ghq\github.com\yuubinnkyoku\kyouen-1-to-9-classification\results\10x10\three-stone-9-10-30-child-proof.csv,EXACT_DIRECT,standard,,,False,,,3ab84cee8a138102c648209b81a93e4f9a7bd301,True,True,632076.5112128501,0.9985430117229365
"9,10,30,40",WIN,4,4086738.0,4081473.0,8.48437,18.0,D:\ghq\github.com\yuubinnkyoku\kyouen-1-to-9-classification\results\10x10\three-stone-9-10-30-child-proof.csv,EXACT_DIRECT,standard,,,False,,,3ab84cee8a138102c648209b81a93e4f9a7bd301,True,True,481678.42750846554,0.9987116864354896
"9,10,30,50",WIN,4,10149441.0,10136920.0,15.8917,18.0,D:\ghq\github.com\yuubinnkyoku\kyouen-1-to-9-classification\results\10x10\three-stone-9-10-30-child-proof.csv,EXACT_DIRECT,standard,,,False,,,3ab84cee8a138102c648209b81a93e4f9a7bd301,True,True,638663.0127676711,0.9987663359982092
"9,10,30,54",WIN,4,9002723.0,8988101.0,14.1405,18.0,D:\ghq\github.com\yuubinnkyoku\kyouen-1-to-9-classification\results\10x10\three-stone-9-10-30-child-proof.csv,EXACT_DIRECT,standard,,,False,,,3ab84cee8a138102c648209b81a93e4f9a7bd301,True,True,636662.2820975214,0.9983758247365825
"1,3,9,90",WIN,4,5902767.0,5897207.0,10.5787,18.0,D:\ghq\github.com\yuubinnkyoku\kyouen-1-to-9-classification\results\10x10\three-stone-9-10-30-child-proof.csv,EXACT_DIRECT,standard,,,False,,,3ab84cee8a138102c648209b81a93e4f9a7bd301,True,True,557986.04743494,0.9990580688683799
"9,10,30,41",WIN,4,3795565.0,3790183.0,6.26733,18.0,D:\ghq\github.com\yuubinnkyoku\kyouen-1-to-9-classification\results\10x10\three-stone-9-10-30-child-proof.csv,EXACT_DIRECT,standard,,,False,,,3ab84cee8a138102c648209b81a93e4f9a7bd301,True,True,605611.1613717484,0.9985820292894471
"9,10,30,70",WIN,4,5848840.0,5841677.0,8.89024,18.0,D:\ghq\github.com\yuubinnkyoku\kyouen-1-to-9-classification\results\10x10\three-stone-9-10-30-child-proof.csv,EXACT_DIRECT,standard,,,False,,,3ab84cee8a138102c648209b81a93e4f9a7bd301,True,True,657894.5000359945,0.9987753127115804
"9,10,30,80",WIN,4,5412472.0,5405684.0,16.5402,18.0,D:\ghq\github.com\yuubinnkyoku\kyouen-1-to-9-classification\results\10x10\three-stone-9-10-30-child-proof.csv,EXACT_DIRECT,standard,,,False,,,3ab84cee8a138102c648209b81a93e4f9a7bd301,True,True,327231.3514951452,0.9987458595628763
"9,10,19,30",WIN,4,9420726.0,9407290.0,14.4585,19.0,D:\ghq\github.com\yuubinnkyoku\kyouen-1-to-9-classification\results\10x10\three-stone-9-10-30-child-proof.csv,EXACT_DIRECT,standard,,,False,,,3ab84cee8a138102c648209b81a93e4f9a7bd301,True,True,651570.0798838054,0.998573782954732
"9,10,30,39",WIN,4,5987221.0,5978485.0,9.83852,18.0,D:\ghq\github.com\yuubinnkyoku\kyouen-1-to-9-classification\results\10x10\three-stone-9-10-30-child-proof.csv,EXACT_DIRECT,standard,,,False,,,3ab84cee8a138102c648209b81a93e4f9a7bd301,True,True,608548.9484190712,0.9985408923438771
"9,10,30,72",WIN,4,2997030.0,2991312.0,5.24061,18.0,D:\ghq\github.com\yuubinnkyoku\kyouen-1-to-9-classification\results\10x10\three-stone-9-10-30-child-proof.csv,EXACT_DIRECT,standard,,,False,,,3ab84cee8a138102c648209b81a93e4f9a7bd301,True,True,571885.715594177,0.9980921111900781
"2,9,10,30",WIN,4,5490927.0,5482826.0,18.9828,18.0,D:\ghq\github.com\yuubinnkyoku\kyouen-1-to-9-classification\results\10x10\three-stone-9-10-30-child-proof.csv,EXACT_DIRECT,standard,,,False,,,3ab84cee8a138102c648209b81a93e4f9a7bd301,True,True,289258.01251659397,0.9985246571298435
"3,9,10,30",WIN,4,5858852.0,5848646.0,9.42446,18.0,D:\ghq\github.com\yuubinnkyoku\kyouen-1-to-9-classification\results\10x10\three-stone-9-10-30-child-proof.csv,EXACT_DIRECT,standard,,,False,,,3ab84cee8a138102c648209b81a93e4f9a7bd301,True,True,621664.477328144,0.9982580205132336
"9,10,11,30",WIN,4,4129394.0,4124411.0,6.70167,18.0,D:\ghq\github.com\yuubinnkyoku\kyouen-1-to-9-classification\results\10x10\three-stone-9-10-30-child-proof.csv,EXACT_DIRECT,standard,,,False,,,3ab84cee8a138102c648209b81a93e4f9a7bd301,True,True,616173.8790480582,0.9987932854070113
"9,10,30,34",WIN,4,5770743.0,5764495.0,8.96256,18.0,D:\ghq\github.com\yuubinnkyoku\kyouen-1-to-9-classification\results\10x10\three-stone-9-10-30-child-proof.csv,EXACT_DIRECT,standard,,,False,,,3ab84cee8a138102c648209b81a93e4f9a7bd301,True,True,643872.1749143102,0.9989172971314092
"9,10,30,38",WIN,4,6247759.0,6239177.0,15.1437,18.0,D:\ghq\github.com\yuubinnkyoku\kyouen-1-to-9-classification\results\10x10\three-stone-9-10-30-child-proof.csv,EXACT_DIRECT,standard,,,False,,,3ab84cee8a138102c648209b81a93e4f9a7bd301,True,True,412564.89497282694,0.9986263874774939
"0,19,39,60",WIN,4,6289219.0,6280290.0,9.80603,18.0,D:\ghq\github.com\yuubinnkyoku\kyouen-1-to-9-classification\results\10x10\three-stone-9-10-30-child-proof.csv,EXACT_DIRECT,standard,,,False,,,3ab84cee8a138102c648209b81a93e4f9a7bd301,True,True,641362.4066008364,0.9985802688696322
"9,10,30,61",WIN,4,5069291.0,5062533.0,7.97413,18.0,D:\ghq\github.com\yuubinnkyoku\kyouen-1-to-9-classification\results\10x10\three-stone-9-10-30-child-proof.csv,EXACT_DIRECT,standard,,,False,,,3ab84cee8a138102c648209b81a93e4f9a7bd301,True,True,635717.1252537895,0.9986668747167996
"9,10,30,63",WIN,4,4379585.0,4372019.0,15.1676,18.0,D:\ghq\github.com\yuubinnkyoku\kyouen-1-to-9-classification\results\10x10\three-stone-9-10-30-child-proof.csv,EXACT_DIRECT,standard,,,False,,,3ab84cee8a138102c648209b81a93e4f9a7bd301,True,True,288746.0771644822,0.9982724390552986
"0,19,39,71",WIN,4,5358161.0,5351805.0,9.22028,18.0,D:\ghq\github.com\yuubinnkyoku\kyouen-1-to-9-classification\results\10x10\three-stone-9-10-30-child-proof.csv,EXACT_DIRECT,standard,,,False,,,3ab84cee8a138102c648209b81a93e4f9a7bd301,True,True,581127.7965528162,0.9988137721132306
"0,19,39,84",WIN,4,16297760.0,16272213.0,29.4444,18.0,D:\ghq\github.com\yuubinnkyoku\kyouen-1-to-9-classification\results\10x10\three-stone-9-10-30-child-proof.csv,EXACT_DIRECT,standard,,,False,,,3ab84cee8a138102c648209b81a93e4f9a7bd301,True,True,553509.665674967,0.9984324839732577
"0,19,39,90",WIN,4,5071383.0,5066224.0,8.31037,18.0,D:\ghq\github.com\yuubinnkyoku\kyouen-1-to-9-classification\results\10x10\three-stone-9-10-30-child-proof.csv,EXACT_DIRECT,standard,,,False,,,3ab84cee8a138102c648209b81a93e4f9a7bd301,True,True,610247.5581712967,0.9989827232532034
"9,10,14,30",WIN,4,6861583.0,6853424.0,10.9654,18.0,D:\ghq\github.com\yuubinnkyoku\kyouen-1-to-9-classification\results\10x10\three-stone-9-10-30-child-proof.csv,EXACT_DIRECT,standard,,,False,,,3ab84cee8a138102c648209b81a93e4f9a7bd301,True,True,625748.5363051051,0.9988109157901318
"9,10,30,43",WIN,4,6645424.0,6638630.0,10.3361,18.0,D:\ghq\github.com\yuubinnkyoku\kyouen-1-to-9-classification\results\10x10\three-stone-9-10-30-child-proof.csv,EXACT_DIRECT,standard,,,False,,,3ab84cee8a138102c648209b81a93e4f9a7bd301,True,True,642933.4081520109,0.9989776423596147
"9,10,30,81",WIN,4,7627079.0,7619390.0,15.0399,19.0,D:\ghq\github.com\yuubinnkyoku\kyouen-1-to-9-classification\results\10x10\three-stone-9-10-30-child-proof.csv,EXACT_DIRECT,standard,,,False,,,3ab84cee8a138102c648209b81a93e4f9a7bd301,True,True,507122.9861900678,0.9989918814266904
"1,3,29,90",WIN,4,5617073.0,5611196.0,9.39539,18.0,D:\ghq\github.com\yuubinnkyoku\kyouen-1-to-9-classification\results\10x10\three-stone-9-10-30-child-proof.csv,EXACT_DIRECT,standard,,,False,,,3ab84cee8a138102c648209b81a93e4f9a7bd301,True,True,597854.160391426,0.9989537255435349
"9,10,16,30",WIN,4,4129394.0,4124411.0,6.47485,18.0,D:\ghq\github.com\yuubinnkyoku\kyouen-1-to-9-classification\results\10x10\three-stone-9-10-30-child-proof.csv,EXACT_DIRECT,standard,,,False,,,3ab84cee8a138102c648209b81a93e4f9a7bd301,True,True,637759.0214445122,0.9987932854070113
"9,10,18,30",WIN,4,5810987.0,5803616.0,12.3337,19.0,D:\ghq\github.com\yuubinnkyoku\kyouen-1-to-9-classification\results\10x10\three-stone-9-10-30-child-proof.csv,EXACT_DIRECT,standard,,,False,,,3ab84cee8a138102c648209b81a93e4f9a7bd301,True,True,471147.10103213147,0.9987315407864447
"9,10,30,37",WIN,4,33175308.0,33113532.0,53.1214,18.0,D:\ghq\github.com\yuubinnkyoku\kyouen-1-to-9-classification\results\10x10\three-stone-9-10-30-child-proof.csv,EXACT_DIRECT,standard,,,False,,,3ab84cee8a138102c648209b81a93e4f9a7bd301,True,True,624518.7062087972,0.9981378921937967
"9,10,30,42",WIN,4,6100320.0,6093828.0,9.84328,18.0,D:\ghq\github.com\yuubinnkyoku\kyouen-1-to-9-classification\results\10x10\three-stone-9-10-30-child-proof.csv,EXACT_DIRECT,standard,,,False,,,3ab84cee8a138102c648209b81a93e4f9a7bd301,True,True,619744.6379662064,0.9989357935321426
"0,19,39,42",WIN,4,7682542.0,7672985.0,16.9927,18.0,D:\ghq\github.com\yuubinnkyoku\kyouen-1-to-9-classification\results\10x10\three-stone-9-10-30-child-proof.csv,EXACT_DIRECT,standard,,,False,,,3ab84cee8a138102c648209b81a93e4f9a7bd301,True,True,452108.37594967254,0.9987560107058315
"0,19,39,44",WIN,4,4967096.0,4960663.0,8.00228,18.0,D:\ghq\github.com\yuubinnkyoku\kyouen-1-to-9-classification\results\10x10\three-stone-9-10-30-child-proof.csv,EXACT_DIRECT,standard,,,False,,,3ab84cee8a138102c648209b81a93e4f9a7bd301,True,True,620710.0976221777,0.9987048770549231
"9,10,28,30",WIN,4,7318467.0,7311069.0,11.927,19.0,D:\ghq\github.com\yuubinnkyoku\kyouen-1-to-9-classification\results\10x10\three-stone-9-10-30-child-proof.csv,EXACT_DIRECT,standard,,,False,,,3ab84cee8a138102c648209b81a93e4f9a7bd301,True,True,613605.0138341578,0.9989891325601387
"9,10,30,36",WIN,4,7241455.0,7231299.0,12.821,18.0,D:\ghq\github.com\yuubinnkyoku\kyouen-1-to-9-classification\results\10x10\three-stone-9-10-30-child-proof.csv,EXACT_DIRECT,standard,,,False,,,3ab84cee8a138102c648209b81a93e4f9a7bd301,True,True,564812.0271429686,0.998597519421166
"0,19,39,50",WIN,4,10193210.0,10181913.0,16.1094,19.0,D:\ghq\github.com\yuubinnkyoku\kyouen-1-to-9-classification\results\10x10\three-stone-9-10-30-child-proof.csv,EXACT_DIRECT,standard,,,False,,,3ab84cee8a138102c648209b81a93e4f9a7bd301,True,True,632749.202329075,0.9988917132090872
"9,10,30,51",WIN,4,4445319.0,4439939.0,6.95726,18.0,D:\ghq\github.com\yuubinnkyoku\kyouen-1-to-9-classification\results\10x10\three-stone-9-10-30-child-proof.csv,EXACT_DIRECT,standard,,,False,,,3ab84cee8a138102c648209b81a93e4f9a7bd301,True,True,638946.7980210601,0.9987897381492756
"0,19,39,51",WIN,4,15355579.0,15338428.0,25.8088,18.0,D:\ghq\github.com\yuubinnkyoku\kyouen-1-to-9-classification\results\10x10\three-stone-9-10-30-child-proof.csv,EXACT_DIRECT,standard,,,False,,,3ab84cee8a138102c648209b81a93e4f9a7bd301,True,True,594974.5435665355,0.9988830769585438
"9,10,30,52",WIN,4,4976837.0,4971675.0,7.8925,18.0,D:\ghq\github.com\yuubinnkyoku\kyouen-1-to-9-classification\results\10x10\three-stone-9-10-30-child-proof.csv,EXACT_DIRECT,standard,,,False,,,3ab84cee8a138102c648209b81a93e4f9a7bd301,True,True,630578.0171048464,0.9989627950443223
"0,19,39,54",WIN,4,8806029.0,8797880.0,20.2823,18.0,D:\ghq\github.com\yuubinnkyoku\kyouen-1-to-9-classification\results\10x10\three-stone-9-10-30-child-proof.csv,EXACT_DIRECT,standard,,,False,,,3ab84cee8a138102c648209b81a93e4f9a7bd301,True,True,434173.09673952166,0.9990746112691657
"0,19,39,63",WIN,4,5427843.0,5419523.0,8.50954,18.0,D:\ghq\github.com\yuubinnkyoku\kyouen-1-to-9-classification\results\10x10\three-stone-9-10-30-child-proof.csv,EXACT_DIRECT,standard,,,False,,,3ab84cee8a138102c648209b81a93e4f9a7bd301,True,True,637853.8675416063,0.9984671627384948
"0,19,39,64",WIN,4,10960618.0,10947036.0,16.582,19.0,D:\ghq\github.com\yuubinnkyoku\kyouen-1-to-9-classification\results\10x10\three-stone-9-10-30-child-proof.csv,EXACT_DIRECT,standard,,,False,,,3ab84cee8a138102c648209b81a93e4f9a7bd301,True,True,660994.9342660717,0.9987608362959096
"9,10,30,73",WIN,4,6443370.0,6437195.0,11.0526,18.0,D:\ghq\github.com\yuubinnkyoku\kyouen-1-to-9-classification\results\10x10\three-stone-9-10-30-child-proof.csv,EXACT_DIRECT,standard,,,False,,,3ab84cee8a138102c648209b81a93e4f9a7bd301,True,True,582973.2370663916,0.9990416505648442
"4,9,10,30",WIN,4,4418109.0,4413675.0,6.93234,18.0,D:\ghq\github.com\yuubinnkyoku\kyouen-1-to-9-classification\results\10x10\three-stone-9-10-30-child-proof.csv,EXACT_DIRECT,standard,,,False,,,3ab84cee8a138102c648209b81a93e4f9a7bd301,True,True,637318.567756342,0.9989964032123245
"5,9,10,30",WIN,4,4802691.0,4797391.0,7.56884,18.0,D:\ghq\github.com\yuubinnkyoku\kyouen-1-to-9-classification\results\10x10\three-stone-9-10-30-child-proof.csv,EXACT_DIRECT,standard,,,False,,,3ab84cee8a138102c648209b81a93e4f9a7bd301,True,True,634534.6182506171,0.9988964520099253
"9,10,12,30",WIN,4,4657764.0,4649272.0,7.01717,18.0,D:\ghq\github.com\yuubinnkyoku\kyouen-1-to-9-classification\results\10x10\three-stone-9-10-30-child-proof.csv,EXACT_DIRECT,standard,,,False,,,3ab84cee8a138102c648209b81a93e4f9a7bd301,True,True,663766.7321726565,0.9981768075840682
"9,10,30,35",WIN,4,35355700.0,35303602.0,59.5074,18.0,D:\ghq\github.com\yuubinnkyoku\kyouen-1-to-9-classification\results\10x10\three-stone-9-10-30-child-proof.csv,EXACT_DIRECT,standard,,,False,,,3ab84cee8a138102c648209b81a93e4f9a7bd301,True,True,594139.5523918034,0.9985264610798259
"0,19,39,70",WIN,4,5739055.0,5733271.0,9.27265,18.0,D:\ghq\github.com\yuubinnkyoku\kyouen-1-to-9-classification\results\10x10\three-stone-9-10-30-child-proof.csv,EXACT_DIRECT,standard,,,False,,,3ab84cee8a138102c648209b81a93e4f9a7bd301,True,True,618922.8537688794,0.9989921685713066
"0,19,39,80",WIN,4,8330247.0,8321811.0,13.7238,18.0,D:\ghq\github.com\yuubinnkyoku\kyouen-1-to-9-classification\results\10x10\three-stone-9-10-30-child-proof.csv,EXACT_DIRECT,standard,,,False,,,3ab84cee8a138102c648209b81a93e4f9a7bd301,True,True,606992.7425348664,0.9989873049382569
"1,3,69,90",WIN,4,8739606.0,8728720.0,13.4832,18.0,D:\ghq\github.com\yuubinnkyoku\kyouen-1-to-9-classification\results\10x10\three-stone-9-10-30-child-proof.csv,EXACT_DIRECT,standard,,,False,,,3ab84cee8a138102c648209b81a93e4f9a7bd301,True,True,648184.852260591,0.9987544060910755
"1,3,89,90",WIN,4,6896235.0,6889658.0,18.2202,18.0,D:\ghq\github.com\yuubinnkyoku\kyouen-1-to-9-classification\results\10x10\three-stone-9-10-30-child-proof.csv,EXACT_DIRECT,standard,,,False,,,3ab84cee8a138102c648209b81a93e4f9a7bd301,True,True,378493.9243257484,0.9990462912009234
"6,9,10,30",WIN,4,3955210.0,3949563.0,6.32124,18.0,D:\ghq\github.com\yuubinnkyoku\kyouen-1-to-9-classification\results\10x10\three-stone-9-10-30-child-proof.csv,EXACT_DIRECT,standard,,,False,,,3ab84cee8a138102c648209b81a93e4f9a7bd301,True,True,625701.6028500737,0.9985722629139793
"7,9,10,30",WIN,4,8139427.0,8129703.0,12.1752,18.0,D:\ghq\github.com\yuubinnkyoku\kyouen-1-to-9-classification\results\10x10\three-stone-9-10-30-child-proof.csv,EXACT_DIRECT,standard,,,False,,,3ab84cee8a138102c648209b81a93e4f9a7bd301,True,True,668525.1166305277,0.9988053213082444
"8,9,10,30",WIN,4,5527908.0,5522857.0,8.53434,18.0,D:\ghq\github.com\yuubinnkyoku\kyouen-1-to-9-classification\results\10x10\three-stone-9-10-30-child-proof.csv,EXACT_DIRECT,standard,,,False,,,3ab84cee8a138102c648209b81a93e4f9a7bd301,True,True,647725.307405142,0.9990862727816744
"9,10,13,30",WIN,4,6694464.0,6687884.0,12.7601,18.0,D:\ghq\github.com\yuubinnkyoku\kyouen-1-to-9-classification\results\10x10\three-stone-9-10-30-child-proof.csv,EXACT_DIRECT,standard,,,False,,,3ab84cee8a138102c648209b81a93e4f9a7bd301,True,True,524640.4025046825,0.9990170983068996
"9,10,15,30",WIN,4,9607607.0,9595251.0,14.0969,18.0,D:\ghq\github.com\yuubinnkyoku\kyouen-1-to-9-classification\results\10x10\three-stone-9-10-30-child-proof.csv,EXACT_DIRECT,standard,,,False,,,3ab84cee8a138102c648209b81a93e4f9a7bd301,True,True,681540.4095935986,0.9987139357386288
"9,10,17,30",WIN,4,4372405.0,4367352.0,6.77799,18.0,D:\ghq\github.com\yuubinnkyoku\kyouen-1-to-9-classification\results\10x10\three-stone-9-10-30-child-proof.csv,EXACT_DIRECT,standard,,,False,,,3ab84cee8a138102c648209b81a93e4f9a7bd301,True,True,645088.735746143,0.998844343101794
"9,10,21,30",WIN,4,8774644.0,8764492.0,18.1084,18.0,D:\ghq\github.com\yuubinnkyoku\kyouen-1-to-9-classification\results\10x10\three-stone-9-10-30-child-proof.csv,EXACT_DIRECT,standard,,,False,,,3ab84cee8a138102c648209b81a93e4f9a7bd301,True,True,484562.0816858475,0.9988430299850342
"9,10,23,30",WIN,4,5285080.0,5278576.0,8.066,18.0,D:\ghq\github.com\yuubinnkyoku\kyouen-1-to-9-classification\results\10x10\three-stone-9-10-30-child-proof.csv,EXACT_DIRECT,standard,,,False,,,3ab84cee8a138102c648209b81a93e4f9a7bd301,True,True,655229.3577981651,0.998769365837414
"9,10,27,30",WIN,4,5902767.0,5897207.0,9.72437,18.0,D:\ghq\github.com\yuubinnkyoku\kyouen-1-to-9-classification\results\10x10\three-stone-9-10-30-child-proof.csv,EXACT_DIRECT,standard,,,False,,,3ab84cee8a138102c648209b81a93e4f9a7bd301,True,True,607007.6519095838,0.9990580688683799
"9,10,30,31",WIN,4,6283641.0,6277797.0,12.7294,18.0,D:\ghq\github.com\yuubinnkyoku\kyouen-1-to-9-classification\results\10x10\three-stone-9-10-30-child-proof.csv,EXACT_DIRECT,standard,,,False,,,3ab84cee8a138102c648209b81a93e4f9a7bd301,True,True,493632.1429132559,0.9990699659640008
"9,10,30,32",WIN,4,7349489.0,7341135.0,11.7281,19.0,D:\ghq\github.com\yuubinnkyoku\kyouen-1-to-9-classification\results\10x10\three-stone-9-10-30-child-proof.csv,EXACT_DIRECT,standard,,,False,,,3ab84cee8a138102c648209b81a93e4f9a7bd301,True,True,626656.4064085402,0.9988633223343827
"9,10,30,33",WIN,4,5920970.0,5914836.0,9.28917,19.0,D:\ghq\github.com\yuubinnkyoku\kyouen-1-to-9-classification\results\10x10\three-stone-9-10-30-child-proof.csv,EXACT_DIRECT,standard,,,False,,,3ab84cee8a138102c648209b81a93e4f9a7bd301,True,True,637405.7100903525,0.9989640210978944
"0,19,39,41",WIN,4,15405768.0,15387455.0,24.7075,19.0,D:\ghq\github.com\yuubinnkyoku\kyouen-1-to-9-classification\results\10x10\three-stone-9-10-30-child-proof.csv,EXACT_DIRECT,standard,,,False,,,3ab84cee8a138102c648209b81a93e4f9a7bd301,True,True,623525.9738945664,0.9988112893820029
"0,19,39,43",WIN,4,5295329.0,5287523.0,8.68621,18.0,D:\ghq\github.com\yuubinnkyoku\kyouen-1-to-9-classification\results\10x10\three-stone-9-10-30-child-proof.csv,EXACT_DIRECT,standard,,,False,,,3ab84cee8a138102c648209b81a93e4f9a7bd301,True,True,609624.7960848287,0.9985258706305122
"9,10,30,44",WIN,4,5234809.0,5229448.0,8.13562,18.0,D:\ghq\github.com\yuubinnkyoku\kyouen-1-to-9-classification\results\10x10\three-stone-9-10-30-child-proof.csv,EXACT_DIRECT,standard,,,False,,,3ab84cee8a138102c648209b81a93e4f9a7bd301,True,True,643443.1549162818,0.998975893867379
"0,19,39,53",WIN,4,10056578.0,10044450.0,23.9338,18.0,D:\ghq\github.com\yuubinnkyoku\kyouen-1-to-9-classification\results\10x10\three-stone-9-10-30-child-proof.csv,EXACT_DIRECT,standard,,,False,,,3ab84cee8a138102c648209b81a93e4f9a7bd301,True,True,420183.08835203765,0.9987940231756767
"0,19,39,73",WIN,4,6061801.0,6054224.0,10.1739,18.0,D:\ghq\github.com\yuubinnkyoku\kyouen-1-to-9-classification\results\10x10\three-stone-9-10-30-child-proof.csv,EXACT_DIRECT,standard,,,False,,,3ab84cee8a138102c648209b81a93e4f9a7bd301,True,True,595818.8108788173,0.9987500414480779
"9,10,30,74",WIN,4,6229934.0,6223324.0,9.56514,18.0,D:\ghq\github.com\yuubinnkyoku\kyouen-1-to-9-classification\results\10x10\three-stone-9-10-30-child-proof.csv,EXACT_DIRECT,standard,,,False,,,3ab84cee8a138102c648209b81a93e4f9a7bd301,True,True,651316.5515611899,0.9989389935752129
"0,19,39,82",WIN,4,10624813.0,10613012.0,25.2205,18.0,D:\ghq\github.com\yuubinnkyoku\kyouen-1-to-9-classification\results\10x10\three-stone-9-10-30-child-proof.csv,EXACT_DIRECT,standard,,,False,,,3ab84cee8a138102c648209b81a93e4f9a7bd301,True,True,421276.8581114569,0.9988892980987054
"1,3,49,90",WIN,4,6677808.0,6671774.0,10.2871,18.0,D:\ghq\github.com\yuubinnkyoku\kyouen-1-to-9-classification\results\10x10\three-stone-9-10-30-child-proof.csv,EXACT_DIRECT,standard,,,False,,,3ab84cee8a138102c648209b81a93e4f9a7bd301,True,True,649143.8792273818,0.9990964100794751
"9,10,22,30",WIN,4,4855831.0,4850824.0,7.69206,18.0,D:\ghq\github.com\yuubinnkyoku\kyouen-1-to-9-classification\results\10x10\three-stone-9-10-30-child-proof.csv,EXACT_DIRECT,standard,,,False,,,3ab84cee8a138102c648209b81a93e4f9a7bd301,True,True,631278.3571631007,0.9989688685623532
"9,10,24,30",WIN,4,7877006.0,7869402.0,12.1313,19.0,D:\ghq\github.com\yuubinnkyoku\kyouen-1-to-9-classification\results\10x10\three-stone-9-10-30-child-proof.csv,EXACT_DIRECT,standard,,,False,,,3ab84cee8a138102c648209b81a93e4f9a7bd301,True,True,649312.6045848343,0.9990346585999808
"9,10,25,30",WIN,4,6884289.0,6877636.0,11.6666,18.0,D:\ghq\github.com\yuubinnkyoku\kyouen-1-to-9-classification\results\10x10\three-stone-9-10-30-child-proof.csv,EXACT_DIRECT,standard,,,False,,,3ab84cee8a138102c648209b81a93e4f9a7bd301,True,True,590085.2862016354,0.9990335966430229
"9,10,26,30",WIN,4,7786966.0,7778005.0,11.6028,18.0,D:\ghq\github.com\yuubinnkyoku\kyouen-1-to-9-classification\results\10x10\three-stone-9-10-30-child-proof.csv,EXACT_DIRECT,standard,,,False,,,3ab84cee8a138102c648209b81a93e4f9a7bd301,True,True,671128.1759575275,0.9988492308814498
"9,10,29,30",WIN,4,4756900.0,4750999.0,7.34195,18.0,D:\ghq\github.com\yuubinnkyoku\kyouen-1-to-9-classification\results\10x10\three-stone-9-10-30-child-proof.csv,EXACT_DIRECT,standard,,,False,,,3ab84cee8a138102c648209b81a93e4f9a7bd301,True,True,647906.8912209972,0.9987594862200172
"0,19,39,52",WIN,4,8230479.0,8223414.0,13.1203,19.0,D:\ghq\github.com\yuubinnkyoku\kyouen-1-to-9-classification\results\10x10\three-stone-9-10-30-child-proof.csv,EXACT_DIRECT,standard,,,False,,,3ab84cee8a138102c648209b81a93e4f9a7bd301,True,True,627308.750562106,0.9991416052455756
"9,10,30,53",WIN,4,6898245.0,6891342.0,10.644,19.0,D:\ghq\github.com\yuubinnkyoku\kyouen-1-to-9-classification\results\10x10\three-stone-9-10-30-child-proof.csv,EXACT_DIRECT,standard,,,False,,,3ab84cee8a138102c648209b81a93e4f9a7bd301,True,True,648087.655016911,0.9989993106942417
"0,19,39,61",WIN,4,8118937.0,8112455.0,13.6369,18.0,D:\ghq\github.com\yuubinnkyoku\kyouen-1-to-9-classification\results\10x10\three-stone-9-10-30-child-proof.csv,EXACT_DIRECT,standard,,,False,,,3ab84cee8a138102c648209b81a93e4f9a7bd301,True,True,595365.2956317051,0.9992016196208937
"9,10,30,62",WIN,4,5219433.0,5214171.0,8.43177,18.0,D:\ghq\github.com\yuubinnkyoku\kyouen-1-to-9-classification\results\10x10\three-stone-9-10-30-child-proof.csv,EXACT_DIRECT,standard,,,False,,,3ab84cee8a138102c648209b81a93e4f9a7bd301,True,True,619019.8499247489,0.9989918445164446
"0,19,39,62",WIN,4,13290786.0,13277053.0,20.3212,19.0,D:\ghq\github.com\yuubinnkyoku\kyouen-1-to-9-classification\results\10x10\three-stone-9-10-30-child-proof.csv,EXACT_DIRECT,standard,,,False,,,3ab84cee8a138102c648209b81a93e4f9a7bd301,True,True,654035.4900301163,0.9989667277766717
"9,10,30,64",WIN,4,7992679.0,7983892.0,15.1776,18.0,D:\ghq\github.com\yuubinnkyoku\kyouen-1-to-9-classification\results\10x10\three-stone-9-10-30-child-proof.csv,EXACT_DIRECT,standard,,,False,,,3ab84cee8a138102c648209b81a93e4f9a7bd301,True,True,526610.2018764495,0.9989006189288973
"9,10,30,71",WIN,4,4575762.0,4569337.0,7.50654,18.0,D:\ghq\github.com\yuubinnkyoku\kyouen-1-to-9-classification\results\10x10\three-stone-9-10-30-child-proof.csv,EXACT_DIRECT,standard,,,False,,,3ab84cee8a138102c648209b81a93e4f9a7bd301,True,True,609570.0549121166,0.9985958622847954
"0,19,39,72",WIN,4,10360381.0,10347031.0,16.0491,18.0,D:\ghq\github.com\yuubinnkyoku\kyouen-1-to-9-classification\results\10x10\three-stone-9-10-30-child-proof.csv,EXACT_DIRECT,standard,,,False,,,3ab84cee8a138102c648209b81a93e4f9a7bd301,True,True,645542.8030232225,0.9987114373496496
"0,19,39,74",WIN,4,6041154.0,6034292.0,10.3157,18.0,D:\ghq\github.com\yuubinnkyoku\kyouen-1-to-9-classification\results\10x10\three-stone-9-10-30-child-proof.csv,EXACT_DIRECT,standard,,,False,,,3ab84cee8a138102c648209b81a93e4f9a7bd301,True,True,585627.150847737,0.9988641243047273
"0,19,39,81",WIN,4,5595421.0,5589908.0,8.54477,18.0,D:\ghq\github.com\yuubinnkyoku\kyouen-1-to-9-classification\results\10x10\three-stone-9-10-30-child-proof.csv,EXACT_DIRECT,standard,,,False,,,3ab84cee8a138102c648209b81a93e4f9a7bd301,True,True,654835.7650352204,0.9990147300801852
"9,10,30,82",WIN,4,6135612.0,6127945.0,9.93346,18.0,D:\ghq\github.com\yuubinnkyoku\kyouen-1-to-9-classification\results\10x10\three-stone-9-10-30-child-proof.csv,EXACT_DIRECT,standard,,,False,,,3ab84cee8a138102c648209b81a93e4f9a7bd301,True,True,617671.1840587268,0.9987504099020603
"9,10,30,83",WIN,4,7230535.0,7222505.0,12.2941,19.0,D:\ghq\github.com\yuubinnkyoku\kyouen-1-to-9-classification\results\10x10\three-stone-9-10-30-child-proof.csv,EXACT_DIRECT,standard,,,False,,,3ab84cee8a138102c648209b81a93e4f9a7bd301,True,True,588130.4853547637,0.9988894321097954
"0,19,39,83",WIN,4,7370958.0,7361997.0,11.6011,18.0,D:\ghq\github.com\yuubinnkyoku\kyouen-1-to-9-classification\results\10x10\three-stone-9-10-30-child-proof.csv,EXACT_DIRECT,standard,,,False,,,3ab84cee8a138102c648209b81a93e4f9a7bd301,True,True,635367.1634586375,0.9987842828571266
"9,10,30,84",WIN,4,8346438.0,8339236.0,13.1041,19.0,D:\ghq\github.com\yuubinnkyoku\kyouen-1-to-9-classification\results\10x10\three-stone-9-10-30-child-proof.csv,EXACT_DIRECT,standard,,,False,,,3ab84cee8a138102c648209b81a93e4f9a7bd301,True,True,636933.3262108805,0.9991371169353921
"1,3,19,90",WIN,4,6247146.0,6239772.0,12.3926,18.0,D:\ghq\github.com\yuubinnkyoku\kyouen-1-to-9-classification\results\10x10\three-stone-9-10-30-child-proof.csv,EXACT_DIRECT,standard,,,False,,,3ab84cee8a138102c648209b81a93e4f9a7bd301,True,True,504102.93239513907,0.9988196209917297
"1,3,39,90",WIN,4,6438254.0,6431177.0,10.0831,18.0,D:\ghq\github.com\yuubinnkyoku\kyouen-1-to-9-classification\results\10x10\three-stone-9-10-30-child-proof.csv,EXACT_DIRECT,standard,,,False,,,3ab84cee8a138102c648209b81a93e4f9a7bd301,True,True,638519.3045789489,0.9989007889406041
"1,3,59,90",WIN,4,9543079.0,9535916.0,14.5964,18.0,D:\ghq\github.com\yuubinnkyoku\kyouen-1-to-9-classification\results\10x10\three-stone-9-10-30-child-proof.csv,EXACT_DIRECT,standard,,,False,,,3ab84cee8a138102c648209b81a93e4f9a7bd301,True,True,653796.7581047382,0.9992494036777858
"1,3,79,90",WIN,4,7869942.0,7863963.0,11.9891,18.0,D:\ghq\github.com\yuubinnkyoku\kyouen-1-to-9-classification\results\10x10\three-stone-9-10-30-child-proof.csv,EXACT_DIRECT,standard,,,False,,,3ab84cee8a138102c648209b81a93e4f9a7bd301,True,True,656424.7524835059,0.9992402739435691
"90,61,2",WIN,3,0.0,,0.0,,D:\ghq\github.com\yuubinnkyoku\kyouen-1-to-9-classification\results\10x10\three-stone-subsets-of-medium-loss.csv,DIRECT_TO_VERIFIED_4_STONE_LOSS,standard,,,False,,,3ab84cee8a138102c648209b81a93e4f9a7bd301,False,False,,
"90,61,73",WIN,3,0.0,,0.0,,D:\ghq\github.com\yuubinnkyoku\kyouen-1-to-9-classification\results\10x10\three-stone-subsets-of-medium-loss.csv,DIRECT_TO_VERIFIED_4_STONE_LOSS,standard,,,False,,,3ab84cee8a138102c648209b81a93e4f9a7bd301,False,False,,
"90,61,69",WIN,3,0.0,,0.0,,D:\ghq\github.com\yuubinnkyoku\kyouen-1-to-9-classification\results\10x10\three-stone-subsets-of-medium-loss.csv,DIRECT_TO_VERIFIED_4_STONE_LOSS,standard,,,False,,,3ab84cee8a138102c648209b81a93e4f9a7bd301,False,False,,
"90,61,66",WIN,3,0.0,,0.0,,D:\ghq\github.com\yuubinnkyoku\kyouen-1-to-9-classification\results\10x10\three-stone-subsets-of-medium-loss.csv,DIRECT_TO_VERIFIED_4_STONE_LOSS,standard,,,False,,,3ab84cee8a138102c648209b81a93e4f9a7bd301,False,False,,
"90,61,13",WIN,3,80553789.0,80386738.0,127.606,19.0,D:\ghq\github.com\yuubinnkyoku\kyouen-1-to-9-classification\results\10x10\three-stone-subsets-of-medium-loss.csv,EXACT_INDEPENDENT_SEARCH,standard,2.0,80.0,False,,,3ab84cee8a138102c648209b81a93e4f9a7bd301,True,True,631269.6033101892,0.997926217970951
"90,61,91",WIN,3,0.0,,0.0,,D:\ghq\github.com\yuubinnkyoku\kyouen-1-to-9-classification\results\10x10\three-stone-subsets-of-medium-loss.csv,DIRECT_TO_VERIFIED_4_STONE_LOSS,standard,,,False,,,3ab84cee8a138102c648209b81a93e4f9a7bd301,False,False,,
"90,2,73",WIN,3,19509339.0,19457348.0,30.7007,18.0,D:\ghq\github.com\yuubinnkyoku\kyouen-1-to-9-classification\results\10x10\three-stone-subsets-of-medium-loss.csv,EXACT_INDEPENDENT_SEARCH,standard,3.0,80.0,False,,,3ab84cee8a138102c648209b81a93e4f9a7bd301,True,True,635468.8655307534,0.997335071167711
"90,2,69",WIN,3,131916886.0,131687068.0,179.39,18.0,D:\ghq\github.com\yuubinnkyoku\kyouen-1-to-9-classification\results\10x10\three-stone-subsets-of-medium-loss.csv,EXACT_INDEPENDENT_SEARCH,standard,1.0,80.0,False,,,3ab84cee8a138102c648209b81a93e4f9a7bd301,True,True,735363.6546072803,0.9982578576028546
"90,2,66",WIN,3,0.0,,0.0,,D:\ghq\github.com\yuubinnkyoku\kyouen-1-to-9-classification\results\10x10\three-stone-subsets-of-medium-loss.csv,DIRECT_TO_VERIFIED_4_STONE_LOSS,standard,,,False,,,3ab84cee8a138102c648209b81a93e4f9a7bd301,False,False,,
"90,2,13",WIN,3,155781592.0,155521573.0,242.778,19.0,D:\ghq\github.com\yuubinnkyoku\kyouen-1-to-9-classification\results\10x10\three-stone-subsets-of-medium-loss.csv,EXACT_INDEPENDENT_SEARCH,standard,1.0,80.0,False,,,3ab84cee8a138102c648209b81a93e4f9a7bd301,True,True,641662.7206748553,0.9983308746774138
"90,2,91",LOSS,3,644565278.0,643635814.0,1446.95,19.0,D:\ghq\github.com\yuubinnkyoku\kyouen-1-to-9-classification\results\10x10\three-stone-subsets-of-medium-loss.csv,EXACT_INDEPENDENT_SEARCH,targeted-v2,0.0,90.0,False,,,3ab84cee8a138102c648209b81a93e4f9a7bd301,True,True,445464.7900756764,0.9985579986516121
"90,73,69",WIN,3,21154191.0,21087769.0,32.7852,18.0,D:\ghq\github.com\yuubinnkyoku\kyouen-1-to-9-classification\results\10x10\three-stone-subsets-of-medium-loss.csv,EXACT_INDEPENDENT_SEARCH,standard,3.0,80.0,False,,,3ab84cee8a138102c648209b81a93e4f9a7bd301,True,True,645235.9906299183,0.9968601020951356
"90,73,66",WIN,3,0.0,,0.0,,D:\ghq\github.com\yuubinnkyoku\kyouen-1-to-9-classification\results\10x10\three-stone-subsets-of-medium-loss.csv,DIRECT_TO_VERIFIED_4_STONE_LOSS,standard,,,False,,,3ab84cee8a138102c648209b81a93e4f9a7bd301,False,False,,
"90,73,13",WIN,3,30119603.0,30050436.0,41.3005,18.0,D:\ghq\github.com\yuubinnkyoku\kyouen-1-to-9-classification\results\10x10\three-stone-subsets-of-medium-loss.csv,EXACT_INDEPENDENT_SEARCH,standard,3.0,80.0,False,,,3ab84cee8a138102c648209b81a93e4f9a7bd301,True,True,729279.3791842714,0.9977035885897965
"90,73,91",LOSS,3,504612782.0,503703505.0,793.336,19.0,D:\ghq\github.com\yuubinnkyoku\kyouen-1-to-9-classification\results\10x10\three-stone-subsets-of-medium-loss.csv,EXACT_INDEPENDENT_SEARCH,targeted-v1,0.0,90.0,False,,,3ab84cee8a138102c648209b81a93e4f9a7bd301,True,True,636064.393901197,0.9981980698221791
"90,69,66",WIN,3,0.0,,0.0,,D:\ghq\github.com\yuubinnkyoku\kyouen-1-to-9-classification\results\10x10\three-stone-subsets-of-medium-loss.csv,DIRECT_TO_VERIFIED_4_STONE_LOSS,standard,,,False,,,3ab84cee8a138102c648209b81a93e4f9a7bd301,False,False,,
"90,69,13",WIN,3,32946592.0,32868068.0,51.6986,18.0,D:\ghq\github.com\yuubinnkyoku\kyouen-1-to-9-classification\results\10x10\three-stone-subsets-of-medium-loss.csv,EXACT_INDEPENDENT_SEARCH,standard,3.0,80.0,False,,,3ab84cee8a138102c648209b81a93e4f9a7bd301,True,True,637282.0927452581,0.997616627540718
"90,69,91",WIN,3,379052148.0,378376894.0,517.673,19.0,D:\ghq\github.com\yuubinnkyoku\kyouen-1-to-9-classification\results\10x10\three-stone-subsets-of-medium-loss.csv,EXACT_INDEPENDENT_SEARCH,standard,0.0,80.0,False,,,3ab84cee8a138102c648209b81a93e4f9a7bd301,True,True,732223.1369996117,0.9982185722899531
"90,66,13",WIN,3,79980489.0,79815880.0,118.091,19.0,D:\ghq\github.com\yuubinnkyoku\kyouen-1-to-9-classification\results\10x10\three-stone-subsets-of-medium-loss.csv,EXACT_INDEPENDENT_SEARCH,standard,2.0,80.0,False,,,3ab84cee8a138102c648209b81a93e4f9a7bd301,True,True,677278.4462829513,0.9979418855516125
"90,66,91",WIN,3,0.0,,0.0,,D:\ghq\github.com\yuubinnkyoku\kyouen-1-to-9-classification\results\10x10\three-stone-subsets-of-medium-loss.csv,DIRECT_TO_VERIFIED_4_STONE_LOSS,standard,,,False,,,3ab84cee8a138102c648209b81a93e4f9a7bd301,False,False,,
"90,13,91",WIN,3,105751008.0,105574349.0,176.102,19.0,D:\ghq\github.com\yuubinnkyoku\kyouen-1-to-9-classification\results\10x10\three-stone-subsets-of-medium-loss.csv,EXACT_INDEPENDENT_SEARCH,standard,2.0,80.0,False,,,3ab84cee8a138102c648209b81a93e4f9a7bd301,True,True,600509.9771723206,0.998329481644279
"61,2,73",WIN,3,13084217.0,13038431.0,22.8367,18.0,D:\ghq\github.com\yuubinnkyoku\kyouen-1-to-9-classification\results\10x10\three-stone-subsets-of-medium-loss.csv,EXACT_INDEPENDENT_SEARCH,standard,3.0,80.0,False,,,3ab84cee8a138102c648209b81a93e4f9a7bd301,True,True,572946.9231543962,0.9965006694707066
"61,2,69",WIN,3,0.0,,0.0,,D:\ghq\github.com\yuubinnkyoku\kyouen-1-to-9-classification\results\10x10\three-stone-subsets-of-medium-loss.csv,DIRECT_TO_VERIFIED_4_STONE_LOSS,standard,,,False,,,3ab84cee8a138102c648209b81a93e4f9a7bd301,False,False,,
"61,2,66",WIN,3,0.0,,0.0,,D:\ghq\github.com\yuubinnkyoku\kyouen-1-to-9-classification\results\10x10\three-stone-subsets-of-medium-loss.csv,DIRECT_TO_VERIFIED_4_STONE_LOSS,standard,,,False,,,3ab84cee8a138102c648209b81a93e4f9a7bd301,False,False,,
"61,2,13",WIN,3,13093168.0,13045103.0,22.4791,18.0,D:\ghq\github.com\yuubinnkyoku\kyouen-1-to-9-classification\results\10x10\three-stone-subsets-of-medium-loss.csv,EXACT_INDEPENDENT_SEARCH,standard,3.0,80.0,False,,,3ab84cee8a138102c648209b81a93e4f9a7bd301,True,True,582459.6180452064,0.99632900150674
"61,2,91",WIN,3,0.0,,0.0,,D:\ghq\github.com\yuubinnkyoku\kyouen-1-to-9-classification\results\10x10\three-stone-subsets-of-medium-loss.csv,DIRECT_TO_VERIFIED_4_STONE_LOSS,standard,,,False,,,3ab84cee8a138102c648209b81a93e4f9a7bd301,False,False,,
"61,73,69",WIN,3,0.0,,0.0,,D:\ghq\github.com\yuubinnkyoku\kyouen-1-to-9-classification\results\10x10\three-stone-subsets-of-medium-loss.csv,DIRECT_TO_VERIFIED_4_STONE_LOSS,standard,,,False,,,3ab84cee8a138102c648209b81a93e4f9a7bd301,False,False,,
"61,73,66",WIN,3,0.0,,0.0,,D:\ghq\github.com\yuubinnkyoku\kyouen-1-to-9-classification\results\10x10\three-stone-subsets-of-medium-loss.csv,DIRECT_TO_VERIFIED_4_STONE_LOSS,standard,,,False,,,3ab84cee8a138102c648209b81a93e4f9a7bd301,False,False,,
"61,73,13",WIN,3,0.0,,0.0,,D:\ghq\github.com\yuubinnkyoku\kyouen-1-to-9-classification\results\10x10\three-stone-subsets-of-medium-loss.csv,DIRECT_TO_VERIFIED_4_STONE_LOSS,standard,,,False,,,3ab84cee8a138102c648209b81a93e4f9a7bd301,False,False,,
"61,73,91",WIN,3,0.0,,0.0,,D:\ghq\github.com\yuubinnkyoku\kyouen-1-to-9-classification\results\10x10\three-stone-subsets-of-medium-loss.csv,DIRECT_TO_VERIFIED_4_STONE_LOSS,standard,,,False,,,3ab84cee8a138102c648209b81a93e4f9a7bd301,False,False,,
"61,69,66",WIN,3,0.0,,0.0,,D:\ghq\github.com\yuubinnkyoku\kyouen-1-to-9-classification\results\10x10\three-stone-subsets-of-medium-loss.csv,DIRECT_TO_VERIFIED_4_STONE_LOSS,standard,,,False,,,3ab84cee8a138102c648209b81a93e4f9a7bd301,False,False,,
"61,69,13",WIN,3,0.0,,0.0,,D:\ghq\github.com\yuubinnkyoku\kyouen-1-to-9-classification\results\10x10\three-stone-subsets-of-medium-loss.csv,DIRECT_TO_VERIFIED_4_STONE_LOSS,standard,,,False,,,3ab84cee8a138102c648209b81a93e4f9a7bd301,False,False,,
"61,69,91",WIN,3,0.0,,0.0,,D:\ghq\github.com\yuubinnkyoku\kyouen-1-to-9-classification\results\10x10\three-stone-subsets-of-medium-loss.csv,DIRECT_TO_VERIFIED_4_STONE_LOSS,standard,,,False,,,3ab84cee8a138102c648209b81a93e4f9a7bd301,False,False,,
"61,66,13",WIN,3,0.0,,0.0,,D:\ghq\github.com\yuubinnkyoku\kyouen-1-to-9-classification\results\10x10\three-stone-subsets-of-medium-loss.csv,DIRECT_TO_VERIFIED_4_STONE_LOSS,standard,,,False,,,3ab84cee8a138102c648209b81a93e4f9a7bd301,False,False,,
"61,66,91",WIN,3,0.0,,0.0,,D:\ghq\github.com\yuubinnkyoku\kyouen-1-to-9-classification\results\10x10\three-stone-subsets-of-medium-loss.csv,DIRECT_TO_VERIFIED_4_STONE_LOSS,standard,,,False,,,3ab84cee8a138102c648209b81a93e4f9a7bd301,False,False,,
"61,13,91",WIN,3,0.0,,0.0,,D:\ghq\github.com\yuubinnkyoku\kyouen-1-to-9-classification\results\10x10\three-stone-subsets-of-medium-loss.csv,DIRECT_TO_VERIFIED_4_STONE_LOSS,standard,,,False,,,3ab84cee8a138102c648209b81a93e4f9a7bd301,False,False,,
"2,73,69",WIN,3,11878883.0,11838146.0,17.7598,18.0,D:\ghq\github.com\yuubinnkyoku\kyouen-1-to-9-classification\results\10x10\three-stone-subsets-of-medium-loss.csv,EXACT_INDEPENDENT_SEARCH,standard,3.0,80.0,False,,,3ab84cee8a138102c648209b81a93e4f9a7bd301,True,True,668863.5570220386,0.9965706371550255
"2,73,66",WIN,3,10067830.0,10023329.0,15.2866,18.0,D:\ghq\github.com\yuubinnkyoku\kyouen-1-to-9-classification\results\10x10\three-stone-subsets-of-medium-loss.csv,EXACT_INDEPENDENT_SEARCH,standard,3.0,80.0,False,,,3ab84cee8a138102c648209b81a93e4f9a7bd301,True,True,658604.9219577931,0.9955798816626821
"2,73,13",WIN,3,70437707.0,70231642.0,114.018,19.0,D:\ghq\github.com\yuubinnkyoku\kyouen-1-to-9-classification\results\10x10\three-stone-subsets-of-medium-loss.csv,EXACT_INDEPENDENT_SEARCH,standard,2.0,80.0,False,,,3ab84cee8a138102c648209b81a93e4f9a7bd301,True,True,617777.0790576927,0.9970745072663992
"2,73,91",WIN,3,31149588.0,31062753.0,48.7476,19.0,D:\ghq\github.com\yuubinnkyoku\kyouen-1-to-9-classification\results\10x10\three-stone-subsets-of-medium-loss.csv,EXACT_INDEPENDENT_SEARCH,standard,3.0,80.0,False,,,3ab84cee8a138102c648209b81a93e4f9a7bd301,True,True,638997.3660241736,0.9972123226798377
"2,69,66",WIN,3,0.0,,0.0,,D:\ghq\github.com\yuubinnkyoku\kyouen-1-to-9-classification\results\10x10\three-stone-subsets-of-medium-loss.csv,DIRECT_TO_VERIFIED_4_STONE_LOSS,standard,,,False,,,3ab84cee8a138102c648209b81a93e4f9a7bd301,False,False,,
"2,69,13",WIN,3,22887591.0,22834998.0,36.2593,18.0,D:\ghq\github.com\yuubinnkyoku\kyouen-1-to-9-classification\results\10x10\three-stone-subsets-of-medium-loss.csv,EXACT_INDEPENDENT_SEARCH,standard,3.0,80.0,False,,,3ab84cee8a138102c648209b81a93e4f9a7bd301,True,True,631219.8801410948,0.9977021172739412
"2,69,91",WIN,3,194775124.0,194490269.0,333.607,19.0,D:\ghq\github.com\yuubinnkyoku\kyouen-1-to-9-classification\results\10x10\three-stone-subsets-of-medium-loss.csv,EXACT_INDEPENDENT_SEARCH,standard,1.0,80.0,False,,,3ab84cee8a138102c648209b81a93e4f9a7bd301,True,True,583846.0344057528,0.9985375185796314
"2,66,13",WIN,3,13469367.0,13425463.0,21.7664,18.0,D:\ghq\github.com\yuubinnkyoku\kyouen-1-to-9-classification\results\10x10\three-stone-subsets-of-medium-loss.csv,EXACT_INDEPENDENT_SEARCH,standard,3.0,80.0,False,,,3ab84cee8a138102c648209b81a93e4f9a7bd301,True,True,618814.6409144369,0.996740455583399
"2,66,91",WIN,3,0.0,,0.0,,D:\ghq\github.com\yuubinnkyoku\kyouen-1-to-9-classification\results\10x10\three-stone-subsets-of-medium-loss.csv,DIRECT_TO_VERIFIED_4_STONE_LOSS,standard,,,False,,,3ab84cee8a138102c648209b81a93e4f9a7bd301,False,False,,
"2,13,91",WIN,3,183998837.0,183654603.0,303.371,19.0,D:\ghq\github.com\yuubinnkyoku\kyouen-1-to-9-classification\results\10x10\three-stone-subsets-of-medium-loss.csv,EXACT_INDEPENDENT_SEARCH,standard,1.0,80.0,False,,,3ab84cee8a138102c648209b81a93e4f9a7bd301,True,True,606514.2581195962,0.9981291512184939
"73,69,66",WIN,3,0.0,,0.0,,D:\ghq\github.com\yuubinnkyoku\kyouen-1-to-9-classification\results\10x10\three-stone-subsets-of-medium-loss.csv,DIRECT_TO_VERIFIED_4_STONE_LOSS,standard,,,False,,,3ab84cee8a138102c648209b81a93e4f9a7bd301,False,False,,
"73,69,13",WIN,3,24599420.0,24503017.0,34.5474,18.0,D:\ghq\github.com\yuubinnkyoku\kyouen-1-to-9-classification\results\10x10\three-stone-subsets-of-medium-loss.csv,EXACT_INDEPENDENT_SEARCH,standard,3.0,80.0,False,,,3ab84cee8a138102c648209b81a93e4f9a7bd301,True,True,712048.3741178786,0.9960810864646402
"73,69,91",WIN,3,19030287.0,18972978.0,26.6437,18.0,D:\ghq\github.com\yuubinnkyoku\kyouen-1-to-9-classification\results\10x10\three-stone-subsets-of-medium-loss.csv,EXACT_INDEPENDENT_SEARCH,standard,3.0,80.0,False,,,3ab84cee8a138102c648209b81a93e4f9a7bd301,True,True,714250.9110971824,0.9969885372721914
"73,66,13",WIN,3,0.0,,0.0,,D:\ghq\github.com\yuubinnkyoku\kyouen-1-to-9-classification\results\10x10\three-stone-subsets-of-medium-loss.csv,DIRECT_TO_VERIFIED_4_STONE_LOSS,standard,,,False,,,3ab84cee8a138102c648209b81a93e4f9a7bd301,False,False,,
"73,66,91",WIN,3,0.0,,0.0,,D:\ghq\github.com\yuubinnkyoku\kyouen-1-to-9-classification\results\10x10\three-stone-subsets-of-medium-loss.csv,DIRECT_TO_VERIFIED_4_STONE_LOSS,standard,,,False,,,3ab84cee8a138102c648209b81a93e4f9a7bd301,False,False,,
"73,13,91",WIN,3,18565218.0,18503901.0,31.5,19.0,D:\ghq\github.com\yuubinnkyoku\kyouen-1-to-9-classification\results\10x10\three-stone-subsets-of-medium-loss.csv,EXACT_INDEPENDENT_SEARCH,standard,3.0,80.0,False,,,3ab84cee8a138102c648209b81a93e4f9a7bd301,True,True,589372.0,0.9966972108811218
"69,66,13",WIN,3,0.0,,0.0,,D:\ghq\github.com\yuubinnkyoku\kyouen-1-to-9-classification\results\10x10\three-stone-subsets-of-medium-loss.csv,DIRECT_TO_VERIFIED_4_STONE_LOSS,standard,,,False,,,3ab84cee8a138102c648209b81a93e4f9a7bd301,False,False,,
"69,66,91",WIN,3,0.0,,0.0,,D:\ghq\github.com\yuubinnkyoku\kyouen-1-to-9-classification\results\10x10\three-stone-subsets-of-medium-loss.csv,DIRECT_TO_VERIFIED_4_STONE_LOSS,standard,,,False,,,3ab84cee8a138102c648209b81a93e4f9a7bd301,False,False,,
"69,13,91",WIN,3,148060593.0,147807040.0,250.877,19.0,D:\ghq\github.com\yuubinnkyoku\kyouen-1-to-9-classification\results\10x10\three-stone-subsets-of-medium-loss.csv,EXACT_INDEPENDENT_SEARCH,standard,1.0,80.0,False,,,3ab84cee8a138102c648209b81a93e4f9a7bd301,True,True,590172.0484540233,0.998287505170265
"66,13,91",WIN,3,0.0,,0.0,,D:\ghq\github.com\yuubinnkyoku\kyouen-1-to-9-classification\results\10x10\three-stone-subsets-of-medium-loss.csv,DIRECT_TO_VERIFIED_4_STONE_LOSS,standard,,,False,,,3ab84cee8a138102c648209b81a93e4f9a7bd301,False,False,,
"90,61,2,73",WIN,4,0.0,,0.0,,D:\ghq\github.com\yuubinnkyoku\kyouen-1-to-9-classification\results\10x10\four-stone-subsets-of-medium-loss.csv,DIRECT_TO_VERIFIED_5_STONE_LOSS,standard,,,False,,,3ab84cee8a138102c648209b81a93e4f9a7bd301,False,False,,
"90,61,2,69",WIN,4,19094374.0,19066103.0,28.9551,18.0,D:\ghq\github.com\yuubinnkyoku\kyouen-1-to-9-classification\results\10x10\four-stone-subsets-of-medium-loss.csv,EXACT_INDEPENDENT_SEARCH,standard,,,False,,,3ab84cee8a138102c648209b81a93e4f9a7bd301,True,True,659447.6966061246,0.9985194068158506
"90,61,2,66",LOSS,4,28943306.0,28876297.0,44.8226,18.0,D:\ghq\github.com\yuubinnkyoku\kyouen-1-to-9-classification\results\10x10\four-stone-subsets-of-medium-loss.csv,EXACT_INDEPENDENT_SEARCH,standard,,,False,,,3ab84cee8a138102c648209b81a93e4f9a7bd301,True,True,645730.1896810983,0.9976848187280334
"90,61,2,13",WIN,4,0.0,,0.0,,D:\ghq\github.com\yuubinnkyoku\kyouen-1-to-9-classification\results\10x10\four-stone-subsets-of-medium-loss.csv,DIRECT_TO_VERIFIED_5_STONE_LOSS,standard,,,False,,,3ab84cee8a138102c648209b81a93e4f9a7bd301,False,False,,
"90,61,2,91",WIN,4,0.0,,0.0,,D:\ghq\github.com\yuubinnkyoku\kyouen-1-to-9-classification\results\10x10\four-stone-subsets-of-medium-loss.csv,DIRECT_TO_VERIFIED_5_STONE_LOSS,standard,,,False,,,3ab84cee8a138102c648209b81a93e4f9a7bd301,False,False,,
"90,61,73,69",WIN,4,5228871.0,5216369.0,8.27077,18.0,D:\ghq\github.com\yuubinnkyoku\kyouen-1-to-9-classification\results\10x10\four-stone-subsets-of-medium-loss.csv,EXACT_INDEPENDENT_SEARCH,standard,,,False,,,3ab84cee8a138102c648209b81a93e4f9a7bd301,True,True,632210.9066024082,0.9976090440938398
"90,61,73,66",LOSS,4,14873397.0,14823399.0,23.5842,18.0,D:\ghq\github.com\yuubinnkyoku\kyouen-1-to-9-classification\results\10x10\four-stone-subsets-of-medium-loss.csv,EXACT_INDEPENDENT_SEARCH,standard,,,False,,,3ab84cee8a138102c648209b81a93e4f9a7bd301,True,True,630650.9018749841,0.9966384276571115
"90,61,73,13",WIN,4,0.0,,0.0,,D:\ghq\github.com\yuubinnkyoku\kyouen-1-to-9-classification\results\10x10\four-stone-subsets-of-medium-loss.csv,DIRECT_TO_VERIFIED_5_STONE_LOSS,standard,,,False,,,3ab84cee8a138102c648209b81a93e4f9a7bd301,False,False,,
"90,61,73,91",WIN,4,0.0,,0.0,,D:\ghq\github.com\yuubinnkyoku\kyouen-1-to-9-classification\results\10x10\four-stone-subsets-of-medium-loss.csv,DIRECT_TO_VERIFIED_5_STONE_LOSS,standard,,,False,,,3ab84cee8a138102c648209b81a93e4f9a7bd301,False,False,,
"90,61,69,66",LOSS,4,10178549.0,10138647.0,15.4153,18.0,D:\ghq\github.com\yuubinnkyoku\kyouen-1-to-9-classification\results\10x10\four-stone-subsets-of-medium-loss.csv,EXACT_INDEPENDENT_SEARCH,standard,,,False,,,3ab84cee8a138102c648209b81a93e4f9a7bd301,True,True,660288.7391098454,0.9960797948705655
"90,61,69,13",WIN,4,12634302.0,12615993.0,19.0155,18.0,D:\ghq\github.com\yuubinnkyoku\kyouen-1-to-9-classification\results\10x10\four-stone-subsets-of-medium-loss.csv,EXACT_INDEPENDENT_SEARCH,standard,,,False,,,3ab84cee8a138102c648209b81a93e4f9a7bd301,True,True,664421.2353080382,0.9985508499005327
"90,61,69,91",WIN,4,8000839.0,7987194.0,10.2764,19.0,D:\ghq\github.com\yuubinnkyoku\kyouen-1-to-9-classification\results\10x10\four-stone-subsets-of-medium-loss.csv,EXACT_INDEPENDENT_SEARCH,standard,,,False,,,3ab84cee8a138102c648209b81a93e4f9a7bd301,True,True,778564.3805223618,0.9982945538586641
"90,61,66,13",WIN,4,10158812.0,10139474.0,12.7348,19.0,D:\ghq\github.com\yuubinnkyoku\kyouen-1-to-9-classification\results\10x10\four-stone-subsets-of-medium-loss.csv,EXACT_INDEPENDENT_SEARCH,standard,,,False,,,3ab84cee8a138102c648209b81a93e4f9a7bd301,True,True,797720.576687502,0.9980964309606281
"90,61,66,91",LOSS,4,16042359.0,15993826.0,20.0689,18.0,D:\ghq\github.com\yuubinnkyoku\kyouen-1-to-9-classification\results\10x10\four-stone-subsets-of-medium-loss.csv,EXACT_INDEPENDENT_SEARCH,standard,,,False,,,3ab84cee8a138102c648209b81a93e4f9a7bd301,True,True,799364.140535854,0.9969746968011375
"90,61,13,91",WIN,4,0.0,,0.0,,D:\ghq\github.com\yuubinnkyoku\kyouen-1-to-9-classification\results\10x10\four-stone-subsets-of-medium-loss.csv,DIRECT_TO_VERIFIED_5_STONE_LOSS,standard,,,False,,,3ab84cee8a138102c648209b81a93e4f9a7bd301,False,False,,
"90,2,73,69",WIN,4,13427337.0,13412146.0,20.7857,19.0,D:\ghq\github.com\yuubinnkyoku\kyouen-1-to-9-classification\results\10x10\four-stone-subsets-of-medium-loss.csv,EXACT_INDEPENDENT_SEARCH,standard,,,False,,,3ab84cee8a138102c648209b81a93e4f9a7bd301,True,True,645989.1656282926,0.9988686513193197
"90,2,73,66",WIN,4,0.0,,0.0,,D:\ghq\github.com\yuubinnkyoku\kyouen-1-to-9-classification\results\10x10\four-stone-subsets-of-medium-loss.csv,DIRECT_TO_VERIFIED_5_STONE_LOSS,standard,,,False,,,3ab84cee8a138102c648209b81a93e4f9a7bd301,False,False,,
"90,2,73,13",WIN,4,0.0,,0.0,,D:\ghq\github.com\yuubinnkyoku\kyouen-1-to-9-classification\results\10x10\four-stone-subsets-of-medium-loss.csv,DIRECT_TO_VERIFIED_5_STONE_LOSS,standard,,,False,,,3ab84cee8a138102c648209b81a93e4f9a7bd301,False,False,,
"90,2,73,91",WIN,4,0.0,,0.0,,D:\ghq\github.com\yuubinnkyoku\kyouen-1-to-9-classification\results\10x10\four-stone-subsets-of-medium-loss.csv,DIRECT_TO_VERIFIED_5_STONE_LOSS,standard,,,False,,,3ab84cee8a138102c648209b81a93e4f9a7bd301,False,False,,
"90,2,69,66",WIN,4,15500819.0,15480306.0,23.7137,19.0,D:\ghq\github.com\yuubinnkyoku\kyouen-1-to-9-classification\results\10x10\four-stone-subsets-of-medium-loss.csv,EXACT_INDEPENDENT_SEARCH,standard,,,False,,,3ab84cee8a138102c648209b81a93e4f9a7bd301,True,True,653665.1387172816,0.9986766505692377
"90,2,69,13",WIN,4,0.0,,0.0,,D:\ghq\github.com\yuubinnkyoku\kyouen-1-to-9-classification\results\10x10\four-stone-subsets-of-medium-loss.csv,DIRECT_TO_VERIFIED_5_STONE_LOSS,standard,,,False,,,3ab84cee8a138102c648209b81a93e4f9a7bd301,False,False,,
"90,2,69,91",WIN,4,0.0,,0.0,,D:\ghq\github.com\yuubinnkyoku\kyouen-1-to-9-classification\results\10x10\four-stone-subsets-of-medium-loss.csv,DIRECT_TO_VERIFIED_5_STONE_LOSS,standard,,,False,,,3ab84cee8a138102c648209b81a93e4f9a7bd301,False,False,,
"90,2,66,13",WIN,4,0.0,,0.0,,D:\ghq\github.com\yuubinnkyoku\kyouen-1-to-9-classification\results\10x10\four-stone-subsets-of-medium-loss.csv,DIRECT_TO_VERIFIED_5_STONE_LOSS,standard,,,False,,,3ab84cee8a138102c648209b81a93e4f9a7bd301,False,False,,
"90,2,66,91",WIN,4,0.0,,0.0,,D:\ghq\github.com\yuubinnkyoku\kyouen-1-to-9-classification\results\10x10\four-stone-subsets-of-medium-loss.csv,DIRECT_TO_VERIFIED_5_STONE_LOSS,standard,,,False,,,3ab84cee8a138102c648209b81a93e4f9a7bd301,False,False,,
"90,2,13,91",WIN,4,0.0,,0.0,,D:\ghq\github.com\yuubinnkyoku\kyouen-1-to-9-classification\results\10x10\four-stone-subsets-of-medium-loss.csv,DIRECT_TO_VERIFIED_5_STONE_LOSS,standard,,,False,,,3ab84cee8a138102c648209b81a93e4f9a7bd301,False,False,,
"90,73,69,66",WIN,4,11026650.0,11007590.0,16.7141,18.0,D:\ghq\github.com\yuubinnkyoku\kyouen-1-to-9-classification\results\10x10\four-stone-subsets-of-medium-loss.csv,EXACT_INDEPENDENT_SEARCH,standard,,,False,,,3ab84cee8a138102c648209b81a93e4f9a7bd301,True,True,659721.4328022449,0.9982714605070443
"90,73,69,13",WIN,4,0.0,,0.0,,D:\ghq\github.com\yuubinnkyoku\kyouen-1-to-9-classification\results\10x10\four-stone-subsets-of-medium-loss.csv,DIRECT_TO_VERIFIED_5_STONE_LOSS,standard,,,False,,,3ab84cee8a138102c648209b81a93e4f9a7bd301,False,False,,
"90,73,69,91",WIN,4,0.0,,0.0,,D:\ghq\github.com\yuubinnkyoku\kyouen-1-to-9-classification\results\10x10\four-stone-subsets-of-medium-loss.csv,DIRECT_TO_VERIFIED_5_STONE_LOSS,standard,,,False,,,3ab84cee8a138102c648209b81a93e4f9a7bd301,False,False,,
"90,73,66,13",WIN,4,20736278.0,20701050.0,31.4498,19.0,D:\ghq\github.com\yuubinnkyoku\kyouen-1-to-9-classification\results\10x10\four-stone-subsets-of-medium-loss.csv,EXACT_INDEPENDENT_SEARCH,standard,,,False,,,3ab84cee8a138102c648209b81a93e4f9a7bd301,True,True,659345.3058525014,0.9983011416031363
"90,73,66,91",WIN,4,0.0,,0.0,,D:\ghq\github.com\yuubinnkyoku\kyouen-1-to-9-classification\results\10x10\four-stone-subsets-of-medium-loss.csv,DIRECT_TO_VERIFIED_5_STONE_LOSS,standard,,,False,,,3ab84cee8a138102c648209b81a93e4f9a7bd301,False,False,,
"90,73,13,91",WIN,4,0.0,,0.0,,D:\ghq\github.com\yuubinnkyoku\kyouen-1-to-9-classification\results\10x10\four-stone-subsets-of-medium-loss.csv,DIRECT_TO_VERIFIED_5_STONE_LOSS,standard,,,False,,,3ab84cee8a138102c648209b81a93e4f9a7bd301,False,False,,
"90,69,66,13",WIN,4,18262852.0,18241850.0,27.5129,18.0,D:\ghq\github.com\yuubinnkyoku\kyouen-1-to-9-classification\results\10x10\four-stone-subsets-of-medium-loss.csv,EXACT_INDEPENDENT_SEARCH,standard,,,False,,,3ab84cee8a138102c648209b81a93e4f9a7bd301,True,True,663792.3301433147,0.9988500153207177
"90,69,66,91",WIN,4,11823314.0,11807748.0,18.5205,19.0,D:\ghq\github.com\yuubinnkyoku\kyouen-1-to-9-classification\results\10x10\four-stone-subsets-of-medium-loss.csv,EXACT_INDEPENDENT_SEARCH,standard,,,False,,,3ab84cee8a138102c648209b81a93e4f9a7bd301,True,True,638390.6482006426,0.9986834486506914
"90,69,13,91",WIN,4,0.0,,0.0,,D:\ghq\github.com\yuubinnkyoku\kyouen-1-to-9-classification\results\10x10\four-stone-subsets-of-medium-loss.csv,DIRECT_TO_VERIFIED_5_STONE_LOSS,standard,,,False,,,3ab84cee8a138102c648209b81a93e4f9a7bd301,False,False,,
"90,66,13,91",WIN,4,0.0,,0.0,,D:\ghq\github.com\yuubinnkyoku\kyouen-1-to-9-classification\results\10x10\four-stone-subsets-of-medium-loss.csv,DIRECT_TO_VERIFIED_5_STONE_LOSS,standard,,,False,,,3ab84cee8a138102c648209b81a93e4f9a7bd301,False,False,,
"61,2,73,69",WIN,4,12232492.0,12210155.0,18.5292,18.0,D:\ghq\github.com\yuubinnkyoku\kyouen-1-to-9-classification\results\10x10\four-stone-subsets-of-medium-loss.csv,EXACT_INDEPENDENT_SEARCH,standard,,,False,,,3ab84cee8a138102c648209b81a93e4f9a7bd301,True,True,660173.7797638322,0.9981739616097848
"61,2,73,66",WIN,4,4973501.0,4963867.0,7.96566,18.0,D:\ghq\github.com\yuubinnkyoku\kyouen-1-to-9-classification\results\10x10\four-stone-subsets-of-medium-loss.csv,EXACT_INDEPENDENT_SEARCH,standard,,,False,,,3ab84cee8a138102c648209b81a93e4f9a7bd301,True,True,624367.7234529217,0.9980629339372808
"61,2,73,13",WIN,4,0.0,,0.0,,D:\ghq\github.com\yuubinnkyoku\kyouen-1-to-9-classification\results\10x10\four-stone-subsets-of-medium-loss.csv,DIRECT_TO_VERIFIED_5_STONE_LOSS,standard,,,False,,,3ab84cee8a138102c648209b81a93e4f9a7bd301,False,False,,
"61,2,73,91",WIN,4,0.0,,0.0,,D:\ghq\github.com\yuubinnkyoku\kyouen-1-to-9-classification\results\10x10\four-stone-subsets-of-medium-loss.csv,DIRECT_TO_VERIFIED_5_STONE_LOSS,standard,,,False,,,3ab84cee8a138102c648209b81a93e4f9a7bd301,False,False,,
"61,2,69,66",LOSS,4,13219381.0,13165724.0,19.987,18.0,D:\ghq\github.com\yuubinnkyoku\kyouen-1-to-9-classification\results\10x10\four-stone-subsets-of-medium-loss.csv,EXACT_INDEPENDENT_SEARCH,standard,,,False,,,3ab84cee8a138102c648209b81a93e4f9a7bd301,True,True,661398.9593235604,0.9959410353631536
"61,2,69,13",WIN,4,15150886.0,15129513.0,24.1829,18.0,D:\ghq\github.com\yuubinnkyoku\kyouen-1-to-9-classification\results\10x10\four-stone-subsets-of-medium-loss.csv,EXACT_INDEPENDENT_SEARCH,standard,,,False,,,3ab84cee8a138102c648209b81a93e4f9a7bd301,True,True,626512.370311253,0.9985893234230658
"61,2,69,91",WIN,4,13779581.0,13758848.0,22.0658,18.0,D:\ghq\github.com\yuubinnkyoku\kyouen-1-to-9-classification\results\10x10\four-stone-subsets-of-medium-loss.csv,EXACT_INDEPENDENT_SEARCH,standard,,,False,,,3ab84cee8a138102c648209b81a93e4f9a7bd301,True,True,624476.837458873,0.9984953824067655
"61,2,66,13",WIN,4,21748976.0,21709667.0,35.569,19.0,D:\ghq\github.com\yuubinnkyoku\kyouen-1-to-9-classification\results\10x10\four-stone-subsets-of-medium-loss.csv,EXACT_INDEPENDENT_SEARCH,standard,,,False,,,3ab84cee8a138102c648209b81a93e4f9a7bd301,True,True,611458.7421631195,0.9981926045621642
"61,2,66,91",LOSS,4,36337892.0,36254442.0,58.2403,18.0,D:\ghq\github.com\yuubinnkyoku\kyouen-1-to-9-classification\results\10x10\four-stone-subsets-of-medium-loss.csv,EXACT_INDEPENDENT_SEARCH,standard,,,False,,,3ab84cee8a138102c648209b81a93e4f9a7bd301,True,True,623930.3712377856,0.9977034991462906
"61,2,13,91",WIN,4,0.0,,0.0,,D:\ghq\github.com\yuubinnkyoku\kyouen-1-to-9-classification\results\10x10\four-stone-subsets-of-medium-loss.csv,DIRECT_TO_VERIFIED_5_STONE_LOSS,standard,,,False,,,3ab84cee8a138102c648209b81a93e4f9a7bd301,False,False,,
"61,73,69,66",LOSS,4,11829466.0,11785899.0,18.1392,18.0,D:\ghq\github.com\yuubinnkyoku\kyouen-1-to-9-classification\results\10x10\four-stone-subsets-of-medium-loss.csv,EXACT_INDEPENDENT_SEARCH,standard,,,False,,,3ab84cee8a138102c648209b81a93e4f9a7bd301,True,True,652149.26788392,0.9963170780490007
"61,73,69,13",WIN,4,11691162.0,11665775.0,17.9246,18.0,D:\ghq\github.com\yuubinnkyoku\kyouen-1-to-9-classification\results\10x10\four-stone-subsets-of-medium-loss.csv,EXACT_INDEPENDENT_SEARCH,standard,,,False,,,3ab84cee8a138102c648209b81a93e4f9a7bd301,True,True,652241.1657721789,0.9978285306456278
"61,73,69,91",WIN,4,9463946.0,9448011.0,12.669,18.0,D:\ghq\github.com\yuubinnkyoku\kyouen-1-to-9-classification\results\10x10\four-stone-subsets-of-medium-loss.csv,EXACT_INDEPENDENT_SEARCH,standard,,,False,,,3ab84cee8a138102c648209b81a93e4f9a7bd301,True,True,747016.0233641171,0.9983162414493912
"61,73,66,91",LOSS,4,18871803.0,18815813.0,26.1103,18.0,D:\ghq\github.com\yuubinnkyoku\kyouen-1-to-9-classification\results\10x10\four-stone-subsets-of-medium-loss.csv,EXACT_INDEPENDENT_SEARCH,standard,,,False,,,3ab84cee8a138102c648209b81a93e4f9a7bd301,True,True,722772.3542050455,0.9970331398648026
"61,73,13,91",WIN,4,0.0,,0.0,,D:\ghq\github.com\yuubinnkyoku\kyouen-1-to-9-classification\results\10x10\four-stone-subsets-of-medium-loss.csv,DIRECT_TO_VERIFIED_5_STONE_LOSS,standard,,,False,,,3ab84cee8a138102c648209b81a93e4f9a7bd301,False,False,,
"61,69,66,13",LOSS,4,15373322.0,15320611.0,25.4909,18.0,D:\ghq\github.com\yuubinnkyoku\kyouen-1-to-9-classification\results\10x10\four-stone-subsets-of-medium-loss.csv,EXACT_INDEPENDENT_SEARCH,standard,,,False,,,3ab84cee8a138102c648209b81a93e4f9a7bd301,True,True,603090.593113621,0.9965712680707527
"61,69,66,91",LOSS,4,14321989.0,14270704.0,23.9274,18.0,D:\ghq\github.com\yuubinnkyoku\kyouen-1-to-9-classification\results\10x10\four-stone-subsets-of-medium-loss.csv,EXACT_INDEPENDENT_SEARCH,standard,,,False,,,3ab84cee8a138102c648209b81a93e4f9a7bd301,True,True,598560.1862300124,0.9964191426204838
"61,69,13,91",WIN,4,31483795.0,31435871.0,53.3135,18.0,D:\ghq\github.com\yuubinnkyoku\kyouen-1-to-9-classification\results\10x10\four-stone-subsets-of-medium-loss.csv,EXACT_INDEPENDENT_SEARCH,standard,,,False,,,3ab84cee8a138102c648209b81a93e4f9a7bd301,True,True,590540.7635964624,0.998477820097609
"61,66,13,91",LOSS,4,19397573.0,19341461.0,32.0425,19.0,D:\ghq\github.com\yuubinnkyoku\kyouen-1-to-9-classification\results\10x10\four-stone-subsets-of-medium-loss.csv,EXACT_INDEPENDENT_SEARCH,standard,,,False,,,3ab84cee8a138102c648209b81a93e4f9a7bd301,True,True,605370.1490208318,0.9971072669761315
"2,73,69,66",WIN,4,11985545.0,11968564.0,19.4182,19.0,D:\ghq\github.com\yuubinnkyoku\kyouen-1-to-9-classification\results\10x10\four-stone-subsets-of-medium-loss.csv,EXACT_INDEPENDENT_SEARCH,standard,,,False,,,3ab84cee8a138102c648209b81a93e4f9a7bd301,True,True,617232.5447260818,0.998583210025076
"2,73,69,13",WIN,4,19835645.0,19805404.0,32.1783,18.0,D:\ghq\github.com\yuubinnkyoku\kyouen-1-to-9-classification\results\10x10\four-stone-subsets-of-medium-loss.csv,EXACT_INDEPENDENT_SEARCH,standard,,,False,,,3ab84cee8a138102c648209b81a93e4f9a7bd301,True,True,616429.2395807112,0.9984754213941619
"2,73,69,91",WIN,4,7794136.0,7784349.0,12.594,18.0,D:\ghq\github.com\yuubinnkyoku\kyouen-1-to-9-classification\results\10x10\four-stone-subsets-of-medium-loss.csv,EXACT_INDEPENDENT_SEARCH,standard,,,False,,,3ab84cee8a138102c648209b81a93e4f9a7bd301,True,True,618876.925520089,0.9987443123907512
"2,73,66,13",WIN,4,0.0,,0.0,,D:\ghq\github.com\yuubinnkyoku\kyouen-1-to-9-classification\results\10x10\four-stone-subsets-of-medium-loss.csv,DIRECT_TO_VERIFIED_5_STONE_LOSS,standard,,,False,,,3ab84cee8a138102c648209b81a93e4f9a7bd301,False,False,,
"2,73,66,91",WIN,4,0.0,,0.0,,D:\ghq\github.com\yuubinnkyoku\kyouen-1-to-9-classification\results\10x10\four-stone-subsets-of-medium-loss.csv,DIRECT_TO_VERIFIED_5_STONE_LOSS,standard,,,False,,,3ab84cee8a138102c648209b81a93e4f9a7bd301,False,False,,
"2,73,13,91",WIN,4,0.0,,0.0,,D:\ghq\github.com\yuubinnkyoku\kyouen-1-to-9-classification\results\10x10\four-stone-subsets-of-medium-loss.csv,DIRECT_TO_VERIFIED_5_STONE_LOSS,standard,,,False,,,3ab84cee8a138102c648209b81a93e4f9a7bd301,False,False,,
"2,69,66,13",WIN,4,8451558.0,8442153.0,13.721,18.0,D:\ghq\github.com\yuubinnkyoku\kyouen-1-to-9-classification\results\10x10\four-stone-subsets-of-medium-loss.csv,EXACT_INDEPENDENT_SEARCH,standard,,,False,,,3ab84cee8a138102c648209b81a93e4f9a7bd301,True,True,615957.8747904672,0.9988871874274542
"2,69,66,91",WIN,4,11046017.0,11036215.0,17.3077,18.0,D:\ghq\github.com\yuubinnkyoku\kyouen-1-to-9-classification\results\10x10\four-stone-subsets-of-medium-loss.csv,EXACT_INDEPENDENT_SEARCH,standard,,,False,,,3ab84cee8a138102c648209b81a93e4f9a7bd301,True,True,638214.0319048747,0.9991126213186164
"2,69,13,91",WIN,4,0.0,,0.0,,D:\ghq\github.com\yuubinnkyoku\kyouen-1-to-9-classification\results\10x10\four-stone-subsets-of-medium-loss.csv,DIRECT_TO_VERIFIED_5_STONE_LOSS,standard,,,False,,,3ab84cee8a138102c648209b81a93e4f9a7bd301,False,False,,
"2,66,13,91",WIN,4,0.0,,0.0,,D:\ghq\github.com\yuubinnkyoku\kyouen-1-to-9-classification\results\10x10\four-stone-subsets-of-medium-loss.csv,DIRECT_TO_VERIFIED_5_STONE_LOSS,standard,,,False,,,3ab84cee8a138102c648209b81a93e4f9a7bd301,False,False,,
"73,69,66,13",WIN,4,0.0,,0.0,,D:\ghq\github.com\yuubinnkyoku\kyouen-1-to-9-classification\results\10x10\four-stone-subsets-of-medium-loss.csv,DIRECT_TO_VERIFIED_5_STONE_LOSS,standard,,,False,,,3ab84cee8a138102c648209b81a93e4f9a7bd301,False,False,,
"73,69,66,91",WIN,4,0.0,,0.0,,D:\ghq\github.com\yuubinnkyoku\kyouen-1-to-9-classification\results\10x10\four-stone-subsets-of-medium-loss.csv,DIRECT_TO_VERIFIED_5_STONE_LOSS,standard,,,False,,,3ab84cee8a138102c648209b81a93e4f9a7bd301,False,False,,
"73,69,13,91",WIN,4,0.0,,0.0,,D:\ghq\github.com\yuubinnkyoku\kyouen-1-to-9-classification\results\10x10\four-stone-subsets-of-medium-loss.csv,DIRECT_TO_VERIFIED_5_STONE_LOSS,standard,,,False,,,3ab84cee8a138102c648209b81a93e4f9a7bd301,False,False,,
"73,66,13,91",WIN,4,0.0,,0.0,,D:\ghq\github.com\yuubinnkyoku\kyouen-1-to-9-classification\results\10x10\four-stone-subsets-of-medium-loss.csv,DIRECT_TO_VERIFIED_5_STONE_LOSS,standard,,,False,,,3ab84cee8a138102c648209b81a93e4f9a7bd301,False,False,,
"69,66,13,91",WIN,4,0.0,,0.0,,D:\ghq\github.com\yuubinnkyoku\kyouen-1-to-9-classification\results\10x10\four-stone-subsets-of-medium-loss.csv,DIRECT_TO_VERIFIED_5_STONE_LOSS,standard,,,False,,,3ab84cee8a138102c648209b81a93e4f9a7bd301,False,False,,
"90,61,2,73,69",WIN,5,0.0,,0.0,,D:\ghq\github.com\yuubinnkyoku\kyouen-1-to-9-classification\results\10x10\five-stone-subsets-of-medium-loss.csv,DIRECT_TO_VERIFIED_6_STONE_LOSS,standard,,,False,,,3ab84cee8a138102c648209b81a93e4f9a7bd301,False,False,,
"90,61,2,73,66",WIN,5,0.0,,0.0,,D:\ghq\github.com\yuubinnkyoku\kyouen-1-to-9-classification\results\10x10\five-stone-subsets-of-medium-loss.csv,DIRECT_TO_VERIFIED_6_STONE_LOSS,standard,,,False,,,3ab84cee8a138102c648209b81a93e4f9a7bd301,False,False,,
"90,61,2,73,13",WIN,5,764215.0,763377.0,3.29896,18.0,D:\ghq\github.com\yuubinnkyoku\kyouen-1-to-9-classification\results\10x10\five-stone-subsets-of-medium-loss.csv,EXACT_SHARED_MEMO_SEARCH,standard,,,True,shared-memo cumulative memo/runtime,,3ab84cee8a138102c648209b81a93e4f9a7bd301,True,False,,
"90,61,2,73,91",LOSS,5,8100290.0,8855976.0,30.9285,18.0,D:\ghq\github.com\yuubinnkyoku\kyouen-1-to-9-classification\results\10x10\five-stone-subsets-of-medium-loss.csv,EXACT_SHARED_MEMO_SEARCH,standard,,,True,shared-memo cumulative memo/runtime,,3ab84cee8a138102c648209b81a93e4f9a7bd301,True,False,,
"90,61,2,69,66",WIN,5,0.0,,0.0,,D:\ghq\github.com\yuubinnkyoku\kyouen-1-to-9-classification\results\10x10\five-stone-subsets-of-medium-loss.csv,DIRECT_TO_VERIFIED_6_STONE_LOSS,standard,,,False,,,3ab84cee8a138102c648209b81a93e4f9a7bd301,False,False,,
"90,61,2,69,13",WIN,5,0.0,,0.0,,D:\ghq\github.com\yuubinnkyoku\kyouen-1-to-9-classification\results\10x10\five-stone-subsets-of-medium-loss.csv,DIRECT_TO_VERIFIED_6_STONE_LOSS,standard,,,False,,,3ab84cee8a138102c648209b81a93e4f9a7bd301,False,False,,
"90,61,2,69,91",WIN,5,834115.0,9689267.0,33.8476,18.0,D:\ghq\github.com\yuubinnkyoku\kyouen-1-to-9-classification\results\10x10\five-stone-subsets-of-medium-loss.csv,EXACT_SHARED_MEMO_SEARCH,standard,,,True,shared-memo cumulative memo/runtime,,3ab84cee8a138102c648209b81a93e4f9a7bd301,True,False,,
"90,61,2,66,13",WIN,5,0.0,,0.0,,D:\ghq\github.com\yuubinnkyoku\kyouen-1-to-9-classification\results\10x10\five-stone-subsets-of-medium-loss.csv,DIRECT_TO_VERIFIED_6_STONE_LOSS,standard,,,False,,,3ab84cee8a138102c648209b81a93e4f9a7bd301,False,False,,
"90,61,2,66,91",WIN,5,233188.0,9921995.0,34.603,17.0,D:\ghq\github.com\yuubinnkyoku\kyouen-1-to-9-classification\results\10x10\five-stone-subsets-of-medium-loss.csv,EXACT_SHARED_MEMO_SEARCH,standard,,,True,shared-memo cumulative memo/runtime,,3ab84cee8a138102c648209b81a93e4f9a7bd301,True,False,,
"90,61,2,13,91",LOSS,5,11341627.0,21254963.0,75.1384,18.0,D:\ghq\github.com\yuubinnkyoku\kyouen-1-to-9-classification\results\10x10\five-stone-subsets-of-medium-loss.csv,EXACT_SHARED_MEMO_SEARCH,standard,,,True,shared-memo cumulative memo/runtime,,3ab84cee8a138102c648209b81a93e4f9a7bd301,True,False,,
"90,61,73,69,66",WIN,5,0.0,,0.0,,D:\ghq\github.com\yuubinnkyoku\kyouen-1-to-9-classification\results\10x10\five-stone-subsets-of-medium-loss.csv,DIRECT_TO_VERIFIED_6_STONE_LOSS,standard,,,False,,,3ab84cee8a138102c648209b81a93e4f9a7bd301,False,False,,
"90,61,73,69,13",WIN,5,203925.0,21458278.0,75.8019,17.0,D:\ghq\github.com\yuubinnkyoku\kyouen-1-to-9-classification\results\10x10\five-stone-subsets-of-medium-loss.csv,EXACT_SHARED_MEMO_SEARCH,standard,,,True,shared-memo cumulative memo/runtime,,3ab84cee8a138102c648209b81a93e4f9a7bd301,True,False,,
"90,61,73,69,91",WIN,5,140614.0,21598439.0,76.2791,17.0,D:\ghq\github.com\yuubinnkyoku\kyouen-1-to-9-classification\results\10x10\five-stone-subsets-of-medium-loss.csv,EXACT_SHARED_MEMO_SEARCH,standard,,,True,shared-memo cumulative memo/runtime,,3ab84cee8a138102c648209b81a93e4f9a7bd301,True,False,,
"90,61,73,66,13",WIN,5,141490.0,21739606.0,76.9479,18.0,D:\ghq\github.com\yuubinnkyoku\kyouen-1-to-9-classification\results\10x10\five-stone-subsets-of-medium-loss.csv,EXACT_SHARED_MEMO_SEARCH,standard,,,True,shared-memo cumulative memo/runtime,,3ab84cee8a138102c648209b81a93e4f9a7bd301,True,False,,
"90,61,73,66,91",WIN,5,184375.0,21923541.0,77.5947,17.0,D:\ghq\github.com\yuubinnkyoku\kyouen-1-to-9-classification\results\10x10\five-stone-subsets-of-medium-loss.csv,EXACT_SHARED_MEMO_SEARCH,standard,,,True,shared-memo cumulative memo/runtime,,3ab84cee8a138102c648209b81a93e4f9a7bd301,True,False,,
"90,61,73,13,91",LOSS,5,7422028.0,29337002.0,106.088,18.0,D:\ghq\github.com\yuubinnkyoku\kyouen-1-to-9-classification\results\10x10\five-stone-subsets-of-medium-loss.csv,EXACT_SHARED_MEMO_SEARCH,standard,,,True,shared-memo cumulative memo/runtime,,3ab84cee8a138102c648209b81a93e4f9a7bd301,True,False,,
"90,61,69,66,13",WIN,5,0.0,,0.0,,D:\ghq\github.com\yuubinnkyoku\kyouen-1-to-9-classification\results\10x10\five-stone-subsets-of-medium-loss.csv,DIRECT_TO_VERIFIED_6_STONE_LOSS,standard,,,False,,,3ab84cee8a138102c648209b81a93e4f9a7bd301,False,False,,
"90,61,69,66,91",WIN,5,0.0,,0.0,,D:\ghq\github.com\yuubinnkyoku\kyouen-1-to-9-classification\results\10x10\five-stone-subsets-of-medium-loss.csv,DIRECT_TO_VERIFIED_6_STONE_LOSS,standard,,,False,,,3ab84cee8a138102c648209b81a93e4f9a7bd301,False,False,,
"90,61,69,13,91",WIN,5,0.0,,0.0,,D:\ghq\github.com\yuubinnkyoku\kyouen-1-to-9-classification\results\10x10\five-stone-subsets-of-medium-loss.csv,DIRECT_TO_VERIFIED_6_STONE_LOSS,standard,,,False,,,3ab84cee8a138102c648209b81a93e4f9a7bd301,False,False,,
"90,61,66,13,91",WIN,5,0.0,,0.0,,D:\ghq\github.com\yuubinnkyoku\kyouen-1-to-9-classification\results\10x10\five-stone-subsets-of-medium-loss.csv,DIRECT_TO_VERIFIED_6_STONE_LOSS,standard,,,False,,,3ab84cee8a138102c648209b81a93e4f9a7bd301,False,False,,
"90,2,73,69,66",WIN,5,0.0,,0.0,,D:\ghq\github.com\yuubinnkyoku\kyouen-1-to-9-classification\results\10x10\five-stone-subsets-of-medium-loss.csv,DIRECT_TO_VERIFIED_6_STONE_LOSS,standard,,,False,,,3ab84cee8a138102c648209b81a93e4f9a7bd301,False,False,,
"90,2,73,69,13",WIN,5,303929.0,29640359.0,107.224,17.0,D:\ghq\github.com\yuubinnkyoku\kyouen-1-to-9-classification\results\10x10\five-stone-subsets-of-medium-loss.csv,EXACT_SHARED_MEMO_SEARCH,standard,,,True,shared-memo cumulative memo/runtime,,3ab84cee8a138102c648209b81a93e4f9a7bd301,True,False,,
"90,2,73,69,91",WIN,5,1011492.0,1010623.0,1.49507,18.0,D:\ghq\github.com\yuubinnkyoku\kyouen-1-to-9-classification\results\10x10\five-stone-subsets-of-medium-loss.csv,EXACT_INDEPENDENT_SEARCH,standard,,,False,,,3ab84cee8a138102c648209b81a93e4f9a7bd301,True,True,676551.5995906547,0.99914087308649
"90,2,73,66,13",WIN,5,3290842.0,3287200.0,4.02674,18.0,D:\ghq\github.com\yuubinnkyoku\kyouen-1-to-9-classification\results\10x10\five-stone-subsets-of-medium-loss.csv,EXACT_INDEPENDENT_SEARCH,standard,,,False,,,3ab84cee8a138102c648209b81a93e4f9a7bd301,True,True,817247.2024516109,0.9988932923549657
"90,2,73,66,91",LOSS,5,11087821.0,11077579.0,13.9671,19.0,D:\ghq\github.com\yuubinnkyoku\kyouen-1-to-9-classification\results\10x10\five-stone-subsets-of-medium-loss.csv,EXACT_INDEPENDENT_SEARCH,standard,,,False,,,3ab84cee8a138102c648209b81a93e4f9a7bd301,True,True,793852.7682911985,0.9990762837892134
"90,2,73,13,91",LOSS,5,9547992.0,9539849.0,12.2213,18.0,D:\ghq\github.com\yuubinnkyoku\kyouen-1-to-9-classification\results\10x10\five-stone-subsets-of-medium-loss.csv,EXACT_INDEPENDENT_SEARCH,standard,,,False,,,3ab84cee8a138102c648209b81a93e4f9a7bd301,True,True,781258.2949440731,0.9991471505212823
"90,2,69,66,13",WIN,5,0.0,,0.0,,D:\ghq\github.com\yuubinnkyoku\kyouen-1-to-9-classification\results\10x10\five-stone-subsets-of-medium-loss.csv,DIRECT_TO_VERIFIED_6_STONE_LOSS,standard,,,False,,,3ab84cee8a138102c648209b81a93e4f9a7bd301,False,False,,
"90,2,69,66,91",WIN,5,5620326.0,5615974.0,6.69832,18.0,D:\ghq\github.com\yuubinnkyoku\kyouen-1-to-9-classification\results\10x10\five-stone-subsets-of-medium-loss.csv,EXACT_INDEPENDENT_SEARCH,standard,,,False,,,3ab84cee8a138102c648209b81a93e4f9a7bd301,True,True,839065.0192884186,0.9992256676925858
"90,2,69,13,91",LOSS,5,16619693.0,16611040.0,25.5536,18.0,D:\ghq\github.com\yuubinnkyoku\kyouen-1-to-9-classification\results\10x10\five-stone-subsets-of-medium-loss.csv,EXACT_INDEPENDENT_SEARCH,standard,,,False,,,3ab84cee8a138102c648209b81a93e4f9a7bd301,True,True,650385.5816792938,0.9994793525969463
"90,2,66,13,91",LOSS,5,12845635.0,12836810.0,19.7879,18.0,D:\ghq\github.com\yuubinnkyoku\kyouen-1-to-9-classification\results\10x10\five-stone-subsets-of-medium-loss.csv,EXACT_INDEPENDENT_SEARCH,standard,,,False,,,3ab84cee8a138102c648209b81a93e4f9a7bd301,True,True,649166.1570960031,0.9993129962045473
"90,73,69,66,13",WIN,5,199064.0,198718.0,0.553994,17.0,D:\ghq\github.com\yuubinnkyoku\kyouen-1-to-9-classification\results\10x10\five-stone-subsets-of-medium-loss.csv,EXACT_INDEPENDENT_SEARCH,standard,,,False,,,3ab84cee8a138102c648209b81a93e4f9a7bd301,True,True,359325.1912475586,0.9982618655306836
"90,73,69,66,91",WIN,5,362898.0,362225.0,0.79367,17.0,D:\ghq\github.com\yuubinnkyoku\kyouen-1-to-9-classification\results\10x10\five-stone-subsets-of-medium-loss.csv,EXACT_INDEPENDENT_SEARCH,standard,,,False,,,3ab84cee8a138102c648209b81a93e4f9a7bd301,True,True,457240.4147819623,0.9981454844060865
"90,73,69,13,91",LOSS,5,12389633.0,12380260.0,19.2806,18.0,D:\ghq\github.com\yuubinnkyoku\kyouen-1-to-9-classification\results\10x10\five-stone-subsets-of-medium-loss.csv,EXACT_INDEPENDENT_SEARCH,standard,,,False,,,3ab84cee8a138102c648209b81a93e4f9a7bd301,True,True,642595.8217067934,0.999243480416248
"90,73,66,13,91",WIN,5,835234.0,834278.0,1.61308,18.0,D:\ghq\github.com\yuubinnkyoku\kyouen-1-to-9-classification\results\10x10\five-stone-subsets-of-medium-loss.csv,EXACT_INDEPENDENT_SEARCH,standard,,,False,,,3ab84cee8a138102c648209b81a93e4f9a7bd301,True,True,517788.33039898827,0.9988554105795502
"90,69,66,13,91",WIN,5,0.0,,0.0,,D:\ghq\github.com\yuubinnkyoku\kyouen-1-to-9-classification\results\10x10\five-stone-subsets-of-medium-loss.csv,DIRECT_TO_VERIFIED_6_STONE_LOSS,standard,,,False,,,3ab84cee8a138102c648209b81a93e4f9a7bd301,False,False,,
"61,2,73,69,66",WIN,5,0.0,,0.0,,D:\ghq\github.com\yuubinnkyoku\kyouen-1-to-9-classification\results\10x10\five-stone-subsets-of-medium-loss.csv,DIRECT_TO_VERIFIED_6_STONE_LOSS,standard,,,False,,,3ab84cee8a138102c648209b81a93e4f9a7bd301,False,False,,
"61,2,73,69,13",WIN,5,328248.0,327576.0,0.725576,17.0,D:\ghq\github.com\yuubinnkyoku\kyouen-1-to-9-classification\results\10x10\five-stone-subsets-of-medium-loss.csv,EXACT_INDEPENDENT_SEARCH,standard,,,False,,,3ab84cee8a138102c648209b81a93e4f9a7bd301,True,True,452396.4408966118,0.9979527674197558
"61,2,73,69,91",WIN,5,428035.0,427262.0,0.878749,17.0,D:\ghq\github.com\yuubinnkyoku\kyouen-1-to-9-classification\results\10x10\five-stone-subsets-of-medium-loss.csv,EXACT_INDEPENDENT_SEARCH,standard,,,False,,,3ab84cee8a138102c648209b81a93e4f9a7bd301,True,True,487095.8601375364,0.998194072914598
"61,2,73,66,13",WIN,5,146860.0,146540.0,0.488733,17.0,D:\ghq\github.com\yuubinnkyoku\kyouen-1-to-9-classification\results\10x10\five-stone-subsets-of-medium-loss.csv,EXACT_INDEPENDENT_SEARCH,standard,,,False,,,3ab84cee8a138102c648209b81a93e4f9a7bd301,True,True,300491.27028459305,0.997821054065096
"61,2,73,66,91",WIN,5,971982.0,970074.0,1.6811,17.0,D:\ghq\github.com\yuubinnkyoku\kyouen-1-to-9-classification\results\10x10\five-stone-subsets-of-medium-loss.csv,EXACT_INDEPENDENT_SEARCH,standard,,,False,,,3ab84cee8a138102c648209b81a93e4f9a7bd301,True,True,578182.1426446969,0.9980370006851979
"61,2,69,66,13",WIN,5,0.0,,0.0,,D:\ghq\github.com\yuubinnkyoku\kyouen-1-to-9-classification\results\10x10\five-stone-subsets-of-medium-loss.csv,DIRECT_TO_VERIFIED_6_STONE_LOSS,standard,,,False,,,3ab84cee8a138102c648209b81a93e4f9a7bd301,False,False,,
"61,2,69,66,91",WIN,5,90344.0,89984.0,0.314187,17.0,D:\ghq\github.com\yuubinnkyoku\kyouen-1-to-9-classification\results\10x10\five-stone-subsets-of-medium-loss.csv,EXACT_INDEPENDENT_SEARCH,standard,,,False,,,3ab84cee8a138102c648209b81a93e4f9a7bd301,True,True,287548.4981873852,0.9960152306738688
"61,2,69,13,91",WIN,5,459078.0,458502.0,0.836643,18.0,D:\ghq\github.com\yuubinnkyoku\kyouen-1-to-9-classification\results\10x10\five-stone-subsets-of-medium-loss.csv,EXACT_INDEPENDENT_SEARCH,standard,,,False,,,3ab84cee8a138102c648209b81a93e4f9a7bd301,True,True,548714.326182135,0.9987453112542967
"61,2,66,13,91",WIN,5,769086.0,767797.0,1.22742,18.0,D:\ghq\github.com\yuubinnkyoku\kyouen-1-to-9-classification\results\10x10\five-stone-subsets-of-medium-loss.csv,EXACT_INDEPENDENT_SEARCH,standard,,,False,,,3ab84cee8a138102c648209b81a93e4f9a7bd301,True,True,626587.4761695263,0.9983239845738968
"61,73,69,66,13",WIN,5,80878.0,80507.0,0.301458,17.0,D:\ghq\github.com\yuubinnkyoku\kyouen-1-to-9-classification\results\10x10\five-stone-subsets-of-medium-loss.csv,EXACT_INDEPENDENT_SEARCH,standard,,,False,,,3ab84cee8a138102c648209b81a93e4f9a7bd301,True,True,268289.44662274676,0.9954128440366973
"61,73,69,66,91",WIN,5,116660.0,116264.0,0.527005,17.0,D:\ghq\github.com\yuubinnkyoku\kyouen-1-to-9-classification\results\10x10\five-stone-subsets-of-medium-loss.csv,EXACT_INDEPENDENT_SEARCH,standard,,,False,,,3ab84cee8a138102c648209b81a93e4f9a7bd301,True,True,221364.123680041,0.9966055203154466
"61,73,69,13,91",WIN,5,511143.0,510387.0,1.09517,17.0,D:\ghq\github.com\yuubinnkyoku\kyouen-1-to-9-classification\results\10x10\five-stone-subsets-of-medium-loss.csv,EXACT_INDEPENDENT_SEARCH,standard,,,False,,,3ab84cee8a138102c648209b81a93e4f9a7bd301,True,True,466724.80071587063,0.9985209618443371
"61,73,66,13,91",WIN,5,140655.0,140281.0,0.493236,17.0,D:\ghq\github.com\yuubinnkyoku\kyouen-1-to-9-classification\results\10x10\five-stone-subsets-of-medium-loss.csv,EXACT_INDEPENDENT_SEARCH,standard,,,False,,,3ab84cee8a138102c648209b81a93e4f9a7bd301,True,True,285167.7493127022,0.9973410116952828
"61,69,66,13,91",WIN,5,0.0,,0.0,,D:\ghq\github.com\yuubinnkyoku\kyouen-1-to-9-classification\results\10x10\five-stone-subsets-of-medium-loss.csv,DIRECT_TO_VERIFIED_6_STONE_LOSS,standard,,,False,,,3ab84cee8a138102c648209b81a93e4f9a7bd301,False,False,,
"2,73,69,66,13",WIN,5,164164.0,163748.0,0.521025,17.0,D:\ghq\github.com\yuubinnkyoku\kyouen-1-to-9-classification\results\10x10\five-stone-subsets-of-medium-loss.csv,EXACT_INDEPENDENT_SEARCH,standard,,,False,,,3ab84cee8a138102c648209b81a93e4f9a7bd301,True,True,315078.9309534092,0.9974659486854609
"2,73,69,66,91",WIN,5,264753.0,264329.0,0.690244,17.0,D:\ghq\github.com\yuubinnkyoku\kyouen-1-to-9-classification\results\10x10\five-stone-subsets-of-medium-loss.csv,EXACT_INDEPENDENT_SEARCH,standard,,,False,,,3ab84cee8a138102c648209b81a93e4f9a7bd301,True,True,383564.36274708656,0.998398507287925
"2,73,69,13,91",WIN,5,1281634.0,1280634.0,2.65939,18.0,D:\ghq\github.com\yuubinnkyoku\kyouen-1-to-9-classification\results\10x10\five-stone-subsets-of-medium-loss.csv,EXACT_INDEPENDENT_SEARCH,standard,,,False,,,3ab84cee8a138102c648209b81a93e4f9a7bd301,True,True,481927.81051293714,0.9992197460429421
"2,73,66,13,91",LOSS,5,10862287.0,10850287.0,18.3454,18.0,D:\ghq\github.com\yuubinnkyoku\kyouen-1-to-9-classification\results\10x10\five-stone-subsets-of-medium-loss.csv,EXACT_INDEPENDENT_SEARCH,standard,,,False,,,3ab84cee8a138102c648209b81a93e4f9a7bd301,True,True,592098.6732368877,0.9988952602706962
"2,69,66,13,91",WIN,5,828065.0,827466.0,1.53697,17.0,D:\ghq\github.com\yuubinnkyoku\kyouen-1-to-9-classification\results\10x10\five-stone-subsets-of-medium-loss.csv,EXACT_INDEPENDENT_SEARCH,standard,,,False,,,3ab84cee8a138102c648209b81a93e4f9a7bd301,True,True,538764.5822625036,0.99927662683485
"73,69,66,13,91",LOSS,5,12376238.0,12363818.0,20.8088,18.0,D:\ghq\github.com\yuubinnkyoku\kyouen-1-to-9-classification\results\10x10\five-stone-subsets-of-medium-loss.csv,EXACT_INDEPENDENT_SEARCH,standard,,,False,,,3ab84cee8a138102c648209b81a93e4f9a7bd301,True,True,594759.8131559724,0.9989964640305075
"2,73,69,66,13,91",WIN,6,168084.0,,,18.0,D:\ghq\github.com\yuubinnkyoku\kyouen-1-to-9-classification\results\10x10\six-stone-subsets-of-medium-loss.csv,EXACT_SHARED_MEMO_BATCH,standard,,,True,batch shared memo; memo/runtime are cumulative batch totals,,3ab84cee8a138102c648209b81a93e4f9a7bd301,True,False,,
"61,73,69,66,13,91",WIN,6,141705.0,,,17.0,D:\ghq\github.com\yuubinnkyoku\kyouen-1-to-9-classification\results\10x10\six-stone-subsets-of-medium-loss.csv,EXACT_SHARED_MEMO_BATCH,standard,,,True,batch shared memo; memo/runtime are cumulative batch totals,,3ab84cee8a138102c648209b81a93e4f9a7bd301,True,False,,
"61,2,69,66,13,91",WIN,6,244844.0,,,18.0,D:\ghq\github.com\yuubinnkyoku\kyouen-1-to-9-classification\results\10x10\six-stone-subsets-of-medium-loss.csv,EXACT_SHARED_MEMO_BATCH,standard,,,True,batch shared memo; memo/runtime are cumulative batch totals,,3ab84cee8a138102c648209b81a93e4f9a7bd301,True,False,,
"61,2,73,66,13,91",WIN,6,52998.0,,,17.0,D:\ghq\github.com\yuubinnkyoku\kyouen-1-to-9-classification\results\10x10\six-stone-subsets-of-medium-loss.csv,EXACT_SHARED_MEMO_BATCH,standard,,,True,batch shared memo; memo/runtime are cumulative batch totals,,3ab84cee8a138102c648209b81a93e4f9a7bd301,True,False,,
"61,2,73,69,13,91",WIN,6,114845.0,,,17.0,D:\ghq\github.com\yuubinnkyoku\kyouen-1-to-9-classification\results\10x10\six-stone-subsets-of-medium-loss.csv,EXACT_SHARED_MEMO_BATCH,standard,,,True,batch shared memo; memo/runtime are cumulative batch totals,,3ab84cee8a138102c648209b81a93e4f9a7bd301,True,False,,
"61,2,73,69,66,91",WIN,6,158347.0,,,17.0,D:\ghq\github.com\yuubinnkyoku\kyouen-1-to-9-classification\results\10x10\six-stone-subsets-of-medium-loss.csv,EXACT_SHARED_MEMO_BATCH,standard,,,True,batch shared memo; memo/runtime are cumulative batch totals,,3ab84cee8a138102c648209b81a93e4f9a7bd301,True,False,,
"61,2,73,69,66,13",WIN,6,140158.0,,,18.0,D:\ghq\github.com\yuubinnkyoku\kyouen-1-to-9-classification\results\10x10\six-stone-subsets-of-medium-loss.csv,EXACT_SHARED_MEMO_BATCH,standard,,,True,batch shared memo; memo/runtime are cumulative batch totals,,3ab84cee8a138102c648209b81a93e4f9a7bd301,True,False,,
"90,73,69,66,13,91",WIN,6,310914.0,,,18.0,D:\ghq\github.com\yuubinnkyoku\kyouen-1-to-9-classification\results\10x10\six-stone-subsets-of-medium-loss.csv,EXACT_SHARED_MEMO_BATCH,standard,,,True,batch shared memo; memo/runtime are cumulative batch totals,,3ab84cee8a138102c648209b81a93e4f9a7bd301,True,False,,
"90,2,69,66,13,91",WIN,6,227954.0,,,18.0,D:\ghq\github.com\yuubinnkyoku\kyouen-1-to-9-classification\results\10x10\six-stone-subsets-of-medium-loss.csv,EXACT_SHARED_MEMO_BATCH,standard,,,True,batch shared memo; memo/runtime are cumulative batch totals,,3ab84cee8a138102c648209b81a93e4f9a7bd301,True,False,,
"90,2,73,66,13,91",WIN,6,451037.0,,,18.0,D:\ghq\github.com\yuubinnkyoku\kyouen-1-to-9-classification\results\10x10\six-stone-subsets-of-medium-loss.csv,EXACT_SHARED_MEMO_BATCH,standard,,,True,batch shared memo; memo/runtime are cumulative batch totals,,3ab84cee8a138102c648209b81a93e4f9a7bd301,True,False,,
"90,2,73,69,13,91",WIN,6,201345.0,,,18.0,D:\ghq\github.com\yuubinnkyoku\kyouen-1-to-9-classification\results\10x10\six-stone-subsets-of-medium-loss.csv,EXACT_SHARED_MEMO_BATCH,standard,,,True,batch shared memo; memo/runtime are cumulative batch totals,,3ab84cee8a138102c648209b81a93e4f9a7bd301,True,False,,
"90,2,73,69,66,91",WIN,6,181003.0,,,18.0,D:\ghq\github.com\yuubinnkyoku\kyouen-1-to-9-classification\results\10x10\six-stone-subsets-of-medium-loss.csv,EXACT_SHARED_MEMO_BATCH,standard,,,True,batch shared memo; memo/runtime are cumulative batch totals,,3ab84cee8a138102c648209b81a93e4f9a7bd301,True,False,,
"90,2,73,69,66,13",WIN,6,273551.0,,,18.0,D:\ghq\github.com\yuubinnkyoku\kyouen-1-to-9-classification\results\10x10\six-stone-subsets-of-medium-loss.csv,EXACT_SHARED_MEMO_BATCH,standard,,,True,batch shared memo; memo/runtime are cumulative batch totals,,3ab84cee8a138102c648209b81a93e4f9a7bd301,True,False,,
"90,61,69,66,13,91",LOSS,6,530112.0,,,17.0,D:\ghq\github.com\yuubinnkyoku\kyouen-1-to-9-classification\results\10x10\six-stone-subsets-of-medium-loss.csv,EXACT_SHARED_MEMO_BATCH,standard,,,True,batch shared memo; memo/runtime are cumulative batch totals,,3ab84cee8a138102c648209b81a93e4f9a7bd301,True,False,,
"90,61,73,66,13,91",WIN,6,50931.0,,,17.0,D:\ghq\github.com\yuubinnkyoku\kyouen-1-to-9-classification\results\10x10\six-stone-subsets-of-medium-loss.csv,EXACT_SHARED_MEMO_BATCH,standard,,,True,batch shared memo; memo/runtime are cumulative batch totals,,3ab84cee8a138102c648209b81a93e4f9a7bd301,True,False,,
"90,61,73,69,13,91",WIN,6,51400.0,,,17.0,D:\ghq\github.com\yuubinnkyoku\kyouen-1-to-9-classification\results\10x10\six-stone-subsets-of-medium-loss.csv,EXACT_SHARED_MEMO_BATCH,standard,,,True,batch shared memo; memo/runtime are cumulative batch totals,,3ab84cee8a138102c648209b81a93e4f9a7bd301,True,False,,
"90,61,73,69,66,91",WIN,6,109647.0,,,17.0,D:\ghq\github.com\yuubinnkyoku\kyouen-1-to-9-classification\results\10x10\six-stone-subsets-of-medium-loss.csv,EXACT_SHARED_MEMO_BATCH,standard,,,True,batch shared memo; memo/runtime are cumulative batch totals,,3ab84cee8a138102c648209b81a93e4f9a7bd301,True,False,,
"90,61,73,69,66,13",WIN,6,216360.0,,,18.0,D:\ghq\github.com\yuubinnkyoku\kyouen-1-to-9-classification\results\10x10\six-stone-subsets-of-medium-loss.csv,EXACT_SHARED_MEMO_BATCH,standard,,,True,batch shared memo; memo/runtime are cumulative batch totals,,3ab84cee8a138102c648209b81a93e4f9a7bd301,True,False,,
"90,61,2,66,13,91",WIN,6,127448.0,,,18.0,D:\ghq\github.com\yuubinnkyoku\kyouen-1-to-9-classification\results\10x10\six-stone-subsets-of-medium-loss.csv,EXACT_SHARED_MEMO_BATCH,standard,,,True,batch shared memo; memo/runtime are cumulative batch totals,,3ab84cee8a138102c648209b81a93e4f9a7bd301,True,False,,
"90,61,2,69,13,91",WIN,6,243831.0,,,18.0,D:\ghq\github.com\yuubinnkyoku\kyouen-1-to-9-classification\results\10x10\six-stone-subsets-of-medium-loss.csv,EXACT_SHARED_MEMO_BATCH,standard,,,True,batch shared memo; memo/runtime are cumulative batch totals,,3ab84cee8a138102c648209b81a93e4f9a7bd301,True,False,,
"90,61,2,69,66,91",WIN,6,368458.0,,,17.0,D:\ghq\github.com\yuubinnkyoku\kyouen-1-to-9-classification\results\10x10\six-stone-subsets-of-medium-loss.csv,EXACT_SHARED_MEMO_BATCH,standard,,,True,batch shared memo; memo/runtime are cumulative batch totals,,3ab84cee8a138102c648209b81a93e4f9a7bd301,True,False,,
"90,61,2,69,66,13",LOSS,6,467339.0,,,17.0,D:\ghq\github.com\yuubinnkyoku\kyouen-1-to-9-classification\results\10x10\six-stone-subsets-of-medium-loss.csv,EXACT_SHARED_MEMO_BATCH,standard,,,True,batch shared memo; memo/runtime are cumulative batch totals,,3ab84cee8a138102c648209b81a93e4f9a7bd301,True,False,,
"90,61,2,73,13,91",WIN,6,225375.0,,,18.0,D:\ghq\github.com\yuubinnkyoku\kyouen-1-to-9-classification\results\10x10\six-stone-subsets-of-medium-loss.csv,EXACT_SHARED_MEMO_BATCH,standard,,,True,batch shared memo; memo/runtime are cumulative batch totals,,3ab84cee8a138102c648209b81a93e4f9a7bd301,True,False,,
"90,61,2,73,66,91",WIN,6,105650.0,,,17.0,D:\ghq\github.com\yuubinnkyoku\kyouen-1-to-9-classification\results\10x10\six-stone-subsets-of-medium-loss.csv,EXACT_SHARED_MEMO_BATCH,standard,,,True,batch shared memo; memo/runtime are cumulative batch totals,,3ab84cee8a138102c648209b81a93e4f9a7bd301,True,False,,
"90,61,2,73,66,13",WIN,6,133423.0,,,17.0,D:\ghq\github.com\yuubinnkyoku\kyouen-1-to-9-classification\results\10x10\six-stone-subsets-of-medium-loss.csv,EXACT_SHARED_MEMO_BATCH,standard,,,True,batch shared memo; memo/runtime are cumulative batch totals,,3ab84cee8a138102c648209b81a93e4f9a7bd301,True,False,,
"90,61,2,73,69,91",WIN,6,120214.0,,,17.0,D:\ghq\github.com\yuubinnkyoku\kyouen-1-to-9-classification\results\10x10\six-stone-subsets-of-medium-loss.csv,EXACT_SHARED_MEMO_BATCH,standard,,,True,batch shared memo; memo/runtime are cumulative batch totals,,3ab84cee8a138102c648209b81a93e4f9a7bd301,True,False,,
"90,61,2,73,69,13",WIN,6,411503.0,,,18.0,D:\ghq\github.com\yuubinnkyoku\kyouen-1-to-9-classification\results\10x10\six-stone-subsets-of-medium-loss.csv,EXACT_SHARED_MEMO_BATCH,standard,,,True,batch shared memo; memo/runtime are cumulative batch totals,,3ab84cee8a138102c648209b81a93e4f9a7bd301,True,False,,
"61,2,73,69,66,13,91",WIN,7,10952.0,10947.0,0.443636,16.0,D:\ghq\github.com\yuubinnkyoku\kyouen-1-to-9-classification\results\10x10\seven-stone-subsets-of-medium-loss.csv,EXACT_BATCH,standard,,,False,,,3ab84cee8a138102c648209b81a93e4f9a7bd301,True,True,24686.90548107007,0.9995434623813002
"90,2,73,69,66,13,91",WIN,7,15362.0,15358.0,0.422493,17.0,D:\ghq\github.com\yuubinnkyoku\kyouen-1-to-9-classification\results\10x10\seven-stone-subsets-of-medium-loss.csv,EXACT_BATCH,standard,,,False,,,3ab84cee8a138102c648209b81a93e4f9a7bd301,True,True,36360.365733870145,0.9997396172373388
"90,61,73,69,66,13,91",WIN,7,13929.0,13914.0,0.439309,16.0,D:\ghq\github.com\yuubinnkyoku\kyouen-1-to-9-classification\results\10x10\seven-stone-subsets-of-medium-loss.csv,EXACT_BATCH,standard,,,False,,,3ab84cee8a138102c648209b81a93e4f9a7bd301,True,True,31706.611974714837,0.998923110058152
"90,61,2,69,66,13,91",WIN,7,6922.0,6918.0,0.372484,16.0,D:\ghq\github.com\yuubinnkyoku\kyouen-1-to-9-classification\results\10x10\seven-stone-subsets-of-medium-loss.csv,EXACT_BATCH,standard,,,False,,,3ab84cee8a138102c648209b81a93e4f9a7bd301,True,True,18583.34854651475,0.9994221323316961
"90,61,2,73,66,13,91",WIN,7,4486.0,4483.0,0.369803,16.0,D:\ghq\github.com\yuubinnkyoku\kyouen-1-to-9-classification\results\10x10\seven-stone-subsets-of-medium-loss.csv,EXACT_BATCH,standard,,,False,,,3ab84cee8a138102c648209b81a93e4f9a7bd301,True,True,12130.783146702433,0.9993312527864467
"90,61,2,73,69,13,91",WIN,7,24847.0,24839.0,0.471725,17.0,D:\ghq\github.com\yuubinnkyoku\kyouen-1-to-9-classification\results\10x10\seven-stone-subsets-of-medium-loss.csv,EXACT_BATCH,standard,,,False,,,3ab84cee8a138102c648209b81a93e4f9a7bd301,True,True,52672.637659653396,0.9996780295407897
"90,61,2,73,69,66,91",WIN,7,3047.0,3045.0,0.337441,16.0,D:\ghq\github.com\yuubinnkyoku\kyouen-1-to-9-classification\results\10x10\seven-stone-subsets-of-medium-loss.csv,EXACT_BATCH,standard,,,False,,,3ab84cee8a138102c648209b81a93e4f9a7bd301,True,True,9029.726678145216,0.9993436166721366
"90,61,2,73,69,66,13",WIN,7,2360.0,2358.0,0.394911,16.0,D:\ghq\github.com\yuubinnkyoku\kyouen-1-to-9-classification\results\10x10\seven-stone-subsets-of-medium-loss.csv,EXACT_BATCH,standard,,,False,,,3ab84cee8a138102c648209b81a93e4f9a7bd301,True,True,5976.030042212043,0.9991525423728813
"1,9,30",WIN,3,,,,,results/90-69-heavy-three-stone-results.csv,seed-split-proof,standard,,,False,seed-split-proof,,3ab84cee8a138102c648209b81a93e4f9a7bd301,False,False,,
"2,9,30",WIN,3,,,,,results/90-69-heavy-three-stone-results.csv,seed-split-proof,standard,,,False,seed-split-proof,,3ab84cee8a138102c648209b81a93e4f9a7bd301,False,False,,
"9,11,30",WIN,3,,,,,results/90-69-heavy-three-stone-results.csv,seed-split-proof,standard,,,False,seed-split-proof,,3ab84cee8a138102c648209b81a93e4f9a7bd301,False,False,,
"9,30,60",WIN,3,,,,,results/90-69-heavy-three-stone-results.csv,seed-split-proof,standard,,,False,seed-split-proof,,3ab84cee8a138102c648209b81a93e4f9a7bd301,False,False,,
"0,39,60",WIN,3,43834054.0,43696756.0,209.338,19.0,results/90-69-heavy-three-stone-results.csv,direct-exact-search,standard,2.0,80.0,False,direct-exact-search,,3ab84cee8a138102c648209b81a93e4f9a7bd301,True,True,209393.67912180303,0.9968677777328102
"9,30,61",WIN,3,,,,,results/90-69-heavy-three-stone-results.csv,seed-split-proof,standard,,,False,seed-split-proof,,3ab84cee8a138102c648209b81a93e4f9a7bd301,False,False,,
"0,39,71",WIN,3,,,,,results/90-69-heavy-three-stone-results.csv,seed-split-proof,standard,,,False,seed-split-proof,,3ab84cee8a138102c648209b81a93e4f9a7bd301,False,False,,
"9,30,72",WIN,3,,,,,results/90-69-heavy-three-stone-results.csv,seed-split-proof,standard,,,False,seed-split-proof,,3ab84cee8a138102c648209b81a93e4f9a7bd301,False,False,,
"9,30,81",WIN,3,,,,,results/90-69-heavy-three-stone-results.csv,seed-split-proof,standard,,,False,seed-split-proof,,3ab84cee8a138102c648209b81a93e4f9a7bd301,False,False,,
"0,39,84",WIN,3,,,,,results/90-69-heavy-three-stone-results.csv,seed-split-proof,standard,,,False,seed-split-proof,,3ab84cee8a138102c648209b81a93e4f9a7bd301,False,False,,
"3,29,90",WIN,3,,,,,results/90-69-heavy-three-stone-results.csv,seed-split-proof,standard,,,False,seed-split-proof,,3ab84cee8a138102c648209b81a93e4f9a7bd301,False,False,,
"0,39,90",WIN,3,22984058.0,22920956.0,37.5997,19.0,results/90-69-heavy-three-stone-results.csv,seed-direct,standard,2.0,80.0,False,seed-direct,,3ab84cee8a138102c648209b81a93e4f9a7bd301,True,True,611283.0155559753,0.997254531815052
"0,9,30",WIN,3,93094485.0,92894384.0,171.483,18.0,results/90-69-heavy-three-stone-results.csv,seed-direct,standard,2.0,80.0,False,seed-direct,,3ab84cee8a138102c648209b81a93e4f9a7bd301,True,True,542878.7984814821,0.9978505601056818
"9,28,30",WIN,3,17931419.0,17874546.0,29.2867,18.0,results/90-69-heavy-three-stone-results.csv,seed-direct,standard,2.0,80.0,False,seed-direct,,3ab84cee8a138102c648209b81a93e4f9a7bd301,True,True,612271.7479265332,0.9968283045530306
"9,30,37",WIN,3,,,,,results/90-69-heavy-three-stone-results.csv,seed-split-proof,standard,,,False,seed-split-proof,,3ab84cee8a138102c648209b81a93e4f9a7bd301,False,False,,
"0,30,39",WIN,3,32981891.0,32873127.0,56.7649,19.0,results/90-69-heavy-three-stone-results.csv,seed-direct,standard,2.0,80.0,False,seed-direct,,3ab84cee8a138102c648209b81a93e4f9a7bd301,True,True,581026.1446774327,0.9967023115806186
"9,30,41",WIN,3,,,,,results/90-69-heavy-three-stone-results.csv,seed-split-proof,standard,,,False,seed-split-proof,,3ab84cee8a138102c648209b81a93e4f9a7bd301,False,False,,
"9,30,42",WIN,3,,,,,results/90-69-heavy-three-stone-results.csv,seed-split-proof,standard,,,False,seed-split-proof,,3ab84cee8a138102c648209b81a93e4f9a7bd301,False,False,,
"0,39,42",WIN,3,,,,,results/90-69-heavy-three-stone-results.csv,seed-split-proof,standard,,,False,seed-split-proof,,3ab84cee8a138102c648209b81a93e4f9a7bd301,False,False,,
"0,39,44",WIN,3,,,,,results/90-69-heavy-three-stone-results.csv,seed-split-proof,standard,,,False,seed-split-proof,,3ab84cee8a138102c648209b81a93e4f9a7bd301,False,False,,
"9,30,54",WIN,3,18562768.0,18504956.0,31.0381,18.0,results/90-69-heavy-three-stone-results.csv,seed-direct,standard,2.0,80.0,False,seed-direct,,3ab84cee8a138102c648209b81a93e4f9a7bd301,True,True,598063.9278821835,0.9968855937864439
"9,30,63",WIN,3,33477603.0,33384773.0,56.7229,18.0,results/90-69-heavy-three-stone-results.csv,seed-direct,standard,2.0,80.0,False,seed-direct,,3ab84cee8a138102c648209b81a93e4f9a7bd301,True,True,590195.5471247062,0.9972271013548969
"9,20,30",WIN,3,,,,,results/90-69-heavy-three-stone-results.csv,seed-split-proof,standard,,,False,seed-split-proof,,3ab84cee8a138102c648209b81a93e4f9a7bd301,False,False,,
"0,39,50",WIN,3,11688427.0,11646617.0,18.8771,18.0,results/90-69-heavy-three-stone-results.csv,seed-direct,standard,2.0,80.0,False,seed-direct,,3ab84cee8a138102c648209b81a93e4f9a7bd301,True,True,619185.5210810984,0.9964229575117336
"9,30,73",WIN,3,,,,,results/90-69-heavy-three-stone-results.csv,seed-split-proof,standard,,,False,seed-split-proof,,3ab84cee8a138102c648209b81a93e4f9a7bd301,False,False,,
"3,9,30",WIN,3,89170419.0,88919089.0,156.828,19.0,results/90-69-heavy-three-stone-results.csv,seed-direct,standard,2.0,80.0,False,seed-direct,,3ab84cee8a138102c648209b81a93e4f9a7bd301,True,True,568587.3632259546,0.9971814644046924
"4,9,30",WIN,3,28641297.0,28557203.0,48.7265,19.0,results/90-69-heavy-three-stone-results.csv,seed-direct,standard,2.0,80.0,False,seed-direct,,3ab84cee8a138102c648209b81a93e4f9a7bd301,True,True,587797.1329769222,0.9970638899488385
"5,9,30",WIN,3,35641854.0,35560249.0,61.7926,19.0,results/90-69-heavy-three-stone-results.csv,seed-direct,standard,2.0,80.0,False,seed-direct,,3ab84cee8a138102c648209b81a93e4f9a7bd301,True,True,576798.0955648411,0.9977104165232258
"9,10,30",LOSS,3,,,,,results/90-69-heavy-three-stone-results.csv,split-exact-proof,standard,2.0,80.0,False,split-exact-search shrink=2 load=80 (90-69-split-proof.csv),,3ab84cee8a138102c648209b81a93e4f9a7bd301,False,False,,
"9,12,30",WIN,3,,,,,results/90-69-heavy-three-stone-results.csv,seed-split-proof,standard,,,False,seed-split-proof,,3ab84cee8a138102c648209b81a93e4f9a7bd301,False,False,,
"9,18,30",WIN,3,93993888.0,93806848.0,169.54,18.0,results/90-69-heavy-three-stone-results.csv,seed-direct,standard,2.0,80.0,False,seed-direct,,3ab84cee8a138102c648209b81a93e4f9a7bd301,True,True,554405.3792615313,0.9980100833790384
"9,19,30",WIN,3,130411736.0,130170848.0,570.785,19.0,results/90-69-heavy-three-stone-results.csv,direct-exact-search,standard,1.0,85.0,False,direct-exact-search,,3ab84cee8a138102c648209b81a93e4f9a7bd301,True,True,228477.86119116656,0.9981528656285965
"9,21,30",WIN,3,40852542.0,40759202.0,195.337,18.0,results/90-69-heavy-three-stone-results.csv,direct-exact-search,standard,2.0,80.0,False,direct-exact-search,,3ab84cee8a138102c648209b81a93e4f9a7bd301,True,True,209138.7806713526,0.9977151972574926
"9,23,30",WIN,3,212728576.0,212188478.0,936.628,19.0,results/90-69-heavy-three-stone-results.csv,direct-exact-search,standard,1.0,85.0,False,direct-exact-search,,3ab84cee8a138102c648209b81a93e4f9a7bd301,True,True,227121.73456270792,0.9974610933323786
"9,27,30",WIN,3,49770994.0,49651046.0,236.284,18.0,results/90-69-heavy-three-stone-results.csv,direct-exact-search,standard,2.0,80.0,False,direct-exact-search,,3ab84cee8a138102c648209b81a93e4f9a7bd301,True,True,210640.5596654873,0.9975900019195919
"9,30,34",WIN,3,20025956.0,19960739.0,106.262,18.0,results/90-69-heavy-three-stone-results.csv,direct-exact-search,standard,2.0,80.0,False,direct-exact-search,,3ab84cee8a138102c648209b81a93e4f9a7bd301,True,True,188458.30118010202,0.9967433764460483
"9,30,35",WIN,3,,,,,results/90-69-heavy-three-stone-results.csv,seed-split-proof,standard,,,False,seed-split-proof,,3ab84cee8a138102c648209b81a93e4f9a7bd301,False,False,,
"9,30,40",WIN,3,27146764.0,27079547.0,132.825,18.0,results/90-69-heavy-three-stone-results.csv,direct-exact-search,standard,2.0,80.0,False,direct-exact-search,,3ab84cee8a138102c648209b81a93e4f9a7bd301,True,True,204379.9284773198,0.9975239406066962
"0,39,40",WIN,3,103769294.0,103569560.0,439.207,19.0,results/90-69-heavy-three-stone-results.csv,direct-exact-search,standard,2.0,80.0,False,direct-exact-search,,3ab84cee8a138102c648209b81a93e4f9a7bd301,True,True,236265.11872533907,0.9980752109578774
"9,30,50",WIN,3,37621827.0,37525223.0,152.803,18.0,results/90-69-heavy-three-stone-results.csv,direct-exact-search,standard,2.0,80.0,False,direct-exact-search,,3ab84cee8a138102c648209b81a93e4f9a7bd301,True,True,246211.31129624418,0.9974322352819283
"0,39,53",WIN,3,29517119.0,29453653.0,122.201,18.0,results/90-69-heavy-three-stone-results.csv,direct-exact-search,standard,2.0,80.0,False,direct-exact-search,,3ab84cee8a138102c648209b81a93e4f9a7bd301,True,True,241545.6420160228,0.9978498579078805
"0,39,70",WIN,3,158441784.0,158117142.0,683.037,19.0,results/90-69-heavy-three-stone-results.csv,direct-exact-search,standard,1.0,85.0,False,direct-exact-search,,3ab84cee8a138102c648209b81a93e4f9a7bd301,True,True,231966.61967067668,0.997951032916923
"0,39,80",WIN,3,282020145.0,281460779.0,1137.94,19.0,results/90-69-heavy-three-stone-results.csv,direct-exact-search,standard,0.0,90.0,False,direct-exact-search,,3ab84cee8a138102c648209b81a93e4f9a7bd301,True,True,247833.93236901768,0.9980165743124485
"3,9,90",WIN,3,49837228.0,49737150.0,214.108,19.0,results/90-69-heavy-three-stone-results.csv,direct-exact-search,standard,2.0,80.0,False,direct-exact-search,,3ab84cee8a138102c648209b81a93e4f9a7bd301,True,True,232766.77190950362,0.9979919027599208
"6,9,30",WIN,3,58999216.0,58862449.0,255.094,19.0,results/90-69-heavy-three-stone-results.csv,direct-exact-search,standard,2.0,80.0,False,direct-exact-search,,3ab84cee8a138102c648209b81a93e4f9a7bd301,True,True,231284.2167985135,0.9976818844508035
"7,9,30",WIN,3,116943304.0,116730131.0,500.012,19.0,results/90-69-heavy-three-stone-results.csv,direct-exact-search,standard,2.0,80.0,False,direct-exact-search,,3ab84cee8a138102c648209b81a93e4f9a7bd301,True,True,233880.99485612346,0.9981771252161645
"9,13,30",WIN,3,24747185.0,24676136.0,98.5928,18.0,results/90-69-heavy-three-stone-results.csv,direct-exact-search,standard,2.0,80.0,False,direct-exact-search,,3ab84cee8a138102c648209b81a93e4f9a7bd301,True,True,251003.97797810796,0.9971290067941061
"9,14,30",WIN,3,51415473.0,51268268.0,210.567,18.0,results/90-69-heavy-three-stone-results.csv,direct-exact-search,standard,2.0,80.0,False,direct-exact-search,,3ab84cee8a138102c648209b81a93e4f9a7bd301,True,True,244176.30967815468,0.997136951360926
"9,15,30",WIN,3,9018427.0,8972026.0,34.2274,18.0,results/90-69-heavy-three-stone-results.csv,direct-exact-search,standard,2.0,80.0,False,direct-exact-search,,3ab84cee8a138102c648209b81a93e4f9a7bd301,True,True,263485.5992567358,0.9948548677058648
"9,17,30",WIN,3,35871881.0,35789390.0,143.279,19.0,results/90-69-heavy-three-stone-results.csv,direct-exact-search,standard,2.0,80.0,False,direct-exact-search,,3ab84cee8a138102c648209b81a93e4f9a7bd301,True,True,250363.84257288228,0.9977003993740947
"9,22,30",WIN,3,20244649.0,20187424.0,83.8205,18.0,results/90-69-heavy-three-stone-results.csv,direct-exact-search,standard,2.0,80.0,False,direct-exact-search,,3ab84cee8a138102c648209b81a93e4f9a7bd301,True,True,241523.83963350256,0.9971733271344937
"9,24,30",WIN,3,49257364.0,49155888.0,204.102,18.0,results/90-69-heavy-three-stone-results.csv,direct-exact-search,standard,2.0,80.0,False,direct-exact-search,,3ab84cee8a138102c648209b81a93e4f9a7bd301,True,True,241336.99816758287,0.9979398816388144
"9,25,30",WIN,3,18264712.0,18204339.0,73.894,18.0,results/90-69-heavy-three-stone-results.csv,direct-exact-search,standard,2.0,80.0,False,direct-exact-search,,3ab84cee8a138102c648209b81a93e4f9a7bd301,True,True,247174.49319295204,0.9966945550523874
"9,26,30",WIN,3,21154191.0,21087769.0,81.9758,18.0,results/90-69-heavy-three-stone-results.csv,direct-exact-search,standard,2.0,80.0,False,direct-exact-search,,3ab84cee8a138102c648209b81a93e4f9a7bd301,True,True,258054.0964528556,0.9968601020951356
"9,29,30",LOSS,3,,,,,results/90-69-heavy-three-stone-results.csv,split-exact-proof,standard,2.0,80.0,False,split-exact-search shrink=2 load=80 (90-69-split-proof.csv),,3ab84cee8a138102c648209b81a93e4f9a7bd301,False,False,,
"9,30,31",WIN,3,12571096.0,12527154.0,49.8641,18.0,results/90-69-heavy-three-stone-results.csv,direct-exact-search,standard,2.0,80.0,False,direct-exact-search,,3ab84cee8a138102c648209b81a93e4f9a7bd301,True,True,252107.1472261607,0.9965045211650599
"9,30,32",WIN,3,26956576.0,26882422.0,115.198,18.0,results/90-69-heavy-three-stone-results.csv,direct-exact-search,standard,2.0,80.0,False,direct-exact-search,,3ab84cee8a138102c648209b81a93e4f9a7bd301,True,True,234002.11809232802,0.997249131343684
"9,30,36",WIN,3,,,,,results/90-69-heavy-three-stone-results.csv,seed-split-proof,standard,,,False,seed-split-proof,,3ab84cee8a138102c648209b81a93e4f9a7bd301,False,False,,
"0,39,41",WIN,3,64962500.0,64813793.0,286.973,18.0,results/90-69-heavy-three-stone-results.csv,direct-exact-search,standard,2.0,80.0,False,direct-exact-search,,3ab84cee8a138102c648209b81a93e4f9a7bd301,True,True,226371.47048677053,0.9977108793534731
"9,30,43",WIN,3,84737266.0,84558174.0,389.247,19.0,results/90-69-heavy-three-stone-results.csv,direct-exact-search,standard,2.0,80.0,False,direct-exact-search,,3ab84cee8a138102c648209b81a93e4f9a7bd301,True,True,217695.36052943245,0.9978865024982043
"0,39,43",WIN,3,78983296.0,78827541.0,364.105,18.0,results/90-69-heavy-three-stone-results.csv,direct-exact-search,standard,2.0,80.0,False,direct-exact-search,,3ab84cee8a138102c648209b81a93e4f9a7bd301,True,True,216924.5025473421,0.998028000756008
"9,30,44",WIN,3,62499539.0,62388988.0,283.88,18.0,results/90-69-heavy-three-stone-results.csv,direct-exact-search,standard,2.0,80.0,False,direct-exact-search,,3ab84cee8a138102c648209b81a93e4f9a7bd301,True,True,220161.8254191912,0.998231170953117
"9,30,51",WIN,3,19953051.0,19895929.0,81.5816,18.0,results/90-69-heavy-three-stone-results.csv,direct-exact-search,standard,2.0,80.0,False,direct-exact-search,,3ab84cee8a138102c648209b81a93e4f9a7bd301,True,True,244577.833727213,0.997137179672422
"0,39,51",WIN,3,14486206.0,14436473.0,59.4394,18.0,results/90-69-heavy-three-stone-results.csv,direct-exact-search,standard,2.0,80.0,False,direct-exact-search,,3ab84cee8a138102c648209b81a93e4f9a7bd301,True,True,243713.86655989126,0.9965668719608157
"9,30,52",WIN,3,78333243.0,78171027.0,372.144,19.0,results/90-69-heavy-three-stone-results.csv,direct-exact-search,standard,2.0,80.0,False,direct-exact-search,,3ab84cee8a138102c648209b81a93e4f9a7bd301,True,True,210491.75319231264,0.9979291550587277
"0,39,52",WIN,3,65981624.0,65867388.0,306.952,19.0,results/90-69-heavy-three-stone-results.csv,direct-exact-search,standard,2.0,80.0,False,direct-exact-search,,3ab84cee8a138102c648209b81a93e4f9a7bd301,True,True,214957.4656623837,0.9982686694707605
"9,30,53",WIN,3,61441418.0,61326068.0,280.86,18.0,results/90-69-heavy-three-stone-results.csv,direct-exact-search,standard,2.0,80.0,False,direct-exact-search,,3ab84cee8a138102c648209b81a93e4f9a7bd301,True,True,218761.72470269885,0.998122601923022
"0,39,54",WIN,3,25092989.0,25031236.0,124.902,18.0,results/90-69-heavy-three-stone-results.csv,direct-exact-search,standard,2.0,80.0,False,direct-exact-search,,3ab84cee8a138102c648209b81a93e4f9a7bd301,True,True,200901.41871227042,0.9975390337117671
"0,39,61",WIN,3,27079157.0,27015527.0,124.81,18.0,results/90-69-heavy-three-stone-results.csv,direct-exact-search,standard,2.0,80.0,False,direct-exact-search,,3ab84cee8a138102c648209b81a93e4f9a7bd301,True,True,216963.0398205272,0.9976502222724289
"9,30,62",WIN,3,15354593.0,15299927.0,56.4599,18.0,results/90-69-heavy-three-stone-results.csv,direct-exact-search,standard,2.0,80.0,False,direct-exact-search,,3ab84cee8a138102c648209b81a93e4f9a7bd301,True,True,271955.72432824003,0.9964397623564493
"0,39,62",WIN,3,16048536.0,15992381.0,66.9848,18.0,results/90-69-heavy-three-stone-results.csv,direct-exact-search,standard,2.0,80.0,False,direct-exact-search,,3ab84cee8a138102c648209b81a93e4f9a7bd301,True,True,239584.74161302263,0.9965009269381332
"9,30,64",WIN,3,21081911.0,21020787.0,88.8525,19.0,results/90-69-heavy-three-stone-results.csv,direct-exact-search,standard,2.0,80.0,False,direct-exact-search,,3ab84cee8a138102c648209b81a93e4f9a7bd301,True,True,237268.6305956501,0.9971006423468916
"0,39,64",WIN,3,38631317.0,38540635.0,167.808,18.0,results/90-69-heavy-three-stone-results.csv,direct-exact-search,standard,2.0,80.0,False,direct-exact-search,,3ab84cee8a138102c648209b81a93e4f9a7bd301,True,True,230211.41423531657,0.9976526298598621
"9,30,70",WIN,3,49149227.0,49024402.0,223.181,18.0,results/90-69-heavy-three-stone-results.csv,direct-exact-search,standard,2.0,80.0,False,direct-exact-search,,3ab84cee8a138102c648209b81a93e4f9a7bd301,True,True,220221.37637164452,0.9974602855910634
"9,30,71",WIN,3,189044946.0,188663839.0,819.875,19.0,results/90-69-heavy-three-stone-results.csv,direct-exact-search,standard,1.0,85.0,False,direct-exact-search,,3ab84cee8a138102c648209b81a93e4f9a7bd301,True,True,230577.76612288458,0.9979840402609864
"0,39,72",WIN,3,44468820.0,44366406.0,228.431,18.0,results/90-69-heavy-three-stone-results.csv,direct-exact-search,standard,2.0,80.0,False,direct-exact-search,,3ab84cee8a138102c648209b81a93e4f9a7bd301,True,True,194670.68830412684,0.9976969481088097
"0,39,73",WIN,3,50600210.0,50482229.0,262.449,18.0,results/90-69-heavy-three-stone-results.csv,direct-exact-search,standard,2.0,80.0,False,direct-exact-search,,3ab84cee8a138102c648209b81a93e4f9a7bd301,True,True,192800.16307930302,0.9976683693605224
"9,30,74",WIN,3,29287341.0,29217513.0,127.138,18.0,results/90-69-heavy-three-stone-results.csv,direct-exact-search,standard,2.0,80.0,False,direct-exact-search,,3ab84cee8a138102c648209b81a93e4f9a7bd301,True,True,230358.67325268604,0.9976157617040072
"0,39,74",WIN,3,148631333.0,148336922.0,669.271,19.0,results/90-69-heavy-three-stone-results.csv,direct-exact-search,standard,1.0,85.0,False,direct-exact-search,,3ab84cee8a138102c648209b81a93e4f9a7bd301,True,True,222079.44614363989,0.9980191861698502
"9,30,80",WIN,3,44725434.0,44628307.0,249.441,18.0,results/90-69-heavy-three-stone-results.csv,direct-exact-search,standard,2.0,80.0,False,direct-exact-search,,3ab84cee8a138102c648209b81a93e4f9a7bd301,True,True,179302.6567404717,0.9978283721070208
"0,39,81",WIN,3,62080083.0,61943023.0,333.627,18.0,results/90-69-heavy-three-stone-results.csv,direct-exact-search,standard,2.0,80.0,False,direct-exact-search,,3ab84cee8a138102c648209b81a93e4f9a7bd301,True,True,186076.31576581032,0.9977922065600331
"9,30,82",WIN,3,56351468.0,56224840.0,287.528,18.0,results/90-69-heavy-three-stone-results.csv,direct-exact-search,standard,2.0,80.0,False,direct-exact-search,,3ab84cee8a138102c648209b81a93e4f9a7bd301,True,True,195986.0187529562,0.9977528890640436
"0,39,82",WIN,3,28447710.0,28381604.0,160.215,18.0,results/90-69-heavy-three-stone-results.csv,direct-exact-search,standard,2.0,80.0,False,direct-exact-search,,3ab84cee8a138102c648209b81a93e4f9a7bd301,True,True,177559.59179852073,0.9976762277174507
"9,30,83",WIN,3,37815942.0,37725782.0,196.493,18.0,results/90-69-heavy-three-stone-results.csv,direct-exact-search,standard,2.0,80.0,False,direct-exact-search,,3ab84cee8a138102c648209b81a93e4f9a7bd301,True,True,192454.39786659068,0.9976158203331282
"0,39,83",WIN,3,32946592.0,32868068.0,149.82,18.0,results/90-69-heavy-three-stone-results.csv,direct-exact-search,standard,2.0,80.0,False,direct-exact-search,,3ab84cee8a138102c648209b81a93e4f9a7bd301,True,True,219907.83606995063,0.997616627540718
"9,30,84",WIN,3,27667506.0,27592610.0,112.504,18.0,results/90-69-heavy-three-stone-results.csv,direct-exact-search,standard,2.0,80.0,False,direct-exact-search,,3ab84cee8a138102c648209b81a93e4f9a7bd301,True,True,245924.64267937138,0.9972929977859226
"3,19,90",LOSS,3,,,,,results/90-69-heavy-three-stone-results.csv,split-exact-proof,standard,2.0,80.0,False,split-exact-search shrink=2 load=80 (90-69-split-proof.csv),,3ab84cee8a138102c648209b81a93e4f9a7bd301,False,False,,
"3,39,90",WIN,3,111409501.0,111158941.0,459.276,19.0,results/90-69-heavy-three-stone-results.csv,direct-exact-search,standard,2.0,80.0,False,direct-exact-search,,3ab84cee8a138102c648209b81a93e4f9a7bd301,True,True,242576.36149069405,0.9977509997105184
"3,49,90",WIN,3,47540630.0,47436502.0,204.662,19.0,results/90-69-heavy-three-stone-results.csv,direct-exact-search,standard,2.0,80.0,False,direct-exact-search,,3ab84cee8a138102c648209b81a93e4f9a7bd301,True,True,232288.50494962424,0.9978097050880479
"3,59,90",WIN,3,227576756.0,227195441.0,897.876,19.0,results/90-69-heavy-three-stone-results.csv,direct-exact-search,standard,1.0,85.0,False,direct-exact-search,,3ab84cee8a138102c648209b81a93e4f9a7bd301,True,True,253461.23072673733,0.9983244554202187
"1,69,90",WIN,3,76565503.0,76434767.0,324.428,19.0,results/90-69-heavy-three-stone-results.csv,direct-exact-search,standard,2.0,80.0,False,direct-exact-search,,3ab84cee8a138102c648209b81a93e4f9a7bd301,True,True,236001.52576226467,0.9982924947283374
"2,69,90",WIN,3,131916886.0,131687068.0,551.532,18.0,results/90-69-heavy-three-stone-results.csv,direct-exact-search,standard,1.0,85.0,False,direct-exact-search,,3ab84cee8a138102c648209b81a93e4f9a7bd301,True,True,239182.65123329198,0.9982578576028546
"3,69,90",WIN,3,84901501.0,84684637.0,307.31,18.0,results/90-69-heavy-three-stone-results.csv,direct-exact-search,standard,2.0,80.0,False,direct-exact-search,,3ab84cee8a138102c648209b81a93e4f9a7bd301,True,True,276273.14763593767,0.9974456988693285
"0,3,19,90",WIN,4,6006930.0,6000759.0,20.9698,19.0,D:\ghq\github.com\yuubinnkyoku\kyouen-1-to-9-classification\results\90-69-split-proof.csv,split-exact-search child,standard,2.0,80.0,False,,,3ab84cee8a138102c648209b81a93e4f9a7bd301,True,True,286456.2370647312,0.9989726865470382
"0,8,69,90",WIN,4,6003208.0,5995403.0,20.9693,18.0,D:\ghq\github.com\yuubinnkyoku\kyouen-1-to-9-classification\results\90-69-split-proof.csv,split-exact-search child,standard,2.0,80.0,False,,,3ab84cee8a138102c648209b81a93e4f9a7bd301,True,True,286285.569856886,0.9986998618072204
"1,8,69,90",WIN,4,5797376.0,5791491.0,20.5329,18.0,D:\ghq\github.com\yuubinnkyoku\kyouen-1-to-9-classification\results\90-69-split-proof.csv,split-exact-search child,standard,2.0,80.0,False,,,3ab84cee8a138102c648209b81a93e4f9a7bd301,True,True,282345.69885403424,0.9989848855758191
"2,3,19,90",WIN,4,6407257.0,6400285.0,21.7789,18.0,D:\ghq\github.com\yuubinnkyoku\kyouen-1-to-9-classification\results\90-69-split-proof.csv,split-exact-search child,standard,2.0,80.0,False,,,3ab84cee8a138102c648209b81a93e4f9a7bd301,True,True,294195.6205317991,0.9989118588500508
"2,8,69,90",WIN,4,6471074.0,6464210.0,23.5593,18.0,D:\ghq\github.com\yuubinnkyoku\kyouen-1-to-9-classification\results\90-69-split-proof.csv,split-exact-search child,standard,2.0,80.0,False,,,3ab84cee8a138102c648209b81a93e4f9a7bd301,True,True,274671.7432181771,0.9989392796311709
"3,10,19,90",WIN,4,4686037.0,4678384.0,16.3603,18.0,D:\ghq\github.com\yuubinnkyoku\kyouen-1-to-9-classification\results\90-69-split-proof.csv,split-exact-search child,standard,2.0,80.0,False,,,3ab84cee8a138102c648209b81a93e4f9a7bd301,True,True,286427.3271272532,0.9983668502830857
"3,11,19,90",WIN,4,6285754.0,6277604.0,22.0266,18.0,D:\ghq\github.com\yuubinnkyoku\kyouen-1-to-9-classification\results\90-69-split-proof.csv,split-exact-search child,standard,2.0,80.0,False,,,3ab84cee8a138102c648209b81a93e4f9a7bd301,True,True,285371.0513651676,0.9987034172829544
"3,12,19,90",WIN,4,7637389.0,7626214.0,26.7102,18.0,D:\ghq\github.com\yuubinnkyoku\kyouen-1-to-9-classification\results\90-69-split-proof.csv,split-exact-search child,standard,2.0,80.0,False,,,3ab84cee8a138102c648209b81a93e4f9a7bd301,True,True,285935.29812580964,0.9985368036118103
"3,13,19,90",WIN,4,7349235.0,7340850.0,25.1428,19.0,D:\ghq\github.com\yuubinnkyoku\kyouen-1-to-9-classification\results\90-69-split-proof.csv,split-exact-search child,standard,2.0,80.0,False,,,3ab84cee8a138102c648209b81a93e4f9a7bd301,True,True,292299.7836358719,0.9988590649230839
"3,14,19,90",WIN,4,4008448.0,4002521.0,12.6064,18.0,D:\ghq\github.com\yuubinnkyoku\kyouen-1-to-9-classification\results\90-69-split-proof.csv,split-exact-search child,standard,2.0,80.0,False,,,3ab84cee8a138102c648209b81a93e4f9a7bd301,True,True,317969.285442315,0.9985213728605186
"3,15,19,90",WIN,4,5413033.0,5407012.0,20.4558,18.0,D:\ghq\github.com\yuubinnkyoku\kyouen-1-to-9-classification\results\90-69-split-proof.csv,split-exact-search child,standard,2.0,80.0,False,,,3ab84cee8a138102c648209b81a93e4f9a7bd301,True,True,264620.9388046422,0.9988876845938313
"3,16,19,90",WIN,4,7218670.0,7208352.0,25.4354,18.0,D:\ghq\github.com\yuubinnkyoku\kyouen-1-to-9-classification\results\90-69-split-proof.csv,split-exact-search child,standard,2.0,80.0,False,,,3ab84cee8a138102c648209b81a93e4f9a7bd301,True,True,283804.0683456914,0.9985706508262603
"3,17,19,90",WIN,4,8590681.0,8581805.0,31.7573,18.0,D:\ghq\github.com\yuubinnkyoku\kyouen-1-to-9-classification\results\90-69-split-proof.csv,split-exact-search child,standard,2.0,80.0,False,,,3ab84cee8a138102c648209b81a93e4f9a7bd301,True,True,270510.43382151506,0.9989667873827465
"3,18,19,90",WIN,4,6812673.0,6803580.0,23.7193,18.0,D:\ghq\github.com\yuubinnkyoku\kyouen-1-to-9-classification\results\90-69-split-proof.csv,split-exact-search child,standard,2.0,80.0,False,,,3ab84cee8a138102c648209b81a93e4f9a7bd301,True,True,287220.6599688861,0.9986652816009223
"3,19,20,90",WIN,4,6041112.0,6034397.0,20.7806,18.0,D:\ghq\github.com\yuubinnkyoku\kyouen-1-to-9-classification\results\90-69-split-proof.csv,split-exact-search child,standard,2.0,80.0,False,,,3ab84cee8a138102c648209b81a93e4f9a7bd301,True,True,290709.2191755772,0.9988884496761523
"3,19,21,90",WIN,4,4129908.0,4124235.0,13.1983,18.0,D:\ghq\github.com\yuubinnkyoku\kyouen-1-to-9-classification\results\90-69-split-proof.csv,split-exact-search child,standard,2.0,80.0,False,,,3ab84cee8a138102c648209b81a93e4f9a7bd301,True,True,312912.11746967415,0.9986263616526082
"3,19,22,90",WIN,4,6372301.0,6365943.0,23.1963,18.0,D:\ghq\github.com\yuubinnkyoku\kyouen-1-to-9-classification\results\90-69-split-proof.csv,split-exact-search child,standard,2.0,80.0,False,,,3ab84cee8a138102c648209b81a93e4f9a7bd301,True,True,274711.9583726715,0.9990022442442691
"3,19,23,90",WIN,4,13041993.0,13029603.0,46.39,18.0,D:\ghq\github.com\yuubinnkyoku\kyouen-1-to-9-classification\results\90-69-split-proof.csv,split-exact-search child,standard,2.0,80.0,False,,,3ab84cee8a138102c648209b81a93e4f9a7bd301,True,True,281138.0254365165,0.9990499918225688
"3,19,24,90",WIN,4,9238120.0,9229409.0,30.7458,18.0,D:\ghq\github.com\yuubinnkyoku\kyouen-1-to-9-classification\results\90-69-split-proof.csv,split-exact-search child,standard,2.0,80.0,False,,,3ab84cee8a138102c648209b81a93e4f9a7bd301,True,True,300467.7061582395,0.9990570592285011
"3,19,25,90",WIN,4,6908987.0,6902603.0,25.4573,19.0,D:\ghq\github.com\yuubinnkyoku\kyouen-1-to-9-classification\results\90-69-split-proof.csv,split-exact-search child,standard,2.0,80.0,False,,,3ab84cee8a138102c648209b81a93e4f9a7bd301,True,True,271395.1204566077,0.9990759861033173
"3,19,26,90",WIN,4,8197677.0,8189437.0,30.4895,18.0,D:\ghq\github.com\yuubinnkyoku\kyouen-1-to-9-classification\results\90-69-split-proof.csv,split-exact-search child,standard,2.0,80.0,False,,,3ab84cee8a138102c648209b81a93e4f9a7bd301,True,True,268868.8564915791,0.998994837195952
"3,19,27,90",WIN,4,6334507.0,6327378.0,21.805,18.0,D:\ghq\github.com\yuubinnkyoku\kyouen-1-to-9-classification\results\90-69-split-proof.csv,split-exact-search child,standard,2.0,80.0,False,,,3ab84cee8a138102c648209b81a93e4f9a7bd301,True,True,290507.08553084155,0.9988745769797082
"3,19,28,90",WIN,4,8267832.0,8260820.0,29.2927,18.0,D:\ghq\github.com\yuubinnkyoku\kyouen-1-to-9-classification\results\90-69-split-proof.csv,split-exact-search child,standard,2.0,80.0,False,,,3ab84cee8a138102c648209b81a93e4f9a7bd301,True,True,282248.8879481919,0.9991518937491715
"3,19,29,90",WIN,4,5094523.0,5088615.0,18.0982,18.0,D:\ghq\github.com\yuubinnkyoku\kyouen-1-to-9-classification\results\90-69-split-proof.csv,split-exact-search child,standard,2.0,80.0,False,,,3ab84cee8a138102c648209b81a93e4f9a7bd301,True,True,281493.35293012566,0.9988403232255503
"3,19,30,90",WIN,4,7707559.0,7697891.0,26.8508,18.0,D:\ghq\github.com\yuubinnkyoku\kyouen-1-to-9-classification\results\90-69-split-proof.csv,split-exact-search child,standard,2.0,80.0,False,,,3ab84cee8a138102c648209b81a93e4f9a7bd301,True,True,287051.37277101615,0.9987456469681257
"3,19,31,90",WIN,4,11373990.0,11362631.0,39.751,18.0,D:\ghq\github.com\yuubinnkyoku\kyouen-1-to-9-classification\results\90-69-split-proof.csv,split-exact-search child,standard,2.0,80.0,False,,,3ab84cee8a138102c648209b81a93e4f9a7bd301,True,True,286130.914945536,0.9990013179192174
"3,19,32,90",WIN,4,7528807.0,7521067.0,25.7156,18.0,D:\ghq\github.com\yuubinnkyoku\kyouen-1-to-9-classification\results\90-69-split-proof.csv,split-exact-search child,standard,2.0,80.0,False,,,3ab84cee8a138102c648209b81a93e4f9a7bd301,True,True,292771.97498794505,0.9989719486765964
"3,19,33,90",WIN,4,6620736.0,6611028.0,22.4276,18.0,D:\ghq\github.com\yuubinnkyoku\kyouen-1-to-9-classification\results\90-69-split-proof.csv,split-exact-search child,standard,2.0,80.0,False,,,3ab84cee8a138102c648209b81a93e4f9a7bd301,True,True,295204.83689739427,0.9985336977641156
"3,19,34,90",WIN,4,13249982.0,13236877.0,47.6318,18.0,D:\ghq\github.com\yuubinnkyoku\kyouen-1-to-9-classification\results\90-69-split-proof.csv,split-exact-search child,standard,2.0,80.0,False,,,3ab84cee8a138102c648209b81a93e4f9a7bd301,True,True,278175.1267010695,0.9990109420526005
"3,19,35,90",WIN,4,11975784.0,11965587.0,42.7384,18.0,D:\ghq\github.com\yuubinnkyoku\kyouen-1-to-9-classification\results\90-69-split-proof.csv,split-exact-search child,standard,2.0,80.0,False,,,3ab84cee8a138102c648209b81a93e4f9a7bd301,True,True,280211.33219774254,0.9991485317370453
"3,19,36,90",WIN,4,5325192.0,5316793.0,18.5947,18.0,D:\ghq\github.com\yuubinnkyoku\kyouen-1-to-9-classification\results\90-69-split-proof.csv,split-exact-search child,standard,2.0,80.0,False,,,3ab84cee8a138102c648209b81a93e4f9a7bd301,True,True,286382.24870527623,0.9984227798734768
"3,19,37,90",WIN,4,7155746.0,7148355.0,24.9825,18.0,D:\ghq\github.com\yuubinnkyoku\kyouen-1-to-9-classification\results\90-69-split-proof.csv,split-exact-search child,standard,2.0,80.0,False,,,3ab84cee8a138102c648209b81a93e4f9a7bd301,True,True,286430.3412388672,0.9989671237631967
"3,19,38,90",WIN,4,8525938.0,8517479.0,30.5504,19.0,D:\ghq\github.com\yuubinnkyoku\kyouen-1-to-9-classification\results\90-69-split-proof.csv,split-exact-search child,standard,2.0,80.0,False,,,3ab84cee8a138102c648209b81a93e4f9a7bd301,True,True,279077.7862155651,0.999007851100958
"3,19,39,90",WIN,4,3878404.0,3873080.0,13.242,18.0,D:\ghq\github.com\yuubinnkyoku\kyouen-1-to-9-classification\results\90-69-split-proof.csv,split-exact-search child,standard,2.0,80.0,False,,,3ab84cee8a138102c648209b81a93e4f9a7bd301,True,True,292886.57302522275,0.9986272703926666
"3,19,40,90",WIN,4,5167417.0,5160825.0,18.1627,18.0,D:\ghq\github.com\yuubinnkyoku\kyouen-1-to-9-classification\results\90-69-split-proof.csv,split-exact-search child,standard,2.0,80.0,False,,,3ab84cee8a138102c648209b81a93e4f9a7bd301,True,True,284507.09420956136,0.9987243142947434
"3,19,41,90",WIN,4,7891054.0,7882263.0,27.0099,18.0,D:\ghq\github.com\yuubinnkyoku\kyouen-1-to-9-classification\results\90-69-split-proof.csv,split-exact-search child,standard,2.0,80.0,False,,,3ab84cee8a138102c648209b81a93e4f9a7bd301,True,True,292154.1360760314,0.9988859536381325
"3,19,42,90",WIN,4,10457544.0,10447838.0,36.1666,18.0,D:\ghq\github.com\yuubinnkyoku\kyouen-1-to-9-classification\results\90-69-split-proof.csv,split-exact-search child,standard,2.0,80.0,False,,,3ab84cee8a138102c648209b81a93e4f9a7bd301,True,True,289149.2150215945,0.9990718662049138
"3,19,43,90",WIN,4,8319222.0,8308448.0,29.0825,18.0,D:\ghq\github.com\yuubinnkyoku\kyouen-1-to-9-classification\results\90-69-split-proof.csv,split-exact-search child,standard,2.0,80.0,False,,,3ab84cee8a138102c648209b81a93e4f9a7bd301,True,True,286055.9442963982,0.9987049269751427
"3,19,44,90",WIN,4,14816809.0,14801931.0,52.6652,18.0,D:\ghq\github.com\yuubinnkyoku\kyouen-1-to-9-classification\results\90-69-split-proof.csv,split-exact-search child,standard,2.0,80.0,False,,,3ab84cee8a138102c648209b81a93e4f9a7bd301,True,True,281339.6512307938,0.998995870163407
"3,19,45,90",WIN,4,7464647.0,7454540.0,25.7457,18.0,D:\ghq\github.com\yuubinnkyoku\kyouen-1-to-9-classification\results\90-69-split-proof.csv,split-exact-search child,standard,2.0,80.0,False,,,3ab84cee8a138102c648209b81a93e4f9a7bd301,True,True,289937.62065121555,0.9986460176884453
"3,19,46,90",WIN,4,10243755.0,10232172.0,37.1172,18.0,D:\ghq\github.com\yuubinnkyoku\kyouen-1-to-9-classification\results\90-69-split-proof.csv,split-exact-search child,standard,2.0,80.0,False,,,3ab84cee8a138102c648209b81a93e4f9a7bd301,True,True,275984.0451327148,0.9988692622968823
"3,19,47,90",WIN,4,10789044.0,10778904.0,38.8903,18.0,D:\ghq\github.com\yuubinnkyoku\kyouen-1-to-9-classification\results\90-69-split-proof.csv,split-exact-search child,standard,2.0,80.0,False,,,3ab84cee8a138102c648209b81a93e4f9a7bd301,True,True,277422.49352666346,0.9990601576933045
"3,19,48,90",WIN,4,10269485.0,10258797.0,37.5937,18.0,D:\ghq\github.com\yuubinnkyoku\kyouen-1-to-9-classification\results\90-69-split-proof.csv,split-exact-search child,standard,2.0,80.0,False,,,3ab84cee8a138102c648209b81a93e4f9a7bd301,True,True,273170.37163141696,0.9989592467392474
"3,19,49,90",WIN,4,6550989.0,6544556.0,23.7988,19.0,D:\ghq\github.com\yuubinnkyoku\kyouen-1-to-9-classification\results\90-69-split-proof.csv,split-exact-search child,standard,2.0,80.0,False,,,3ab84cee8a138102c648209b81a93e4f9a7bd301,True,True,275265.5175891221,0.9990180108682827
"3,19,50,90",WIN,4,7741880.0,7735196.0,28.9113,18.0,D:\ghq\github.com\yuubinnkyoku\kyouen-1-to-9-classification\results\90-69-split-proof.csv,split-exact-search child,standard,2.0,80.0,False,,,3ab84cee8a138102c648209b81a93e4f9a7bd301,True,True,267780.418037238,0.999136643812614
"3,19,51,90",WIN,4,15763634.0,15746836.0,53.6157,19.0,D:\ghq\github.com\yuubinnkyoku\kyouen-1-to-9-classification\results\90-69-split-proof.csv,split-exact-search child,standard,2.0,80.0,False,,,3ab84cee8a138102c648209b81a93e4f9a7bd301,True,True,294011.53020477213,0.9989343827698614
"3,19,52,90",WIN,4,12218025.0,12206084.0,43.3608,18.0,D:\ghq\github.com\yuubinnkyoku\kyouen-1-to-9-classification\results\90-69-split-proof.csv,split-exact-search child,standard,2.0,80.0,False,,,3ab84cee8a138102c648209b81a93e4f9a7bd301,True,True,281775.8205568163,0.9990226734680933
"3,19,53,90",WIN,4,20524472.0,20496374.0,69.7001,19.0,D:\ghq\github.com\yuubinnkyoku\kyouen-1-to-9-classification\results\90-69-split-proof.csv,split-exact-search child,standard,2.0,80.0,False,,,3ab84cee8a138102c648209b81a93e4f9a7bd301,True,True,294468.3293137312,0.99863100010563
"3,19,54,90",WIN,4,9235512.0,9224939.0,31.348,18.0,D:\ghq\github.com\yuubinnkyoku\kyouen-1-to-9-classification\results\90-69-split-proof.csv,split-exact-search child,standard,2.0,80.0,False,,,3ab84cee8a138102c648209b81a93e4f9a7bd301,True,True,294612.4792650249,0.9988551798752467
"3,19,55,90",WIN,4,9124817.0,9116454.0,32.0288,18.0,D:\ghq\github.com\yuubinnkyoku\kyouen-1-to-9-classification\results\90-69-split-proof.csv,split-exact-search child,standard,2.0,80.0,False,,,3ab84cee8a138102c648209b81a93e4f9a7bd301,True,True,284894.1265361175,0.9990834884688646
"3,19,56,90",WIN,4,9540713.0,9532267.0,33.2772,18.0,D:\ghq\github.com\yuubinnkyoku\kyouen-1-to-9-classification\results\90-69-split-proof.csv,split-exact-search child,standard,2.0,80.0,False,,,3ab84cee8a138102c648209b81a93e4f9a7bd301,True,True,286704.1998725854,0.9991147412148337
"3,19,57,90",WIN,4,10041393.0,10032163.0,32.8235,18.0,D:\ghq\github.com\yuubinnkyoku\kyouen-1-to-9-classification\results\90-69-split-proof.csv,split-exact-search child,standard,2.0,80.0,False,,,3ab84cee8a138102c648209b81a93e4f9a7bd301,True,True,305920.8493914421,0.9990808048245896
"3,19,58,90",WIN,4,5094523.0,5088615.0,18.0756,18.0,D:\ghq\github.com\yuubinnkyoku\kyouen-1-to-9-classification\results\90-69-split-proof.csv,split-exact-search child,standard,2.0,80.0,False,,,3ab84cee8a138102c648209b81a93e4f9a7bd301,True,True,281845.3052734072,0.9988403232255503
"3,19,59,90",WIN,4,7255476.0,7248969.0,27.0715,18.0,D:\ghq\github.com\yuubinnkyoku\kyouen-1-to-9-classification\results\90-69-split-proof.csv,split-exact-search child,standard,2.0,80.0,False,,,3ab84cee8a138102c648209b81a93e4f9a7bd301,True,True,268011.59891398705,0.9991031601510363
"3,19,60,90",WIN,4,5656909.0,5651618.0,18.5154,18.0,D:\ghq\github.com\yuubinnkyoku\kyouen-1-to-9-classification\results\90-69-split-proof.csv,split-exact-search child,standard,2.0,80.0,False,,,3ab84cee8a138102c648209b81a93e4f9a7bd301,True,True,305524.5363319183,0.9990646835577521
"3,19,61,90",WIN,4,10284637.0,10273247.0,37.7318,18.0,D:\ghq\github.com\yuubinnkyoku\kyouen-1-to-9-classification\results\90-69-split-proof.csv,split-exact-search child,standard,2.0,80.0,False,,,3ab84cee8a138102c648209b81a93e4f9a7bd301,True,True,272572.1274892796,0.9988925228960439
"3,19,62,90",WIN,4,10017847.0,10008405.0,35.4417,18.0,D:\ghq\github.com\yuubinnkyoku\kyouen-1-to-9-classification\results\90-69-split-proof.csv,split-exact-search child,standard,2.0,80.0,False,,,3ab84cee8a138102c648209b81a93e4f9a7bd301,True,True,282657.06780430966,0.9990574821116753
"3,19,63,90",WIN,4,6801089.0,6793492.0,24.7325,18.0,D:\ghq\github.com\yuubinnkyoku\kyouen-1-to-9-classification\results\90-69-split-proof.csv,split-exact-search child,standard,2.0,80.0,False,,,3ab84cee8a138102c648209b81a93e4f9a7bd301,True,True,274985.9092287476,0.9988829730062347
"3,19,64,90",WIN,4,8099181.0,8090432.0,26.0047,18.0,D:\ghq\github.com\yuubinnkyoku\kyouen-1-to-9-classification\results\90-69-split-proof.csv,split-exact-search child,standard,2.0,80.0,False,,,3ab84cee8a138102c648209b81a93e4f9a7bd301,True,True,311450.66084207856,0.9989197673196833
"3,19,65,90",WIN,4,8142733.0,8134130.0,29.5564,19.0,D:\ghq\github.com\yuubinnkyoku\kyouen-1-to-9-classification\results\90-69-split-proof.csv,split-exact-search child,standard,2.0,80.0,False,,,3ab84cee8a138102c648209b81a93e4f9a7bd301,True,True,275498.13238418754,0.9989434751206997
"3,19,66,90",WIN,4,8024727.0,8015923.0,28.2419,18.0,D:\ghq\github.com\yuubinnkyoku\kyouen-1-to-9-classification\results\90-69-split-proof.csv,split-exact-search child,standard,2.0,80.0,False,,,3ab84cee8a138102c648209b81a93e4f9a7bd301,True,True,284142.60372000467,0.9989028910266978
"3,19,67,90",WIN,4,8011239.0,8003962.0,26.9133,18.0,D:\ghq\github.com\yuubinnkyoku\kyouen-1-to-9-classification\results\90-69-split-proof.csv,split-exact-search child,standard,2.0,80.0,False,,,3ab84cee8a138102c648209b81a93e4f9a7bd301,True,True,297668.4018682213,0.9990916511166376
"3,19,68,90",WIN,4,20070927.0,20053848.0,64.3291,18.0,D:\ghq\github.com\yuubinnkyoku\kyouen-1-to-9-classification\results\90-69-split-proof.csv,split-exact-search child,standard,2.0,80.0,False,,,3ab84cee8a138102c648209b81a93e4f9a7bd301,True,True,312003.8520669495,0.9991490677037488
"3,19,70,90",WIN,4,5826785.0,5821040.0,19.9669,18.0,D:\ghq\github.com\yuubinnkyoku\kyouen-1-to-9-classification\results\90-69-split-proof.csv,split-exact-search child,standard,2.0,80.0,False,,,3ab84cee8a138102c648209b81a93e4f9a7bd301,True,True,291822.2157670946,0.9990140360421742
"3,19,71,90",WIN,4,10783223.0,10773903.0,31.1192,18.0,D:\ghq\github.com\yuubinnkyoku\kyouen-1-to-9-classification\results\90-69-split-proof.csv,split-exact-search child,standard,2.0,80.0,False,,,3ab84cee8a138102c648209b81a93e4f9a7bd301,True,True,346513.5029178128,0.9991356944023136
"3,19,72,90",WIN,4,6283115.0,6277015.0,24.3441,18.0,D:\ghq\github.com\yuubinnkyoku\kyouen-1-to-9-classification\results\90-69-split-proof.csv,split-exact-search child,standard,2.0,80.0,False,,,3ab84cee8a138102c648209b81a93e4f9a7bd301,True,True,258096.00683533176,0.9990291439835177
"3,19,80,90",WIN,4,11167298.0,11157517.0,31.3584,18.0,D:\ghq\github.com\yuubinnkyoku\kyouen-1-to-9-classification\results\90-69-split-proof.csv,split-exact-search child,standard,2.0,80.0,False,,,3ab84cee8a138102c648209b81a93e4f9a7bd301,True,True,356118.233073116,0.9991241390710627
"3,19,81,90",WIN,4,9147847.0,9139189.0,34.2726,18.0,D:\ghq\github.com\yuubinnkyoku\kyouen-1-to-9-classification\results\90-69-split-proof.csv,split-exact-search child,standard,2.0,80.0,False,,,3ab84cee8a138102c648209b81a93e4f9a7bd301,True,True,266914.2988859906,0.9990535477910814
"3,4,19,90",WIN,4,11879485.0,11865575.0,39.6922,19.0,D:\ghq\github.com\yuubinnkyoku\kyouen-1-to-9-classification\results\90-69-split-proof.csv,split-exact-search child,standard,2.0,80.0,False,,,3ab84cee8a138102c648209b81a93e4f9a7bd301,True,True,299290.1628027673,0.9988290738192775
"3,5,19,90",WIN,4,9687373.0,9676634.0,33.3064,18.0,D:\ghq\github.com\yuubinnkyoku\kyouen-1-to-9-classification\results\90-69-split-proof.csv,split-exact-search child,standard,2.0,80.0,False,,,3ab84cee8a138102c648209b81a93e4f9a7bd301,True,True,290856.2018110634,0.9988914435316985
"3,6,19,90",WIN,4,5474852.0,5468237.0,19.371,18.0,D:\ghq\github.com\yuubinnkyoku\kyouen-1-to-9-classification\results\90-69-split-proof.csv,split-exact-search child,standard,2.0,80.0,False,,,3ab84cee8a138102c648209b81a93e4f9a7bd301,True,True,282631.35615094734,0.9987917481604982
"3,7,19,90",WIN,4,5397606.0,5392227.0,18.5884,18.0,D:\ghq\github.com\yuubinnkyoku\kyouen-1-to-9-classification\results\90-69-split-proof.csv,split-exact-search child,standard,2.0,80.0,False,,,3ab84cee8a138102c648209b81a93e4f9a7bd301,True,True,290374.9650319554,0.9990034470837627
"3,8,19,90",WIN,4,5612447.0,5605944.0,19.4406,18.0,D:\ghq\github.com\yuubinnkyoku\kyouen-1-to-9-classification\results\90-69-split-proof.csv,split-exact-search child,standard,2.0,80.0,False,,,3ab84cee8a138102c648209b81a93e4f9a7bd301,True,True,288697.21099143033,0.9988413253612907
"3,8,69,90",WIN,4,4881263.0,4875969.0,17.6285,18.0,D:\ghq\github.com\yuubinnkyoku\kyouen-1-to-9-classification\results\90-69-split-proof.csv,split-exact-search child,standard,2.0,80.0,False,,,3ab84cee8a138102c648209b81a93e4f9a7bd301,True,True,276896.10573786765,0.9989154446298018
"3,9,19,90",WIN,4,5014701.0,5009368.0,17.592,18.0,D:\ghq\github.com\yuubinnkyoku\kyouen-1-to-9-classification\results\90-69-split-proof.csv,split-exact-search child,standard,2.0,80.0,False,,,3ab84cee8a138102c648209b81a93e4f9a7bd301,True,True,285055.76398362895,0.9989365268238326
"8,10,69,90",WIN,4,8728530.0,8718748.0,33.1201,18.0,D:\ghq\github.com\yuubinnkyoku\kyouen-1-to-9-classification\results\90-69-split-proof.csv,split-exact-search child,standard,2.0,80.0,False,,,3ab84cee8a138102c648209b81a93e4f9a7bd301,True,True,263541.7767458432,0.9988793072831279
"8,11,69,90",WIN,4,11458467.0,11447081.0,38.0424,18.0,D:\ghq\github.com\yuubinnkyoku\kyouen-1-to-9-classification\results\90-69-split-proof.csv,split-exact-search child,standard,2.0,80.0,False,,,3ab84cee8a138102c648209b81a93e4f9a7bd301,True,True,301202.5266544697,0.9990063243189512
"8,12,69,90",WIN,4,12382845.0,12372793.0,42.5103,18.0,D:\ghq\github.com\yuubinnkyoku\kyouen-1-to-9-classification\results\90-69-split-proof.csv,split-exact-search child,standard,2.0,80.0,False,,,3ab84cee8a138102c648209b81a93e4f9a7bd301,True,True,291290.4637229095,0.9991882317835683
"8,20,69,90",WIN,4,12521340.0,12508717.0,45.6971,18.0,D:\ghq\github.com\yuubinnkyoku\kyouen-1-to-9-classification\results\90-69-split-proof.csv,split-exact-search child,standard,2.0,80.0,False,,,3ab84cee8a138102c648209b81a93e4f9a7bd301,True,True,274007.32212766237,0.9989918810606533
"8,21,69,90",WIN,4,5461865.0,5456374.0,18.9419,18.0,D:\ghq\github.com\yuubinnkyoku\kyouen-1-to-9-classification\results\90-69-split-proof.csv,split-exact-search child,standard,2.0,80.0,False,,,3ab84cee8a138102c648209b81a93e4f9a7bd301,True,True,288348.3177505952,0.9989946657414638
"8,22,69,90",WIN,4,9920541.0,9911705.0,32.5591,18.0,D:\ghq\github.com\yuubinnkyoku\kyouen-1-to-9-classification\results\90-69-split-proof.csv,split-exact-search child,standard,2.0,80.0,False,,,3ab84cee8a138102c648209b81a93e4f9a7bd301,True,True,304693.342260689,0.9991093227677805
"8,30,69,90",WIN,4,5890681.0,5884457.0,20.9965,18.0,D:\ghq\github.com\yuubinnkyoku\kyouen-1-to-9-classification\results\90-69-split-proof.csv,split-exact-search child,standard,2.0,80.0,False,,,3ab84cee8a138102c648209b81a93e4f9a7bd301,True,True,280555.37827733194,0.9989434158800994
"8,31,69,90",WIN,4,10860524.0,10849690.0,35.2445,18.0,D:\ghq\github.com\yuubinnkyoku\kyouen-1-to-9-classification\results\90-69-split-proof.csv,split-exact-search child,standard,2.0,80.0,False,,,3ab84cee8a138102c648209b81a93e4f9a7bd301,True,True,308148.0514690235,0.9990024422394352
"8,32,69,90",WIN,4,9552327.0,9541005.0,32.4146,19.0,D:\ghq\github.com\yuubinnkyoku\kyouen-1-to-9-classification\results\90-69-split-proof.csv,split-exact-search child,standard,2.0,80.0,False,,,3ab84cee8a138102c648209b81a93e4f9a7bd301,True,True,294692.1140473737,0.998814739068292
"8,40,69,90",WIN,4,7742897.0,7735524.0,26.303,18.0,D:\ghq\github.com\yuubinnkyoku\kyouen-1-to-9-classification\results\90-69-split-proof.csv,split-exact-search child,standard,2.0,80.0,False,,,3ab84cee8a138102c648209b81a93e4f9a7bd301,True,True,294373.1513515568,0.9990477724293634
"8,41,69,90",WIN,4,29093975.0,29060323.0,81.6821,19.0,D:\ghq\github.com\yuubinnkyoku\kyouen-1-to-9-classification\results\90-69-split-proof.csv,split-exact-search child,standard,2.0,80.0,False,,,3ab84cee8a138102c648209b81a93e4f9a7bd301,True,True,356185.4433223436,0.9988433344017104
"8,42,69,90",WIN,4,9528574.0,9520301.0,31.705,18.0,D:\ghq\github.com\yuubinnkyoku\kyouen-1-to-9-classification\results\90-69-split-proof.csv,split-exact-search child,standard,2.0,80.0,False,,,3ab84cee8a138102c648209b81a93e4f9a7bd301,True,True,300538.5270462072,0.9991317693497475
"8,50,69,90",WIN,4,10439901.0,10431214.0,37.9867,18.0,D:\ghq\github.com\yuubinnkyoku\kyouen-1-to-9-classification\results\90-69-split-proof.csv,split-exact-search child,standard,2.0,80.0,False,,,3ab84cee8a138102c648209b81a93e4f9a7bd301,True,True,274830.4274917274,0.999167903986829
"8,51,69,90",WIN,4,9288090.0,9279329.0,30.3166,19.0,D:\ghq\github.com\yuubinnkyoku\kyouen-1-to-9-classification\results\90-69-split-proof.csv,split-exact-search child,standard,2.0,80.0,False,,,3ab84cee8a138102c648209b81a93e4f9a7bd301,True,True,306369.77761358465,0.9990567490194432
"8,52,69,90",WIN,4,12739337.0,12727678.0,42.9631,18.0,D:\ghq\github.com\yuubinnkyoku\kyouen-1-to-9-classification\results\90-69-split-proof.csv,split-exact-search child,standard,2.0,80.0,False,,,3ab84cee8a138102c648209b81a93e4f9a7bd301,True,True,296518.1050715614,0.9990848032358356
"8,60,69,90",WIN,4,6182497.0,6174785.0,19.5558,18.0,D:\ghq\github.com\yuubinnkyoku\kyouen-1-to-9-classification\results\90-69-split-proof.csv,split-exact-search child,standard,2.0,80.0,False,,,3ab84cee8a138102c648209b81a93e4f9a7bd301,True,True,316146.46294194047,0.9987526075629313
"8,61,69,90",WIN,4,5710231.0,5702911.0,18.4005,18.0,D:\ghq\github.com\yuubinnkyoku\kyouen-1-to-9-classification\results\90-69-split-proof.csv,split-exact-search child,standard,2.0,80.0,False,,,3ab84cee8a138102c648209b81a93e4f9a7bd301,True,True,310330.2084182495,0.9987180903889877
"8,62,69,90",WIN,4,27666903.0,27610578.0,94.0271,18.0,D:\ghq\github.com\yuubinnkyoku\kyouen-1-to-9-classification\results\90-69-split-proof.csv,split-exact-search child,standard,2.0,80.0,False,,,3ab84cee8a138102c648209b81a93e4f9a7bd301,True,True,294243.9254215008,0.997964174016875
"8,69,70,90",WIN,4,8846667.0,8839132.0,26.9559,19.0,D:\ghq\github.com\yuubinnkyoku\kyouen-1-to-9-classification\results\90-69-split-proof.csv,split-exact-search child,standard,2.0,80.0,False,,,3ab84cee8a138102c648209b81a93e4f9a7bd301,True,True,328190.37761677406,0.9991482667992364
"8,69,71,90",WIN,4,12704652.0,12691588.0,41.9273,18.0,D:\ghq\github.com\yuubinnkyoku\kyouen-1-to-9-classification\results\90-69-split-proof.csv,split-exact-search child,standard,2.0,80.0,False,,,3ab84cee8a138102c648209b81a93e4f9a7bd301,True,True,303016.22093480855,0.9989717152425741
"8,69,80,90",WIN,4,5881079.0,5872908.0,20.3267,18.0,D:\ghq\github.com\yuubinnkyoku\kyouen-1-to-9-classification\results\90-69-split-proof.csv,split-exact-search child,standard,2.0,80.0,False,,,3ab84cee8a138102c648209b81a93e4f9a7bd301,True,True,289327.7807022291,0.998610629103945
"0,20,30,39",WIN,4,3510894.0,3504753.0,11.8621,18.0,D:\ghq\github.com\yuubinnkyoku\kyouen-1-to-9-classification\results\90-69-split-proof.csv,split-exact-search child,standard,2.0,80.0,False,,,3ab84cee8a138102c648209b81a93e4f9a7bd301,True,True,295975.7547145952,0.9982508728546062
"0,20,39,40",WIN,4,4158917.0,4154703.0,13.4875,18.0,D:\ghq\github.com\yuubinnkyoku\kyouen-1-to-9-classification\results\90-69-split-proof.csv,split-exact-search child,standard,2.0,80.0,False,,,3ab84cee8a138102c648209b81a93e4f9a7bd301,True,True,308353.43836886005,0.9989867554461894
"0,20,39,41",WIN,4,8919051.0,8910199.0,31.1942,18.0,D:\ghq\github.com\yuubinnkyoku\kyouen-1-to-9-classification\results\90-69-split-proof.csv,split-exact-search child,standard,2.0,80.0,False,,,3ab84cee8a138102c648209b81a93e4f9a7bd301,True,True,285920.17105744017,0.9990075177280632
"0,20,39,42",WIN,4,7646718.0,7638337.0,29.5551,18.0,D:\ghq\github.com\yuubinnkyoku\kyouen-1-to-9-classification\results\90-69-split-proof.csv,split-exact-search child,standard,2.0,80.0,False,,,3ab84cee8a138102c648209b81a93e4f9a7bd301,True,True,258727.52925890964,0.9989039742278976
"0,20,39,43",WIN,4,7969101.0,7962973.0,31.16,18.0,D:\ghq\github.com\yuubinnkyoku\kyouen-1-to-9-classification\results\90-69-split-proof.csv,split-exact-search child,standard,2.0,80.0,False,,,3ab84cee8a138102c648209b81a93e4f9a7bd301,True,True,255747.78562259307,0.9992310299493005
"0,20,39,44",WIN,4,6111774.0,6103528.0,22.4913,18.0,D:\ghq\github.com\yuubinnkyoku\kyouen-1-to-9-classification\results\90-69-split-proof.csv,split-exact-search child,standard,2.0,80.0,False,,,3ab84cee8a138102c648209b81a93e4f9a7bd301,True,True,271739.4725960705,0.998650800896761
"0,20,39,50",WIN,4,5258499.0,5251205.0,16.8076,18.0,D:\ghq\github.com\yuubinnkyoku\kyouen-1-to-9-classification\results\90-69-split-proof.csv,split-exact-search child,standard,2.0,80.0,False,,,3ab84cee8a138102c648209b81a93e4f9a7bd301,True,True,312864.3589804612,0.9986129121637182
"0,20,39,51",WIN,4,4366040.0,4359095.0,15.7873,18.0,D:\ghq\github.com\yuubinnkyoku\kyouen-1-to-9-classification\results\90-69-split-proof.csv,split-exact-search child,standard,2.0,80.0,False,,,3ab84cee8a138102c648209b81a93e4f9a7bd301,True,True,276553.9389255921,0.9984093137030352
"0,20,39,52",WIN,4,6182041.0,6173905.0,22.5339,19.0,D:\ghq\github.com\yuubinnkyoku\kyouen-1-to-9-classification\results\90-69-split-proof.csv,split-exact-search child,standard,2.0,80.0,False,,,3ab84cee8a138102c648209b81a93e4f9a7bd301,True,True,274344.03276840673,0.9986839297895307
"0,20,39,53",WIN,4,4810599.0,4803134.0,16.0776,19.0,D:\ghq\github.com\yuubinnkyoku\kyouen-1-to-9-classification\results\90-69-split-proof.csv,split-exact-search child,standard,2.0,80.0,False,,,3ab84cee8a138102c648209b81a93e4f9a7bd301,True,True,299211.26287505595,0.9984482181948652
"0,20,39,54",WIN,4,7253702.0,7245470.0,26.5299,18.0,D:\ghq\github.com\yuubinnkyoku\kyouen-1-to-9-classification\results\90-69-split-proof.csv,split-exact-search child,standard,2.0,80.0,False,,,3ab84cee8a138102c648209b81a93e4f9a7bd301,True,True,273416.1078632034,0.9988651312116213
"0,20,39,60",WIN,4,4533818.0,4525800.0,14.4597,19.0,D:\ghq\github.com\yuubinnkyoku\kyouen-1-to-9-classification\results\90-69-split-proof.csv,split-exact-search child,standard,2.0,80.0,False,,,3ab84cee8a138102c648209b81a93e4f9a7bd301,True,True,313548.5521829637,0.9982315126015204
"0,20,39,61",WIN,4,8444300.0,8436011.0,30.6436,18.0,D:\ghq\github.com\yuubinnkyoku\kyouen-1-to-9-classification\results\90-69-split-proof.csv,split-exact-search child,standard,2.0,80.0,False,,,3ab84cee8a138102c648209b81a93e4f9a7bd301,True,True,275564.8814108003,0.9990183911040583
"0,20,39,62",WIN,4,7721112.0,7712602.0,29.4008,18.0,D:\ghq\github.com\yuubinnkyoku\kyouen-1-to-9-classification\results\90-69-split-proof.csv,split-exact-search child,standard,2.0,80.0,False,,,3ab84cee8a138102c648209b81a93e4f9a7bd301,True,True,262615.71113711194,0.9988978271523584
"0,20,39,63",WIN,4,10362457.0,10350031.0,34.4743,18.0,D:\ghq\github.com\yuubinnkyoku\kyouen-1-to-9-classification\results\90-69-split-proof.csv,split-exact-search child,standard,2.0,80.0,False,,,3ab84cee8a138102c648209b81a93e4f9a7bd301,True,True,300584.98649718775,0.9988008635403747
"0,20,39,64",WIN,4,20653821.0,20626184.0,69.855,18.0,D:\ghq\github.com\yuubinnkyoku\kyouen-1-to-9-classification\results\90-69-split-proof.csv,split-exact-search child,standard,2.0,80.0,False,,,3ab84cee8a138102c648209b81a93e4f9a7bd301,True,True,295667.0388662229,0.9986618940872974
"0,20,39,70",WIN,4,4895288.0,4888918.0,15.7407,19.0,D:\ghq\github.com\yuubinnkyoku\kyouen-1-to-9-classification\results\90-69-split-proof.csv,split-exact-search child,standard,2.0,80.0,False,,,3ab84cee8a138102c648209b81a93e4f9a7bd301,True,True,310995.57198853925,0.9986987486742354
"0,20,39,71",WIN,4,4987184.0,4980617.0,18.001,18.0,D:\ghq\github.com\yuubinnkyoku\kyouen-1-to-9-classification\results\90-69-split-proof.csv,split-exact-search child,standard,2.0,80.0,False,,,3ab84cee8a138102c648209b81a93e4f9a7bd301,True,True,277050.3860896617,0.9986832248419147
"0,20,39,72",WIN,4,7229368.0,7221882.0,25.8364,18.0,D:\ghq\github.com\yuubinnkyoku\kyouen-1-to-9-classification\results\90-69-split-proof.csv,split-exact-search child,standard,2.0,80.0,False,,,3ab84cee8a138102c648209b81a93e4f9a7bd301,True,True,279813.2866808069,0.9989645014612619
"0,20,39,73",WIN,4,11247326.0,11236847.0,39.0496,18.0,D:\ghq\github.com\yuubinnkyoku\kyouen-1-to-9-classification\results\90-69-split-proof.csv,split-exact-search child,standard,2.0,80.0,False,,,3ab84cee8a138102c648209b81a93e4f9a7bd301,True,True,288026.6635253626,0.9990683118814196
"0,20,39,74",WIN,4,9182301.0,9174674.0,32.6105,19.0,D:\ghq\github.com\yuubinnkyoku\kyouen-1-to-9-classification\results\90-69-split-proof.csv,split-exact-search child,standard,2.0,80.0,False,,,3ab84cee8a138102c648209b81a93e4f9a7bd301,True,True,281574.9835175787,0.9991693803111007
"0,20,39,80",WIN,4,9843878.0,9833091.0,31.0605,18.0,D:\ghq\github.com\yuubinnkyoku\kyouen-1-to-9-classification\results\90-69-split-proof.csv,split-exact-search child,standard,2.0,80.0,False,,,3ab84cee8a138102c648209b81a93e4f9a7bd301,True,True,316925.93486904586,0.9989041920267602
"0,20,39,81",WIN,4,11089693.0,11079804.0,38.5638,19.0,D:\ghq\github.com\yuubinnkyoku\kyouen-1-to-9-classification\results\90-69-split-proof.csv,split-exact-search child,standard,2.0,80.0,False,,,3ab84cee8a138102c648209b81a93e4f9a7bd301,True,True,287567.43370725913,0.9991082710765753
"0,20,39,82",WIN,4,9301828.0,9291086.0,31.5532,18.0,D:\ghq\github.com\yuubinnkyoku\kyouen-1-to-9-classification\results\90-69-split-proof.csv,split-exact-search child,standard,2.0,80.0,False,,,3ab84cee8a138102c648209b81a93e4f9a7bd301,True,True,294798.24550283334,0.998845173228316
"0,20,39,83",WIN,4,12868639.0,12855548.0,40.8892,19.0,D:\ghq\github.com\yuubinnkyoku\kyouen-1-to-9-classification\results\90-69-split-proof.csv,split-exact-search child,standard,2.0,80.0,False,,,3ab84cee8a138102c648209b81a93e4f9a7bd301,True,True,314719.75484969135,0.9989827207057406
"0,20,39,84",WIN,4,8806610.0,8794701.0,30.5376,18.0,D:\ghq\github.com\yuubinnkyoku\kyouen-1-to-9-classification\results\90-69-split-proof.csv,split-exact-search child,standard,2.0,80.0,False,,,3ab84cee8a138102c648209b81a93e4f9a7bd301,True,True,288385.793251598,0.9986477202919171
"0,20,39,90",WIN,4,7075780.0,7067289.0,22.0675,18.0,D:\ghq\github.com\yuubinnkyoku\kyouen-1-to-9-classification\results\90-69-split-proof.csv,split-exact-search child,standard,2.0,80.0,False,,,3ab84cee8a138102c648209b81a93e4f9a7bd301,True,True,320642.57392092445,0.9987999909550608
"0,9,29,30",WIN,4,5311320.0,5304680.0,19.2962,18.0,D:\ghq\github.com\yuubinnkyoku\kyouen-1-to-9-classification\results\90-69-split-proof.csv,split-exact-search child,standard,2.0,80.0,False,,,3ab84cee8a138102c648209b81a93e4f9a7bd301,True,True,275252.1221794965,0.9987498399644533
"1,69,70,90",WIN,4,5692938.0,5686669.0,19.7544,18.0,D:\ghq\github.com\yuubinnkyoku\kyouen-1-to-9-classification\results\90-69-split-proof.csv,split-exact-search child,standard,2.0,80.0,False,,,3ab84cee8a138102c648209b81a93e4f9a7bd301,True,True,288185.8218928441,0.9988988111235358
"1,9,29,30",WIN,4,5880087.0,5872468.0,18.3897,19.0,D:\ghq\github.com\yuubinnkyoku\kyouen-1-to-9-classification\results\90-69-split-proof.csv,split-exact-search child,standard,2.0,80.0,False,,,3ab84cee8a138102c648209b81a93e4f9a7bd301,True,True,319748.93554544117,0.9987042708721827
"2,69,70,90",WIN,4,8731899.0,8722911.0,27.874,18.0,D:\ghq\github.com\yuubinnkyoku\kyouen-1-to-9-classification\results\90-69-split-proof.csv,split-exact-search child,standard,2.0,80.0,False,,,3ab84cee8a138102c648209b81a93e4f9a7bd301,True,True,313263.22020520916,0.9989706706410598
"2,9,29,30",WIN,4,4942559.0,4936460.0,18.6647,18.0,D:\ghq\github.com\yuubinnkyoku\kyouen-1-to-9-classification\results\90-69-split-proof.csv,split-exact-search child,standard,2.0,80.0,False,,,3ab84cee8a138102c648209b81a93e4f9a7bd301,True,True,264807.8458266139,0.9987660238350214
"3,69,70,90",WIN,4,5503185.0,5496507.0,18.3709,18.0,D:\ghq\github.com\yuubinnkyoku\kyouen-1-to-9-classification\results\90-69-split-proof.csv,split-exact-search child,standard,2.0,80.0,False,,,3ab84cee8a138102c648209b81a93e4f9a7bd301,True,True,299559.9018012182,0.9987865208965354
"3,9,29,30",WIN,4,3473805.0,3467431.0,13.3079,19.0,D:\ghq\github.com\yuubinnkyoku\kyouen-1-to-9-classification\results\90-69-split-proof.csv,split-exact-search child,standard,2.0,80.0,False,,,3ab84cee8a138102c648209b81a93e4f9a7bd301,True,True,261033.29601214317,0.9981651244096891
"4,69,70,90",WIN,4,7880961.0,7873978.0,24.5983,18.0,D:\ghq\github.com\yuubinnkyoku\kyouen-1-to-9-classification\results\90-69-split-proof.csv,split-exact-search child,standard,2.0,80.0,False,,,3ab84cee8a138102c648209b81a93e4f9a7bd301,True,True,320386.4088168695,0.9991139405460832
"4,9,29,30",WIN,4,5590831.0,5582759.0,19.2654,18.0,D:\ghq\github.com\yuubinnkyoku\kyouen-1-to-9-classification\results\90-69-split-proof.csv,split-exact-search child,standard,2.0,80.0,False,,,3ab84cee8a138102c648209b81a93e4f9a7bd301,True,True,290200.61872579856,0.9985562074761337
"5,69,70,90",WIN,4,8999426.0,8991351.0,27.1165,19.0,D:\ghq\github.com\yuubinnkyoku\kyouen-1-to-9-classification\results\90-69-split-proof.csv,split-exact-search child,standard,2.0,80.0,False,,,3ab84cee8a138102c648209b81a93e4f9a7bd301,True,True,331880.07301827305,0.9991027205512885
"5,9,29,30",WIN,4,4922877.0,4917070.0,18.4126,19.0,D:\ghq\github.com\yuubinnkyoku\kyouen-1-to-9-classification\results\90-69-split-proof.csv,split-exact-search child,standard,2.0,80.0,False,,,3ab84cee8a138102c648209b81a93e4f9a7bd301,True,True,267364.5764313568,0.9988204052223933
"6,69,70,90",WIN,4,13334051.0,13317179.0,37.4568,18.0,D:\ghq\github.com\yuubinnkyoku\kyouen-1-to-9-classification\results\90-69-split-proof.csv,split-exact-search child,standard,2.0,80.0,False,,,3ab84cee8a138102c648209b81a93e4f9a7bd301,True,True,355984.7878088892,0.9987346681064891
"6,9,29,30",WIN,4,4230409.0,4223652.0,17.735,18.0,D:\ghq\github.com\yuubinnkyoku\kyouen-1-to-9-classification\results\90-69-split-proof.csv,split-exact-search child,standard,2.0,80.0,False,,,3ab84cee8a138102c648209b81a93e4f9a7bd301,True,True,238534.4798421201,0.9984027549109318
"7,69,70,90",WIN,4,6912299.0,6901543.0,21.1187,19.0,D:\ghq\github.com\yuubinnkyoku\kyouen-1-to-9-classification\results\90-69-split-proof.csv,split-exact-search child,standard,2.0,80.0,False,,,3ab84cee8a138102c648209b81a93e4f9a7bd301,True,True,327307.0312093074,0.9984439330532432
"7,9,29,30",WIN,4,5739973.0,5731627.0,20.0974,18.0,D:\ghq\github.com\yuubinnkyoku\kyouen-1-to-9-classification\results\90-69-split-proof.csv,split-exact-search child,standard,2.0,80.0,False,,,3ab84cee8a138102c648209b81a93e4f9a7bd301,True,True,285607.74030471605,0.9985459861919211
"8,9,29,30",WIN,4,4698669.0,4693105.0,19.6023,18.0,D:\ghq\github.com\yuubinnkyoku\kyouen-1-to-9-classification\results\90-69-split-proof.csv,split-exact-search child,standard,2.0,80.0,False,,,3ab84cee8a138102c648209b81a93e4f9a7bd301,True,True,239699.8821566857,0.9988158348672783
"9,11,29,30",WIN,4,4860950.0,4855045.0,17.9368,18.0,D:\ghq\github.com\yuubinnkyoku\kyouen-1-to-9-classification\results\90-69-split-proof.csv,split-exact-search child,standard,2.0,80.0,False,,,3ab84cee8a138102c648209b81a93e4f9a7bd301,True,True,271004.3040007136,0.9987852168814738
"9,12,29,30",WIN,4,11963121.0,11945311.0,46.8446,19.0,D:\ghq\github.com\yuubinnkyoku\kyouen-1-to-9-classification\results\90-69-split-proof.csv,split-exact-search child,standard,2.0,80.0,False,,,3ab84cee8a138102c648209b81a93e4f9a7bd301,True,True,255378.86970963568,0.9985112580571575
"9,13,29,30",WIN,4,7605710.0,7596341.0,24.7332,18.0,D:\ghq\github.com\yuubinnkyoku\kyouen-1-to-9-classification\results\90-69-split-proof.csv,split-exact-search child,standard,2.0,80.0,False,,,3ab84cee8a138102c648209b81a93e4f9a7bd301,True,True,307510.1483026863,0.9987681623411884
"9,14,29,30",WIN,4,11980065.0,11963347.0,38.5335,18.0,D:\ghq\github.com\yuubinnkyoku\kyouen-1-to-9-classification\results\90-69-split-proof.csv,split-exact-search child,standard,2.0,80.0,False,,,3ab84cee8a138102c648209b81a93e4f9a7bd301,True,True,310899.9961072833,0.9986045150840167
"9,15,29,30",WIN,4,7715171.0,7706807.0,25.3557,18.0,D:\ghq\github.com\yuubinnkyoku\kyouen-1-to-9-classification\results\90-69-split-proof.csv,split-exact-search child,standard,2.0,80.0,False,,,3ab84cee8a138102c648209b81a93e4f9a7bd301,True,True,304277.57861151535,0.9989159021880396
"9,16,29,30",WIN,4,4895288.0,4888918.0,20.189,19.0,D:\ghq\github.com\yuubinnkyoku\kyouen-1-to-9-classification\results\90-69-split-proof.csv,split-exact-search child,standard,2.0,80.0,False,,,3ab84cee8a138102c648209b81a93e4f9a7bd301,True,True,242473.02986774978,0.9986987486742354
"9,17,29,30",WIN,4,12302987.0,12289271.0,44.1908,18.0,D:\ghq\github.com\yuubinnkyoku\kyouen-1-to-9-classification\results\90-69-split-proof.csv,split-exact-search child,standard,2.0,80.0,False,,,3ab84cee8a138102c648209b81a93e4f9a7bd301,True,True,278406.0709468939,0.9988851487854128
"9,18,29,30",WIN,4,11459001.0,11444012.0,43.4592,18.0,D:\ghq\github.com\yuubinnkyoku\kyouen-1-to-9-classification\results\90-69-split-proof.csv,split-exact-search child,standard,2.0,80.0,False,,,3ab84cee8a138102c648209b81a93e4f9a7bd301,True,True,263672.6170753258,0.9986919453100668
"9,19,29,30",WIN,4,6312321.0,6302911.0,19.7304,18.0,D:\ghq\github.com\yuubinnkyoku\kyouen-1-to-9-classification\results\90-69-split-proof.csv,split-exact-search child,standard,2.0,80.0,False,,,3ab84cee8a138102c648209b81a93e4f9a7bd301,True,True,319928.68872399954,0.9985092646587523
"9,20,29,30",WIN,4,6908233.0,6895252.0,23.6548,18.0,D:\ghq\github.com\yuubinnkyoku\kyouen-1-to-9-classification\results\90-69-split-proof.csv,split-exact-search child,standard,2.0,80.0,False,,,3ab84cee8a138102c648209b81a93e4f9a7bd301,True,True,292043.6021441737,0.9981209377274912
"9,21,29,30",WIN,4,8864666.0,8853081.0,29.3701,19.0,D:\ghq\github.com\yuubinnkyoku\kyouen-1-to-9-classification\results\90-69-split-proof.csv,split-exact-search child,standard,2.0,80.0,False,,,3ab84cee8a138102c648209b81a93e4f9a7bd301,True,True,301826.2110105175,0.9986931261707999
"9,22,29,30",WIN,4,6273066.0,6263599.0,24.1267,18.0,D:\ghq\github.com\yuubinnkyoku\kyouen-1-to-9-classification\results\90-69-split-proof.csv,split-exact-search child,standard,2.0,80.0,False,,,3ab84cee8a138102c648209b81a93e4f9a7bd301,True,True,260005.13953420898,0.9984908496100631
"9,23,29,30",WIN,4,5807012.0,5799081.0,19.839,18.0,D:\ghq\github.com\yuubinnkyoku\kyouen-1-to-9-classification\results\90-69-split-proof.csv,split-exact-search child,standard,2.0,80.0,False,,,3ab84cee8a138102c648209b81a93e4f9a7bd301,True,True,292706.8904682696,0.9986342373668248
"9,24,29,30",WIN,4,17984457.0,17959342.0,62.0261,19.0,D:\ghq\github.com\yuubinnkyoku\kyouen-1-to-9-classification\results\90-69-split-proof.csv,split-exact-search child,standard,2.0,80.0,False,,,3ab84cee8a138102c648209b81a93e4f9a7bd301,True,True,289949.82757258636,0.9986035163585979
"9,25,29,30",WIN,4,5121746.0,5114698.0,17.2427,18.0,D:\ghq\github.com\yuubinnkyoku\kyouen-1-to-9-classification\results\90-69-split-proof.csv,split-exact-search child,standard,2.0,80.0,False,,,3ab84cee8a138102c648209b81a93e4f9a7bd301,True,True,297038.51484976255,0.9986239067692931
"9,26,29,30",WIN,4,18576553.0,18554583.0,64.7913,19.0,D:\ghq\github.com\yuubinnkyoku\kyouen-1-to-9-classification\results\90-69-split-proof.csv,split-exact-search child,standard,2.0,80.0,False,,,3ab84cee8a138102c648209b81a93e4f9a7bd301,True,True,286713.69458553847,0.9988173263360538
"9,27,29,30",WIN,4,4975177.0,4968673.0,17.5275,18.0,D:\ghq\github.com\yuubinnkyoku\kyouen-1-to-9-classification\results\90-69-split-proof.csv,split-exact-search child,standard,2.0,80.0,False,,,3ab84cee8a138102c648209b81a93e4f9a7bd301,True,True,283849.7789188418,0.9986927098272081
"9,28,29,30",WIN,4,6480120.0,6472926.0,21.8509,18.0,D:\ghq\github.com\yuubinnkyoku\kyouen-1-to-9-classification\results\90-69-split-proof.csv,split-exact-search child,standard,2.0,80.0,False,,,3ab84cee8a138102c648209b81a93e4f9a7bd301,True,True,296560.7823934026,0.998889835373419
"9,29,30,31",WIN,4,10949669.0,10937961.0,39.5332,19.0,D:\ghq\github.com\yuubinnkyoku\kyouen-1-to-9-classification\results\90-69-split-proof.csv,split-exact-search child,standard,2.0,80.0,False,,,3ab84cee8a138102c648209b81a93e4f9a7bd301,True,True,276974.01171673427,0.9989307439339034
"9,29,30,32",WIN,4,7799206.0,7789681.0,28.108,18.0,D:\ghq\github.com\yuubinnkyoku\kyouen-1-to-9-classification\results\90-69-split-proof.csv,split-exact-search child,standard,2.0,80.0,False,,,3ab84cee8a138102c648209b81a93e4f9a7bd301,True,True,277472.8191262274,0.9987787218339919
"9,29,30,33",WIN,4,12705010.0,12687447.0,46.0007,18.0,D:\ghq\github.com\yuubinnkyoku\kyouen-1-to-9-classification\results\90-69-split-proof.csv,split-exact-search child,standard,2.0,80.0,False,,,3ab84cee8a138102c648209b81a93e4f9a7bd301,True,True,276191.666648551,0.9986176319420449
"9,29,30,34",WIN,4,8682388.0,8671682.0,31.1654,19.0,D:\ghq\github.com\yuubinnkyoku\kyouen-1-to-9-classification\results\90-69-split-proof.csv,split-exact-search child,standard,2.0,80.0,False,,,3ab84cee8a138102c648209b81a93e4f9a7bd301,True,True,278590.6165170349,0.998766929098308
"9,29,30,35",WIN,4,7589324.0,7579167.0,26.6417,18.0,D:\ghq\github.com\yuubinnkyoku\kyouen-1-to-9-classification\results\90-69-split-proof.csv,split-exact-search child,standard,2.0,80.0,False,,,3ab84cee8a138102c648209b81a93e4f9a7bd301,True,True,284866.3561259229,0.9986616726338209
"9,29,30,36",WIN,4,5858342.0,5848994.0,21.1161,18.0,D:\ghq\github.com\yuubinnkyoku\kyouen-1-to-9-classification\results\90-69-split-proof.csv,split-exact-search child,standard,2.0,80.0,False,,,3ab84cee8a138102c648209b81a93e4f9a7bd301,True,True,277434.8482911144,0.9984043266849221
"9,29,30,37",WIN,4,6663690.0,6653175.0,23.4039,18.0,D:\ghq\github.com\yuubinnkyoku\kyouen-1-to-9-classification\results\90-69-split-proof.csv,split-exact-search child,standard,2.0,80.0,False,,,3ab84cee8a138102c648209b81a93e4f9a7bd301,True,True,284725.6226526348,0.9984220454432904
"9,29,30,38",WIN,4,3364161.0,3358410.0,13.8499,18.0,D:\ghq\github.com\yuubinnkyoku\kyouen-1-to-9-classification\results\90-69-split-proof.csv,split-exact-search child,standard,2.0,80.0,False,,,3ab84cee8a138102c648209b81a93e4f9a7bd301,True,True,242901.46499252704,0.9982905098774999
"9,29,30,40",WIN,4,7454398.0,7446564.0,27.2918,18.0,D:\ghq\github.com\yuubinnkyoku\kyouen-1-to-9-classification\results\90-69-split-proof.csv,split-exact-search child,standard,2.0,80.0,False,,,3ab84cee8a138102c648209b81a93e4f9a7bd301,True,True,273136.91291889874,0.9989490767732015
"9,29,30,41",WIN,4,5103962.0,5097737.0,19.7995,18.0,D:\ghq\github.com\yuubinnkyoku\kyouen-1-to-9-classification\results\90-69-split-proof.csv,split-exact-search child,standard,2.0,80.0,False,,,3ab84cee8a138102c648209b81a93e4f9a7bd301,True,True,257782.3682416223,0.9987803592581607
"9,29,30,42",WIN,4,9686837.0,9677691.0,33.5983,18.0,D:\ghq\github.com\yuubinnkyoku\kyouen-1-to-9-classification\results\90-69-split-proof.csv,split-exact-search child,standard,2.0,80.0,False,,,3ab84cee8a138102c648209b81a93e4f9a7bd301,True,True,288313.3075185352,0.9990558321565646
"9,29,30,43",WIN,4,12258406.0,12245356.0,45.9173,19.0,D:\ghq\github.com\yuubinnkyoku\kyouen-1-to-9-classification\results\90-69-split-proof.csv,split-exact-search child,standard,2.0,80.0,False,,,3ab84cee8a138102c648209b81a93e4f9a7bd301,True,True,266967.04727847676,0.9989354243936773
"9,29,30,44",WIN,4,16008249.0,15992773.0,59.9737,18.0,D:\ghq\github.com\yuubinnkyoku\kyouen-1-to-9-classification\results\90-69-split-proof.csv,split-exact-search child,standard,2.0,80.0,False,,,3ab84cee8a138102c648209b81a93e4f9a7bd301,True,True,266921.1504376085,0.999033248420861
"9,29,30,50",WIN,4,5365025.0,5358358.0,19.5692,19.0,D:\ghq\github.com\yuubinnkyoku\kyouen-1-to-9-classification\results\90-69-split-proof.csv,split-exact-search child,standard,2.0,80.0,False,,,3ab84cee8a138102c648209b81a93e4f9a7bd301,True,True,274156.5827933692,0.9987573217272986
"9,29,30,51",WIN,4,5380800.0,5374813.0,21.4952,18.0,D:\ghq\github.com\yuubinnkyoku\kyouen-1-to-9-classification\results\90-69-split-proof.csv,split-exact-search child,standard,2.0,80.0,False,,,3ab84cee8a138102c648209b81a93e4f9a7bd301,True,True,250325.6540995199,0.998887340172465
"9,29,30,52",WIN,4,5301054.0,5293932.0,20.2825,19.0,D:\ghq\github.com\yuubinnkyoku\kyouen-1-to-9-classification\results\90-69-split-proof.csv,split-exact-search child,standard,2.0,80.0,False,,,3ab84cee8a138102c648209b81a93e4f9a7bd301,True,True,261360.97621101936,0.9986564935954246
"9,29,30,53",WIN,4,6657576.0,6647924.0,23.9933,18.0,D:\ghq\github.com\yuubinnkyoku\kyouen-1-to-9-classification\results\90-69-split-proof.csv,split-exact-search child,standard,2.0,80.0,False,,,3ab84cee8a138102c648209b81a93e4f9a7bd301,True,True,277476.46217902494,0.9985502230841976
"9,29,30,54",WIN,4,16956211.0,16933269.0,57.8736,18.0,D:\ghq\github.com\yuubinnkyoku\kyouen-1-to-9-classification\results\90-69-split-proof.csv,split-exact-search child,standard,2.0,80.0,False,,,3ab84cee8a138102c648209b81a93e4f9a7bd301,True,True,292986.9750628957,0.9986469854615515
"9,29,30,60",WIN,4,8290621.0,8281404.0,30.2611,18.0,D:\ghq\github.com\yuubinnkyoku\kyouen-1-to-9-classification\results\90-69-split-proof.csv,split-exact-search child,standard,2.0,80.0,False,,,3ab84cee8a138102c648209b81a93e4f9a7bd301,True,True,273969.58471436927,0.9988882618081324
"9,29,30,61",WIN,4,4572957.0,4567693.0,17.035,18.0,D:\ghq\github.com\yuubinnkyoku\kyouen-1-to-9-classification\results\90-69-split-proof.csv,split-exact-search child,standard,2.0,80.0,False,,,3ab84cee8a138102c648209b81a93e4f9a7bd301,True,True,268444.79013795126,0.9988488848681498
"9,29,30,62",WIN,4,10392210.0,10382599.0,36.8836,18.0,D:\ghq\github.com\yuubinnkyoku\kyouen-1-to-9-classification\results\90-69-split-proof.csv,split-exact-search child,standard,2.0,80.0,False,,,3ab84cee8a138102c648209b81a93e4f9a7bd301,True,True,281756.93262046005,0.9990751726533624
"9,29,30,63",WIN,4,4665740.0,4658724.0,14.5194,18.0,D:\ghq\github.com\yuubinnkyoku\kyouen-1-to-9-classification\results\90-69-split-proof.csv,split-exact-search child,standard,2.0,80.0,False,,,3ab84cee8a138102c648209b81a93e4f9a7bd301,True,True,321345.2346515696,0.9984962728313194
"9,29,30,64",WIN,4,10808160.0,10797951.0,38.0828,19.0,D:\ghq\github.com\yuubinnkyoku\kyouen-1-to-9-classification\results\90-69-split-proof.csv,split-exact-search child,standard,2.0,80.0,False,,,3ab84cee8a138102c648209b81a93e4f9a7bd301,True,True,283806.86294075014,0.9990554358928809
"9,29,30,70",WIN,4,5421546.0,5415515.0,19.2392,18.0,D:\ghq\github.com\yuubinnkyoku\kyouen-1-to-9-classification\results\90-69-split-proof.csv,split-exact-search child,standard,2.0,80.0,False,,,3ab84cee8a138102c648209b81a93e4f9a7bd301,True,True,281796.8522599692,0.9988875866773057
"9,29,30,71",WIN,4,6369070.0,6361350.0,23.2842,18.0,D:\ghq\github.com\yuubinnkyoku\kyouen-1-to-9-classification\results\90-69-split-proof.csv,split-exact-search child,standard,2.0,80.0,False,,,3ab84cee8a138102c648209b81a93e4f9a7bd301,True,True,273536.13179752795,0.9987878921098371
"9,29,30,72",WIN,4,10722733.0,10709502.0,37.7045,18.0,D:\ghq\github.com\yuubinnkyoku\kyouen-1-to-9-classification\results\90-69-split-proof.csv,split-exact-search child,standard,2.0,80.0,False,,,3ab84cee8a138102c648209b81a93e4f9a7bd301,True,True,284388.68039623916,0.9987660795060364
"9,29,30,73",WIN,4,11770121.0,11758634.0,45.6865,19.0,D:\ghq\github.com\yuubinnkyoku\kyouen-1-to-9-classification\results\90-69-split-proof.csv,split-exact-search child,standard,2.0,80.0,False,,,3ab84cee8a138102c648209b81a93e4f9a7bd301,True,True,257627.9863854749,0.9990240542132065
"9,29,30,74",WIN,4,4761463.0,4754027.0,15.1141,18.0,D:\ghq\github.com\yuubinnkyoku\kyouen-1-to-9-classification\results\90-69-split-proof.csv,split-exact-search child,standard,2.0,80.0,False,,,3ab84cee8a138102c648209b81a93e4f9a7bd301,True,True,315034.504204683,0.9984382951206383
"9,29,30,80",WIN,4,7221622.0,7213773.0,24.8182,18.0,D:\ghq\github.com\yuubinnkyoku\kyouen-1-to-9-classification\results\90-69-split-proof.csv,split-exact-search child,standard,2.0,80.0,False,,,3ab84cee8a138102c648209b81a93e4f9a7bd301,True,True,290980.8930542908,0.9989131250569471
"9,29,30,81",WIN,4,8485123.0,8473417.0,30.7158,18.0,D:\ghq\github.com\yuubinnkyoku\kyouen-1-to-9-classification\results\90-69-split-proof.csv,split-exact-search child,standard,2.0,80.0,False,,,3ab84cee8a138102c648209b81a93e4f9a7bd301,True,True,276246.1990246062,0.9986204089204128
"9,29,30,82",WIN,4,8254990.0,8247880.0,27.7938,18.0,D:\ghq\github.com\yuubinnkyoku\kyouen-1-to-9-classification\results\90-69-split-proof.csv,split-exact-search child,standard,2.0,80.0,False,,,3ab84cee8a138102c648209b81a93e4f9a7bd301,True,True,297008.3255977952,0.9991387027725048
"9,29,30,83",WIN,4,8629886.0,8618014.0,35.2574,18.0,D:\ghq\github.com\yuubinnkyoku\kyouen-1-to-9-classification\results\90-69-split-proof.csv,split-exact-search child,standard,2.0,80.0,False,,,3ab84cee8a138102c648209b81a93e4f9a7bd301,True,True,244768.07705616413,0.9986243155471579
"9,29,30,84",WIN,4,7893502.0,7882611.0,26.598,18.0,D:\ghq\github.com\yuubinnkyoku\kyouen-1-to-9-classification\results\90-69-split-proof.csv,split-exact-search child,standard,2.0,80.0,False,,,3ab84cee8a138102c648209b81a93e4f9a7bd301,True,True,296770.5090608316,0.9986202575232134
"9,29,30,90",WIN,4,4694565.0,4686306.0,15.4955,18.0,D:\ghq\github.com\yuubinnkyoku\kyouen-1-to-9-classification\results\90-69-split-proof.csv,split-exact-search child,standard,2.0,80.0,False,,,3ab84cee8a138102c648209b81a93e4f9a7bd301,True,True,302963.1183246749,0.9982407315693786
"90,61,2,73,69,66,13,91",LOSS,8,10471.0,24499.0,1.6,17.0,research/experiments/solver-benchmarks/reports/10X10_PROOF_BENCHMARKS.md,proof-benchmark,standard,,,False,,,3ab84cee8a138102c648209b81a93e4f9a7bd301,True,True,6544.375,2.339700124152421
"7,16,17,28,30,33,41,48,54,68,69,71,81,92",WIN,14,2.0,1.0,0.0,14.0,research/experiments/solver-benchmarks/reports/10X10_PROOF_BENCHMARKS.md,proof-benchmark,standard,,,False,,,3ab84cee8a138102c648209b81a93e4f9a7bd301,True,True,,0.5
